Sample,Twist_0.19R,Twist_0.47R,Twist_0.50R,Twist_0.74R,Twist_0.82R,Twist_0.85R,Twist_0.86R,Twist_0.93R,Twist_1.00R,Trim_Collective,CT,CP,FoM,Thrust_N,Power_W,Mean_Solidity,Mean_Tip_Loss,CP_Predicted,CP_CV_Predicted,CP_Error,CP_CV_Error
1,-0.9864043931879448,-7.978473796545015,-8.374169634446586,-14.456162499031777,-14.994126566445912,-15.26201954859623,-15.879839483371006,-13.09911520976593,-10.699894661355154,21.692564293992547,0.0059580001905973,0.000573031936403,0.5674883423446586,74937.00586762714,1592855.1295842926,0.0843090749476147,0.9614499594881268,0.0005732759820459192,0.0005732787401096003,-2.440456429192873e-07,-2.46803706600374e-07
2,-1.1673807949407222,-7.829220892445781,-6.173040975723095,-11.3191303468466,-13.8279858593778,-13.07275146703461,-12.072902628112724,-14.413224103837722,-12.00384677968904,20.33195496870268,0.0059580020380011,0.0005571488813015,0.583666423573951,74937.029103428,1548705.049658945,0.0843090749476147,0.9660291548641744,0.0005573159786013376,0.0005573342896465987,-1.6709729983759372e-07,-1.8540834509871412e-07
3,-1.2171655972683102,-7.179980540172377,-6.67609726101397,-13.68467567914128,-14.759590306092012,-14.79649112004062,-13.030957766277467,-15.204273846188729,-11.275673458308573,21.29366223551711,0.0059580003067444,0.0005605531562876,0.5801215273900518,74937.00732847143,1558167.902476984,0.0843090749476147,0.9645847982206358,0.000560902399091049,0.000560904896333096,-3.4924280344897016e-07,-3.517400454960181e-07
4,-1.1776127757263837,-7.968319079551943,-8.536115502213116,-11.744219562525092,-11.386101417134023,-15.28326163528502,-13.572144260502798,-11.915559627341768,-13.485335784125894,20.445209745485712,0.0059580064663866,0.0005591816255682,0.5815453202177121,74937.0848016392,1554355.4627105994,0.0843090749476147,0.9636923223683576,0.0005590930940352918,0.0005590894925437024,8.853153290815877e-08,9.213302449759785e-08
5,-1.2108439606903123,-7.464139132667159,-9.000835994573162,-10.286734440566864,-11.345590779549816,-12.550786439986606,-11.925565973037438,-11.762024647933249,-9.489414197543208,19.498497020418988,0.0059580027228613,0.0005689538768347,0.5715562618649499,74937.03771728714,1581519.3598138269,0.0843090749476147,0.962126736424398,0.0005691230890182561,0.0005691419864089803,-1.6921218355615743e-07,-1.8810957428034604e-07
6,-1.1605799720319443,-6.390636144860368,-8.681053105405558,-12.312165763894818,-15.844593629924304,-15.886907734705153,-14.370069468378595,-13.833037480356603,-12.469829156970162,21.34975471234113,0.0059580013347641,0.0005605728786033,0.5801012674452473,74937.02025843463,1558222.724537858,0.0843090749476147,0.9639957900279298,0.0005603069613548718,0.000560293691174194,2.6591724842819735e-07,2.7918742910603735e-07
7,-1.387121470683142,-6.346576336269244,-8.088555716315716,-11.882104790754004,-14.63738975403078,-12.779910991912518,-13.188101063036582,-12.472603693984215,-10.852700043044909,20.42228222281903,0.0059580013348201,0.0005641836938704,0.5763885785974258,74937.02025913875,1568259.696746141,0.0843090749476147,0.9625679865452788,0.0005642159370917452,0.0005642103182801926,-3.224322134515265e-08,-2.6624409792510087e-08
8,-1.0112481897189245,-5.69816279733808,-6.557539226371398,-14.070501241687042,-11.986459412873398,-14.9616190635419,-17.319397467907002,-12.236966503536244,-12.156439615880569,20.89800662294412,0.0059580006517609,0.0005652167299576,0.5753350249910805,74937.01166793157,1571131.2240135984,0.0843090749476147,0.9634264486439236,0.0005652099658276333,0.0005652177493420803,6.764129966752887e-09,-1.0193844802563329e-09
9,-1.043741937156024,-7.127848111643297,-7.577056386956401,-13.642505018213294,-16.388682539396655,-12.81906293872756,-13.158616305756226,-11.46494949127204,-10.530927921142752,20.80978070552712,0.0059580001879458,0.0005787140874127,0.561916411844483,74937.00583427766,1608649.787452252,0.0843090749476147,0.9602541822248464,0.0005787362057741757,0.0005787372513177162,-2.2118361475698123e-08,-2.3163905016115524e-08
10,-1.374009971167914,-6.002304744416224,-7.91680513094658,-10.44815609882064,-13.867763053435842,-13.145807618523223,-16.138490834003413,-13.754825757496649,-12.198052402982738,20.530915501775592,0.0059580010581479,0.0005599449193303,0.5807517909359196,74937.01677928152,1556477.188057901,0.0843090749476147,0.9661317966432696,0.0005600776910781345,0.0005600811835675321,-1.327717478344934e-07,-1.3626423723211122e-07
11,-1.4723474687772675,-8.236722670602859,-7.34266437291377,-13.27719112242846,-16.553196615704547,-16.535511516694115,-14.236967045572374,-12.830631395786996,-11.205871413574878,21.36086077395101,0.0059580004164547,0.0005738302817546,0.566698852484034,74937.00870835784,1595074.287728266,0.0843090749476147,0.9618115354426828,0.0005737751191240214,0.000573752044894695,5.516263057859898e-08,7.823685990498899e-08
12,-1.407602626825479,-5.612116561482846,-7.655344756014857,-12.911346698804804,-13.125818063740043,-12.35700059011246,-12.724598451791588,-14.46838631436566,-11.077426155592244,20.673487537280963,0.0059580004511927,0.0005581009069852,0.5826705546700593,74937.00914527681,1551351.3925544843,0.0843090749476147,0.9645227817385356,0.0005581444998946447,0.0005581311783709548,-4.3592909444657886e-08,-3.027138575483618e-08
13,-1.0445397121766895,-7.705896227740783,-6.2784469568553884,-13.639839837511044,-13.650901007068132,-13.60201394455424,-16.27179546943505,-15.528101461710005,-9.82964459491862,21.317200053373,0.0059580001683087,0.0005691900033419,0.5713187862855038,74937.0055872911,1582175.7199472417,0.0843090749476147,0.9650252043603004,0.0005692941951634393,0.0005692868025150194,-1.0419182153924116e-07,-9.679917311938499e-08
14,-1.021076987887164,-5.784308337697446,-8.254055000202506,-14.742402721983217,-14.917611772325136,-14.970444044088094,-17.415564494384732,-10.763389861418991,-10.606436178884262,21.286081981292657,0.00595800030117,0.0005848474891069,0.5560235083663863,74937.0072583597,1625698.7854745255,0.0843090749476147,0.9600570588485304,0.0005850116277973779,0.000585030667064539,-1.6413869047781065e-07,-1.831779576389218e-07
15,-1.1188891458582335,-7.81496546671928,-7.625636758899067,-12.400851482093278,-15.900439613196282,-17.14615359714211,-13.260746374283366,-11.34235573628397,-11.717559105630407,20.788451735530565,0.0059580005697817,0.000574248286086,0.5662863653634969,74937.01063683498,1596236.2130960329,0.0843090749476147,0.9612214238534,0.0005744245342734473,0.0005744228117243753,-1.762481874473254e-07,-1.7452563837530317e-07
16,-1.176623609752273,-6.012264231543258,-6.731771172010406,-11.534363356011308,-14.154906651239784,-14.442736442576122,-15.84697490159554,-14.638635861841134,-9.826914974520465,20.65511605364314,0.0059580012051115,0.0005674403260113,0.5730805722680473,74937.0186277232,1577312.1471965483,0.0843090749476147,0.9654427100872,0.0005675863555816807,0.0005675782814073006,-1.460295703806713e-07,-1.3795539600058252e-07
17,-1.16222047839266,-7.42760416407435,-8.32637465859997,-12.366106060834104,-12.58346768515133,-15.897952458910854,-16.950201467250952,-11.628925864437656,-9.943222572904697,20.68072746961195,0.0059580000461978,0.0005776711272466,0.5629309074660758,74937.00405143593,1605750.6742526377,0.0843090749476147,0.961680419281656,0.0005775357460022126,0.0005775384471070845,1.353812443873623e-07,1.3268013951547256e-07
18,-1.1125482928913106,-6.716443354583143,-7.473383115981048,-12.745894647446082,-13.65467447030552,-13.689141014435288,-14.550165376086431,-14.512364436097323,-11.311206827243817,20.996661915523323,0.0059580008453768,0.0005590593430849,0.581671697878282,74937.01410314451,1554015.554463806,0.0843090749476147,0.9647732941380884,0.0005592123595402101,0.0005592207511319239,-1.5301645531012008e-07,-1.6140804702394554e-07
19,-1.15748663264176,-7.53462215310331,-8.898245156343597,-10.78493617804114,-13.970193453803851,-16.692085846754267,-13.60114877701147,-11.673955654402985,-12.905969111027725,20.507815712034382,0.0059580055804029,0.0005634592385872,0.577130274375278,74937.07365814086,1566245.930600481,0.0843090749476147,0.9631066343795068,0.0005634145150294308,0.0005634466078229856,4.472355776918933e-08,1.2630764214377997e-08
20,-1.041444704053791,-7.102786815336252,-6.591471042052194,-10.557186581309429,-12.203201210806863,-13.231677430503408,-16.63575776714479,-14.662274027982912,-13.355521798444752,20.51455312214588,0.0059580022047344,0.0005607627032218,0.5799050235146691,74937.03120052359,1558750.3794520593,0.0843090749476147,0.968564797576372,0.0005607345768116834,0.0005607415629717523,2.8126410116647953e-08,2.1140250047691975e-08
21,-1.443501134952756,-6.879241464615739,-6.189098589274346,-11.417120344758022,-13.981184370660726,-12.625432201050554,-13.050189585937396,-12.891369392003682,-10.229817616106102,20.00227065583644,0.005958001672093,0.0005637040555179,0.5768790588027083,74937.02450120346,1566926.447477562,0.0843090749476147,0.9637222590465712,0.0005638514504012641,0.000563864496724963,-1.4739488336410964e-07,-1.6044120706298903e-07
22,-1.104112565286917,-5.824043917531844,-6.332697311391708,-12.263853212093055,-11.982353142129885,-12.725112991675044,-16.90165874638659,-13.853662370569614,-9.747111492693923,20.384755308531485,0.005958000687474,0.0005689537561407,0.5715560902263143,74937.01211711495,1581519.0243211542,0.0843090749476147,0.96492802552017,0.0005689778170540132,0.0005689695144097408,-2.406091331318312e-08,-1.575826904078384e-08
23,-1.4135643229277657,-7.061042591200023,-8.683310545734773,-11.00625041127237,-12.957232066427132,-13.883975863782371,-11.903152638214957,-12.973566291919196,-11.80160319110091,20.244091203614182,0.0059580059552991,0.0005588657514746,0.5818739380611115,74937.07837341422,1553477.428453951,0.0843090749476147,0.9637999966941294,0.000558916419204189,0.0005589145019823286,-5.066772958898895e-08,-4.875050772866051e-08
24,-1.2754307040337087,-7.887421834511453,-6.962239596176337,-11.489684828216038,-12.093176153106509,-12.751257351633296,-15.912040827118348,-13.133248674822184,-11.455699663209009,20.38668496686677,0.0059580017073986,0.0005630434797441,0.5775558719349946,74937.02494526109,1565090.2470096035,0.0843090749476147,0.9647434203291588,0.0005629857771308759,0.0005629821904988571,5.7702613224033805e-08,6.128924524286764e-08
25,-1.4317522402068832,-8.01288451280229,-8.992802184827326,-13.292052018138747,-15.633155044952687,-12.674062007891065,-11.77090891204442,-12.938522845398603,-12.74035882632183,21.209693656472112,0.005958000773497,0.0005641881349613,0.5763839600143494,74937.01319907287,1568272.0416329552,0.0843090749476147,0.9619397879012388,0.0005641852861319179,0.0005641810502754424,2.8488293821399627e-09,7.084685857612107e-09
26,-1.2307195028736109,-6.320430654130992,-8.867925680232167,-10.573165918525852,-11.347455241961656,-16.664145581435513,-13.184458137355126,-15.010950852248058,-11.34957089787244,20.47685612786853,0.0059580086716081,0.0005610537056194,0.5796051871438301,74937.11253790828,1559559.2779310218,0.0843090749476147,0.966377743293148,0.000561259543929187,0.0005612503409043329,-2.0583830978701447e-07,-1.966352849328912e-07
27,-1.2435135237125137,-6.097083279116364,-7.467008550507958,-14.172328365719654,-14.634261728953728,-14.840465426150653,-14.666982613841,-14.516823597113175,-9.218935073706522,21.316625463319028,0.0059580002472449,0.0005721394989807,0.5683735328831303,74937.00658011445,1590374.4239976732,0.0843090749476147,0.9628597608937556,0.0005724214420996152,0.0005724332051366304,-2.819431189151917e-07,-2.937061559303393e-07
28,-1.274410569319287,-7.899248786054057,-6.492827492253925,-11.047329674678624,-16.202218249535136,-15.884521391885446,-13.910561872163866,-11.84476109790753,-9.574595228453031,20.26200724130081,0.005958000645822,0.0005799852352695,0.5606849298813258,74937.01159323553,1612183.193280984,0.0843090749476147,0.9619661462506548,0.0005802952012861454,0.0005802786926711887,-3.099660166453518e-07,-2.934574016886333e-07
29,-1.1710716586329908,-5.629317488350754,-6.616182780142305,-11.9319426552722,-15.969152593712426,-13.586194253650778,-14.384822085626883,-12.158769304872315,-9.800636198461644,20.31820548603647,0.0059580008627692,0.000572950618996,0.5675689805531485,74937.0143218984,1592629.0918353852,0.0843090749476147,0.962427416882256,0.0005729173340551133,0.0005729010370532973,3.328494088672678e-08,4.958194270269795e-08
30,-1.2857988673908525,-8.222244606535451,-6.520534109850384,-10.220664797067045,-11.330893502442985,-16.803282841037955,-16.49042793666038,-14.248384893768076,-12.275148640437576,20.407365502535058,0.0059580023006226,0.0005678010158259,0.5727166866289707,74937.03240656132,1578314.7555764755,0.0843090749476147,0.9673572640230096,0.0005679724303585921,0.0005679618696522628,-1.7141453269211692e-07,-1.6085382636282786e-07
31,-1.0403476272706544,-6.026505450210484,-7.393612927009863,-11.820410125225797,-16.30333383210072,-16.933647592020243,-14.761719262038714,-11.136851949265736,-12.06781251136714,20.642746067687625,0.0059580006859849,0.0005720845046664,0.5684282332503581,74937.01209838531,1590221.5564695927,0.0843090749476147,0.9621667355613052,0.0005724941034678469,0.0005724763035000543,-4.0959880144694674e-07,-3.917988336543665e-07
32,-0.9871613783801982,-6.839024604236446,-6.085499151588948,-9.991734759831626,-14.08567129256142,-15.009420862363536,-13.563529821233352,-12.099250030876608,-11.595159312518458,19.744742971385968,0.0059580012456684,0.0005633015382383,0.5772912161679993,74937.01913782935,1565807.5714206095,0.0843090749476147,0.9646850078165552,0.0005629388143769061,0.0005629312265746751,3.6272386139384744e-07,3.703116636248919e-07
33,-1.2239788432253844,-5.801969730632647,-6.133483523167544,-13.226978345810169,-12.621066459130825,-14.678596436979166,-15.03443986455886,-14.48542300429997,-13.33305301256535,20.96716308542199,0.0059580002022043,0.0005538697913947,0.5871216479080684,74937.00601361459,1539590.173425135,0.0843090749476147,0.9666349645373395,0.0005539574410804172,0.000553953557532183,-8.76496857171857e-08,-8.376613748299622e-08
34,-1.2594712983665473,-7.920400591691836,-7.399054004646409,-10.501894120995807,-13.204343131557057,-14.081629236623888,-11.817131473889477,-13.635223990460483,-13.030564438540866,20.216967853466464,0.0059580025993618,0.0005559901405426,0.5848829272204431,74937.03616396671,1545484.1014981093,0.0843090749476147,0.9659285733685192,0.0005560953471186264,0.0005561155331276776,-1.052065760263855e-07,-1.2539258507752744e-07
35,-1.0438727320160406,-6.262739551200104,-7.885119958389332,-13.696495227975056,-15.15968832183998,-14.156424810275238,-17.024286173946585,-14.051050231178705,-10.9511427026346,21.56566750717764,0.0059580005037095,0.000567158839293,0.5733648967542055,74937.00980580876,1576529.6994226023,0.0843090749476147,0.963524711298895,0.0005673852292089232,0.0005673940578799139,-2.2638991592320579e-07,-2.3521858691388266e-07
36,-1.0839565639088455,-8.27670697292714,-6.512259586911711,-10.666193284892191,-15.311553415899684,-13.059668245776464,-12.604354334808924,-15.653426873581212,-11.53573150001661,20.63054427001049,0.005958001381193,0.0005619502970819,0.5786793651733557,74937.0208423951,1562051.5304906932,0.0843090749476147,0.9670366880667786,0.0005618769096554937,0.0005618718553473682,7.338742640623439e-08,7.844173453180111e-08
37,-1.1409107458802383,-5.92540970675274,-8.872851458011167,-12.919415824021884,-13.5235645743504,-15.040392769724988,-15.346134948461298,-13.49357434812585,-10.915098035696282,21.101950929673585,0.0059580005156005,0.0005640393997662,0.5765359129925721,74937.0099553689,1567858.6028640438,0.0843090749476147,0.9631757657377072,0.0005641560908908887,0.0005641618975759352,-1.1669112468871198e-07,-1.2249780973524332e-07
38,-1.020373736890808,-7.667184151355199,-7.411139399686662,-10.700274886498129,-12.46995929517162,-13.0428141854024,-12.891449200522995,-13.2795627569353,-13.691805424565592,20.200240793633338,0.0059580048385042,0.0005540420502829,0.5869397892444962,74937.06432687677,1540069.0009322534,0.0843090749476147,0.966304896262245,0.0005540870516900697,0.0005540864992561614,-4.500140716979465e-08,-4.444897326149732e-08
39,-1.464143017507317,-7.768195592714226,-6.077314458142618,-12.361843933652288,-12.336749523451134,-13.525932277892592,-16.550020661310867,-12.447850929881568,-11.059817181110056,20.440554747898297,0.0059579997583458,0.0005669834319302,0.5735421707196451,74937.00043096405,1576042.1201099553,0.0843090749476147,0.9637273551843186,0.0005670145091356128,0.0005670143389221529,-3.1077205412798764e-08,-3.0906991952935406e-08
40,-1.156734137660807,-7.854583541152393,-8.061439804659276,-14.033220983327864,-16.213677097390132,-12.056397738597118,-14.39279059759335,-14.65329928448912,-12.711179064915502,21.812381580795662,0.005958000622451,0.0005599782296678,0.5807171811818412,74937.01129928585,1556569.7807017437,0.0843090749476147,0.963788115787356,0.0005599236257692887,0.0005599325991936944,5.460389851125874e-08,4.563047410559816e-08
41,-1.1227270841139798,-5.94557690862237,-7.299717529005905,-11.99947664125942,-16.253086122838695,-12.977309777989284,-15.780733921249473,-15.295292050931137,-10.295567366844155,21.15717492688589,0.0059580008276594,0.0005674584116136,0.5730622530234187,74937.013880303,1577362.4196902872,0.0843090749476147,0.9654326370712034,0.0005674427487664261,0.0005674601936813243,1.566284717397816e-08,-1.7820677242902372e-09
42,-1.468348998170651,-7.206648969813017,-7.06951813097042,-10.826909554283896,-12.70021665866481,-13.996725497664526,-17.271898936314336,-10.74991137650331,-10.705207179285557,19.979567341205723,0.0059580018780713,0.0005737088955639,0.5668189640572505,74937.02709190456,1594736.8709034307,0.0843090749476147,0.9626681783934288,0.0005737833155551613,0.0005737855173503652,-7.44199912613595e-08,-7.66217864652018e-08
43,-1.020010296676403,-7.670805181877896,-6.713686337486923,-10.89254226576749,-12.79630748056502,-16.17093537804032,-13.04144946422467,-12.5426047072786,-9.781250848542808,19.921890992704824,0.0059580013262529,0.0005684422806213,0.5720704595038053,74937.02015138423,1580097.277376449,0.0843090749476147,0.9632655154022997,0.0005683445430517886,0.000568352371648054,9.773756951144373e-08,8.990897324605632e-08
44,-1.035647993886361,-7.742441159136641,-8.275617409057654,-10.232313572493457,-11.302891917639196,-12.15993006561991,-12.231704657000648,-14.327312479090743,-13.430744931312235,20.140045032050867,0.0059580114983358,0.0005560357106265,0.5848363032333732,74937.14809119873,1545610.772521817,0.0843090749476147,0.9673779918135362,0.0005560954973375771,0.0005561124982306885,-5.978671107709568e-08,-7.678760418846926e-08
45,-1.2070790482797542,-7.35794373048133,-6.228423158892007,-10.757942515893856,-15.937049773567344,-12.26492429707804,-17.34373025340732,-13.237251953405028,-10.789293179713026,20.552440937646324,0.0059580009393078,0.0005723994953394,0.5681154641903685,74937.01528456512,1591097.1350845608,0.0843090749476147,0.9648221418493532,0.0005724362379615086,0.0005724371589168462,-3.6742622108580127e-08,-3.7663577446178827e-08
46,-1.3372262832059796,-8.258451768362383,-6.171388735214766,-10.55210285624372,-11.910333503988562,-14.411463828887348,-12.683579764545373,-14.213998763519236,-10.462463176817462,19.929825064837928,0.0059580018101288,0.000563036359814,0.5775631904108006,74937.02623735488,1565070.455761658,0.0843090749476147,0.9657802409676316,0.0005630145144527363,0.0005629943077810893,2.184536126374325e-08,4.205203291075994e-08
47,-1.0452611338777884,-6.743113714312909,-7.331592821162753,-14.79227861681351,-15.32618859338547,-13.984451744476408,-15.01348168051868,-13.247615469555706,-11.819712488618496,21.541529300054872,0.0059579999676445,0.0005657185777415,0.5748245474717995,74937.00306342808,1572526.208771378,0.0843090749476147,0.9623341970136912,0.000565895258495424,0.0005658968556960051,-1.7668075392399552e-07,-1.7827795450509921e-07
48,-1.4014747078475855,-6.903932659697642,-8.007211046425263,-12.355529225466949,-16.46829615185407,-15.961635400307042,-14.67273161059722,-13.529809379935656,-13.59247584931794,21.438708517758297,0.0059580006852689,0.0005598999803599,0.5807983490012105,74937.01208938046,1556352.27133855,0.0843090749476147,0.9643702438076234,0.0005597440262497704,0.0005597477563285823,1.5595411012960837e-07,1.5222403131770219e-07
49,-1.4242657377128587,-7.102204144424806,-8.304708869370113,-13.676888401813477,-15.543448287217906,-17.046678094561656,-14.141856968582209,-13.51846323126968,-11.143157601529452,21.52878252924493,0.0059580002017529,0.0005691716635389,0.5713372000835512,74937.00600793619,1582124.7408526912,0.0843090749476147,0.9621783619381996,0.000569167580646423,0.000569203907055859,4.082892477016639e-09,-3.224351695905493e-08
50,-1.1943681823961405,-7.132728061802158,-7.894104650900157,-11.389838774115754,-15.12409121429602,-14.256312791828355,-12.721375261155028,-11.465663880831576,-11.816517510630833,20.30299194054604,0.0059580013046055,0.0005662540469951,0.5742811669598644,74937.01987911356,1574014.6510258762,0.0843090749476147,0.9621759621699468,0.0005658842473959668,0.0005658734690585293,3.6979959913317154e-07,3.805779365706908e-07
51,-1.3793324182356888,-6.560002499121645,-8.587699720680213,-10.42135762578066,-13.74788371816424,-13.571970411031463,-14.20086175925558,-15.74881060009609,-12.826603386181183,20.866310760259204,0.0059580000954915,0.0005568073694221,0.5840241235510756,74937.0046714297,1547755.7501274156,0.0843090749476147,0.968064546481708,0.0005568877836627899,0.0005568779709048455,-8.041424068988556e-08,-7.060148274546426e-08
52,-1.0850165564521586,-7.832289943931043,-8.624744017466073,-14.600036680400288,-13.33584414325945,-15.310000469753684,-12.185088546654422,-15.614673975529849,-11.4538633671423,21.704793115827467,0.0059580003701574,0.0005614641774455,0.5791802424155676,74937.00812605172,1560700.265216797,0.0843090749476147,0.9636615542841684,0.000561535530368818,0.0005615410728530668,-7.135292331799086e-08,-7.689540756678111e-08
53,-1.3584485159915205,-6.146854643717395,-8.804024516136364,-11.88928119676182,-12.98126037846304,-16.03410753342253,-16.9573508682915,-14.314884420153929,-13.304184177391468,21.31352265000072,0.0059580008661904,0.0005584883851988,0.5822663597474645,74937.01436492782,1552428.464565431,0.0843090749476147,0.9660867608281998,0.0005583895921204323,0.000558387238509451,9.879307836776e-08,1.0114668934899963e-07
54,-1.237038302936571,-6.607050672989681,-8.702464305319223,-13.10682969428029,-12.089374748332432,-15.052820205057902,-14.8521124912974,-15.095615197962491,-10.36936232010156,21.19876744208469,0.0059580008982647,0.0005642637497452,0.5763067391511767,74937.01476834442,1568482.2278176644,0.0843090749476147,0.964436233847597,0.0005642969909393396,0.0005642976622454954,-3.3241194139616535e-08,-3.391250029535428e-08
55,-1.2601286366380722,-6.556296476458277,-8.507143846226613,-10.597697456594066,-15.319229182080935,-14.70041257111356,-13.351350494792817,-11.814834805360814,-9.631911094110569,20.15478595953476,0.0059580027199807,0.0005745126058812,0.5660261366808206,74937.03768105604,1596970.9420263108,0.0843090749476147,0.9618307670689198,0.0005740909785474593,0.0005741066194012814,4.2162733374074245e-07,4.059864799186739e-07
56,-1.0872090895183657,-7.229885396964081,-8.934737034921106,-13.415460823616092,-14.270413517013964,-13.680499079439713,-12.946708750817686,-15.80019159100086,-11.372358355727922,21.549985661178464,0.005958000485627,0.00055917570092,0.5815506062210338,74937.0095783756,1554338.9939837886,0.0843090749476147,0.9645678781018336,0.0005592703071104447,0.0005592778778753463,-9.460619044469962e-08,-1.0217695534629756e-07
57,-1.4421799876782262,-8.323295019352605,-7.324272707248684,-10.860188334434993,-11.93122966691049,-14.164224825933328,-14.341098124472865,-14.849582862077144,-11.302327806208886,20.501667419318903,0.0059580029269496,0.0005621022904361,0.5785231144916277,74937.04028421613,1562474.0259546794,0.0843090749476147,0.9663534888536582,0.0005621498126915573,0.0005621382834459566,-4.7522255457394316e-08,-3.599300985664307e-08
58,-1.3641390304132888,-6.0378797772764585,-8.124506259578911,-13.46227531662341,-14.276630626876033,-14.496282433417887,-16.034580037705904,-11.195861286782236,-11.71475620161834,20.933495805708787,0.0059580007042268,0.0005697754540261,0.5707318268154576,74937.012327824,1583803.09543229,0.0843090749476147,0.9614458346344322,0.0005700399030104325,0.0005700451534227796,-2.6444898433249705e-07,-2.6969939667957545e-07
59,-1.1707517887731689,-7.373703571528676,-6.449245423594691,-14.366421350821865,-11.592388100556352,-14.507786892325766,-16.31435545786319,-11.29738093838619,-12.492881629613082,20.795406832095672,0.0059580009748138,0.000567227002695,0.5732960637609645,74937.01573114417,1576719.173023495,0.0843090749476147,0.9622509408328898,0.0005672309476775303,0.0005672282509742271,-3.944982530207884e-09,-1.2482792270543733e-09
60,-1.397945529965909,-6.2665706513230575,-8.533019587170033,-11.359556497283087,-13.221278852752183,-16.471627505195574,-12.396393498803215,-10.771637994131192,-10.561223499868266,19.96232602970176,0.0059580020351102,0.0005719322809203,0.5685797174929829,74937.02906706824,1589798.4205858114,0.0843090749476147,0.9611262795182384,0.0005719205716654101,0.0005719231898344585,1.1709254889909898e-08,9.091085841485096e-09
61,-1.09002332671866,-7.013989021382672,-7.546404029712017,-10.793876094510884,-13.58910676933733,-12.214435429822304,-17.027668742039396,-14.129491330108824,-9.404137259397428,20.482635035345712,0.0059580003770674,0.0005724273947103,0.5680876945639874,74937.00821296197,1591174.6868810593,0.0843090749476147,0.9649443776548636,0.0005725491884872672,0.0005725635741511844,-1.2179377696728676e-07,-1.361794408844333e-07
62,-1.4190347096407214,-6.650034241746262,-7.042048420228301,-13.617556888831013,-14.171145004898571,-11.823119035867132,-12.046674997262896,-15.12797103663203,-12.441827454347523,21.076497158459315,0.0059580004818661,0.0005561052211234,0.5847615796328132,74937.0095310731,1545803.9906383457,0.0843090749476147,0.9652155898090158,0.0005561593346100403,0.0005561341358928497,-5.411348664031545e-08,-2.8914769449757925e-08
63,-1.0606502655125616,-7.398645646226337,-7.117747518847188,-13.674521858611518,-15.05197592441672,-12.92303263134438,-16.019480918630194,-14.270969336594128,-12.288354676943792,21.51216290049067,0.0059580003027266,0.0005600735607146,0.5806182896136867,74937.00727793797,1556834.772122298,0.0843090749476147,0.9643864075401668,0.0005602454254191946,0.0005602514710038595,-1.718647045945848e-07,-1.7791028925951986e-07
64,-1.1020942946865036,-5.5792990520885954,-8.375201923591856,-13.800725987513744,-14.628202407098724,-14.835764634549816,-13.762845318050864,-11.124569320964564,-13.44006102041068,20.96556081640823,0.0059580006573286,0.0005640008618588,0.5765753279872542,74937.01173796011,1567751.4791600492,0.0843090749476147,0.9616746595549174,0.0005642468348586811,0.0005642298044509763,-2.459729998811411e-07,-2.2894259217630733e-07
65,-1.4658917498519923,-5.865376450773108,-6.415485015837032,-12.16065125926511,-12.809462701680385,-13.304205777908503,-14.393682120851556,-13.56801217861769,-9.731109876646869,20.24078748426892,0.005958000784775,0.0005643861045053,0.5761817836221359,74937.01334092252,1568822.3369720113,0.0843090749476147,0.964185455461004,0.0005645514617771064,0.0005645574829508875,-1.6535727180642772e-07,-1.7137844558756665e-07
66,-1.2542631847311296,-5.9108074441759175,-6.196405705143585,-13.968323259433866,-13.928917206891455,-15.354360360725076,-14.117662972569198,-13.38561189259119,-12.124676497540584,20.98842409650016,0.0059580006051359,0.0005597270353439,0.580977792931718,74937.01108150421,1555871.5366039968,0.0843090749476147,0.9638418066496284,0.0005599036779135964,0.0005598836044605295,-1.766425696964058e-07,-1.5656911662954506e-07
67,-1.195807799356248,-7.944793562816602,-8.078313798734,-10.46942541133948,-11.779249274981748,-12.37966283378091,-12.7647244071275,-11.633850181966803,-9.535577654105516,19.556235265040453,0.0059580062749198,0.0005690462488832,0.5714639934165172,74937.08239345682,1581776.126115999,0.0843090749476147,0.9622274093603146,0.0005690843818403893,0.0005691018652436165,-3.8132957189259895e-08,-5.5616360416480166e-08
68,-1.3120952912028927,-6.441622716445628,-8.978937519838839,-11.166540999552506,-15.55457012215046,-14.30761667502365,-13.686071298647825,-13.040420194038363,-10.45270443554181,20.66998526894909,0.005958002842627,0.0005678723085221,0.5726448638933358,74937.03922364546,1578512.9276672592,0.0843090749476147,0.962818409273488,0.0005676574936393496,0.0005676563188682027,2.1481488275037e-07,2.159896538972677e-07
69,-1.4046525745187095,-5.812958501845515,-8.72350095402016,-12.717372371138673,-14.045246954103764,-13.968371364369194,-14.979853204263506,-13.598748099975154,-12.999087889193316,21.185712977625265,0.0059580007754739,0.0005554924132675,0.5854067199066227,74937.01322393704,1544100.5705063664,0.0843090749476147,0.9644170496688788,0.0005556192692727476,0.0005556234994409875,-1.268560052476199e-07,-1.310861734875107e-07
70,-1.4655424661364869,-7.297569842996275,-6.24056089975959,-12.722915454938311,-15.85650347389412,-14.145953741415118,-11.97042733299806,-14.085866418914764,-9.556044737510067,20.68510704914861,0.0059580003761309,0.0005715516999507,0.5689580818632267,74937.00820118406,1588740.5208228093,0.0843090749476147,0.963028669697074,0.0005714568482692478,0.0005714673243355825,9.48516814522132e-08,8.437561511758992e-08
71,-1.406117476610136,-7.698814680828321,-8.378988047622437,-14.309630574783029,-13.926195771340812,-16.62648582582132,-13.485553191213196,-14.983883001638262,-11.79157955757033,21.771778697799284,0.0059580005211186,0.0005612227448348,0.5794294221905071,74937.01002477262,1560029.1557235694,0.0843090749476147,0.9635305555909576,0.0005612652373671185,0.000561264009530533,-4.249253231854329e-08,-4.126469573299211e-08
72,-1.2063509023108216,-8.355272767467056,-6.750446121333633,-11.846240940363264,-13.40256988399943,-15.344807284565054,-13.217814293388289,-13.12081188032984,-13.750583647486868,20.659559498175067,0.0059580013344219,0.0005560228657174,0.584848317210198,74937.0202541297,1545575.0675668428,0.0843090749476147,0.9652033822002258,0.0005559831943858622,0.000555963796450206,3.967133153774151e-08,5.906926719403873e-08
73,-1.1160226127002435,-7.215385272561045,-8.11120845502525,-13.715652218157018,-13.81083645651109,-14.759916832670111,-13.168226709774007,-12.8075588029578,-11.614662692743632,21.03037850074183,0.0059580004357709,0.0005637126053588,0.5768701297097113,74937.00895130765,1566950.213444285,0.0843090749476147,0.9620620465418364,0.0005639360587086446,0.0005639331399721631,-2.234533498445771e-07,-2.2053461336301369e-07
74,-1.1668515401381752,-7.203620906429731,-8.650897761142705,-10.298108817875365,-15.177555722483335,-14.655732145740805,-14.513179310600044,-10.82754268711776,-12.992050570039575,20.32005630305551,0.0059580034636443,0.0005661120316652,0.5744255438430506,74937.04703451725,1573619.8914453578,0.0843090749476147,0.9628610217116004,0.0005657562679007248,0.0005657243491476082,3.557637644752273e-07,3.87682517591836e-07
75,-1.44175862817507,-7.485778248257874,-8.726545284878428,-12.617767616619291,-14.944061457723148,-16.11052137987661,-14.17466894338866,-11.364410325866718,-13.534568989532952,21.067712545162124,0.0059580013771337,0.0005647748669439,0.5757852551082197,74937.02079133948,1569902.9787394293,0.0843090749476147,0.9620343956836822,0.0005646525122617195,0.0005646307050036156,1.2235468218051333e-07,1.4416194028441486e-07
76,-1.0724105227968588,-7.764461926471839,-6.264865325559734,-12.113211886275884,-16.1212346751554,-14.79699411167297,-17.204988970873902,-11.872126645581838,-12.326742543807953,20.93316832423084,0.00595800059806,0.0005708654001061,0.5696421205393898,74937.01099250592,1586832.8152336031,0.0843090749476147,0.9633160776506046,0.0005706931600784852,0.0005706755470583928,1.7224002761475222e-07,1.8985304770717353e-07
77,-1.156602096905178,-7.330130549692557,-8.365925298765601,-10.070089246903926,-16.415052473182953,-14.483353075680771,-15.869701721191827,-11.04284807154876,-9.628340723368826,20.260951298081373,0.0059580008945388,0.0005835163985563,0.557291966663472,74937.01472148184,1621998.757122046,0.0843090749476147,0.9615847588046462,0.0005836357846294705,0.0005836067490845776,-1.1938607317053384e-07,-9.03505282776355e-08
78,-1.403510034311707,-6.357907236351306,-8.482822785755813,-10.840193525335062,-12.293938996486128,-12.070528439314035,-15.62188500167806,-14.304157222242694,-9.582541732398488,20.366425106444726,0.0059580049288898,0.0005679947701264,0.5725217004254766,74937.06546370614,1578853.3338157963,0.0843090749476147,0.9649713814233682,0.0005678712361079232,0.0005678713854582685,1.2353401847677633e-07,1.233846681315343e-07
79,-0.9842842386247646,-6.066512794225215,-6.839105402350807,-12.630496878804204,-13.295392024697296,-13.591045251676096,-13.951422334330031,-15.405657319294669,-9.57028781402255,20.737812869763136,0.0059580006876243,0.0005639494815679,0.576627862991528,74937.0121190059,1567608.657521687,0.0843090749476147,0.9653175430689386,0.0005640925709613182,0.0005640921620705744,-1.4308939341820676e-07,-1.4268050267435186e-07
80,-1.0705119509793368,-8.359559605989707,-6.185132271817336,-10.035085346895483,-13.46934428001373,-15.9052946734205,-15.01478112336273,-14.376523714414128,-10.041697303684831,20.24227520607837,0.0059580009110154,0.0005708280811943,0.5696794068020645,74937.01492871651,1586729.0799682548,0.0843090749476147,0.9659907503313344,0.0005707144971980194,0.000570723852167136,1.1358399628063221e-07,1.0422902716399843e-07
81,-1.2097081320878178,-6.942723563655058,-7.03581033761115,-9.961410643070153,-16.627919171483356,-14.73911871857965,-16.28074553023915,-14.932013000345544,-11.158346771037548,20.833120933289383,0.0059580000827874,0.0005711852493056,0.569323061596564,74937.00451164333,1587721.899080058,0.0843090749476147,0.9666658276856972,0.0005711577939262208,0.0005711644563870331,2.74553793792702e-08,2.0792918566949446e-08
82,-1.3887969575991093,-8.061937722508947,-7.699841256091584,-14.262055652909575,-13.734759998205837,-15.747784927222888,-12.803275921239878,-13.319346534229624,-10.076994764608202,21.147020198876067,0.0059580003485404,0.0005722737899743,0.568240171623718,74937.00785416242,1590747.7122637911,0.0843090749476147,0.9613874219996174,0.0005722996128109789,0.0005722987920802833,-2.5822836678852934e-08,-2.5002105983207984e-08
83,-1.3351389549411858,-7.089070753828499,-6.987246517632835,-9.890156813816365,-15.18864138760371,-13.62924356355066,-15.22008581600955,-13.483772285297178,-12.448366116570323,20.3846494815531,0.0059580004837659,0.0005622149891068,0.5784067910005909,74937.00955496781,1562787.2941066602,0.0843090749476147,0.9661943747464554,0.0005620632805727454,0.0005620831936500992,1.51708534054662e-07,1.3179545670083653e-07
84,-1.459870106446956,-6.961330130105712,-7.419063264818622,-12.568003060902235,-13.037587103349418,-14.68479077544525,-15.001303281676009,-11.40396380206422,-10.097524981613564,20.37148280678468,0.0059580008577958,0.0005723543570506,0.5681602565224728,74937.01425934464,1590971.664320754,0.0843090749476147,0.9615353959224908,0.0005723875094702526,0.000572370480560588,-3.3152419652614576e-08,-1.6123509987970956e-08
85,-1.3439793609925454,-8.30953695615692,-6.441557631043408,-12.882188100924942,-14.343455823819973,-13.7915148120934,-16.71173414264234,-14.620684862181124,-11.63321329334512,21.324368505316016,0.0059580005005703,0.0005637825837566,0.57679853625608,74937.00976632533,1567144.7321836858,0.0843090749476147,0.9651597169600978,0.0005639097958387409,0.0005639163993002762,-1.2721208214085122e-07,-1.3381554367624532e-07
86,-1.144886277906328,-7.508346520832887,-8.212219425805559,-12.866503254784876,-14.53557297621112,-12.228288336446257,-14.733291822339057,-14.553238115810505,-10.931553701266106,21.22465743571093,0.0059580008356379,0.0005625848232545,0.5780266069538851,74937.01398065254,1563815.3209615145,0.0843090749476147,0.9639440484897556,0.0005626579875065408,0.0005626659870579826,-7.316425204074474e-08,-8.11638034825795e-08
87,-1.2528791663826564,-7.753223597026324,-7.456626584535023,-11.63410197641068,-14.761826949438122,-14.845512370555774,-12.233361432318627,-15.277465615317585,-11.116945252089687,20.878660660693072,0.0059580007063429,0.0005609180740686,0.5797441746981503,74937.0123544392,1559182.263322015,0.0843090749476147,0.9653587539082564,0.0005610217817409067,0.0005610209636023527,-1.037076723067092e-07,-1.0288953375273482e-07
88,-1.344538442415766,-6.675844601449863,-7.236416088695217,-13.725328503584176,-12.198387696740506,-14.148859727079277,-12.680519740107403,-11.553211179035394,-12.216252260015716,20.44460695313175,0.0059580006021311,0.0005630669029972,0.5775316852426317,74937.01104371049,1565155.3565548272,0.0843090749476147,0.9619308055460642,0.0005632206702441071,0.0005632250159470173,-1.5376724690709023e-07,-1.5811294981735342e-07
89,-1.0714081383660534,-6.450146883099954,-8.550285229511472,-13.637725802278856,-14.611961067204115,-12.18760825961941,-13.908518634563602,-14.374029360862204,-10.703598734888851,21.25947150603081,0.0059580005256908,0.0005637080653732,0.5768747887593073,74937.01008227999,1566937.5936602517,0.0843090749476147,0.9631360126805328,0.0005638222594560826,0.0005638270490781217,-1.1419408288252959e-07,-1.1898370492167964e-07
90,-1.054926019680098,-6.030290687123221,-6.208920247110811,-13.088841285064111,-15.56301668762814,-14.235253045783825,-14.577588304518668,-13.819099252732176,-11.918581081294636,21.012071566466,0.0059580003225316,0.0005609661738938,0.579694408745204,74937.00752703664,1559315.9662597242,0.0843090749476147,0.9644763176400528,0.0005609444985382822,0.0005609398532036813,2.167535551771734e-08,2.6320690118641736e-08
91,-1.1689929858707644,-8.189773112243845,-7.005425516226207,-13.141844057920313,-12.599325825011746,-15.024813203357288,-15.547763188955171,-15.215735569090612,-12.09713012166868,21.343708472357704,0.0059580002333362,0.0005595054722624,0.581207804606502,74937.00640517734,1555255.6583806635,0.0843090749476147,0.9658001570894572,0.0005594933106385711,0.0005595076414862497,1.2161623828984246e-08,-2.169223849699843e-09
92,-1.4017752040491092,-7.339480424456743,-8.740641364495078,-14.595958045327212,-15.93527017547809,-12.579696748561071,-15.297388956146056,-11.002452684365169,-13.39803194524128,21.517891388263816,0.0059580002922814,0.0005717001507454,0.5688103310813939,74937.00714656251,1589153.1690452762,0.0843090749476147,0.9605835900943756,0.0005715996054373228,0.0005715992413741189,1.0054530807717885e-07,1.0090937128102474e-07
93,-1.3054909765704843,-6.959201608322148,-6.425733927521986,-13.54684724587502,-11.473724512202164,-13.278618324006803,-16.672888344254833,-13.328216715779645,-10.222944371145523,20.703114568930875,0.0059580004433527,0.0005696335885881,0.5708739282721204,74937.0090466682,1583408.7525062363,0.0843090749476147,0.9636216592215612,0.0005696528390320746,0.0005696515067197259,-1.925044397466883e-08,-1.7918131625898996e-08
94,-1.1862079206006944,-7.599278465708734,-9.058880107906658,-12.994700800598515,-13.702451327614996,-16.65946346489376,-12.744109615530933,-14.332808349982557,-11.626246209769851,21.318709998556617,0.0059580010661041,0.0005615254622917,0.5791171321969272,74937.0168793515,1560870.6185172773,0.0843090749476147,0.9633479715865182,0.0005614648633667298,0.0005614546980532249,6.059892497024301e-08,7.076423847514769e-08
95,-1.20451317178105,-8.129365518747905,-6.299206451221054,-12.599375027584966,-15.41813749563196,-11.745536676359478,-16.54788879402139,-10.599369218444531,-9.566187939037302,20.38780503093473,0.0059580004071028,0.0005847910816628,0.5560771557948582,74937.00859073435,1625541.9898738198,0.0843090749476147,0.960735236846702,0.0005847065331259624,0.00058471262113173,8.454853683761022e-08,7.846053107002024e-08
96,-1.267261571018491,-8.164286491896961,-7.535851602452457,-10.854116260156742,-12.260277450329337,-11.9176135604264,-15.38694799250792,-11.058387014743268,-12.784710847782875,20.0153380070234,0.005958003746271,0.0005624213710643,0.5781950180675035,74937.05058926648,1563360.9734058732,0.0843090749476147,0.9636127716235432,0.0005623659356707528,0.0005623654437945933,5.543539354716919e-08,5.592726970665533e-08
97,-1.273321735313814,-8.068338138767485,-9.074572207969611,-10.60815130066647,-11.654118416586323,-13.580700708390864,-16.611704338664655,-13.926061089849696,-13.188152216657528,20.80525435938525,0.0059580042190136,0.0005617255692098,0.5789112893065071,74937.05653520749,1561426.8551086169,0.0843090749476147,0.966283049674968,0.0005619473696276076,0.0005619576628108381,-2.218004178076733e-07,-2.3209360103812818e-07
98,-1.2497727775913674,-6.6364427216719655,-7.978537557770148,-10.24900473582373,-12.279241741378216,-14.694519261862515,-13.79145816501385,-11.334600129540927,-11.137984081938496,19.7292220498852,0.0059580032805903,0.0005642531483384,0.5763179126891746,74937.04473214723,1568452.7591193924,0.0843090749476147,0.9631544236338508,0.0005640672531485054,0.000564065452735917,1.858951898945282e-07,1.8769560248296617e-07
99,-1.1677461038169137,-5.778781890517737,-6.140098261146018,-10.16498169877772,-12.140050770267468,-12.560318904122845,-15.816858933295618,-14.049247243873758,-11.96998079883468,19.945927570757224,0.0059580013845515,0.0005606542441918,0.5800170868555535,74937.02088463765,1558448.8962165024,0.0843090749476147,0.9677401835268036,0.0005606665230767109,0.0005606539387938009,-1.2278884910905084e-08,3.0539799909887894e-10
100,-1.2814029050043965,-5.75895357386303,-6.911593969549739,-12.08757115627061,-14.823464328512747,-11.607043747601356,-15.5166252889044,-13.84993042259606,-13.286000628293143,20.84927253410073,0.005958001324113,0.0005554119654921,0.5854915930971675,74937.02012446904,1543876.9500699656,0.0843090749476147,0.9660752894294826,0.0005554305972275657,0.0005554299330382766,-1.8631735465655247e-08,-1.7967546176583804e-08
101,-1.2197832304937466,-6.195297659136758,-6.896352482445356,-11.676879283610605,-11.363774618585207,-14.399865780490174,-12.053272897119127,-12.738292227075435,-9.872180603468264,19.74480507293489,0.0059580009178612,0.0005630662677957,0.5775323826701181,74937.01501482006,1565153.590887304,0.0843090749476147,0.963408724111062,0.0005630212055703837,0.0005630277288659388,4.5062225316320516e-08,3.853892976122576e-08
102,-1.207932514391595,-8.020748136152335,-6.9430930935686535,-14.44431705537831,-15.609968977279804,-14.770739039714172,-15.550890945471153,-11.188509610450929,-10.072016925132631,21.129629641764648,0.0059580001203102,0.0005858013570204,0.5551181028317711,74937.00498358763,1628350.249210551,0.0843090749476147,0.9599764892194044,0.0005854498220373925,0.0005854597846299328,3.5153498300743557e-07,3.415723904671118e-07
103,-1.377182898765513,-7.170112740166166,-7.225403018479278,-12.623789118485773,-15.72046351622727,-12.240717433122652,-11.956082047818938,-13.079228594452417,-10.75746871765746,20.61059238188685,0.0059580002482377,0.0005672025676108,0.5733206564785708,74937.00659260171,1576651.2508942855,0.0843090749476147,0.9623985670609828,0.0005671383873493936,0.0005671253922545019,6.418026140641957e-08,7.717535629807835e-08
104,-1.3320535755568177,-7.581386413636926,-8.31940645621212,-11.182421201171389,-12.591643052352202,-12.477300030847193,-16.022720203657606,-10.80755901188746,-12.264075671113282,20.21163112866332,0.0059580039839277,0.0005656261199855,0.5749190901393707,74937.05357840487,1572269.2042283642,0.0843090749476147,0.9626755251332868,0.0005655683140823277,0.0005655721887561448,5.7805903172351326e-08,5.3931229355205085e-08
105,-1.1783256185587576,-6.016672193540396,-8.092250521076954,-12.577487977244754,-13.243737536993487,-14.888836322969237,-11.935711398882962,-15.342131819338658,-12.855734676389872,21.01095176201888,0.0059580004627453,0.0005531062156016,0.5879322213492832,74937.0092905802,1537467.6641169484,0.0843090749476147,0.966218277883018,0.0005531489445783819,0.0005531517590223662,-4.272897678194408e-08,-4.5543420766234674e-08
106,-1.0977123337073638,-6.653158081810663,-6.103190623328493,-14.251590200595444,-13.511594030142314,-12.56436415763949,-15.715048353073673,-10.86952626276409,-9.89727088434456,20.46519787011406,0.0059580003650299,0.0005789447623841,0.5616925466976136,74937.00806156003,1609290.993967982,0.0843090749476147,0.9607086476815652,0.0005789914559768841,0.0005790117066310446,-4.669359278408353e-08,-6.694424694458651e-08
107,-1.1404412446766583,-7.385255856427077,-7.468994475809405,-12.59086862395758,-15.862299814868448,-16.07571096497527,-12.199192632327591,-12.3589872465436,-12.015503036115652,20.82735728108277,0.0059580002181425,0.0005677221519232,0.5727959440255113,74937.00621407763,1578095.537826119,0.0843090749476147,0.9621658863584064,0.0005675448660814048,0.0005675185765164648,1.7728584179518836e-07,2.0357540673522374e-07
108,-1.0472529133078057,-5.829641436103889,-6.833342758631533,-10.284964417646515,-15.797264052335056,-16.139362263835395,-15.236705703510774,-10.658348407360172,-9.40016912553115,19.832908512763723,0.0059580010194759,0.0005826373887124,0.5581327560854282,74937.0162928834,1619555.3761342335,0.0843090749476147,0.96184282823187,0.0005830659132819401,0.0005831115629797353,-4.285245695400579e-07,-4.7417426733524504e-07
109,-1.030031262514442,-6.738480086680236,-7.368247444015087,-11.526522079153429,-15.742344459399987,-12.052457304098755,-16.920182979842366,-15.560654310813783,-10.980173788966596,21.199466742408003,0.0059580002037765,0.0005667923895965,0.5737355524663175,74937.00603338878,1575511.0803165543,0.0843090749476147,0.9664207334248094,0.0005667070061630331,0.0005667064083965611,8.538343346687228e-08,8.59811999389358e-08
110,-1.175589303735701,-6.782843810798028,-7.923326639094274,-13.037037606491651,-14.204638816412867,-13.407696608624732,-13.151306111107155,-11.51922394570678,-12.01012725117014,20.60000049906457,0.0059580007671779,0.0005644807974781,0.5760851252293078,74937.01311959396,1569085.5547404003,0.0843090749476147,0.9616582888384368,0.0005647496605191867,0.000564747783186654,-2.688630410867211e-07,-2.6698570855401924e-07
111,-1.1278171863512672,-7.822780668987135,-8.918315151241936,-13.864633527889367,-14.327319507885267,-13.03516578995244,-14.336919363801256,-15.639366095159629,-10.248784747546344,21.697986767167382,0.0059580003697203,0.0005659435704216,0.5745960822958279,74937.00812055351,1573151.6202392755,0.0843090749476147,0.9636696259742742,0.0005659709390331462,0.0005659894917487014,-2.7368611546225823e-08,-4.592132710136594e-08
112,-1.2165391005109472,-6.068168515970517,-7.4851867252549695,-13.89653870424124,-16.34089268686792,-15.246577297329656,-12.98900977627382,-12.721953690468409,-11.696234059937598,21.180266256003623,0.0059580002965459,0.0005693643967662,0.5711438126811769,74937.00720019982,1582660.4808179513,0.0843090749476147,0.9618532559645596,0.000569085776835412,0.000569063843023854,2.786199307880594e-07,3.005537423459836e-07
113,-1.0193566403115826,-5.591976772605635,-7.509748486172512,-13.709981247531088,-12.221122121716052,-14.056815676563463,-15.665751352982277,-14.135027901723298,-9.351059616340024,20.88901303709348,0.0059580004228519,0.0005697969901593,0.5707102149201407,74937.00878881905,1583862.9593562216,0.0843090749476147,0.9635215393310468,0.0005698098227106365,0.0005698044095413742,-1.283255133654581e-08,-7.419382074208905e-09
114,-1.3797761178600818,-7.674026113713476,-7.539749643155649,-12.843734444593528,-12.589909936709557,-14.106066324300675,-16.97558560267462,-12.063902388697636,-13.72709570464662,20.99335225045707,0.0059580005527608,0.0005603937992625,0.5802865302548365,74937.01042275407,1557724.9382391437,0.0843090749476147,0.963941416986853,0.0005603496778325587,0.000560335138022427,4.412142994133974e-08,5.866124007305063e-08
115,-1.406861093757518,-6.617828671671048,-7.575055582240433,-14.107165756304177,-15.511210351177017,-13.911650171526212,-11.691728051986509,-14.60423470790304,-9.269964392272232,21.15369283380155,0.0059580003858078,0.000573504360783,0.5670209015287547,74937.00832289532,1594168.3261954675,0.0843090749476147,0.9621905999547288,0.0005734706197531703,0.00057345505154597,3.374102982970674e-08,4.930923702998417e-08
116,-0.9841591796623432,-5.82460925323202,-7.183426765509038,-10.105856923767336,-14.068598749967055,-14.19883508143248,-15.768758400615898,-15.184370566829225,-11.524524692342684,20.521999078081624,0.0059580004391817,0.0005628401272465,0.5777643567142714,74937.00899420759,1564524.9886910454,0.0843090749476147,0.9677788043222992,0.0005628955828537565,0.0005629254975356289,-5.545560725645632e-08,-8.537028912893214e-08
117,-1.3079868625455542,-6.279031206298685,-8.756715879728445,-10.934142034013682,-11.282647437559092,-14.049002906290182,-12.0100354481472,-15.72946151780113,-13.069232850808884,20.5578757907876,0.0059580124750099,0.000555507544863,0.5853924981513775,74937.16037535864,1544142.6317562792,0.0843090749476147,0.9681116670431724,0.0005555906497554645,0.0005555683423982335,-8.310489246451166e-08,-6.07975352334613e-08
118,-1.280464109006073,-5.800829227948639,-8.998482900605781,-12.574548507468158,-15.234196632473294,-15.413936608411008,-11.671877256451223,-10.905715715316802,-11.32430313911064,20.473304375451065,0.0059580011533503,0.0005746848295849,0.5658562846624358,74937.01797669438,1597449.6717314722,0.0843090749476147,0.960382358497607,0.000574416112040093,0.0005743689013023742,2.687175448069833e-07,3.1592828252579794e-07
119,-1.4194827563050327,-6.965295916550739,-6.337365864601104,-12.041191037125008,-12.519234297064836,-12.249800886113,-15.749383731630124,-12.562176162217796,-13.284512747510645,20.41564991728568,0.0059580000290377,0.0005571496093304,0.583665365688397,74937.00383560437,1548707.0733586815,0.0843090749476147,0.965293854224262,0.0005570978011866865,0.000557102075092401,5.180814371345127e-08,4.7534237998980884e-08
120,-1.2658201159513305,-6.107732856383636,-7.055366881249144,-12.389159341409083,-14.05520633729862,-17.1334937448819,-12.688944327530766,-11.3035090146003,-9.421568455914004,20.137852973934148,0.0059580002606276,0.0005775144413998,0.5630836670422773,74937.0067484354,1605315.1350813666,0.0843090749476147,0.9609491447135382,0.0005777432360628211,0.000577760146096082,-2.2879466302116232e-07,-2.457046962820765e-07
121,-1.3956180744301885,-7.236132264538346,-7.31306859374124,-11.376433007527831,-12.387023233952972,-11.611283025509502,-12.955101769638487,-14.81505323784278,-9.348305397551169,20.20217127793712,0.0059580016868849,0.0005650119696701,0.5755436763425485,74937.02468724878,1570562.052465655,0.0843090749476147,0.965004876261145,0.0005649054710818276,0.0005649004222204159,1.064985882723822e-07,1.1154744968412244e-07
122,-1.2798042872398503,-7.601816875428952,-6.542517545898649,-13.691924620736172,-15.666490769846252,-16.59896342837114,-12.257143508644065,-14.491537781447215,-11.24197692883853,21.29336501067402,0.0059580002660095,0.0005663831970236,0.5741500658613957,74937.00681612662,1574373.6489670393,0.0843090749476147,0.963432514576754,0.0005662698801479409,0.0005662646889992646,1.1331687565911165e-07,1.1850802433539635e-07
123,-1.1657597002001463,-7.679779773130432,-8.635147380661724,-13.664870241022268,-16.25905146020988,-15.299195212473418,-11.792707367568456,-12.505084246779123,-9.913266119584812,21.11278570177055,0.005958000344433,0.0005815558783726,0.5591706117810196,74937.00780250203,1616549.105134439,0.0843090749476147,0.9600925241968128,0.0005812819566630763,0.0005812752623190004,2.7392170952366193e-07,2.8061605359959007e-07
124,-1.4507579553971786,-6.703744061663927,-8.944691967688017,-14.612900290048968,-13.64286276732714,-12.246720842040052,-16.13111633868152,-10.591629367824208,-12.57426017346416,21.172338593929474,0.0059580003046577,0.0005731478285937,0.5673736108115814,74937.00730222592,1593177.274754159,0.0843090749476147,0.9604182293287776,0.0005732006088848662,0.0005732072805024183,-5.278029116615856e-08,-5.945190871829882e-08
125,-1.4664399473892675,-7.057530288735611,-8.438466278342842,-10.33172557717698,-15.698289707681155,-15.70747323147888,-13.363539655394838,-11.83030558084322,-13.672174039407764,20.50936782128395,0.0059580007970641,0.0005628162359561,0.5777889346050711,74937.01349548907,1564458.5781437934,0.0843090749476147,0.963941382723194,0.0005627495193748655,0.000562721111822687,6.671658123451763e-08,9.5124133412945e-08
126,-1.1398538374924256,-8.27408806801182,-6.8518442229800725,-13.742222136235128,-16.242865813111415,-14.712988329317657,-12.417833995618086,-15.784811325589576,-12.25377403958763,21.686314157294834,0.0059580002740688,0.0005606987801233,0.579970854336805,74937.0069174929,1558572.6926098787,0.0843090749476147,0.9649376538750052,0.0005607415606594687,0.0005607324040204783,-4.2780536168695454e-08,-3.3623897178255285e-08
127,-1.1564402593632412,-7.6521097469843555,-7.58069919267093,-11.871869199004294,-13.560975356602905,-13.871052844206236,-14.12613433271882,-12.465518904629024,-12.944013876173148,20.60474568306086,0.0059580015146102,0.000557506251241,0.5832922077077912,74937.02252045664,1549698.4297922542,0.0843090749476147,0.9639679023892892,0.0005576390741690989,0.0005576469390394558,-1.3282292809883856e-07,-1.4068779845570391e-07
128,-1.254556022773503,-8.078810832401269,-8.900923463254276,-13.764689587325778,-15.258170273741555,-12.45731973402007,-14.52136807845297,-13.902619918957647,-10.485421858193217,21.515563954262245,0.0059580006384714,0.0005694983143917,0.5710095572712084,74937.01150078273,1583032.7312340457,0.0843090749476147,0.9620018021675116,0.0005696258953749766,0.0005696273335291774,-1.275809832765101e-07,-1.2901913747738122e-07
129,-1.441337639427311,-7.209982014577744,-7.213937301460123,-13.306056770646062,-15.398271226198704,-12.392321499170638,-17.22025229937967,-12.72948500704661,-11.320680128205645,21.224634847683795,0.0059580003214381,0.0005696463412066,0.5708611306500945,74937.00751328297,1583444.2009208845,0.0843090749476147,0.9627735252383436,0.0005696840815160976,0.0005696922569158954,-3.7740309497555705e-08,-4.591570929534088e-08
130,-1.2099884553711906,-6.664467439480479,-6.872282689286443,-14.669692753425007,-14.215623913114454,-13.518908830122754,-15.654659554190427,-11.525762687681336,-9.655613338978076,20.895045503782,0.0059580004399144,0.0005811426527656,0.5595682274636659,74937.00900342347,1615400.4631721668,0.0843090749476147,0.9604998922173256,0.0005811974036604153,0.0005812145085755605,-5.4750894815276674e-08,-7.185580996047543e-08
131,-1.2350170424534128,-6.888782489793213,-6.296338297170335,-14.009228252418652,-11.96192564994904,-12.712388268705167,-13.327475005823992,-14.536811267458186,-11.2981041351979,20.79803377554732,0.0059580003636407,0.0005597862918653,0.5809162578515495,74937.00804408736,1556036.2517763416,0.0843090749476147,0.964601459609471,0.0005597813594162849,0.0005597959080222179,4.9324490150907604e-09,-9.616156917947004e-09
132,-1.152069261317993,-7.344639578189937,-8.89606826808762,-11.231302376404772,-14.762951500325682,-15.626736751418102,-13.637616181828106,-10.93593205748597,-12.164677893451929,20.46614116651743,0.005958003920278,0.0005686996714893,0.5718119164699232,74937.05277784762,1580812.745988998,0.0843090749476147,0.9617273216113952,0.0005683469241465573,0.0005683278636094212,3.5274734274271663e-07,3.7180787987886686e-07
133,-1.2770197539694164,-6.119177034517016,-8.802576273932917,-13.581030507896442,-16.267631734746963,-17.042259471416443,-13.731073256723786,-11.978187673792652,-9.92040783521878,21.176048544159983,0.0059580002184666,0.0005832359017551,0.5575598912944262,74937.00621815398,1621219.0610174031,0.0843090749476147,0.9602228835087004,0.0005833127001432746,0.0005832669707406308,-7.679838817458654e-08,-3.106898553077546e-08
134,-0.9947393941742574,-7.935050982512804,-6.137881843298263,-10.7187290590075,-15.711915933646551,-12.987164500612783,-12.6079399135624,-10.987750165299593,-13.540213756015437,19.9673665083451,0.0059580011110474,0.0005637638421518,0.5768177998366063,74937.01744462807,1567092.6362019093,0.0843090749476147,0.9637029780813458,0.0005637704758883461,0.0005637571646536346,-6.633736546082618e-09,6.677498165410904e-09
135,-0.985623983379304,-7.395847751753418,-8.5430544399375,-13.353854080535667,-13.225597053968627,-12.68659890719066,-16.16794052646597,-14.829897375429464,-13.53152260255144,21.62132775199015,0.0059580002622151,0.000555413214126,0.5854901203152114,74937.00676840289,1543880.420893734,0.0843090749476147,0.9656302022217924,0.0005551360937075803,0.0005551180742852935,2.77120418419618e-07,2.951398407064886e-07
136,-1.0581743919438091,-6.206526760968279,-7.173051168227763,-14.036211331384798,-16.125976228840045,-14.799693084973915,-17.10004300013686,-12.167481510353976,-12.649186468755426,21.49201206113674,0.0059580003173572,0.0005684531835323,0.5720593419093456,74937.00746195516,1580127.5841651508,0.0843090749476147,0.9625427070725228,0.0005683235559682202,0.000568313708191318,1.296275640798837e-07,1.3947534098209067e-07
137,-1.0972023022465764,-7.139915027962783,-8.053704453205476,-11.906575946638997,-11.829304290939431,-16.031001916540408,-12.842691459848815,-13.542106436298408,-10.145749618972038,20.3932787037087,0.0059580011989434,0.0005648202786377,0.5757389359989582,74937.01855014372,1570029.2094864913,0.0843090749476147,0.9634641248669554,0.0005647243582640566,0.0005647241798879867,9.59203736433786e-08,9.609874971326128e-08
138,-1.3937571636442654,-7.208672444651336,-6.603846321967428,-13.625031253344313,-11.615986582487553,-14.85221903968461,-12.329240761944677,-12.845871144179617,-12.505836913568274,20.54612282726427,0.0059580005039403,0.000558700356221,0.5820453946958666,74937.0098087121,1553017.679770898,0.0843090749476147,0.9635124772897516,0.0005587898558715771,0.0005587900167682065,-8.949965057708942e-08,-8.966054720644257e-08
139,-1.4113907466368834,-7.391065046950845,-8.73573377234923,-13.215154073727984,-12.12113803236775,-16.83773357796027,-13.547410473661133,-14.936934319879228,-13.436829611431508,21.461073364686364,0.0059580012483639,0.0005552036112129,0.5857113025420684,74937.0191717317,1543297.78831434,0.0843090749476147,0.9653930299996296,0.0005551466937253159,0.0005551409163216812,5.691748758418491e-08,6.269489121889411e-08
140,-1.413050421127247,-6.847488765054727,-8.354099266992566,-12.019321263341595,-11.608820441902388,-16.41448984467817,-17.259278562630623,-11.54082879979098,-12.610892357586494,20.695267217952704,0.0059580027530949,0.000567003932741,0.5735218659249582,74937.03809755099,1576099.10615144,0.0843090749476147,0.9632884575094812,0.0005669595845520553,0.0005669381293625267,4.434818894462431e-08,6.580337847327759e-08
141,-1.355716867075324,-7.455671363360076,-6.334339087990109,-12.07323315438182,-12.44724028835229,-14.640179891890137,-11.938600714920709,-14.145063594139897,-12.945546870957816,20.44518296674793,0.0059579999682804,0.000554589273553,0.5863599261763641,74937.0030714259,1541590.1157907252,0.0843090749476147,0.966030524375206,0.000554635304254018,0.0005546447301639927,-4.603070101797356e-08,-5.545661099272143e-08
142,-1.0237274433307626,-6.065253413311593,-6.1797931902596055,-14.373911886810651,-11.95378629053542,-16.36066007204448,-14.627592285686616,-10.726830069971252,-12.431737552001946,20.51912583860862,0.0059580004662871,0.0005679737213868,0.5725422744501285,74937.00933512708,1578794.8246985343,0.0843090749476147,0.9617781857613108,0.0005677614394118209,0.0005677741769316032,2.1228197497904187e-07,1.995444551967365e-07
143,-1.4688330715731577,-7.062825527645583,-6.191887747951956,-10.409589413362095,-13.45051507498228,-15.295709801136397,-14.116142459545582,-15.810782538195896,-9.52980043155292,20.34853160791901,0.0059580003733467,0.0005692331149058,0.5712755462504401,74937.008166165,1582295.5570302566,0.0843090749476147,0.9671478531516,0.000569077059411433,0.0005690847833327216,1.5605549436698528e-07,1.4833157307840052e-07
144,-1.103636998565061,-7.337250758821258,-8.56626098829333,-12.26222069024128,-13.230896604506569,-15.630722213177568,-16.412183206534163,-11.207712729327213,-11.031670763411388,20.70868253400039,0.0059580012201584,0.0005728528508502,0.5676658979837074,74937.01881697564,1592357.3260181425,0.0843090749476147,0.961625121399769,0.0005727376443513382,0.0005727522049828418,1.1520649886181435e-07,1.0064586735813313e-07
145,-1.3390012813829892,-6.9172594913095855,-7.0307882405240525,-13.28709106887746,-15.287202134655498,-14.41983612326656,-13.444963153305851,-14.65795959503659,-13.505201616728424,21.388980346257163,0.0059580005637188,0.0005543942424587,0.5865662904529674,74937.0105605783,1541047.9884514543,0.0843090749476147,0.9654087136317772,0.0005546870905848248,0.0005547021875928687,-2.928481261248216e-07,-3.0794513416869135e-07
146,-1.0176841661954676,-6.259892767973529,-7.812962124651031,-9.966579862696095,-13.43522010945617,-12.665114280882026,-12.84184209356799,-13.90640850066534,-13.78851062323734,20.16805400545948,0.0059580006395239,0.0005532072291755,0.5878248932833673,74937.01151402017,1537748.4512408206,0.0843090749476147,0.9675545379298104,0.0005533138577205763,0.0005533101707447533,-1.0662854507627242e-07,-1.0294156925331772e-07
147,-1.2206614813318335,-8.210214503815104,-7.861313004708969,-9.926995535119898,-11.926348766371888,-15.871452700024127,-17.165023553378795,-13.774109599642545,-12.93061258815032,20.581349016558622,0.0059580020885448,0.0005663962217092,0.5741371263109282,74937.02973914372,1574409.8536458309,0.0843090749476147,0.9668779332335126,0.0005665380852307781,0.0005665369808541374,-1.4186352157807922e-07,-1.4075914493737792e-07
148,-1.2316695158292734,-7.240897018197044,-8.96392420564759,-10.518181459651268,-15.37739543721484,-12.141671287767895,-16.2921602755195,-15.467165756864926,-12.094542158101348,21.19770356601501,0.005958000149103,0.0005626661522039,0.577942957878347,74937.0053457305,1564041.3907944683,0.0843090749476147,0.9668142050854645,0.0005626793791827521,0.000562662866978293,-1.3226978852151107e-08,3.2852256069606373e-09
149,-1.246859976029243,-6.1140357898391535,-6.923516787146929,-10.358823436040604,-11.289135054708227,-12.67725744808653,-17.081572677890296,-11.081068584792224,-10.481332544181653,19.55386572874672,0.0059580031215346,0.0005703463449046,0.5701608970793584,74937.04273161768,1585389.9990696788,0.0843090749476147,0.963648913915447,0.0005705175373472033,0.0005705376715084549,-1.7119244260328445e-07,-1.9132660385493515e-07
150,-1.237825496873951,-6.829877578390599,-8.169063619303424,-13.747975896411903,-15.50297290546822,-15.667918190424574,-14.167006874416645,-13.731742514932606,-10.35717231789131,21.41281247989082,0.0059580006007258,0.0005704690468986,0.5700378995935899,74937.0110260351,1585731.073429126,0.0843090749476147,0.9621719314308448,0.0005704121570761807,0.0005704187124143397,5.6889822419321084e-08,5.033448426030457e-08
151,-1.0845635086373706,-5.900575777300313,-8.352075146056013,-11.276300377647472,-15.20540164390666,-11.843289274327477,-15.301769653906026,-12.03962410388676,-10.29868729157003,20.372935719769146,0.0059580022331296,0.0005694411215953,0.5710671368650794,74937.03155766499,1582873.7525921222,0.0843090749476147,0.9625259594715904,0.0005692471698257797,0.0005692437611068972,1.9395176952029594e-07,1.9736048840275806e-07
152,-1.0470161943582368,-7.631687653052669,-8.81762712875594,-11.494438225502078,-15.292291784887526,-15.072684391599864,-11.910466883606851,-14.895445821703536,-13.257521134404612,21.16309439981195,0.0059580010866178,0.0005561491764811,0.5847154519133521,74937.01713736322,1545926.173212395,0.0843090749476147,0.9655703547058936,0.0005561804831900009,0.000556183386409042,-3.130670890095274e-08,-3.420992794210195e-08
153,-1.247020364678541,-5.86085573266282,-7.478574764186346,-11.379159879895452,-14.942021123443451,-14.215357922151243,-12.413337400330985,-15.705573141139206,-11.404898839776251,20.77887663960152,0.0059580004723857,0.0005582986656658,0.5824641661684612,74937.00941183197,1551901.1017571045,0.0843090749476147,0.9665959522404708,0.0005583708198631053,0.0005583817778916616,-7.215419730536438e-08,-8.311222586163906e-08
154,-1.0794163666353382,-6.179092122800949,-7.087950403599978,-10.940694758603364,-13.530264086094189,-15.760714996171226,-16.142957171378633,-12.993970987868565,-11.343692918226337,20.42185005260549,0.0059580008021227,0.0005646244288051,0.5759385835534039,74937.01355911391,1569484.8063028946,0.0843090749476147,0.9648827857625506,0.0005645305768672413,0.000564525040465476,9.385193785874709e-08,9.938833962406211e-08
155,-1.0264856260628927,-5.674000660224175,-6.917360931556564,-14.5088914334219,-14.352445216996408,-14.518890304899546,-16.43200264277865,-14.282557936250518,-12.776119827627952,21.623966793055093,0.0059580002938815,0.0005583930837651,0.5823656517432401,74937.00716668785,1552163.555460455,0.0843090749476147,0.964729430967042,0.0005585351073046055,0.0005585402524701464,-1.4202353950548176e-07,-1.471687050463898e-07
156,-1.4236403163870597,-7.425189648025249,-6.292788269204545,-12.292121596840468,-11.409603486444508,-14.754736096398528,-14.906776049669771,-14.060557506128394,-12.664514504625688,20.624352290610503,0.0059580009894907,0.000557620650039,0.5831724651567602,74937.01591574353,1550016.42378284,0.0843090749476147,0.9661759670742596,0.0005576736606818027,0.0005576824504995462,-5.301064280268698e-08,-6.180046054613843e-08
157,-0.9992985834189516,-7.918318749938766,-6.765853989763455,-10.994202886552117,-11.176722040876916,-13.12264566885482,-14.562008335926429,-10.89521636950657,-9.252536955707688,19.4677097864386,0.0059580023280968,0.0005731880901171,0.5673340467197501,74937.03275211895,1593289.1895880168,0.0843090749476147,0.9620218544473624,0.0005732528874846039,0.0005732928999708293,-6.479736750397876e-08,-1.0480985372933634e-07
158,-1.3615960720584144,-5.680726947747966,-9.000182415464794,-14.56446781896438,-11.499227265719082,-16.420687883355566,-12.719509779935176,-11.433060773172834,-12.961610758295786,20.881515937357445,0.0059580008633211,0.0005669172064111,0.573609329719654,74937.01432884004,1575858.033236109,0.0843090749476147,0.9612812065722062,0.0005669439584857002,0.0005669451074309134,-2.67520746001634e-08,-2.790101981333011e-08
159,-1.2581562753490438,-7.85294055999137,-6.884704184128832,-10.47129702189896,-16.583274232019882,-13.320233790286402,-12.328206100464731,-10.751257632437309,-13.730840574323654,20.07608267601936,0.0059580022401838,0.000566949944376,0.5735764060407715,74937.03164638925,1575949.0348575586,0.0843090749476147,0.9631894412139024,0.0005674188191922705,0.0005674395622395506,-4.6887481627052707e-07,-4.896178635505804e-07
160,-1.414650606368114,-8.167495035319165,-8.324594805385438,-14.499408374888745,-16.543924352036,-12.970952055213576,-17.41002394355206,-12.58735150709953,-9.4552475432788,21.75030041903336,0.0059580001123181,0.0005882444329737,0.5528126048677389,74937.00488306634,1635141.260002317,0.0843090749476147,0.960490674236304,0.0005880626611587166,0.0005880523602167863,1.817718149833749e-07,1.9207275691365388e-07
161,-1.2546581446671043,-5.868808469995388,-6.785848860378128,-10.712546421342395,-15.953480006384169,-16.176973166475495,-12.24402870069,-13.336058257852953,-13.175839775980409,20.42196638296229,0.0059580007861568,0.0005602445869977,0.5804411144803858,74937.01335830212,1557310.1733608986,0.0843090749476147,0.9656195352730692,0.0005604323327827947,0.0005604135226114039,-1.8774578509472145e-07,-1.6893561370385102e-07
162,-1.049977659343896,-7.20112601356722,-7.8902005679852945,-10.588554417968105,-15.397981374582333,-15.349795433241937,-16.58938812853469,-12.9814764524489,-10.031307035601056,20.655520941537343,0.0059580001736839,0.0005750392256544,0.5655074085513465,74937.00565489786,1598434.7854071236,0.0843090749476147,0.963642885341078,0.0005747367921437326,0.0005747399936907389,3.0243351066734387e-07,2.9923196366110714e-07
163,-0.9886606406383488,-5.639257363892389,-6.280440492191916,-13.067634977429664,-13.198901670851962,-13.818016921603776,-13.532144707536728,-13.898736332961969,-13.34559994741766,20.719611366903464,0.0059580005966645,0.0005522872705005,0.5888040415091158,74937.010974954,1535191.2449119715,0.0843090749476147,0.9658848390571112,0.0005524172856148369,0.0005524175924432157,-1.3001511433696072e-07,-1.3032194271574583e-07
164,-1.3665862468182548,-7.700068338050642,-6.343200011531085,-11.211173574138906,-12.970299875178354,-14.395400132728586,-14.843891140700098,-14.49497161093901,-11.836968843703987,20.548190529701944,0.0059580009885171,0.0005600127989038,0.5806813873939765,74937.01590349793,1556665.872701799,0.0843090749476147,0.9664879506460238,0.0005600914188790933,0.0005600847138433837,-7.861997529325267e-08,-7.191493958365672e-08
165,-1.0547094202023772,-5.684724771960605,-7.500389201408808,-10.036790528054429,-13.043439883782847,-12.973403126431087,-12.251845061536432,-14.700121834918669,-10.312366500654528,19.896958043400872,0.0059580022978965,0.0005595431999302,0.581168918263569,74937.03237227396,1555360.5298641268,0.0843090749476147,0.9663361761570952,0.0005596420381554778,0.0005596282979447171,-9.88382252777335e-08,-8.50980145171128e-08
166,-1.2944645050316392,-6.627050053619147,-8.200755011699783,-12.186724985767828,-15.313021864550974,-12.94448435606568,-15.12185757470041,-11.24547120504632,-12.01469804120942,20.672160597361334,0.005958001543182,0.0005670661162329,0.5734587998251334,74937.02287981924,1576271.957414674,0.0843090749476147,0.9619453250894104,0.000567006908796735,0.0005670028113893836,5.920743616498643e-08,6.330484351644e-08
167,-1.0788153297864231,-8.12093928382148,-6.844522043169755,-10.424958731643892,-13.528345314093922,-15.584794710527715,-13.517619126814,-14.385255949581015,-11.986153098339546,20.430910936044544,0.0059580024433781,0.0005604999044982,0.5801769554750631,74937.03420207433,1558019.8786398736,0.0843090749476147,0.9663998340254468,0.0005603938167241685,0.0005604020060865847,1.060877740314669e-07,9.789841161529384e-08
168,-1.0146085701148084,-7.563582099407895,-8.68896273566915,-9.995439335539997,-14.655009669986898,-12.075042780959835,-14.79504101440555,-14.924266249646648,-12.657356742426122,20.77273151151116,0.0059580000762928,0.000559074583239,0.5816557291117503,74937.00442995671,1554057.917473873,0.0843090749476147,0.9670431766437873,0.000559140253144959,0.0005591767809055539,-6.566990595898662e-08,-1.021976665538946e-07
169,-1.166440198945765,-7.302813694101468,-6.110836346836492,-10.759993288648616,-11.492444699232978,-16.97573297484602,-15.983046297724671,-13.815641840833152,-12.841570057743183,20.36840262656167,0.0059580025305627,0.0005629035218839,0.5776995926145416,74937.03529864269,1564701.2065716546,0.0843090749476147,0.9672167201262144,0.0005629950605665872,0.0005630029612563989,-9.15386826871303e-08,-9.943937249881976e-08
170,-1.1917542302730904,-6.190590658839051,-8.226968987770459,-12.077579149157993,-12.21750440342318,-16.91909370280511,-13.003839028764467,-12.8017492045172,-13.681028888314891,20.628195627266148,0.0059580019923361,0.000555608973042,0.585284088247235,74937.02852907473,1544424.5713567452,0.0843090749476147,0.9646541797796888,0.0005555792344121292,0.0005555754532302384,2.9738629870831347e-08,3.351981176164583e-08
171,-1.3562738499681724,-7.327041423020471,-7.082070163372933,-11.045111419645414,-14.88811496938856,-14.474510445764096,-17.305824927845403,-14.387334693940431,-12.343674668121304,21.042449441050785,0.0059580011361724,0.0005640414276353,0.576533930278383,74937.01776063854,1567864.2397256223,0.0843090749476147,0.9663837228892892,0.0005642212052515521,0.0005642075197074039,-1.7977761625209698e-07,-1.6609207210385897e-07
172,-1.04684026719576,-8.298231856573201,-8.82348498165596,-13.726681202086702,-13.218399679347051,-15.410831030318947,-12.192939247025365,-15.162156047587333,-9.710029095631231,21.33833506145199,0.0059580003420581,0.0005686526591546,0.5718586748253176,74937.00777263189,1580682.0659452942,0.0843090749476147,0.9628137412268056,0.0005687329661160132,0.0005687424560235204,-8.030696141316917e-08,-8.979686892034242e-08
173,-1.2755872063059397,-8.092550289236224,-8.00164642974157,-10.84438388960345,-11.328488665385198,-17.291937198511476,-14.3065841680178,-14.669854730493125,-9.376939007698915,20.46983407695943,0.0059580045540604,0.0005717994446595,0.5687121664341221,74937.06074927338,1589429.1760358298,0.0843090749476147,0.964911122890387,0.0005719903288918577,0.0005720057402525972,-1.9088423235775424e-07,-2.0629559309719072e-07
174,-1.446356491235786,-6.258562339802138,-7.387266633171336,-10.707447109204214,-13.623878483959428,-12.342871462658298,-14.582649501646957,-13.408009431927812,-11.204360142199468,20.207862086864942,0.005958001072292,0.0005599976140573,0.5806971453475316,74937.0169571795,1556623.663430259,0.0843090749476147,0.965107132145014,0.0005600790465174867,0.0005600879542035656,-8.143246018666762e-08,-9.03401462655452e-08
175,-1.2265759638841045,-8.005764032944285,-7.263879436160057,-14.707600956897831,-15.630663726337364,-13.928552003645231,-13.922594106442835,-14.015328658428324,-12.972249911337505,21.75857232903904,0.0059580003135347,0.0005603696005665,0.5803115540815631,74937.00741387653,1557657.6731976476,0.0843090749476147,0.9631852717012306,0.0005606342705618638,0.0005606502424655338,-2.6466999536380476e-07,-2.806418990337813e-07
176,-1.026859393705862,-6.08452144894067,-6.247205320690711,-14.150617215807644,-15.620809678701688,-17.29633180813044,-13.02377263860071,-14.177860386713784,-11.385616595741087,21.293975145394302,0.0059580004370519,0.0005663630717449,0.5741704925699408,74937.0089674202,1574317.706791057,0.0843090749476147,0.9634770065577354,0.0005663108052666438,0.0005662886395266798,5.226647825618772e-08,7.443221822017124e-08
177,-1.3029651496519554,-8.100448694663765,-6.899838475583952,-12.089555794401246,-16.274382083369705,-14.592100721924202,-11.99990916100495,-14.61519297570958,-10.08768337510292,20.88048434572076,0.0059580006181285,0.0005696608613814,0.5708466225210506,74937.01124491902,1583484.562606694,0.0843090749476147,0.9636674399145364,0.0005695998374542767,0.0005695959096461004,6.102392712328819e-08,6.49517352995432e-08
178,-1.197627108383693,-7.5301567645234515,-6.680528895480597,-14.059714045268686,-16.101189188743465,-16.290386645902366,-15.175635899348167,-14.356091072884972,-13.482922127430786,21.851310560673483,0.0059580000036826,0.0005596414682291,0.5810665343047478,74937.00351669885,1555633.685955549,0.0843090749476147,0.9645771920193932,0.00055948134652186,0.0005594938300924406,1.6012170723990644e-07,1.476381366593291e-07
179,-1.110610716319156,-6.736943376583187,-8.611236648684837,-14.511932232187736,-12.905553078654556,-16.37839468707945,-13.98930575475751,-11.49570184116616,-9.678981979924838,20.9256921342777,0.0059580002772311,0.0005819423233502,0.5587992791459299,74937.00695726655,1617623.305062568,0.0843090749476147,0.959826107318235,0.0005818774403666939,0.0005818844653337155,6.488298350611384e-08,5.7858016484497836e-08
180,-1.4267448446072637,-6.407899957984462,-8.432565530109564,-13.87852276070397,-11.846806052917104,-14.68699244369168,-13.823505524027755,-15.475664365319274,-11.693288881912602,21.362169940316868,0.0059580006264575,0.0005586435864526,0.5821045605282493,74937.01134967663,1552859.8770183376,0.0843090749476147,0.9650313893730248,0.0005586728980435864,0.0005586643353579369,-2.9311590986434016e-08,-2.074890533693141e-08
181,-1.0573591675261322,-6.895447367011627,-7.822271870156451,-12.335399933752534,-13.70969791421468,-16.59653904906382,-17.488335419995714,-13.781298528150057,-12.928749640403012,21.356730531078984,0.0059580007177738,0.0005615640020733,0.579077336972062,74937.01249821181,1560977.7474310133,0.0843090749476147,0.9652294810133196,0.0005614735665511101,0.0005614650406974171,9.043552218993434e-08,9.896137588289843e-08
182,-1.1034108720015812,-8.32563630740228,-8.293826510657409,-14.221376363473864,-15.48647684064919,-15.88050083292574,-13.80846093547192,-13.710584855624578,-9.58162369802577,21.561415764647737,0.0059580002901947,0.0005775902364012,0.5630097798746169,74937.00712031756,1605525.82221596,0.0843090749476147,0.9611781888193088,0.0005775422591704856,0.0005775596756234771,4.797723071440791e-08,3.0560777722907564e-08
183,-1.1316604853944032,-6.867861362453346,-8.718143932877538,-10.176641536353689,-16.704213429159076,-11.75998962554212,-12.822192554295492,-15.60626450621162,-12.259665688327267,20.89072659054017,0.0059580001315016,0.0005608307717225,0.5798343373045515,74937.00512434736,1558939.5892563262,0.0843090749476147,0.9668241946360244,0.0005608762305573352,0.000560886429241545,-4.545883483520179e-08,-5.565751904496041e-08
184,-1.4720138308701158,-5.808669201218597,-6.157692924437617,-12.407467096255374,-13.497472286689604,-11.763036164931837,-15.046953771088102,-13.059931627691792,-12.96372470993576,20.48287001490237,0.0059580005838293,0.0005555712669678,0.5853236033402586,74937.01081351921,1544319.7598972511,0.0843090749476147,0.9653996237917488,0.0005556184281932264,0.0005556294899862798,-4.716122542643662e-08,-5.822301847981451e-08
185,-1.123291273610738,-8.002740259444408,-8.98896918007883,-11.26575673852344,-13.516675493097855,-17.05862743348363,-11.899562951779483,-14.44135686678561,-9.60921000985531,20.699227954002616,0.0059580035648534,0.0005694015278069,0.5711070379524414,74937.04830747878,1582763.6938588144,0.0843090749476147,0.9634069100351472,0.0005693816283261189,0.0005694069423898885,1.989948078117299e-08,-5.414582988460918e-09
186,-1.1881433452915329,-8.146324642771162,-6.068893134298548,-13.728384823891966,-13.172930376828075,-15.372793762661054,-12.479368760167503,-14.345126312572969,-9.536095074494575,20.80200949827583,0.0059580003654943,0.0005689674659348,0.5715422717263403,74937.00806740124,1581557.133394164,0.0843090749476147,0.9631400228835054,0.0005690456888565965,0.0005690361028066647,-7.822292179640068e-08,-6.863687186469368e-08
187,-1.0427400862352116,-7.494058284973792,-7.484080216448071,-14.764279820188747,-12.13024417865084,-12.084614352550908,-12.392255752025513,-12.940806135691783,-11.255623511581907,20.81528053453399,0.0059580005760332,0.0005668947939895,0.5736319661134313,74937.01071546377,1575795.7334959402,0.0843090749476147,0.9617911808755062,0.0005666072219791242,0.0005666025238017072,2.8757201037577125e-07,2.9227018779275603e-07
188,-1.3171548122995078,-7.158354274397863,-8.347457321210513,-13.32936210109434,-15.480384712059356,-15.69727384216952,-15.706728116958292,-12.381037393247029,-11.5458002536258,21.367410943506627,0.0059580004886686,0.000570077025622,0.5704298778718537,74937.00961663123,1584641.3730795446,0.0843090749476147,0.9618527007827756,0.0005699291843989075,0.0005699352580698766,1.4784122309241619e-07,1.4176755212336536e-07
189,-1.347894694363156,-7.762818713365477,-7.682599805328459,-13.04783203353322,-13.614329622292042,-13.585298221227305,-14.547809186248896,-13.167585647917097,-11.76891107799224,20.98457692761402,0.0059580008031296,0.0005611734359177,0.5794803763587327,74937.01357177852,1559892.0918768842,0.0843090749476147,0.9631896273634194,0.0005613176702423411,0.0005613209767367074,-1.4423432464106146e-07,-1.4754081900734527e-07
190,-1.2713241095751773,-8.232060758639891,-7.329311546906236,-13.129220613861966,-15.241958720946256,-16.86920110461138,-11.79933848525009,-13.709191423077552,-11.682353318014211,21.139950815811428,0.005958000671605,0.0005659052133973,0.5746350720607848,74937.01191752155,1573044.999335731,0.0843090749476147,0.9628035529726886,0.0005658905257242274,0.0005658733636934504,1.468767307256924e-08,3.184970384954508e-08
191,-1.204117797041257,-5.795391599728916,-6.127641647466474,-13.458742318695966,-15.136892081157164,-16.478115858098125,-16.19353027368182,-11.031520797898168,-13.491014505767303,20.91875152657024,0.0059580000945301,0.0005671723503999,0.5733511790649765,74937.00465933768,1576567.2562052435,0.0843090749476147,0.962846869276026,0.000567061211568896,0.0005670605096956589,1.111388310039976e-07,1.1184070424104502e-07
192,-1.293426080470635,-6.094602084472189,-6.372081759362986,-12.198618436992152,-15.335571102784671,-14.757772298676,-15.950680992233762,-15.270679448332338,-9.521689730533394,21.01417370540783,0.0059580004019635,0.000571209104205,0.5692993312092103,74937.00852609369,1587788.2084712584,0.0843090749476147,0.9654139064512616,0.0005711858865703698,0.0005711706521041676,2.32176346301894e-08,3.845210083241318e-08
193,-1.129885599637911,-6.228944632112098,-6.984128844804109,-12.695925675414326,-14.948558179633912,-15.742574500460766,-16.641223031354563,-13.389409619464452,-9.346937121892974,20.96467264286754,0.0059580003233605,0.0005763055035578,0.5642648778498761,74937.00753746125,1601954.6542412988,0.0843090749476147,0.9631084432341582,0.0005760980070195531,0.0005761039396579728,2.0749653824694066e-07,2.0156389982724406e-07
194,-1.064495117498446,-5.806750622100218,-6.351705373234459,-11.081026878365195,-12.962055320699086,-14.629258556365809,-16.163267030597233,-12.341234444563344,-10.038661788814224,19.997497529219785,0.0059580000808624,0.0005686884391403,0.5718226577762788,74937.00448743138,1580781.5234627146,0.0843090749476147,0.96405059436888,0.0005685894613105483,0.0005686004022162664,9.897782975165637e-08,8.803692403357675e-08
195,-1.333749022701783,-7.526947068408662,-8.685885818872773,-11.175390344635574,-15.793017544523346,-13.095172436078885,-16.521729579154666,-15.253423026260018,-12.52660399630634,21.459152187952945,0.0059580003268509,0.0005612864656484,0.579363613336635,74937.00758136174,1560206.2802753386,0.0843090749476147,0.9663303290186278,0.0005613437342035344,0.000561349949698417,-5.726855513443242e-08,-6.348405001699049e-08
196,-1.306894337887016,-8.090972592056131,-7.487482076911867,-9.985970144938443,-11.45567425024812,-16.569329951207862,-13.45200119680673,-13.010479078511551,-13.515007003199404,20.10619858608687,0.0059580022911919,0.0005595841905939,0.5811263454944009,74937.03228794596,1555474.4714871766,0.0843090749476147,0.9663607604047156,0.0005597284257633114,0.0005597454542609441,-1.442351694113872e-07,-1.6126366704407712e-07
197,-0.9960835472150048,-6.061211398520653,-6.985712571772915,-12.67622292247792,-12.914385527321691,-17.02160076578126,-16.348787980472025,-10.63332446142006,-9.470551097617877,20.275433744809813,0.0059580008231808,0.0005818486261652,0.5588893414305168,74937.0138239727,1617362.855282402,0.0843090749476147,0.9610799899071216,0.0005819799081880984,0.0005819864045260556,-1.3128202289841833e-07,-1.3777836085557531e-07
198,-1.229479015067301,-7.495034023733704,-8.476747541640842,-10.98091049174359,-14.657763330991996,-13.399040124448192,-11.819911674551346,-11.917408045237458,-10.409332114978548,20.110381424396884,0.0059580026438231,0.0005690892558254,0.5714202846347174,74937.03672318113,1581895.6723823464,0.0843090749476147,0.9617922578997492,0.0005688578704178441,0.0005688563150567612,2.313854075558638e-07,2.3294076863873865e-07
199,-1.2106301331302087,-7.784310022975594,-8.083685469998544,-10.581089913274877,-15.923188601212129,-15.818952684122872,-12.159301290482992,-11.48156524592068,-13.21755955613191,20.38738491208453,0.0059580013425056,0.0005664050312536,0.5741280886705437,74937.02035580388,1574434.341509598,0.0843090749476147,0.9629624288746392,0.0005664714577563118,0.0005665173286586068,-6.642650271179197e-08,-1.1229740500679191e-07
200,-1.2298296857047293,-7.368985971575673,-7.361224374601918,-11.46057719765815,-12.95108251355389,-14.86780392969756,-16.172981156275988,-14.075303313946318,-11.034530282670506,20.74238450677466,0.0059580013738401,0.0005643943711053,0.5761734298226979,74937.02074991392,1568845.3156148707,0.0843090749476147,0.9652100310469776,0.0005644289090932476,0.0005644180977259374,-3.453798794758687e-08,-2.3726620637393864e-08
201,-0.9880861425056424,-5.9853112236392825,-6.117264780965002,-13.38170304495988,-16.53193320399359,-12.868252679673205,-17.376659989731788,-12.538539654543971,-12.614140780803703,21.19768164978609,0.0059580004090715,0.0005671010745177,0.573423285898382,74937.00861549497,1576369.1308524008,0.0843090749476147,0.9637116127399626,0.0005670813929214326,0.0005671046319253232,1.9681596267464782e-08,-3.5574076231439586e-09
202,-1.214523331024976,-6.344403980891489,-6.684712499349806,-13.37688497858535,-13.915568929070634,-16.27020797724026,-14.803207547801218,-11.647047513248886,-12.087586878761677,20.749794659104,0.0059580003354214,0.0005657083422951,0.5748350010844803,74937.00768915816,1572497.7573319774,0.0843090749476147,0.962392929363372,0.0005657303171675726,0.0005657286234534638,-2.1974872472575215e-08,-2.028115836383293e-08
203,-1.151894801779454,-6.873283888828795,-7.222114803441979,-10.817344777076087,-16.50364589721625,-15.714669771224594,-16.04015059414036,-14.433069684885684,-9.2747860811086,20.86415792557288,0.0059580002744588,0.0005779163578842,0.562692068028972,74937.00692239788,1606432.3411098337,0.0843090749476147,0.9645842350541688,0.0005779909438908779,0.0005779952749216757,-7.458600667794267e-08,-7.891703747572257e-08
204,-1.208470471530945,-6.975466828868028,-7.125948155975942,-12.467246751720694,-12.272670613568035,-15.991672165979807,-15.91897145899882,-14.987852658564208,-10.152418931338175,20.96052083382563,0.0059579996675559,0.0005671898389499,0.573333438907153,74936.99928905087,1576615.8690743472,0.0843090749476147,0.9652842537253497,0.0005671084066086782,0.0005671060180447912,8.143234122171689e-08,8.382090510876058e-08
205,-1.0666561397597976,-6.355848132251435,-7.706994171753248,-10.185621662113714,-11.634413631656797,-13.836077250591384,-13.323653889593707,-15.705204441391778,-10.60108493949918,20.17641549114553,0.0059580027410314,0.0005618972935279,0.5787341499067946,74937.0379458226,1561904.19667282,0.0843090749476147,0.9676331790154296,0.0005620344702539989,0.0005620350508838795,-1.371767260989129e-07,-1.3775735597945996e-07
206,-1.1010041532475534,-6.334790776276856,-8.220724606970162,-13.343958278733266,-12.991409884829832,-13.800416662672196,-16.008565289043098,-14.880360553474189,-11.17743901423974,21.3366936693144,0.0059580003608646,0.0005617138845949,0.578922769328078,74937.00800917132,1561394.375420123,0.0843090749476147,0.9647594158307145,0.0005616623050927782,0.0005616586340230793,5.1579502121788974e-08,5.525057182066955e-08
207,-1.4275010336270846,-5.928680367083671,-9.02963550162904,-12.928688624261502,-13.355218207445809,-11.66190969814994,-11.78525440886633,-13.651422899461105,-10.260277639600313,20.599053781870804,0.0059580011480959,0.000564756185724,0.5758042679492927,74937.01791060712,1569851.050609156,0.0843090749476147,0.9624990011714069,0.0005648535927612875,0.0005648896475768033,-9.740703728745685e-08,-1.3346185280332327e-07
208,-1.0721975862149151,-6.018788803931109,-8.645535715344252,-11.58660434564238,-12.451776363428994,-12.925607485596643,-13.302304552851393,-13.749920453482314,-9.803611560797703,20.299164304487835,0.0059580032302267,0.0005633561676748,0.5772355238384596,74937.04409869717,1565959.424698804,0.0843090749476147,0.9637646648896008,0.000563369195161214,0.0005633657474050055,-1.302748641395738e-08,-9.579730205497641e-09
209,-1.085348462790972,-7.450909155095229,-8.53038965792512,-11.104622167411724,-16.547530335836015,-16.514387256714055,-12.298367876764951,-11.754760452268844,-12.43726265648452,20.654654815242147,0.0059580018332127,0.0005698944809529,0.570612787191097,74937.02652769264,1584133.95421852,0.0843090749476147,0.9621709356516188,0.0005703065820426117,0.0005703817501965615,-4.1210108971167017e-07,-4.872692436614073e-07
210,-1.3839066208888593,-8.041161202293551,-7.549299748022491,-10.7799038683184,-13.160281927467487,-11.820467683029865,-12.145690284804443,-14.134165375120352,-13.147826449378735,20.33654920225897,0.0059580031930922,0.0005553300900486,0.5855781909579232,74937.04363163673,1543649.3611488864,0.0843090749476147,0.9663619983317452,0.0005552714390872454,0.000555294882920956,5.8650961354636023e-08,3.520712764403834e-08
211,-1.389464055475492,-5.733186521493431,-6.469611835386738,-12.888512255348216,-14.200166015743054,-16.21052153407814,-12.739000525262623,-14.739846081947263,-12.673149377592184,20.964626502898856,0.0059580006572463,0.000555655494094,0.5852348898931208,74937.01173692483,1544553.8857834623,0.0843090749476147,0.965858619366576,0.0005556949156195784,0.0005556806719499071,-3.942152557840327e-08,-2.517785590704525e-08
212,-1.2002475140073423,-6.740800927853354,-8.136404932758847,-12.016176516519446,-16.324173247168492,-14.047152976708714,-12.19017671028968,-10.62452912801605,-10.403065133427427,20.275295306914742,0.0059580008808014,0.0005800337466005,0.560638069962354,74937.01454869923,1612318.0400800596,0.0843090749476147,0.9601002011668152,0.0005802187804436783,0.0005802122365419193,-1.8503384317824535e-07,-1.7848994141923293e-07
213,-1.4570094770535522,-7.017246915163746,-8.375916701267755,-11.96265115231397,-16.474024084878362,-15.535338036540992,-15.172385515410172,-11.764375366794887,-12.387017968361745,21.045229419369143,0.0059580008445923,0.0005693033615976,0.5712051239783603,74937.0140932768,1582490.8215457865,0.0843090749476147,0.9622536313541676,0.0005691786966278976,0.000569156627503149,1.246649697024581e-07,1.467340944510476e-07
214,-1.0319023049382727,-7.14369160097116,-8.351572972943947,-13.497300337101043,-12.683449158091053,-12.390809203109828,-16.342312786912334,-13.10819245795666,-12.804205715473485,21.20482383151528,0.0059580012762471,0.0005599240086932,0.5807735112865919,74937.01952243372,1556419.0628235058,0.0843090749476147,0.9637171567943328,0.0005597551590540812,0.0005597598007242855,1.6884963911876095e-07,1.642079689144222e-07
215,-1.228610644273417,-7.655445704630708,-8.042407951709158,-14.191234770927618,-11.287619498211242,-16.575914067875512,-16.267712706839053,-15.498939772049342,-10.694336923388114,21.641298871664738,0.0059580006670605,0.0005681692955369,0.5723452239719882,74937.01186036345,1579338.4615684,0.0843090749476147,0.9646181149252702,0.0005681848942608357,0.0005681987010552215,-1.559872393579187e-08,-2.9405518321527768e-08
216,-1.0069032882332516,-6.130080181286942,-6.624318763431552,-13.24227654811586,-12.8388586344676,-15.190486176027331,-17.290290472075455,-14.576532776042304,-11.502706334057052,21.18815200632156,0.0059580003637886,0.0005634978008123,0.5770900213103707,74937.0080459473,1566353.1219001396,0.0843090749476147,0.9655348620151056,0.0005635205546447741,0.000563517075303418,-2.2753832474111703e-08,-1.9274491118068636e-08
217,-1.0092948062235,-6.661822407216219,-8.368625244051684,-10.26761604510145,-15.11658579635418,-16.582603141546123,-14.495295824351878,-11.36523181691836,-13.100254944382588,20.39538861199855,0.0059580008550523,0.0005650084697646,0.5755471209741889,74937.01422483832,1570552.323789063,0.0843090749476147,0.9635928835101067,0.0005650355830599723,0.0005650420464165645,-2.7113295372315632e-08,-3.357665196443774e-08
218,-1.327654669586852,-7.478678827693033,-7.608759596604373,-14.623759299059074,-14.779405899318002,-13.666375890781657,-15.30495792319394,-11.126582905004655,-9.989859683302674,21.04998096665711,0.0059580000940353,0.00058367394655,0.5571414275324021,74937.00465311414,1622436.6928006515,0.0843090749476147,0.9597621522730142,0.0005838357589497715,0.0005838441667149437,-1.618123997715196e-07,-1.7022016494375094e-07
219,-1.3575686731262242,-5.832710090212046,-7.785781491360274,-14.67198529274916,-16.470750628778518,-16.674863547641387,-15.93148571866378,-13.36502595216639,-11.26381809282772,21.83292201248297,0.005958000202119,0.0005734350747656,0.5670893863199669,74937.0060125418,1593975.7320638758,0.0843090749476147,0.9621004195009406,0.0005731089015722188,0.0005730788264926984,3.261731933812233e-07,3.562482729016622e-07
220,-1.4747624868115965,-6.803741975517536,-8.321883386646803,-11.522981774243997,-15.28442818790306,-13.003450735406858,-15.582936529455315,-12.288498146352808,-11.997295060620813,20.76882993866923,0.0059580015465934,0.0005639576382013,0.5766196478035481,74937.02292272603,1567631.3304907377,0.0843090749476147,0.9632105716791316,0.0005638899066649592,0.0005638906225617974,6.773153634080566e-08,6.701563950257602e-08
221,-1.268095452038821,-7.144777211529076,-8.513631210829052,-14.541486998007011,-13.28096882578608,-17.319558077710553,-16.878560018930678,-11.097749326199146,-10.752470819025902,21.32345346948156,0.0059580002478232,0.0005825074346905,0.5582571638039211,74937.00658738744,1619194.143335017,0.0843090749476147,0.9602297513496012,0.0005825184446907412,0.0005825091712125241,-1.1010000241259803e-08,-1.7365220241578536e-09
222,-1.1680450471786616,-7.883193232793237,-6.0832140799117465,-14.41081914779094,-14.143722629602898,-16.696903633235685,-13.500361995301844,-14.127392723137095,-13.432770607818265,21.470543858031853,0.0059580004215294,0.0005577606878077,0.5830259638493679,74937.00877218506,1550405.6863423144,0.0843090749476147,0.9644461565961638,0.0005578289300651624,0.0005578345655412331,-6.824225746234099e-08,-7.387773353305632e-08
223,-1.4223340420525592,-6.889872980245693,-9.056345581664711,-12.687022582045596,-12.345132894750428,-13.951910796364285,-15.204361961091273,-15.037136645488918,-13.748225309938912,21.43361652626669,0.0059580023757912,0.0005541405445032,0.5868351013621768,74937.03335199812,1540342.785016841,0.0843090749476147,0.966307199496196,0.0005539901206621952,0.0005539928118132433,1.5042384100480422e-07,1.47732689956704e-07
224,-1.1869848431861214,-5.668216850046575,-6.381886301445626,-10.37164701009162,-16.282719023416583,-16.002333986136456,-12.528422181784764,-11.543173893958064,-12.800700315799784,19.980872420663808,0.0059580005645972,0.0005657431556952,0.5747996613759875,74937.01057162699,1572594.5280343744,0.0843090749476147,0.9640460510168144,0.0005664406598200817,0.000566464953213891,-6.975041248817289e-07,-7.217975186910291e-07
225,-1.0551627905369592,-6.476568668763593,-6.148311409337508,-13.17096308346712,-15.717771921976489,-15.360664047545624,-16.39087617476804,-13.171615496814416,-12.177250058842889,21.198987071711507,0.005958000305272,0.0005653072183677,0.5752428812554314,74937.00730995316,1571382.7543719849,0.0843090749476147,0.964046600023018,0.0005650463583460196,0.0005650396403872619,2.6086002168047243e-07,2.675779804381167e-07
226,-1.0753629417056454,-6.028785561762051,-8.021728801868596,-14.79908018971362,-13.19725872147173,-13.643753092721855,-13.374278128926886,-13.145470354524813,-12.404868944293671,21.202086869453257,0.0059580003957142,0.0005608299277332,0.5798352484633575,74937.00844749389,1558937.243221972,0.0843090749476147,0.9625528854190922,0.0005607939822831794,0.0005608004780255668,3.594545002069075e-08,2.944970763324277e-08
227,-1.06594267070003,-7.054731251868514,-8.710848684844226,-14.200085003986956,-16.607004627262718,-12.683527509354462,-12.180962498928505,-11.290719146744038,-11.692354416616762,21.081839147002068,0.0059580002489542,0.0005790032692494,0.5616357726255681,74937.0066016129,1609453.6253233792,0.0843090749476147,0.9596919563099212,0.0005790613562421844,0.0005791068821403195,-5.808699278433277e-08,-1.036128909194349e-07
228,-1.2912365740075389,-6.526681520707028,-7.746824196708822,-11.849688996269736,-14.722165001951767,-13.35800408794397,-13.070492609481526,-13.524687389262075,-9.404737330049588,20.46878287364001,0.0059580010168097,0.0005681964144883,0.5723179574003487,74937.01625934921,1579413.8440351214,0.0843090749476147,0.962958814843528,0.0005682332922305324,0.0005682210578046744,-3.6877742232437234e-08,-2.464331637439931e-08
229,-0.985341316951155,-5.768152660542675,-6.798235034314283,-12.432695102301803,-15.38412279153926,-16.399232394057414,-13.55103376654622,-15.803176544738,-10.968574458116612,21.157339803741085,0.0059580002759747,0.0005625465578715,0.5780658438657228,74937.0069414642,1563708.9547928155,0.0843090749476147,0.9660446876138524,0.0005623464543203788,0.0005623194972031511,2.001035511212416e-07,2.2706066834892163e-07
230,-1.3267433891156657,-5.61434066508575,-8.013713503877392,-10.31576642814776,-11.99378113418767,-15.604561973551592,-15.693827830102656,-11.878043326082306,-9.663460454051318,19.837189417806343,0.0059580054298127,0.0005716096375686,0.5689011368308642,74937.07176408549,1588901.5698430806,0.0843090749476147,0.9633232219570216,0.0005714174009664049,0.0005713902666158673,1.9223660219507173e-07,2.193709527327026e-07
231,-1.393555444574785,-6.510604863782248,-8.882667702858333,-11.56665302414764,-14.116731011839216,-11.737823790311165,-16.731939552925667,-10.644972315898157,-13.713293221464458,20.596040919311903,0.0059580037853255,0.0005632720228936,0.5773218352492712,74937.0510804769,1565725.5277067097,0.0843090749476147,0.9629367921613136,0.0005632681509997163,0.0005632740142964815,3.87189388363629e-09,-1.9914028815716522e-09
232,-1.0514116431216172,-6.188512221767614,-7.154307478080767,-10.849919686290455,-16.24339352422704,-13.119660208854452,-13.3181402943486,-12.34557777508208,-11.422602379499706,20.23390977814748,0.0059580016262798,0.0005649176496384,0.5756397617384725,74937.02392498605,1570299.871360657,0.0843090749476147,0.9635137685381384,0.0005650772397297106,0.0005650735023589268,-1.5959009131056873e-07,-1.5585272052684018e-07
233,-1.0678163209305402,-6.835432313912815,-8.196043729130661,-11.877865978116027,-16.353214598344287,-13.297507971073491,-16.16601266616707,-11.292184596781528,-11.368989652568336,20.79051659871605,0.005958001231359,0.000573210381546,0.5673118271694714,74937.01895785211,1593351.1530052724,0.0843090749476147,0.961784034544088,0.0005732180429818902,0.0005732148318357698,-7.661435890218837e-09,-4.450289769835324e-09
234,-1.1809216716550976,-6.517122769647891,-7.090693515128673,-10.837735363855538,-16.145672536055695,-13.651802068808385,-12.93519202165219,-15.437681244745075,-11.129033826141653,20.72082505862648,0.0059580011085656,0.0005625830242165,0.5780284950957397,74937.01741341327,1563810.3201808794,0.0843090749476147,0.966383608163208,0.000562611001477117,0.0005626172017523419,-2.7977260617039444e-08,-3.41775358419236e-08
235,-1.185895542306037,-7.205575974292435,-7.2242577720054975,-12.03424225568157,-12.99910343825094,-12.633731091950413,-17.082446792815873,-11.797138608866144,-12.886932486886996,20.587940332655634,0.0059580008572695,0.0005620779293589,0.5785478868588354,74937.01425272482,1562406.3095424369,0.0843090749476147,0.9639482843225304,0.0005620810165830001,0.0005620846891061004,-3.0872241001686854e-09,-6.7597472004675765e-09
236,-1.4073482064270038,-6.882546816543283,-7.918127973275919,-13.913777376120445,-12.814317814067804,-15.45651158882727,-13.918163673958537,-12.21073749670419,-9.892743765993934,20.789804167301508,0.0059580003311076,0.0005737451053632,0.5667829706323727,74937.00763490166,1594837.5231722926,0.0843090749476147,0.961049248650672,0.0005737364248312689,0.0005737382004376248,8.680531931063926e-09,6.904925575214847e-09
237,-1.1395651407481489,-7.988156923825874,-6.728521935734754,-10.96760997199232,-14.927202170802344,-13.155352842297194,-17.49075736529926,-12.75847755448838,-11.755278862460768,20.659318008757296,0.0059580005392726,0.0005681768941226,0.5723375512272857,74937.01025310536,1579359.5833338534,0.0843090749476147,0.9645922540291436,0.0005682769390511679,0.0005682492784372267,-1.0004492856797564e-07,-7.238431462672137e-08
238,-1.423338417439064,-7.75691888178162,-6.78793824496536,-12.891707016475518,-12.642949743154922,-15.778720146828125,-14.12173389819471,-14.4246841320838,-10.465999003270918,20.87981125523515,0.0059580003053612,0.0005643025941114,0.5762669824470578,74937.00731107495,1568590.2033843815,0.0843090749476147,0.9642679432266814,0.0005642674084076464,0.0005642603668812302,3.5185703753598876e-08,4.222723016980394e-08
239,-1.1217026513897543,-7.291744119827942,-6.726959624787707,-14.269015228342695,-16.181815024109362,-15.48460343792778,-14.039869584534152,-11.236086235190054,-9.98350932819064,20.95043986758604,0.0059580000603902,0.0005863241153702,0.5546231589578857,74937.00422994143,1629803.3590042875,0.0843090749476147,0.9599158759748928,0.0005859423709584663,0.000585923748251412,3.8174441173367997e-07,4.0036711878796167e-07
240,-1.0420644081350885,-6.3828056406075255,-8.346791621949235,-14.300317953325136,-11.215724926772662,-16.46172288267982,-14.653704593923392,-12.142453428657005,-13.363097653291506,21.076872731177303,0.0059580013117754,0.0005615336301101,0.5791087444350045,74937.0199692924,1560893.3225773224,0.0843090749476147,0.962738026137431,0.0005615312337540871,0.0005615503014976152,2.3963560128207814e-09,-1.6671387515279634e-08
241,-1.3597522611575426,-6.31100770755782,-6.217711386278346,-11.71132000350102,-12.498267799912965,-15.401591285404823,-14.226854154963338,-11.778164563347104,-13.724853957757595,20.16595486044701,0.005958001123632,0.0005565018372873,0.58434491730143,74937.017602911,1546906.4633821016,0.0843090749476147,0.9649865448070092,0.0005564632358120021,0.0005564481544450289,3.860147529790095e-08,5.3682842271083817e-08
242,-1.4283996179641365,-7.84043833414119,-8.967530176426592,-11.923931617932244,-16.287919223231825,-15.711057077535337,-15.663485844279696,-12.512051397765187,-13.705294998430418,21.443314861028664,0.0059580006353197,0.0005633076180693,0.5772848967035098,74937.0114611413,1565824.4715083449,0.0843090749476147,0.9633416545424306,0.0005630625384273178,0.000563069864120187,2.4507964198219965e-07,2.377539491130393e-07
243,-1.1936551535533375,-6.9058338615808905,-6.76406563858361,-10.047879954774212,-12.389420724714869,-12.343600680345707,-15.774179157624292,-14.496688743295955,-11.085581922911045,20.11719124515917,0.0059580011044612,0.000564134026362,0.5764392915905309,74937.01736179007,1568121.6361243147,0.0843090749476147,0.9671512017641644,0.000564163134937596,0.0005641667379977909,-2.9108575596019544e-08,-3.271163579083875e-08
244,-1.385123703888699,-6.683203248344213,-7.570797272041563,-13.521064509551683,-13.13305204838088,-14.934713807202986,-15.087555602334865,-14.862138339927665,-13.707576572795563,21.49042322386202,0.0059580007068418,0.0005531600176833,0.5878750733411728,74937.01236071478,1537617.217599854,0.0843090749476147,0.9660451915345942,0.0005531754666362899,0.0005531666194298265,-1.544895298982111e-08,-6.6017465263999014e-09
245,-1.341208611719347,-7.262060066701723,-6.814811972682073,-14.419027423395296,-13.332546872499416,-11.782348078634636,-15.264953028544282,-10.782250972468471,-9.72514351153404,20.53659491583165,0.0059580006425976,0.0005819153800908,0.5588252035108222,74937.0115526799,1617548.4109662068,0.0843090749476147,0.9600487577952176,0.0005818249447480798,0.0005818126217628547,9.043534272021401e-08,1.0275832794533982e-07
246,-1.3536365582037646,-6.498434978897268,-8.605487066518982,-11.601976039565242,-14.840814374364722,-17.215729321823684,-15.09745980678613,-11.378063483817751,-9.720909464810646,20.56040065933427,0.005958002023628,0.0005801537511511,0.5605222634956436,74937.02892264938,1612651.6163642444,0.0843090749476147,0.961176783229638,0.0005801983474924164,0.0005802123153500763,-4.459634131643089e-08,-5.8564198976321195e-08
247,-1.4496588999790825,-6.832116336579584,-8.470064853094064,-13.900986191503678,-14.857105610609583,-12.841179533423174,-13.402971660810476,-12.361674468619965,-10.629257171864154,21.011041248105425,0.0059580004176509,0.0005716052790251,0.5689047568690921,74937.0087234026,1588889.4544128585,0.0843090749476147,0.9609064925031658,0.0005718015835615982,0.0005718114946542137,-1.9630453649817445e-07,-2.0621562911373077e-07
248,-1.242838751123126,-8.004206335285213,-8.72041601432267,-13.04581202285141,-13.806363230029524,-12.745011991348116,-15.223426278058035,-15.033055001863993,-12.322607556603256,21.554112974788563,0.0059580001804875,0.0005581514321237,0.5826177702974095,74937.00574047054,1551491.8371281584,0.0843090749476147,0.9648694538057054,0.0005579892855309765,0.0005579957455502697,1.6214659272347724e-07,1.556865734303253e-07
249,-1.2961971292157335,-7.714326092823603,-6.42745874793181,-14.506004380065574,-15.880828479904675,-16.1964852652001,-12.787734091582829,-14.436938135791582,-11.056782797516668,21.51651516716584,0.0059580001860828,0.0005691143454835,0.5713947397583407,74937.00581084557,1581965.4140286332,0.0843090749476147,0.9628588147913384,0.000568809259151135,0.000568791132629338,3.0508633236500833e-07,3.2321285416202043e-07
250,-1.3643309151625789,-5.793978216462747,-6.610145896760975,-10.767683225589913,-11.266857123204824,-12.80345688052249,-12.103228193024702,-11.485024726123283,-9.676894381804289,19.152617082152545,0.005958001155377,0.0005635745321045,0.577011564863285,74937.01800218566,1566566.4116396075,0.0843090749476147,0.9629684504727368,0.0005636154053450353,0.0005636176073818549,-4.0873240535308115e-08,-4.307527735490559e-08
251,-1.4591573407856495,-8.239615973593937,-7.841326363821824,-13.119621173146612,-14.031909772919526,-15.691318522529802,-14.361036969733126,-11.425375295728037,-11.992335052967796,20.90761940702793,0.0059580007132131,0.0005689024795687,0.5716076096787882,74937.01244084949,1581376.490990134,0.0843090749476147,0.9613902415880656,0.000568872287536239,0.0005688806634769355,3.019203246104347e-08,2.1816091764484055e-08
252,-1.4704475583223815,-5.8683194558605685,-7.460215855259272,-10.577672189439168,-14.397490685846106,-14.73484420651492,-16.612821060017836,-14.477104011639137,-11.381567657094164,20.716802237577195,0.0059580007982933,0.0005646993434911,0.5758621772814235,74937.01351094934,1569693.0464274131,0.0843090749476147,0.9664110517833444,0.0005647929844531459,0.0005648186617533164,-9.364096204586385e-08,-1.1931826221641632e-07
253,-1.0670799641166209,-7.376865890386669,-7.200437485194019,-10.086522725143254,-11.915227741983683,-15.241404694954198,-14.567954160840785,-14.042256175716602,-10.181079237682637,20.054625971362817,0.0059580022630971,0.0005662285864558,0.5743071281716946,74937.03193458285,1573943.8784421314,0.0843090749476147,0.9657165915978944,0.000566206317205746,0.0005661969765030028,2.2269250054022735e-08,3.1609952797200663e-08
254,-1.0448152022502102,-6.39687132217175,-7.982722970890768,-14.57403794952321,-14.411696434588002,-13.084009778278908,-15.61723221575728,-13.028939509199358,-12.07291524077428,21.450588651991627,0.0059580003440473,0.0005636512381545,0.5769329227903691,74937.00779765035,1566779.6312132876,0.0843090749476147,0.9624842006646662,0.0005637330321114431,0.0005637351445987293,-8.179395694313338e-08,-8.390644422925225e-08
255,-1.260968455074524,-7.3042313092273154,-7.274070889114878,-12.592782009512272,-14.243814131653842,-15.928836653166734,-17.21784428216429,-12.50649213920152,-11.392587987831584,21.05330557354884,0.0059580003897408,0.0005695516490766,0.5709560503091446,74937.00837236247,1583180.9854953878,0.0843090749476147,0.963118996810667,0.0005694878914837553,0.0005694874128070333,6.375759284470237e-08,6.423626956676871e-08
256,-1.1512897228101977,-7.490977503722462,-6.467321453641187,-14.02961199762431,-11.558293832304956,-17.180902245158162,-12.610989962887173,-12.242925130103249,-11.37921790407399,20.571419654513534,0.0059580002534597,0.0005670880020734,0.5734364819172321,74937.006658281,1576332.7934188272,0.0843090749476147,0.962074300692143,0.0005670955016690677,0.0005670878558118471,-7.499595667680332e-09,1.4626155289080428e-10
257,-1.2269092895599716,-5.623848553271952,-8.044686918748706,-13.264964942864138,-11.786543692049552,-15.822455567032648,-17.40558944746092,-13.437807882285291,-12.689984771987122,21.19153421307997,0.0059579999205698,0.0005615616151218,0.5790796821504769,74937.00247134369,1560971.1124291278,0.0843090749476147,0.9647118746569152,0.0005614728112911341,0.0005614965527832124,8.880383066585135e-08,6.506233858757319e-08
258,-1.3090104537241587,-7.019280855940653,-7.650171809096119,-12.644361106715118,-14.28784224403694,-14.708644274466776,-14.926768520117747,-13.960406044050172,-10.154654049430205,21.000883867160628,0.0059580006517003,0.0005665396168718,0.5739916005275875,74937.01166716946,1574808.4487429638,0.0843090749476147,0.9634882644012328,0.000566759603078822,0.0005667694108985496,-2.199862070220585e-07,-2.2979402674965215e-07
259,-1.4470712053014008,-5.725269906584643,-6.463106298068165,-9.9096054934654,-12.457366579385669,-14.24827256027268,-15.09197273619021,-15.228834715487691,-10.346735008083566,20.05488323853981,0.0059580014903219,0.0005658747115635,0.5746661645478051,74937.02221496859,1572960.2134809636,0.0843090749476147,0.967840208750285,0.0005658388093354536,0.0005658433315904951,3.5902228046405527e-08,3.137997300493769e-08
260,-0.9941786768784392,-7.295954506729694,-8.086554088115987,-10.646758129835227,-16.216931056033463,-17.33383920331242,-11.848785670804135,-12.372538848381604,-10.060359021873516,20.340981360147847,0.0059580009598531,0.0005764530888196,0.5641205034480684,74937.01554297462,1602364.8965443722,0.0843090749476147,0.9619884379522498,0.00057719856206111,0.0005772700693627842,-7.454732415100194e-07,-8.16980543184246e-07
261,-1.3505818984956754,-6.776330378598478,-8.12079946743227,-14.129111508122744,-11.979265801869056,-13.603421891026434,-14.110123189385993,-10.615005799723011,-9.747604536109016,20.40829753996844,0.0059580003246703,0.0005806900809211,0.5600043213423838,74937.00755393512,1614142.4505935635,0.0843090749476147,0.959710564035282,0.0005807734625770592,0.0005807874859610294,-8.338165595912078e-08,-9.740503992934028e-08
262,-1.0821598441005884,-8.064368466605298,-6.562542103342491,-11.434209717617955,-12.656260586010188,-14.540821845747187,-16.888875752434483,-12.995370691515882,-11.89445151993352,20.55840776106178,0.0059580020782701,0.0005646199501054,0.575943337077633,74937.02960991285,1569472.3568747777,0.0843090749476147,0.9649768263071126,0.0005646694004040149,0.0005646724491795644,-4.945029861492308e-08,-5.24990741644334e-08
263,-1.110933316617117,-8.085409280602109,-7.087043347171139,-11.70051782187164,-14.33443968476957,-14.576831507641169,-13.680895763923704,-15.503888966595126,-12.31940562974919,21.059596058680185,0.0059580005992858,0.0005573933261851,0.5834102453020544,74937.0110079237,1549384.5323578888,0.0843090749476147,0.9666600922946104,0.0005575646213863847,0.0005575652904459277,-1.712952012847312e-07,-1.7196426082774236e-07
264,-1.375242969398675,-6.1243530140025175,-8.6738265079066,-11.990521702987454,-13.985519392605031,-12.792022838969752,-11.705555487032068,-13.560003724731777,-9.625844865399248,20.39111699782177,0.0059580013120292,0.0005660765195974,0.5744612684927338,74937.01997248559,1573521.178658794,0.0843090749476147,0.962650001833216,0.0005662263408525252,0.0005662269667374586,-1.4982125512517236e-07,-1.5044714005857125e-07
265,-1.181752537658293,-5.771999354432216,-6.2521868202212,-14.520373832555496,-11.316067294112775,-11.93638647809223,-13.720219151333088,-12.144022749558832,-10.092508675779367,20.257408911656608,0.0059580010265783,0.0005702154652537,0.5702914634158978,74937.0163822138,1585026.1933026414,0.0843090749476147,0.961871860722326,0.0005697938782254224,0.000569741856508144,4.215870282776738e-07,4.7360874555599144e-07
266,-1.2134595138316826,-7.924872137746867,-8.151600038568874,-13.910417735268927,-15.763552351718364,-15.113521263863973,-15.401600715523562,-14.782308299608786,-11.171125149858554,21.892341909605417,0.0059580000566163,0.0005655941659085,0.574951002559351,74937.00418247473,1572180.3815777688,0.0843090749476147,0.9633505304657582,0.000565909666402841,0.0005659198198266218,-3.1550049434093085e-07,-3.2565391812171274e-07
267,-1.3792224165806228,-5.704235795011627,-7.657706548013023,-11.39457804345465,-14.506309505388998,-13.42854468874151,-12.065231233909737,-13.73009159501013,-9.282232068529328,20.197415282239547,0.0059580018547015,0.0005664535680744,0.5740789682835207,74937.02679796921,1574569.2591625703,0.0843090749476147,0.9634594121186868,0.0005663860506057214,0.000566410479879549,6.751746867855474e-08,4.308819485097145e-08
268,-1.3165655652077195,-7.57193724714149,-8.71131085689795,-11.951233017190042,-14.607161184541956,-16.430603079746902,-17.037989549780676,-11.356440205189376,-11.762141557950478,21.011241423286624,0.005958001230419,0.0005732594320499,0.5672632854336528,74937.01894602914,1593487.498541463,0.0843090749476147,0.9619571749161416,0.0005731148585425511,0.0005731015340569636,1.445735073489149e-07,1.5789799293639082e-07
269,-1.3329305604840327,-7.740237187977256,-7.912742466976594,-13.698884999032083,-16.327187925160743,-16.633474869082146,-14.501464463473768,-13.154939059493374,-11.33698484046847,21.575903580316982,0.0059580004190413,0.0005717610192536,0.5687497948482035,74937.00874089137,1589322.3650521094,0.0843090749476147,0.961886835320145,0.000571564594903127,0.0005715681404268259,1.964243504729967e-07,1.92878826774036e-07
270,-1.0829407032636185,-6.47340885778617,-6.293062952765353,-12.248483686906049,-14.510775254306374,-16.395168314277043,-13.462273426030707,-13.111907499351332,-9.457041903695302,20.4193366942254,0.0059580004022132,0.0005713858663713,0.5691232145627765,74937.0085292343,1588279.553726895,0.0843090749476147,0.962969728885313,0.0005713228301561686,0.0005713272515016269,6.303621513138735e-08,5.8614869673126284e-08
271,-1.2218397366717124,-7.287439380685064,-8.55416064326363,-11.305986484396897,-11.859307998969182,-16.368835647879582,-14.616705213512024,-12.795193870452666,-9.283805394497058,20.326784697417963,0.0059580029174286,0.000572999682323,0.5675206758023261,74937.04016446558,1592765.47301633,0.0843090749476147,0.962736066139668,0.0005728124567690884,0.0005727982449271457,1.872255539116111e-07,2.0143739585425698e-07
272,-1.0697940057191968,-6.056926748344919,-6.155203150215287,-12.046689941040372,-11.725043952471156,-14.697041174898086,-12.69209869749162,-13.662129555485992,-10.68442983584956,20.042130465660804,0.0059580010248612,0.0005591716346111,0.5815549142214479,74937.01636061653,1554327.690877555,0.0843090749476147,0.9648727043354496,0.000559137636687407,0.000559141523285519,3.399792369298497e-08,3.011132558106231e-08
273,-1.4188254126524682,-5.741307756743719,-7.975156518286041,-13.942458933591636,-14.744732633602917,-14.923353802719074,-11.84078180201074,-10.561419020229096,-11.984394251786442,20.589119191695,0.0059580003685228,0.0005749240201639,0.5656207548503893,74937.00810549283,1598114.549055777,0.0843090749476147,0.960129757285838,0.0005745984559812656,0.0005746022438002837,3.255641826344427e-07,3.217763636163655e-07
274,-1.0221548935682212,-6.564726780217772,-6.164855538067478,-10.15138627842204,-15.009697195738932,-15.279691279346784,-16.217603073755498,-15.750825388287362,-13.300288238087514,20.842734384101085,0.0059580003468802,0.0005645523265739,0.5760120739706731,74937.00783328104,1569284.3839502805,0.0843090749476147,0.9696301508511896,0.0005639646933919115,0.000563896315486061,5.876331819885299e-07,6.560110878390093e-07
275,-1.2346315504497172,-7.33884327804399,-6.859280505716384,-12.906586320864731,-14.560180145058998,-15.148987273142524,-13.1940932020851,-13.019212149661596,-10.415246934488373,20.717319129634014,0.0059580004635869,0.0005677701503808,0.5727475560868329,74937.00930116505,1578228.958992622,0.0843090749476147,0.9624945530414208,0.0005677268252012684,0.0005677267784915617,4.332517953165721e-08,4.337188923828929e-08
276,-1.4152503934156189,-7.707625352317449,-7.833464626187341,-10.856572257351848,-16.39607227248805,-16.93685989331114,-16.076592793916067,-14.507079180362895,-12.561078102706588,21.33727613403558,0.0059580001042015,0.0005661042147748,0.5744329897914542,74937.00478098026,1573598.1628590776,0.0843090749476147,0.9657951429794596,0.0005661796023051112,0.000566168091292059,-7.538753031110634e-08,-6.3876517258964e-08
277,-1.2828446697363456,-7.349702379854015,-8.70907511880193,-13.512882681291034,-15.70790096830592,-12.920059026685092,-13.340580724120793,-13.668341644517746,-12.118817171404707,21.417729804430905,0.0059580005596977,0.0005622602876315,0.5783602026884873,74937.01051000279,1562913.2102779627,0.0843090749476147,0.962635064361171,0.0005623352736465193,0.0005623371181592469,-7.498601501928007e-08,-7.683052774694853e-08
278,-1.4676171324618037,-6.490301830796512,-7.353391566433968,-10.61742406520725,-13.42202233419454,-12.279088212683522,-12.432361917711953,-12.455609437379175,-12.571070934399833,19.913977335571584,0.0059580024612035,0.0005559131769693,0.5849638811730115,74937.03442627464,1545270.166087709,0.0843090749476147,0.9647672677575696,0.0005560057264388636,0.0005560026929785367,-9.25494695636379e-08,-8.9516009236742e-08
279,-1.3281418220823715,-6.246275835783542,-7.416692232380559,-13.024441712959783,-12.306065699738156,-13.6579581112749,-14.674864523072284,-12.697455717966813,-10.286663980139634,20.4984775700114,0.0059580010414854,0.0005658043397011,0.5747375736533812,74937.01656970817,1572764.6010294005,0.0843090749476147,0.9627394467407115,0.0005659070242711562,0.0005659101750528814,-1.0268457005622057e-07,-1.0583535178137256e-07
280,-1.1474472622803062,-6.560330511119685,-7.713554677393915,-11.17732484840229,-15.431124554400984,-16.924261455349125,-13.997461053268983,-11.171288341116613,-10.00319480180158,20.25921555287829,0.0059580011458907,0.0005782227636478,0.5623940155150469,74937.0178828714,1607284.0562781668,0.0843090749476147,0.9614126558075424,0.0005783959456560273,0.000578386599328073,-1.7318200822729647e-07,-1.6383568027299265e-07
281,-1.2521801488444406,-7.474019262840928,-7.025702029398831,-11.242516613436026,-14.26316322848906,-12.941856370149846,-17.090423572552016,-10.678542573513996,-12.019406901441672,20.291228412184733,0.0059580022285544,0.0005694666487635,0.5710415372949473,74937.03150012082,1582944.7103838148,0.0843090749476147,0.9627564061374836,0.0005696035351918276,0.0005696139803319741,-1.368864283276313e-07,-1.473315684741034e-07
282,-1.4626252963356572,-5.922576484440507,-6.692593046392464,-10.649875524011506,-14.882389952375265,-12.218798887553774,-13.476543620568435,-11.85566306981602,-12.76126774822984,19.95201628046521,0.0059580015038926,0.0005586728731455,0.5820741740848947,74937.02238565491,1552941.2851495428,0.0843090749476147,0.9645275851892908,0.0005585465373844976,0.0005585437245994993,1.2633576100236701e-07,1.291485460006665e-07
283,-1.1193030497146232,-7.808504570115868,-8.343316900220882,-10.95305936354213,-12.466095131147004,-17.17021199739377,-15.479666320854037,-15.31299073428879,-10.494830843331014,20.93916457019712,0.0059580017597643,0.0005682327230991,0.5722814947977056,74937.02560389286,1579514.7709698756,0.0843090749476147,0.9659230415336856,0.0005682886640881773,0.0005683058101245822,-5.59409890772385e-08,-7.30870254821549e-08
284,-1.2750605401177106,-7.656293613801273,-8.017053644073922,-12.294531973665302,-11.780691993356443,-14.610810409945074,-15.448822205162996,-10.690112983665705,-13.221993374609289,20.442825987478745,0.0059580013627635,0.000563739620168,0.576842620301556,74937.02061059784,1567025.3064272536,0.0843090749476147,0.9625615973778746,0.0005637610311204704,0.0005637725991825296,-2.141095247040932e-08,-3.297901452956314e-08
285,-1.3908901598899392,-6.02523376953099,-7.084970999107643,-12.982396557127547,-15.095954062456023,-11.84807031765828,-14.640497469680469,-15.133843756692784,-12.520289072729453,21.23894639473944,0.005958000630343,0.0005562018059417,0.5846600572456758,74937.01139854695,1546072.4671638114,0.0843090749476147,0.9659768460298668,0.0005562685564439619,0.000556255579833379,-6.675050226196289e-08,-5.377389167900582e-08
286,-1.3491614320518144,-7.586205506727315,-6.769091527013353,-10.812807839932775,-11.489335608175244,-12.10047567136118,-12.715385913476744,-11.06622266310761,-13.353401582104432,19.566663126256632,0.005958003020324,0.0005575550905454,0.5832413350445041,74937.04145863694,1549834.1882580393,0.0843090749476147,0.9643182140346512,0.0005576139059194408,0.0005576107651069683,-5.881537404079252e-08,-5.567456156827747e-08
287,-1.2136521204057007,-7.510342162876377,-6.084764235017037,-13.762491646636745,-14.188472943229725,-12.316966666547234,-14.043531866748758,-12.127727567342529,-13.777176502981089,20.831197204977748,0.0059580003647132,0.0005584351003351,0.5823218450266718,74937.00805757692,1552280.3487922363,0.0843090749476147,0.963492993329686,0.0005586653699860024,0.0005586669865541203,-2.3026965090245342e-07,-2.3188621902031983e-07
288,-1.3508338785400549,-5.688919428440055,-8.857147009165592,-11.402345867289991,-16.29074678823723,-13.422463650564724,-14.537433313495333,-14.083786625126324,-13.167254199703962,21.15503812600365,0.0059580008183044,0.0005570755821435,0.5837430422623223,74937.01376263936,1548501.3002125106,0.0843090749476147,0.9653211965260172,0.0005570985267906582,0.0005571039864504609,-2.2944647158152157e-08,-2.8404306960856142e-08
289,-1.1794845315439346,-5.654237428081885,-7.84574781244478,-13.856485896193176,-13.547139391766509,-12.70561581337584,-15.982428343469683,-15.63130975518148,-11.167445767307212,21.49454856120446,0.0059580002690488,0.0005615358433157,0.5791063099420555,74937.00685435405,1560899.4746180442,0.0843090749476147,0.9653973520611752,0.0005613960538768354,0.0005614018005218976,1.3978943886455968e-07,1.3404279380240577e-07
290,-0.9868701796344724,-7.280104703364106,-6.701862246177786,-12.493338005886812,-14.018465910131193,-15.32455503454224,-14.490282122397286,-14.04127837807007,-11.00860781273316,20.865964406811848,0.0059580008903393,0.0005623468364756,0.5782712374200488,74937.01466866184,1563153.7898364128,0.0843090749476147,0.9644028492122536,0.0005623840064754814,0.0005623880478281824,-3.716999988139999e-08,-4.121135258245735e-08
291,-1.2631821148072997,-7.972034047583471,-7.075919142104905,-12.685359050865124,-16.059635932426826,-12.610498410754984,-12.848471857663236,-11.235472739484894,-12.681793055518108,20.626086438162325,0.0059580011858059,0.0005681419011267,0.5723728958083945,74937.01838490639,1579262.313409532,0.0843090749476147,0.9616700244276584,0.0005681528880557717,0.000568151599534519,-1.0986929071610599e-08,-9.698407818915615e-09
292,-1.2555599288184287,-7.258387202911827,-8.647202747933282,-13.13355399049213,-12.476109926122737,-12.154100806123004,-16.211275995664707,-10.836039387085354,-12.029787985420295,20.67781002075724,0.0059580008349478,0.0005691597649412,0.5713492352831336,74937.01397197333,1582091.6663569212,0.0843090749476147,0.961426404555896,0.0005691697715872653,0.0005691681022285512,-1.000664606536604e-08,-8.337287351277943e-09
293,-1.1119909840397124,-6.772388392187141,-6.406740960832018,-10.466616515295954,-16.00001907955189,-15.061611139191202,-15.584623164945118,-12.04745148530418,-10.261368123740528,20.196980966483896,0.0059580008489409,0.0005750356186135,0.5655110519637112,74937.01414797244,1598424.758926429,0.0843090749476147,0.9633857547078036,0.000575041541336042,0.000575051181044617,-5.922722541898927e-09,-1.5562431116998218e-08
294,-1.4669494822275029,-7.047817172612808,-7.092148748572335,-11.880000058209117,-15.260842838212051,-15.54697137153146,-14.54460829330937,-14.573568372930469,-9.510227719608858,20.903828249846853,0.0059580001944332,0.000570969877036,0.5695378286890802,74937.00591587265,1587123.2294376462,0.0843090749476147,0.9641977368518512,0.0005706795935567597,0.0005706726638346663,2.902834792403112e-07,2.9721320133366345e-07
295,-1.1903274349730617,-7.5663514572599,-8.492123502839643,-10.749060467251963,-11.924256759629255,-16.329714270649575,-13.138953378133698,-12.396765690565127,-9.992241601381137,20.05563794874767,0.00595800595676,0.0005689857981645,0.5715246616464518,74937.07839178774,1581608.091437303,0.0843090749476147,0.9627612124682235,0.0005688599510568211,0.0005688602951854637,1.258471076789414e-07,1.2550297903636716e-07
296,-1.162086029453934,-7.915681829745825,-7.512637246329075,-11.073271677621769,-13.848625461241056,-14.562249611932842,-16.81772834773977,-13.113920381996056,-12.726465756341838,20.815540170362016,0.0059580005568678,0.0005620687403248,0.578557301547556,74937.0104744093,1562380.7668125287,0.0843090749476147,0.9651847189417764,0.0005622063578742851,0.000562209882141264,-1.3761754948506209e-07,-1.411418164640058e-07
297,-1.410930936142237,-7.032459308844123,-7.899717068802545,-13.471553182647147,-13.785474600198697,-16.19402042003321,-17.44821924587598,-10.574380807813435,-11.498616883087962,21.000460466561083,0.0059580005200966,0.0005777745354737,0.5628302230549186,74937.0100119189,1606038.1177868613,0.0843090749476147,0.9609534299949848,0.0005777976730380089,0.0005778024199844957,-2.3137564308939318e-08,-2.7884510795761312e-08
298,-1.3905080826552576,-7.791877306785487,-6.383119490547925,-14.67543619679402,-16.351112124844164,-16.67745492269468,-16.036079459689034,-13.31827352359024,-11.95736339653871,21.81655632488785,0.0059580000994754,0.0005715417740281,0.568967923285581,74937.00472153739,1588712.9297660424,0.0843090749476147,0.9625506288639948,0.0005712588365133908,0.0005712230753011774,2.829375147091976e-07,3.1869872692258643e-07
299,-1.160173759082522,-7.642720259351653,-7.868472532982296,-11.645405755635158,-12.858921733498253,-11.97232035618486,-12.247943943497065,-15.384629419535456,-10.786881886876207,20.57819630277921,0.0059580014465937,0.0005600196970828,0.5806743016767131,74937.02166497606,1556685.0475488063,0.0843090749476147,0.9656440443878256,0.0005598998662467286,0.0005598929502064747,1.1983083607141308e-07,1.2674687632535826e-07
300,-1.2441158016544602,-8.170060779449434,-7.1085042079851055,-14.67890088159655,-13.538990434490868,-14.073778812254456,-17.353209747636114,-15.363198316972966,-11.07650268675863,21.910119168771207,0.005958000131491,0.0005673779190116,0.5731434515945644,74937.00512421495,1577138.6746494728,0.0843090749476147,0.9644515197091664,0.0005672613242908649,0.0005672573844992647,1.1659472073509859e-07,1.205345123352639e-07
301,-1.4589494330443389,-6.850858640155709,-6.151000001862025,-12.902816373457782,-12.929934248830207,-11.873473691373688,-16.387606484327303,-10.72956706276704,-11.364691900471064,20.225322671540525,0.0059580001556307,0.0005694160373228,0.5710919951711911,74937.00542783306,1582804.0259161724,0.0843090749476147,0.9621124615882536,0.0005695421278766867,0.0005695564399354851,-1.260905538866871e-07,-1.4040261268508884e-07
302,-1.253774129726026,-6.443028960113726,-6.754154840965134,-13.681946685835968,-16.37988892278812,-13.07106702867474,-15.05013617522784,-13.834928391310552,-10.113079006699405,21.22244482937835,0.0059580002371642,0.000571872724386,0.5686386736864978,74937.00645332428,1589632.8714687054,0.0843090749476147,0.9628634119039224,0.0005718615490836147,0.0005718426583948027,1.1175302385302982e-08,3.0065991197354355e-08
303,-1.3704689866616269,-6.047947741610171,-6.49077263018874,-10.847764395019732,-13.890806524932271,-13.945435886527218,-12.874629707151428,-11.596835752211517,-10.731304830491132,19.694161632504112,0.0059580008295229,0.0005643594751856,0.5762089772693572,74937.01390374133,1568748.315532961,0.0843090749476147,0.9631259257647452,0.0005640303328177851,0.0005640301277808698,3.291423678148872e-07,3.2934740473017626e-07
304,-1.0927656191769115,-8.16241847916114,-7.61622164397297,-11.428696686965978,-11.860984940288896,-14.0296640722038,-16.11479021769477,-14.103598199299428,-11.581558086215278,20.70683223153389,0.0059580052773453,0.0005632683988826,0.5773257665418973,74937.06984642067,1565715.4540542166,0.0843090749476147,0.9654988184579858,0.000563252293761115,0.0005632505065848148,1.6105121485011052e-08,1.789229778518999e-08
305,-1.425122654684595,-6.9902542975858974,-6.369787351016711,-13.781550978532993,-16.619527588814435,-16.258690340894937,-15.280350235374115,-15.728499103681614,-13.308629299754784,21.987738468229978,0.0059580000395187,0.000559596491864,0.5811132415213015,74937.00396742954,1555508.665290286,0.0843090749476147,0.9661820603053834,0.0005594644912049103,0.0005594609754923385,1.3200065908977165e-07,1.3551637166153273e-07
306,-1.4572505592916218,-6.277469544427347,-8.853722979749202,-13.687497653840158,-11.33331182560898,-15.72514110930908,-12.94915121972737,-11.206370692382723,-9.547485806337058,20.36871620885088,0.005958000920081,0.0005789355138108,0.5617015983048627,74937.0150427395,1609265.2857369964,0.0843090749476147,0.9600444725563648,0.0005790451193640957,0.0005790529552316645,-1.096055532956398e-07,-1.1744142086448674e-07
307,-1.4703129911165218,-6.430239738982451,-7.112874441392292,-13.749745118529807,-11.326735538751612,-11.983457519444364,-14.150335527546618,-12.655946449514456,-10.069631200603258,20.3874964643456,0.0059580010520122,0.000568174666635,0.572339868917666,74937.01670210985,1579353.3915933454,0.0843090749476147,0.9623465569402448,0.0005681170436085202,0.0005681202267952935,5.7623026479829316e-08,5.443983970652294e-08
308,-1.31027367806155,-7.407817002233193,-8.202992324640668,-11.148209805701018,-13.874970860384243,-16.567910836986417,-17.140221756723392,-14.845147105688572,-11.087838878993152,21.18783347472589,0.0059580004321569,0.0005685325347656,0.5719795149639376,74937.0089058536,1580348.1565468698,0.0843090749476147,0.96569346150654,0.0005685135890217453,0.0005685203877481865,1.8945743854715917e-08,1.2147017413514753e-08
309,-1.0506383060329416,-5.63740413227533,-8.663567201289242,-12.002606171543356,-14.97058028785462,-16.42535559928655,-17.438437408407086,-11.20979698439569,-10.274368978636105,20.79629393783133,0.0059580009001178,0.0005804323727053,0.5602530408029113,74937.01479165161,1613426.0998502525,0.0843090749476147,0.961552555504634,0.000580272792710882,0.0005803027390513992,1.595799944179542e-07,1.2963365390080556e-07
310,-1.0725854174229963,-8.185063079315949,-6.551168738850722,-11.619415084592369,-12.784908975638464,-14.460654995245063,-12.732828214740517,-15.491348288636525,-11.351386452732315,20.6215301877419,0.0059580002322529,0.0005592615360874,0.5814613130472918,74937.00639155197,1554577.5897376218,0.0843090749476147,0.9665879090842988,0.0005592968854376098,0.0005592889636115545,-3.534935020979395e-08,-2.7427524154524478e-08
311,-1.1460736222909322,-7.470550744334658,-7.914641583938563,-10.159081465112164,-15.417212315827012,-16.029615231038807,-14.065695649843578,-11.630132684410512,-12.550362816001996,20.3378338822607,0.0059580006535154,0.0005665177174167,0.57401378915742,74937.01168999974,1574747.57489411,0.0843090749476147,0.9634974432268264,0.0005664697131562129,0.0005664912034923647,4.80042604871422e-08,2.6513924335355363e-08
312,-1.1632775172642624,-8.231567530502678,-8.961822573782174,-11.21642142104246,-12.174069251966635,-14.366533979793449,-12.73488573486701,-15.117507978965849,-9.822681368708242,20.639118371622097,0.0059580072205341,0.0005656613430823,0.5748837590196866,74937.0942869622,1572367.1137632818,0.0843090749476147,0.9646626070898476,0.0005656965237549079,0.0005657016373531024,-3.518067260795989e-08,-4.029427080247481e-08
313,-1.421187216798474,-6.809921059607898,-7.258676165791628,-12.525056902642794,-14.616629493123106,-14.083085445285636,-13.387438500363242,-10.696114900142693,-12.62534982912296,20.39532511638885,0.0059580005159345,0.0005657961694866,0.5747457969367448,74937.00995956956,1572741.8903090649,0.0843090749476147,0.9617641012266428,0.0005658449491821653,0.0005658472455593514,-4.8779695565269975e-08,-5.107607275133246e-08
314,-1.0911567946822065,-8.3478778382209,-7.908855741844462,-11.777670888266954,-12.020961457287209,-15.270916216960575,-13.311411289317697,-15.557469199715278,-12.483799871646738,20.97766181467711,0.0059580031748765,0.0005573947126986,0.583409172378887,74937.04340252791,1549388.3864452527,0.0843090749476147,0.9667360656001014,0.000557330567176288,0.0005573210332282439,6.414552231200597e-08,7.367947035613002e-08
315,-1.0374964422680046,-5.834196670854421,-8.756131774771816,-11.803478794619952,-11.236258807862296,-13.497604012200114,-14.286833521702675,-13.017381723851926,-13.343872842773967,20.474306702434696,0.0059580054073986,0.0005547962298566,0.5861419982706848,74937.07148217167,1542165.3915980908,0.0843090749476147,0.9652080138117708,0.0005548209144424845,0.0005548167286328244,-2.4684585884560996e-08,-2.049877622441361e-08
316,-1.1654602192157109,-5.6187258594270535,-8.057950032640344,-14.20835812681178,-12.972691306451798,-12.914794259882497,-16.494158622795435,-11.65939694926271,-12.305564319409347,21.008524760564857,0.0059580004151676,0.0005657763348329,0.5747659314552168,74937.00869216911,1572686.7559823547,0.0843090749476147,0.9621214179550596,0.0005657347129758263,0.0005657343027626012,4.162185707375088e-08,4.2032070298901256e-08
317,-1.385769519111239,-5.9768974237698185,-7.587932550371049,-14.770758595863366,-11.399483810675754,-11.803847996665432,-13.25724476696265,-14.407618680263202,-11.95267460309384,21.02272233360312,0.0059580016446291,0.0005605175375339,0.580158587316839,74937.02415577507,1558068.8931355604,0.0843090749476147,0.9640523614330004,0.0005602960448849928,0.0005602756715338698,2.2149264890713918e-07,2.418660000301498e-07
318,-1.4062149258764012,-7.701512702478494,-6.145772349978622,-13.705192344443937,-13.36966352685432,-16.868201112299893,-13.239975228730197,-11.070614087995724,-9.320808151276218,20.36369733676603,0.0059580003386105,0.000582627969067,0.558141684029596,74937.00772926914,1619529.1923745584,0.0843090749476147,0.9602293828195764,0.0005827374472602941,0.0005827306517622487,-1.0947819329408005e-07,-1.0268269524872815e-07
319,-1.300188159694363,-7.483137324801495,-6.936328915640377,-14.45227592649639,-12.215372310828272,-12.864999538454306,-13.401733953804396,-13.80465562695396,-13.021729354334957,21.092805125523284,0.0059580012998433,0.0005572301071408,0.5835812357354025,74937.01981921622,1548930.8328774646,0.0843090749476147,0.9640721730090372,0.0005571385076976535,0.0005571360465885027,9.159944314640275e-08,9.406055229729642e-08
320,-1.1201506028559158,-7.163794244012717,-7.037650315034723,-14.434972658573315,-11.264124422078298,-16.488243508003602,-13.825926209273977,-15.20779666399881,-12.30730227698603,21.354811172742792,0.0059580011967302,0.000558563076679,0.5821885470944133,74937.0185223063,1552636.0842456864,0.0843090749476147,0.9652390844819382,0.0005585833839005284,0.0005585756878747588,-2.0307221528371826e-08,-1.2611195758798106e-08
321,-1.4209358198627149,-5.776866431541539,-8.531365304873283,-11.43938281492989,-12.993608932888066,-16.045921069343283,-14.73461865279652,-15.538885208619352,-10.490549108678737,20.93263743396149,0.005958001051669,0.000563443363534,0.5771458770167899,74937.01669779322,1566201.8027633005,0.0843090749476147,0.9660313103448892,0.0005633719947536923,0.0005633716961711673,7.136878030764883e-08,7.166736283267285e-08
322,-1.3331052072519989,-6.216050286276155,-6.758299615210374,-13.08758562079322,-13.18894148838535,-14.623361557802388,-12.632369887451205,-12.917452682356313,-9.704169230237074,20.36291957517544,0.005958000161277,0.0005673472239831,0.5731744645129434,74937.00549884992,1577053.351772282,0.0843090749476147,0.9624125293027344,0.0005675095352403966,0.0005675122279039021,-1.623112572965782e-07,-1.6500392080204696e-07
323,-1.4397452755898763,-6.177399596490032,-6.376878070949232,-11.156820171021344,-11.52043204690689,-13.75639152944201,-14.467381528678144,-11.382752765746265,-9.20682618548241,19.481710702203312,0.005958000557233,0.0005700528324608,0.5704540968820149,74937.01047900318,1584574.123423176,0.0843090749476147,0.9626926482785524,0.0005699848056671827,0.0005699969877492816,6.802679361733299e-08,5.584471151839649e-08
324,-1.1348121698583933,-7.112080472921918,-8.100848802060197,-10.420199860291074,-11.891235925504674,-14.2810314896751,-12.67198396599214,-11.759764492891502,-12.116756465909644,19.79674685014972,0.0059580060602945,0.0005596705208794,0.5810372569615391,74937.07969399789,1555714.4435192067,0.0843090749476147,0.9637874248728292,0.0005595701967165734,0.0005595727944754634,1.0032416282662951e-07,9.772640393657713e-08
325,-1.299678053292471,-8.271793023550646,-8.328956258025135,-14.661200889333749,-12.788554299421802,-11.727641625858748,-13.854385609211104,-11.580819740954356,-11.005637978919546,20.922958302349432,0.0059580006728979,0.0005751488609398,0.5653996821877595,74937.01193378308,1598739.5382762137,0.0843090749476147,0.9601930292416102,0.0005750035126148112,0.0005750218453377949,1.45348324988759e-07,1.2701560200508756e-07
326,-1.2808210883360285,-7.702803496144365,-6.311999629863742,-12.249632006216462,-14.265352023041212,-14.69158751089696,-16.805513469993826,-13.454926677835063,-9.83912838659942,20.80946011135247,0.0059580003704878,0.0005729005645051,0.5676184988724589,74937.00813020738,1592489.9555195868,0.0843090749476147,0.963761629568682,0.0005730769695503979,0.0005730799585595305,-1.76405045297927e-07,-1.7939405443046993e-07
327,-1.07961204098828,-6.857743677361307,-7.32276752149995,-14.25952213893731,-11.61827802044613,-14.57141232971642,-13.270677001175503,-11.220587353145618,-10.114974214668177,20.38042452515733,0.0059580009976735,0.00057507724419,0.5654701399870503,74937.01601866193,1598540.465414819,0.0843090749476147,0.9604701374606998,0.000574990189397285,0.0005749786811954664,8.705479271503037e-08,9.85629945336134e-08
328,-1.119833486640924,-8.06607934000255,-6.56946210841595,-10.127801281990427,-11.575213802065974,-12.192787733949164,-16.483784358714328,-15.54208544556874,-12.161886383955604,20.394599087729887,0.0059580007740494,0.0005672746336699,0.5732478982244187,74937.01320602039,1576851.5726995706,0.0843090749476147,0.968961038923344,0.0005672378213268259,0.0005672402070498023,3.681234307401776e-08,3.44266200976405e-08
329,-1.109250394940673,-6.384399253262548,-6.3801131039207135,-12.1013608612875,-14.495249787086568,-15.317034128264837,-12.119619013427684,-12.764173012967062,-11.922733703042226,20.3426588247696,0.0059580008373675,0.0005607585207528,0.5799091491550203,74937.01400240665,1558738.7534557793,0.0843090749476147,0.963778618093196,0.0005604937286193077,0.0005604842346001598,2.6479213349230035e-07,2.74286152640189e-07
330,-1.4693505692521067,-6.565880461560443,-7.793137742975155,-13.980835161670855,-11.875605721475694,-14.456706114619278,-15.898858585544511,-13.190954951597345,-12.2548216317723,21.148175234903785,0.0059580010858882,0.0005613801916519,0.5792669955823757,74937.017128187,1560466.8101619612,0.0843090749476147,0.9635397390446164,0.0005613710357817598,0.0005613693583958735,9.155870140178934e-09,1.0833256026509912e-08
331,-1.0812854068254951,-5.961651232297472,-7.113266324022945,-12.742558567849066,-13.64588196046208,-11.620168435838744,-15.442126788235692,-10.865474402484825,-13.123147101164284,20.387667655883376,0.0059580007502262,0.0005610278839131,0.5796307079226858,74937.01290638326,1559487.501412562,0.0843090749476147,0.96286104840697,0.0005611472980843983,0.0005611373510306793,-1.1941417129830798e-07,-1.0946711757929897e-07
332,-1.375847274574677,-6.456469365976456,-6.49799777720201,-10.762035788817876,-16.085662226727028,-16.791091759602896,-12.317887611705126,-12.41344026696735,-10.321362441454715,20.117861267005747,0.0059580009178051,0.0005728339009433,0.5676846337152047,74937.0150141149,1592304.651019597,0.0843090749476147,0.9629769489765236,0.00057359993868045,0.0005735985567198859,-7.660377371500196e-07,-7.646557765859149e-07
333,-1.098429443178736,-7.043338907803291,-6.162222951538389,-12.776870045380306,-16.43612300730069,-14.191486478599488,-13.849725739376412,-15.260448422160886,-10.231906761950276,21.14667891146887,0.0059580004813547,0.0005679586888882,0.5725574304371214,74937.00952464007,1578753.0389080471,0.0843090749476147,0.9647724917955623,0.0005680480376340557,0.000568058650003219,-8.93487458557534e-08,-9.996111501899257e-08
334,-1.3899516814324606,-5.720947065075984,-8.54129268901787,-13.858748176218771,-16.233392339611623,-14.33799763021939,-15.929366388301927,-13.799503029564589,-13.316481161019231,21.83964060759669,0.0059580003759159,0.0005590927999918,0.5816368210728896,74937.00819847983,1554108.5545261956,0.0843090749476147,0.9638130049929384,0.0005591896787696156,0.0005592034367961777,-9.687877781559221e-08,-1.1063680437767287e-07
335,-1.157083136364672,-6.733174385943845,-9.094604530433648,-14.004284565743587,-14.964012705307333,-17.322340082348717,-11.966570204929322,-14.928403222246054,-9.773340793921056,21.55910650463827,0.0059580003625303,0.0005721419160159,0.5683711482643474,74937.00803012164,1590381.1426229514,0.0843090749476147,0.9622280147875756,0.0005722322918831528,0.0005722511393891331,-9.037586725280274e-08,-1.0922337323308624e-07
336,-1.3790044003516793,-7.6892317178722145,-7.940946804708906,-10.550175621725748,-13.210198266276109,-14.974226492888418,-16.515472642021557,-12.900292000414964,-13.677112680394078,20.689812975319622,0.0059580015815051,0.0005602189283008,0.5804678156097074,74937.02336183016,1557238.8499592352,0.0843090749476147,0.9658464645879178,0.0005602556793462797,0.000560255537564742,-3.6751045479738696e-08,-3.6609263942056526e-08
337,-1.241639282102467,-8.00872695723832,-6.952780671411789,-13.927983410344067,-11.217803538490482,-15.55507238726554,-14.267375365842742,-13.69121016762168,-10.911783949502222,20.91978566606767,0.0059580011003177,0.0005653088300589,0.5752413563841073,74937.01730967445,1571387.2343850336,0.0843090749476147,0.9632910372960952,0.0005653126538951324,0.0005653129537523458,-3.823836232353349e-09,-4.12369344574004e-09
338,-1.205210605375898,-5.609435598199662,-7.474950445450908,-11.74637593126288,-13.86194989808324,-16.04870265590604,-14.558525238410311,-13.01356245902191,-12.525625844882462,20.641580082983,0.0059580015663086,0.0005581035736539,0.582667934198718,74937.02317069571,1551358.8050853529,0.0843090749476147,0.9647212605436004,0.0005580315383037688,0.0005580192003743591,7.20353501311834e-08,8.437327954087092e-08
339,-1.0151841221579088,-6.036643653397489,-9.044076264705948,-9.94168924867985,-15.087153214539269,-12.709186899815997,-11.891210826017518,-10.700576501107776,-12.953339083201431,19.82319123633244,0.0059580023364716,0.0005633090661689,0.5772836599186002,74937.03285745396,1565828.4967864198,0.0843090749476147,0.9627921045762065,0.0005631512166392376,0.0005631422912732308,1.5784952966241533e-07,1.6677489566923557e-07
340,-1.328177995997866,-6.467669936749799,-6.215270782643065,-14.552288077361554,-13.420025551033977,-17.064344133118784,-17.149438251374804,-12.218489106675271,-11.0107207684911,21.18618970079126,0.0059580001779644,0.0005744416904552,0.5660956509057713,74937.00570873568,1596773.8186324611,0.0843090749476147,0.9622169572146558,0.0005744519307417614,0.0005744792464921015,-1.0240286561313643e-08,-3.755603690145867e-08
341,-1.4424450537177949,-6.764304010096801,-7.340842625377208,-13.510610539050395,-15.360134494090738,-15.561049031668574,-14.31875468833922,-12.06000032940193,-11.74778274213549,21.049434209230803,0.0059580002973157,0.0005689116649347,0.5715983209349043,74937.00720988143,1581402.0235239773,0.0843090749476147,0.961823535838332,0.0005685953251908814,0.0005686070033032275,3.163397438186782e-07,3.0466163147249876e-07
342,-1.172054320732518,-8.079646662411191,-6.406561444772777,-13.55984493612064,-12.824029283479208,-14.042131675505798,-16.504288249951514,-15.766970972824854,-12.57320520496036,21.54150277924796,0.0059580001193355,0.0005597871993267,0.5809152804079656,74937.00497132786,1556038.7742439266,0.0843090749476147,0.9667486039721294,0.0005596476537843696,0.0005596503080065638,1.3954554233040588e-07,1.3689132013616073e-07
343,-1.0444197667210646,-7.723132615738322,-8.970508479613194,-11.078231350919404,-16.091386167978218,-14.16325685588408,-17.142466938888273,-12.311154966995767,-11.02897209765607,21.018382309701938,0.0059580016487349,0.0005739581595785,0.5665727678074832,74937.02420741499,1595429.7493262924,0.0843090749476147,0.9626559352605096,0.0005739148114253835,0.0005738997644049229,4.3348153116497257e-08,5.839517357706693e-08
344,-1.3262975890879,-7.625942257963576,-7.273645336086,-12.105160813191056,-11.67590997062767,-16.74711725829304,-14.057932718792138,-11.274028919992524,-9.285209189044096,20.042490822923384,0.0059580009000867,0.0005769512035412,0.563633457717173,74937.01479126076,1603749.504520005,0.0843090749476147,0.9612903619682276,0.0005769384592291222,0.0005769339365968164,1.2744312077764101e-08,1.726694438353247e-08
345,-1.3385065562599086,-6.677804044941631,-8.28533065363037,-14.533899753260664,-13.66943353212333,-14.615294762610509,-17.020573549958073,-14.500888614538448,-11.719974175045888,21.85403572503549,0.0059580000626278,0.0005637705288118,0.5768108061774159,74937.0042580846,1567111.22309022,0.0843090749476147,0.9637675990575764,0.000563751276226637,0.0005637515132126346,1.9252585163045607e-08,1.9015599165379468e-08
346,-1.2476323006641818,-6.148002075207181,-7.741675983389697,-10.828941129532154,-12.40085032274591,-15.835182182752488,-16.42365612386985,-12.425717469787232,-10.535509832051552,20.2393241662934,0.0059580015712118,0.0005689865579309,0.5715232674631076,74937.02323236593,1581610.2033575885,0.0843090749476147,0.96394630274917,0.0005688623271546439,0.0005688461371535456,1.242307762560702e-07,1.404207773544018e-07
347,-1.1905050195339124,-5.847317630051158,-6.091529791496789,-11.751453120919283,-15.075470462618204,-17.135598495972594,-16.0734649166903,-15.756397475636495,-13.050961877438716,21.26248886619033,0.0059580003832597,0.0005615631598004,0.5790781567452372,74937.00829084593,1560975.406167368,0.0843090749476147,0.968304734580976,0.0005614986001117491,0.0005614694665692644,6.455968865081742e-08,9.369323113552798e-08
348,-1.0035457280368787,-7.604535444789505,-8.621784599424817,-14.142088094272008,-12.44877931020422,-11.839430912353086,-11.806720549819016,-13.359526740441192,-12.815372542220247,20.993282539720663,0.0059580008696163,0.0005603927030998,0.5802877116219308,74937.01440801755,1557721.8912390815,0.0843090749476147,0.9627706057218668,0.0005603072575323625,0.0005602775461607905,8.544556743747544e-08,1.1515693900949857e-07
349,-1.1441701858814168,-5.814433882932562,-8.768121595218311,-13.320119723285265,-14.859602446375812,-16.614774203090576,-13.130097460972255,-11.247394062254582,-9.959697676555168,20.72337981189683,0.0059580003241587,0.0005806505003984,0.5600424944290484,74937.00754750124,1614032.428735077,0.0843090749476147,0.9600244730501544,0.0005806105850671899,0.0005805776883506258,3.991533121009642e-08,7.281204777412516e-08
350,-1.2162665638846504,-6.363604445962613,-8.768640514001408,-10.63292270979608,-15.639674910486148,-14.744014382483916,-15.465623367121694,-15.158506267040591,-13.67392272176067,21.269601719372524,0.0059580001845851,0.0005572966042825,0.5835114384491208,74937.00579200835,1549115.6747796435,0.0843090749476147,0.9674512203516704,0.0005573293134584197,0.0005573541371841344,-3.270917591966481e-08,-5.75329016344172e-08
351,-1.3810442028557413,-6.319836348713727,-8.858524449697214,-11.42158575470786,-11.997282954846442,-14.008788755513006,-15.195480800509507,-15.80583025085362,-11.543506860386117,20.97699397895053,0.0059580042535689,0.00056071995666,0.5799495318015464,74937.05696982855,1558631.55696446,0.0843090749476147,0.9669534940402612,0.0005607294836887289,0.0005607342032669002,-9.527028728851389e-09,-1.4246606900160212e-08
352,-1.184812777276341,-7.752009229592279,-6.906841980384629,-14.531362151067349,-13.077713208956474,-12.275566326129576,-14.019225926865175,-12.102013944240037,-13.22543368818086,20.97753219490647,0.0059580001027336,0.0005615337752334,0.5791084184941606,74937.00476251697,1560893.725975984,0.0843090749476147,0.9624553367633066,0.0005614817034891193,0.000561494068019259,5.207174428060665e-08,3.9707214140945364e-08
353,-1.1825408531107169,-6.085652163082073,-7.319227672070987,-14.732739801808016,-15.090637603159642,-14.15517545077006,-17.390085081691968,-14.99530607935174,-11.66529411288197,21.96475101498901,0.0059579999855182,0.0005644619232931,0.576104274691994,74937.0032882348,1569033.090225577,0.0843090749476147,0.9644206679616256,0.0005646281736310569,0.000564618483049263,-1.6625033795686448e-07,-1.565597561630416e-07
354,-1.1006937108594332,-5.768378082888392,-8.414568967013182,-10.907364427052164,-13.2632334379559,-16.52644047307012,-16.443830733404774,-14.6943923086532,-10.97348525337744,20.86677146788178,0.0059580016013435,0.0005658239730956,0.5747177119750706,74937.02361134862,1572819.1759162971,0.0843090749476147,0.965961849999704,0.0005658134343505815,0.0005658408298599012,1.0538745018480976e-08,-1.6856764301249882e-08
355,-1.2872508446828663,-8.299686519812216,-7.0890332410403065,-11.938222146862492,-12.579999742155794,-11.927107613195316,-14.657429805874592,-11.145287794529162,-11.579690118206036,20.119173255259387,0.0059580017370963,0.0005654852774965,0.5750619569653971,74937.0253187848,1571877.7047903694,0.0843090749476147,0.962349984592887,0.0005655340773722272,0.0005655331199283388,-4.87998757272819e-08,-4.784243183878715e-08
356,-1.3963914611726362,-5.9531536842828405,-7.22994665454886,-12.063861130185243,-13.407301843399312,-13.6401107573912,-16.85133870720343,-13.476980035951078,-13.063193603019348,20.879714386584624,0.0059580009136557,0.0005577499513355,0.5830372591127848,74937.01496192491,1550375.8422030895,0.0843090749476147,0.9657390766824092,0.0005577802569313817,0.0005577859629263301,-3.0305595881646545e-08,-3.601159083009998e-08
357,-1.0378563467074355,-6.534258885519697,-8.762485482227094,-13.73582455065614,-13.089965250664054,-12.831875571479696,-12.36194956417172,-15.66233135493077,-11.22121849225518,21.28218306575713,0.0059580006061063,0.0005594253851787,0.5812910646053235,74937.01109370888,1555033.0405578036,0.0843090749476147,0.9645549072734666,0.0005593500467527476,0.0005593431462781307,7.53384259523978e-08,8.22389005693475e-08
358,-1.2968111924654888,-7.993400132027333,-6.827681818828857,-11.503666360740269,-16.7252482254561,-15.28891090111334,-13.359160031215875,-12.091924008212974,-10.08276730135233,20.4934700358347,0.0059580010521152,0.0005777443547801,0.5628597000422987,74937.01670340572,1605954.2246046816,0.0843090749476147,0.9618182181305563,0.0005780999223883293,0.0005781129478068647,-3.555676082293586e-07,-3.6859302676467854e-07
359,-1.1512209418938082,-7.573177599530395,-7.827318731699025,-10.879875349756974,-12.085079966581116,-12.56917308091393,-16.209017841900703,-15.11263647073225,-11.238810505142268,20.66603030987588,0.0059580049084439,0.0005646165774057,0.5759471878169244,74937.0652065473,1569462.981791688,0.0843090749476147,0.9667596184942278,0.0005645735910824279,0.0005645718429387419,4.2986323272090586e-08,4.473446695810613e-08
360,-1.3530275822982143,-8.254596516160529,-7.762071496622402,-13.97072570586652,-12.420909539124198,-16.267677372926514,-16.796990665437335,-12.913177739414293,-13.29704078539448,21.51987599642066,0.0059580003819754,0.0005623052843116,0.5783138953890634,74937.00827469242,1563038.287412495,0.0843090749476147,0.9634712258455724,0.0005621184195429597,0.0005620999119053689,1.8686476864026962e-07,2.0537240623115342e-07
361,-1.330588969609514,-7.432198774480401,-6.461069446406783,-13.859910814517397,-14.667988159072316,-14.830197471328372,-16.75925958586806,-14.321477034040416,-10.000122673840496,21.41629946317888,0.0059580002921687,0.0005719652696379,0.5685466745584536,74937.00714514471,1589890.1192238033,0.0843090749476147,0.9635998204296232,0.000572257059597207,0.000572272024990328,-2.9178995930698084e-07,-3.0675535242800575e-07
362,-1.3769782530836832,-6.794316074479576,-8.276682367717617,-12.661889173371664,-15.59743526373678,-14.424097826745044,-13.028116467383327,-12.078267788534257,-13.699510121523558,20.98280585233472,0.0059580007996103,0.0005606332322829,0.5800387398296246,74937.01352751367,1558390.4894773455,0.0843090749476147,0.962821932005628,0.000560558848605185,0.000560542764547803,7.438367771500556e-08,9.046773509697233e-08
363,-1.3191910678705632,-5.701519907325151,-7.875740244419159,-11.213049407403304,-15.557240114535457,-16.699798769483454,-16.065231636467058,-15.082922129637003,-11.334834191465086,21.18819913926474,0.0059580005451844,0.0005658916367076,0.5746488402302858,74937.01032746187,1573007.260252695,0.0843090749476147,0.9660782616072024,0.0005658181696447896,0.0005658172720550493,7.346706281036782e-08,7.436465255064063e-08
364,-1.3854137991782582,-5.903522449817251,-7.240628512489181,-14.65688041261136,-13.779954197859688,-15.9199743985715,-15.249834145318664,-11.287858873870531,-9.551485565548829,20.86606025750165,0.0059580002500233,0.0005834482732557,0.5573569474299898,74937.00661505948,1621809.3894314645,0.0843090749476147,0.9602300384334368,0.0005832470562798403,0.0005832372832158412,2.012169758597174e-07,2.109900398588509e-07
365,-1.2505369332882317,-7.335971501870996,-6.366174921735734,-10.942359986256644,-13.010661016852303,-16.493327132810947,-11.89516775180896,-12.962648766842136,-12.261738672461842,20.05222828507035,0.0059580009709273,0.0005593820941802,0.5813361045500178,74937.0156822607,1554912.7047012008,0.0843090749476147,0.9649606981511456,0.0005593955748767561,0.0005594014625415818,-1.348069655611548e-08,-1.936836138184423e-08
366,-1.2896891278045728,-6.402124096422505,-8.805566319248102,-12.169912724781929,-14.36219624647909,-11.75464943267967,-14.488788858889729,-12.718408630245644,-13.357230601264876,20.870759265684995,0.005958001968155,0.0005562504141232,0.5846091633778278,74937.02822493525,1546207.583177994,0.0843090749476147,0.9639349788103452,0.0005562631889459508,0.000556258814846373,-1.2774822750745256e-08,-8.400723172977652e-09
367,-1.296047797592247,-6.910011017860841,-6.098498542040103,-12.815587539514336,-15.867844072644736,-12.71607652460277,-12.95853635701184,-11.532362619285465,-11.551188659888323,20.39651804975855,0.0059580001764064,0.000569134063233,0.571374942295373,74937.00568914005,1582020.2233968335,0.0843090749476147,0.9619138607468996,0.0005691294767005248,0.0005691181721004986,4.58653247521236e-09,1.5891132501360226e-08
368,-0.9972838545956452,-6.0091418534020775,-7.543687803480322,-12.829332857128254,-14.57852309836032,-14.229202898619592,-17.222104682082183,-12.97806414526207,-10.798354885042052,21.04329643567321,0.005958000247054,0.0005685666701348,0.5719451480420753,74937.00657771353,1580443.0425286023,0.0843090749476147,0.9632993501103938,0.0005687642750041579,0.0005687782507107119,-1.9760486935790043e-07,-2.1158057591185147e-07
369,-1.37429032930042,-5.583829594670366,-7.600150511912712,-11.399208012179749,-13.175356039721194,-15.337524161507485,-14.05245348608121,-11.4584216290083,-12.737428671017629,20.174323328333973,0.0059580021820574,0.0005593887671058,0.5813293470726518,74937.03091530244,1554931.2534121233,0.0843090749476147,0.963651945749738,0.0005592232676511303,0.0005592276433832403,1.6549945466967555e-07,1.611237225596909e-07
370,-1.342282772761476,-7.817144507188652,-8.073914844980035,-12.013102639040383,-13.24257308527828,-12.509094791368886,-13.147803019400037,-15.292217089539715,-11.850112983094396,20.9353750317556,0.0059580016195161,0.0005574101516677,0.5833927848515459,74937.02383991444,1549431.302100795,0.0843090749476147,0.9657535368983948,0.0005572949444177033,0.0005572888128020203,1.1520724999675418e-07,1.2133886567971923e-07
371,-1.3923462598290786,-5.7924533093981285,-7.470887721450029,-13.9313994048861,-14.897306324920786,-14.023295400584706,-14.87896193045754,-11.663211454968572,-12.947372377922353,21.04987788712695,0.0059580005503647,0.0005634273425443,0.5771622152480178,74937.01039261655,1566157.2692669893,0.0843090749476147,0.962200079049707,0.0005636999060640384,0.0005637026703007664,-2.7256351973841374e-07,-2.7532775646638315e-07
372,-1.409954109569558,-6.833862153701442,-8.42565780795801,-10.376859275737822,-14.511828586628049,-15.564103656281857,-15.990387224200092,-13.97562018653088,-10.26395613716168,20.709204822108752,0.0059580003376935,0.0005699654329558,0.5705415397848247,74937.00771773509,1584331.179284934,0.0843090749476147,0.964737466444032,0.0005698268745282048,0.0005698317204554691,1.3855842759518538e-07,1.3371250033090455e-07
373,-1.3249003670412844,-6.139723437821633,-8.736757827388123,-12.342876765290516,-12.532167958612227,-16.254310647149875,-14.64268085275114,-15.233740678156854,-11.708289378792651,21.1978903385406,0.0059580018634433,0.0005589448784212,0.5817909658192166,74937.02690792001,1553697.377386398,0.0843090749476147,0.9656664310364996,0.0005588665351720306,0.0005588668236609446,7.83432491693577e-08,7.80547602553935e-08
374,-1.160992229850529,-6.785543052265799,-7.620427114639963,-12.13095561844336,-15.641645245901548,-14.581741077204542,-13.41533919707637,-10.621550807772,-12.533459731137285,20.46016295617509,0.0059580012679498,0.0005691156224832,0.5713936132770953,74937.01941807506,1581968.9637006845,0.0843090749476147,0.961562422873821,0.0005688384864717207,0.0005688483184862798,2.7713601147933906e-07,2.673039969201688e-07
375,-1.0102467350732438,-7.14654649068709,-8.515576737019895,-10.802399373442798,-13.064268864547444,-16.92683492340394,-16.21545365806795,-10.916830790334648,-13.311266671854662,20.46910379546113,0.0059580027541658,0.0005657200977132,0.5748234063003738,74937.03811102011,1572530.4338320426,0.0843090749476147,0.9634076567322772,0.0005657663774490716,0.0005657669953058025,-4.6279735871584786e-08,-4.689759260253189e-08
376,-1.320386386761515,-7.621012120296254,-6.974987741756628,-12.679633665311515,-16.04481249995561,-15.08951868987383,-14.777898060155282,-13.946915108475348,-10.627280714557653,21.18804899265,0.005958000060846,0.0005690370661401,0.5714723212723425,74937.00423567367,1581750.600873057,0.0843090749476147,0.963443441028774,0.0005688781643235466,0.0005688680790227112,1.5890181655339383e-07,1.6898711738884842e-07
377,-1.3291878587358157,-7.596861234920356,-7.385268250748859,-12.994532988274656,-12.536072690508329,-13.73116600444168,-13.947631244896357,-15.583124392621333,-9.503540452123657,20.97677022361955,0.0059580000309325,0.0005664814570543,0.5740504416844239,74937.00385943547,1574646.782075322,0.0843090749476147,0.9647651281907864,0.0005664913711478294,0.0005664900319191301,-9.914093529418341e-09,-8.574864830126691e-09
378,-1.4550969725675604,-7.446386180824561,-6.935589226429641,-12.765144710389542,-13.931943154085756,-15.96924975601452,-11.884589461204111,-13.134181704376434,-9.767719172329947,20.521241661620625,0.0059580004454393,0.0005702092518717,0.5702975942541918,74937.00907291235,1585008.921983373,0.0843090749476147,0.9621958216329086,0.0005701767121544626,0.0005701685422132436,3.253971723744375e-08,4.070965845643596e-08
379,-1.23627876226657,-6.521002633138432,-7.884531034175585,-12.828716894189554,-11.43781432612273,-12.291897443754657,-13.353839424569404,-12.445226142037397,-11.42101534614149,20.291965719915204,0.0059580015252107,0.0005611271985791,0.5795282313681593,74937.02265378436,1559763.5660875614,0.0843090749476147,0.9629378745689564,0.0005611723588812141,0.0005611764412817929,-4.516030211408877e-08,-4.9242702692916564e-08
380,-1.2979289583959304,-6.403354575109725,-8.003046443072837,-11.254059795850978,-14.119079040324348,-16.312951891158438,-12.080366270052258,-15.636871279799989,-9.544655652475855,20.68755318210901,0.0059580016065872,0.0005661865923688,0.5743496296281444,74937.02367730136,1573827.1476064126,0.0843090749476147,0.965289458163026,0.0005661133618530595,0.000566111677093174,7.323051574056709e-08,7.491527562609578e-08
381,-1.3573937488529588,-5.991889123089557,-7.761403050164011,-13.104344454188308,-16.474721884179544,-12.125077834389646,-17.327123824810847,-12.278319166490244,-11.522825866446642,21.21833583606292,0.0059580006312994,0.000571564533263,0.5689453436234524,74937.01141057682,1588776.193542191,0.0843090749476147,0.962448955683154,0.0005714953170990712,0.000571507622964665,6.92161639288813e-08,5.691029833509737e-08
382,-1.3012961168317048,-6.981936164200334,-6.249797319464147,-12.135071980220204,-13.73995514991125,-11.791419490777464,-12.336318619733222,-10.901427993978215,-13.58914137917746,19.96410713489834,0.0059580016121517,0.0005589893867301,0.581744605179879,74937.02374728858,1553821.096997182,0.0843090749476147,0.9632710907322204,0.0005592288604731589,0.0005592301989024928,-2.3947374305896465e-07,-2.4081217239279966e-07
383,-1.3835057429971258,-6.06751915773691,-8.17922027509265,-14.726604010614036,-12.498716724224725,-16.404693004956016,-12.57927107323188,-10.861848810932056,-13.288661870683276,20.860645576886224,0.0059580005972581,0.0005686999395757,0.571811168532903,74937.0109824209,1580813.4911878172,0.0843090749476147,0.9609229380339452,0.0005685838848331562,0.0005685788669108706,1.1605474254381461e-07,1.2107266482940231e-07
384,-1.131294110552997,-6.358491372528011,-6.903593607354278,-11.353828942759376,-15.59484316733362,-14.429772868221104,-14.521782324673431,-14.45133588582844,-10.54499925302406,20.725114932846928,0.0059580005019995,0.000565259103524,0.5752918744115284,74937.00978430157,1571249.009687246,0.0843090749476147,0.965123380223336,0.0005651246590128953,0.0005651319850366363,1.3444451110462396e-07,1.2711848736363194e-07
385,-1.414238641053658,-8.243979810667657,-7.140390991562445,-10.524155862805785,-13.629001794334304,-11.88885182320956,-15.37608758322662,-13.00012084615517,-11.17972804468432,20.248397391488027,0.0059580030402067,0.0005644289962783,0.5761383258878626,74937.04170871289,1568941.563102988,0.0843090749476147,0.9646085492942956,0.0005644580516299249,0.0005644489845842657,-2.9055351624890716e-08,-1.9988305965685377e-08
386,-1.271769083113996,-8.161339882154094,-7.1787167043832,-14.22549659560048,-11.807087337930634,-15.850029323197989,-17.264023818104512,-13.227858158460634,-10.718941855374789,21.29646847849901,0.0059580005231937,0.0005727085175408,0.5678088608250647,74937.01005087214,1591956.1231574009,0.0843090749476147,0.9627689283442948,0.0005725952833635926,0.0005725785648434029,1.1323417720740091e-07,1.2995269739717995e-07
387,-1.118205957204891,-5.576602675579338,-7.925385299818117,-11.487745356018902,-16.295670723404367,-14.336030816034846,-14.677517305193568,-13.32330183375521,-11.85382814425998,20.849394215423608,0.0059580008675079,0.0005627353086888,0.5778720369910095,74937.01438149928,1564233.6248652255,0.0843090749476147,0.9642089508013566,0.0005627047572886861,0.0005627064887135024,3.055140011386671e-08,2.8819975297520936e-08
388,-1.3801984936315483,-5.940809773544419,-6.9338045896956935,-14.352370692628492,-16.649228220353375,-16.759712985011088,-13.085545260179115,-14.970353028984157,-10.31550569924097,21.595794243819668,0.0059580001113968,0.000572179958578,0.5683333230053618,74937.00487147858,1590486.8894171885,0.0843090749476147,0.9631540841862228,0.00057209129246822,0.0005720989759980692,8.866610977994061e-08,8.098257993078943e-08
389,-1.051860566777168,-7.496388374164771,-9.024943770678854,-11.91482640196926,-15.843415154822438,-15.92320148568061,-13.700511195818793,-14.184335094617674,-10.454452263438904,21.228002636400845,0.0059580010091686,0.0005686694338483,0.5718419020976746,74937.01616324329,1580728.694510221,0.0843090749476147,0.9631190722172304,0.0005683736077353134,0.0005683536300255489,2.958261129865948e-07,3.158038227510634e-07
390,-1.028912345251625,-7.588936895371358,-8.751329627641852,-12.240623894206555,-13.802181100910982,-14.318495054981256,-16.002453774757345,-14.917798823973316,-11.735239570291355,21.40344803408976,0.0059580012527825,0.0005606036717216,0.5800693913806847,74937.01922730656,1558308.3200751368,0.0843090749476147,0.9651235432480708,0.0005606485469768881,0.0005606537792391145,-4.4875255288102066e-08,-5.010751751445119e-08
391,-1.3970239320411677,-8.281345930468708,-8.867065715416231,-14.619859015451183,-13.705581920307194,-12.09683302375414,-14.780065096038538,-11.19141453055212,-12.915749708260076,21.28264396382099,0.0059580004403902,0.0005701436301173,0.5703632330042829,74937.0090094079,1584826.513392611,0.0843090749476147,0.9605633449125582,0.0005701395299434702,0.0005701301535018866,4.100173829797715e-09,1.3476615413356673e-08
392,-1.070780282624509,-8.328482074879236,-8.912364250518664,-13.869320850071004,-14.62133406169036,-12.500712237169736,-13.178664660562754,-15.732046668486248,-12.698653115076302,21.83466743747625,0.0059580004715973,0.0005569006442981,0.5839263610752485,74937.00940191656,1548015.0260162267,0.0843090749476147,0.9646520555791088,0.0005568328248825823,0.0005568128114987424,6.781941551772287e-08,8.783279935764728e-08
393,-1.4127380538540424,-6.410287231657327,-8.234985863198958,-14.728650733409674,-13.34190004942076,-14.56318505451792,-13.103644147258535,-14.110259653941071,-12.392925082429452,21.45481145580669,0.0059580002331876,0.0005591070514515,0.5816219744367999,74937.00640330777,1554148.1692653282,0.0843090749476147,0.9631904620526492,0.0005591945996717699,0.0005592031630401485,-8.754822026992189e-08,-9.611158864857982e-08
394,-1.105669675528441,-7.658851295833019,-6.582932231299817,-13.033915324870629,-16.408896945479054,-12.068310218328966,-13.548392822596988,-12.382471264266176,-10.783483189918451,20.74337797187062,0.0059580005508851,0.0005718137080022,0.5686974072953331,74937.01039916146,1589468.823806191,0.0843090749476147,0.9618383294579808,0.0005718999062136575,0.0005718971144188229,-8.619821145749995e-08,-8.34064166229092e-08
395,-1.111054099698498,-7.457896721266255,-7.20117349910356,-11.784004353637936,-12.487071945525908,-13.338948744045144,-12.571879212382644,-12.33809075691532,-11.284472675721055,20.07264102224033,0.0059580019885572,0.0005605645401108,0.5801099920362673,74937.02848154485,1558199.5460554908,0.0843090749476147,0.963195147465839,0.0005606911433595088,0.0005606921734498516,-1.2660324870883075e-07,-1.2763333905160736e-07
396,-1.0466805804323165,-7.637026601147243,-6.806727576743178,-12.54172804762056,-13.595721922300724,-17.119524990432996,-12.61608546852428,-15.668147896765108,-10.44702422571004,21.00671128411012,0.0059580004744097,0.000563676873789,0.5769067032142355,74937.0094372898,1566850.8905084094,0.0843090749476147,0.965347563432526,0.0005637233898083646,0.0005637302039435401,-4.651601936468165e-08,-5.3330154540175666e-08
397,-1.1916174437762015,-6.7230001936292805,-7.848120871776587,-11.726282782345956,-12.668218117919553,-13.430716577101537,-17.072485840888696,-12.614290788418144,-13.209606219406714,20.72965959755106,0.0059580012647451,0.0005594930154213,0.5812208958423617,74937.01937776733,1555221.032137498,0.0843090749476147,0.9649648972668224,0.0005594730647187271,0.0005594797594806006,1.9950702572846604e-08,1.325594069939446e-08
398,-1.0556956502351864,-6.394727313687092,-8.221854717947286,-13.989635658719616,-15.538239612387294,-15.004143862587526,-15.851590944393532,-12.481301551243838,-11.156821653458508,21.41816715167424,0.0059580002279595,0.0005713343816171,0.5691744750916945,74937.006337551,1588136.441712411,0.0843090749476147,0.9616412957375686,0.0005714388587042672,0.0005714510170165858,-1.0447708716720093e-07,-1.1663539948583105e-07
399,-1.2249328178987735,-7.157803134085496,-8.713839349820077,-12.21859776104468,-15.061864564870987,-16.35301937705627,-15.944044606600595,-13.3565324497172,-10.57954893030271,21.24521082476816,0.0059580006298722,0.000570672301441,0.569834875185538,74937.01139262575,1586296.0594619669,0.0843090749476147,0.9628790919536254,0.0005705038526970251,0.0005705160684035957,1.6844874397496483e-07,1.5623303740433178e-07
400,-1.43229270550107,-7.367019550871846,-7.06317558947212,-13.530769661323369,-16.11184551914727,-13.047972731086148,-14.789610383320108,-14.72579137906168,-12.372708127511654,21.574567849276363,0.0059580002767935,0.0005601033898865,0.5805873640983831,74937.00695176283,1556917.6881807963,0.0843090749476147,0.9645702259921238,0.0005600970346777964,0.0005600844706749472,6.355208703582617e-09,1.89192115527528e-08
401,-1.2556545615464514,-6.086385254843055,-8.907259833046444,-11.567553519351575,-14.95465231578859,-16.14644156913946,-17.00944556168726,-15.19913069625214,-9.929557600436665,21.36612920549197,0.0059580001512144,0.0005719560746274,0.5685557945816341,74937.00537228594,1589864.5598811477,0.0843090749476147,0.9650252709937877,0.0005719171376005162,0.0005719162824293937,3.893702688376709e-08,3.979219800626793e-08
402,-1.2199695414953986,-6.448164530361455,-7.209076508310723,-11.5117191102233,-15.395030039119009,-16.26088138905237,-15.153561257619392,-13.779124928707304,-9.416567398475532,20.73640697227881,0.0059580006107494,0.000573756211566,0.5667720393131985,74937.011152108,1594868.3950505296,0.0843090749476147,0.96374451651726,0.0005735926751813962,0.0005735875946685685,1.6353638460379818e-07,1.6861689743151009e-07
403,-1.3513568636793627,-7.198566210012293,-7.803794666058831,-10.142505452465,-11.462725151764849,-15.463914632678176,-16.22948918145218,-12.005560123499524,-13.567435874616258,20.17176590811438,0.0059580034068522,0.0005619853488778,0.5786435672480279,74937.04632021274,1562148.9638609386,0.0843090749476147,0.9656465780093434,0.0005620915092895922,0.0005620907249207841,-1.0616041179218206e-07,-1.053760429841049e-07
404,-1.2990454201347654,-5.6340499652447225,-6.393259688496012,-12.42683278004704,-13.546794816222356,-13.055860700689587,-11.73519613282107,-12.108595014967202,-9.430142167510464,19.83142861821656,0.0059580008811155,0.0005679666011313,0.5725495118640604,74937.0145526492,1578775.0325461065,0.0843090749476147,0.9620452735987148,0.0005681745700761789,0.0005681907012703894,-2.0796894487898256e-07,-2.2410013908946095e-07
405,-1.3251582433093805,-7.024668003876577,-9.06993169174558,-13.90494991475486,-14.950027082774076,-16.40661730675042,-16.667318970064134,-14.351505854773478,-10.513419151765971,21.920248229210667,0.0059580003198164,0.0005711089181466,0.5693991880470275,74937.00749288537,1587509.721589744,0.0843090749476147,0.9627839250311444,0.0005711490060565378,0.0005711466964556568,-4.0087909937880535e-08,-3.777830905689252e-08
406,-1.039043945921783,-8.106597960251989,-6.3981102303524775,-11.626900256940583,-12.514939389598608,-16.190639282330448,-17.391636921533397,-13.863456419277528,-13.634867244022884,20.95583456884341,0.0059580024210516,0.0005620199118281,0.5786078383774648,74937.03392126289,1562245.038388659,0.0843090749476147,0.9668235876655652,0.0005619210454055701,0.0005618770647310224,9.886642252988388e-08,1.4284709707755496e-07
407,-1.056894143184318,-6.391605613094678,-8.427684331524144,-13.47488012062199,-14.017727953593385,-15.479005570258026,-12.866012159444914,-11.536558032583429,-10.342847033750568,20.66356859037477,0.0059580003786298,0.000574362517393,0.566173713023963,74937.00823261362,1596553.7415124555,0.0843090749476147,0.9604844419580694,0.0005743529815108306,0.0005743586493203098,9.535882169401516e-09,3.86807269016614e-09
408,-1.0417311449049906,-7.309077220134409,-7.26076043281056,-13.528711715856264,-13.62531450476344,-14.416418195360144,-14.278415095800383,-13.071590222263223,-9.383104896466072,20.809961066854587,0.0059580001526624,0.0005721179527404,0.5683949245719803,74937.00539049927,1590314.531979044,0.0843090749476147,0.9619637932388134,0.0005723307147542772,0.000572331392894364,-2.1276201387710521e-07,-2.1344015396394193e-07
409,-1.256148878664903,-7.033212115635699,-8.609046661164934,-11.591409437385307,-13.018069831019307,-16.506441680665887,-17.033167121219833,-10.578620803454108,-11.506297071517128,20.53106017812821,0.0059580017552926,0.000574477744911,0.5660603473027302,74937.02554765006,1596874.03909363,0.0843090749476147,0.9617944651115165,0.0005744107185690139,0.0005744180201702771,6.702634198607182e-08,5.972474072290027e-08
410,-1.417248066856876,-6.668095443258103,-6.619594360967962,-9.94714564481292,-15.587971620317653,-13.2429857576124,-14.985184865706415,-13.151463957957567,-10.001277243525326,20.08867740903151,0.0059580003794003,0.0005704971814153,0.5700097559649643,74937.00824230416,1585809.2788596165,0.0843090749476147,0.9646024589652068,0.0005704317529836118,0.0005704280999213373,6.542843168817758e-08,6.908149396273044e-08
411,-1.1217695720619103,-6.485724780954259,-8.832355862583658,-12.731720083855487,-11.628056438017062,-17.115804161656573,-11.673621083918883,-12.476765094377278,-9.211556989112871,20.30609931567488,0.0059580006512368,0.0005742049299471,0.5663291352140208,74937.0116613395,1596115.696168895,0.0843090749476147,0.9612205226626932,0.0005743690392671464,0.0005743558407117935,-1.641093200463765e-07,-1.5091076469345675e-07
412,-1.0195297865361328,-7.36015738330736,-7.21804599917265,-10.22968791709928,-16.37861984462527,-15.250705798317078,-12.658802440695844,-13.425274570734627,-10.103141214300544,20.299538184759854,0.0059580004920417,0.0005712921922953,0.5692165458672515,74937.0096590572,1588019.168182969,0.0843090749476147,0.96380142826299,0.0005715188763074676,0.0005715199216800474,-2.2668401216763365e-07,-2.2772938474747463e-07
413,-1.0180560026376082,-7.953793467925097,-7.105291278364209,-9.889283179523195,-11.372230385213989,-12.007240103488634,-11.79770495453264,-15.649477447186348,-9.392579611253243,19.7719891725429,0.0059580046637697,0.0005663030917782,0.5742319168679414,74937.0621291464,1574150.9806601016,0.0843090749476147,0.9669616398229955,0.0005663710937656913,0.0005663770124204884,-6.800198749121276e-08,-7.392064228838122e-08
414,-1.3010452432468973,-6.845842948419648,-6.487684414385846,-12.714666568949063,-15.104031651943746,-17.316449496892986,-15.651429844601974,-14.07336407867582,-13.518938515522631,21.374340026854075,0.0059580000125893,0.0005590661147527,0.5816645304467177,74937.00362872283,1554034.3776482784,0.0843090749476147,0.965669849350445,0.0005591789861162407,0.0005591815221001966,-1.1287136354070412e-07,-1.1540734749663009e-07
415,-1.447700623980937,-7.519582995454765,-6.243963783176987,-14.747769591159187,-16.26222634443794,-16.88022094798818,-13.298632401412744,-15.01520896441068,-13.17708476982533,21.91784908333885,0.0059580002718367,0.0005615019703337,0.5791412453240711,74937.00688941857,1560805.3179931687,0.0843090749476147,0.964427373462472,0.0005613467566748869,0.0005612988598108805,1.5521365881302797e-07,2.031105228194642e-07
416,-1.221629840824796,-7.732873494343009,-8.990978700107172,-14.693525613661867,-13.640126108826855,-11.809150349850883,-12.612251008480383,-10.90810114944238,-11.604674739919522,20.88858494696198,0.005957999864253,0.0005775087383524,0.5630891714464814,74937.00176301744,1605299.282337885,0.0843090749476147,0.9594263787541526,0.0005775426821477299,0.0005775277703222905,-3.394379532995189e-08,-1.903196989057592e-08
417,-1.2255941736975813,-6.459401525145031,-7.187735259316052,-11.151744695034354,-14.049595086139451,-13.97950878269896,-14.591911447221406,-13.182870442200723,-10.48673669645198,20.32655868378149,0.0059580005185117,0.000563847763693,0.5767318618352816,74937.00999198413,1567325.9126546292,0.0843090749476147,0.9641576464247972,0.000563988646588507,0.0005639925947722653,-1.4088289550695694e-07,-1.448310792652929e-07
418,-1.2065688227875724,-5.916783656006547,-8.56288922500889,-13.165746287641612,-14.84687547312637,-16.969871480436282,-13.839817369203688,-13.878448785760831,-10.96025191474694,21.2835188173504,0.005958000278449,0.0005654661907159,0.5750811564536071,74937.00697258495,1571824.649324444,0.0843090749476147,0.9629807779677474,0.0005654917851707816,0.00056549862850732,-2.5594454881546803e-08,-3.243779141993974e-08
419,-1.1576977439979128,-7.859718674390819,-8.453304556199406,-13.846301373529837,-15.656048997520166,-12.020483891328524,-17.49501453664711,-11.538464906828509,-12.836161705805225,21.52486704724566,0.0059580004584309,0.0005701564574109,0.5703504036492203,74937.00923631575,1584862.1693815133,0.0843090749476147,0.9615797096756344,0.0005702246190105556,0.0005702274725693523,-6.816159965562698e-08,-7.101515845232657e-08
420,-1.16996647008712,-7.913292873183278,-8.096679808945701,-11.934527289997828,-11.507445754249169,-12.296095884452416,-12.783972203266403,-14.461281175659517,-10.991612215916543,20.47484118015868,0.0059580049464756,0.0005606678248079,0.5800035576799308,74937.06568489262,1558486.6462139292,0.0843090749476147,0.9647628994627864,0.0005605814314548381,0.0005605908980627254,8.639335306187285e-08,7.692674517452858e-08
421,-1.154990903789269,-7.403305545403722,-7.8163943977204,-10.206598686557813,-12.190599173591051,-13.975831510271586,-12.90318401902919,-15.57633760949469,-10.433602709718777,20.275537496739062,0.0059580015652634,0.00056270448134,0.5779037968027096,74937.02315754887,1564147.9341773393,0.0843090749476147,0.9669043449605628,0.0005628293789088229,0.0005628260890628138,-1.2489756882286956e-07,-1.2160772281375777e-07
422,-1.052559743581723,-7.954472852548145,-6.53293635227301,-13.797477528918211,-15.532376018446437,-12.026915132238866,-13.048088410633344,-11.612433127234093,-10.820990229082788,20.66479619279391,0.0059580001871901,0.0005748388654959,0.565704518152959,74937.00582477252,1597877.8448843262,0.0843090749476147,0.9607903694553768,0.0005745763309223351,0.0005745668604166137,2.6253457356489006e-07,2.7200507928632975e-07
423,-1.2227221592277795,-6.40581124605844,-8.648803620341264,-11.308170375670349,-15.95101893722042,-16.38103501781523,-12.506782741278885,-15.267535661686876,-13.274832028973206,21.25499353635333,0.0059580012247426,0.0005573526206406,0.5834529458065048,74937.01887463356,1549271.3832797192,0.0843090749476147,0.9663188560926264,0.0005572436016174917,0.0005572460905672273,1.0901902310826543e-07,1.065300733727164e-07
424,-1.1197008780124522,-7.259862342993321,-8.734886023129759,-10.711322357608598,-13.424603507096812,-17.049740167556692,-16.96255161119763,-11.788737536129164,-10.843097594846578,20.565840410630123,0.0059580037774048,0.0005743932822493,0.5661438728524324,74937.05098085396,1596639.2584899208,0.0843090749476147,0.9628247084160536,0.0005744687744221029,0.0005744840108631633,-7.549217280293508e-08,-9.072861386336985e-08
425,-1.2242012421971031,-5.770156077330242,-9.086427718958598,-10.870077132834227,-14.131726625375366,-12.619554203556834,-17.375097813434856,-13.69904206223522,-9.834162748196992,20.7181850092418,0.0059580025162867,0.000571498716962,0.5690111359016194,74937.0351190856,1588593.244170453,0.0843090749476147,0.9642248559900816,0.0005716437325454829,0.0005716500462094116,-1.4501558348286106e-07,-1.5132924741155344e-07
426,-1.3341920658031363,-6.009911413024625,-6.617837008530902,-12.50792094876258,-15.441684721939389,-16.90209538693616,-16.99917460779299,-12.95821227973796,-11.360781419228369,21.071786443871456,0.0059580003532182,0.0005705804314626,0.5699265854248234,74937.00791299838,1586040.688762725,0.0843090749476147,0.9637834226486252,0.0005705537058522685,0.0005705790299077743,2.6725610331561345e-08,1.4015548257563515e-09
427,-1.25171941607715,-6.090999155501025,-7.314223357824376,-12.639088656554964,-16.579664536411542,-11.942297810873088,-13.08316634435765,-11.976736794830757,-9.778801044513024,20.464645948082627,0.0059580005712814,0.0005762277845052,0.5643410186231047,74937.01065569681,1601738.618827411,0.0843090749476147,0.9611799589996216,0.0005765077652209,0.000576530159660023,-2.799807157000036e-07,-3.0237515482299006e-07
428,-1.435805599713399,-5.991354987962269,-6.522602649750646,-12.596338828215323,-12.865798792735482,-17.034342813298334,-15.884278119827073,-14.727039405139134,-12.126238705240066,21.052084180406293,0.0059580008357899,0.0005604050919567,0.5802748782788529,74937.01398256428,1557756.3285069368,0.0843090749476147,0.9662562307705892,0.0005603399039070646,0.0005603437042784291,6.518804963537295e-08,6.138767827087218e-08
429,-0.9877802188023368,-6.205238999095816,-6.856267458674383,-11.498393128405556,-16.022090365722065,-11.72599448007107,-16.92943940782967,-12.854375008150477,-9.649580920406486,20.54126774941299,0.0059580013412326,0.0005752247157351,0.56532521814053,74937.02033979187,1598950.3916199852,0.0843090749476147,0.9634366910441716,0.0005752054563794155,0.0005752215303080209,1.9259355684580516e-08,3.1854270791204994e-09
430,-1.1820369420049155,-5.811134218528591,-8.793321064476727,-14.688964654450842,-14.73827165831031,-13.21470939904527,-11.994258542170726,-13.28611709734042,-12.041574197405309,21.29352247324986,0.0059579997205485,0.0005647720359308,0.5757879011854563,74936.99995556755,1569895.109380931,0.0843090749476147,0.9617921652249426,0.0005649021980957982,0.0005648836786027678,-1.3016216499821352e-07,-1.1164267196784802e-07
431,-1.4581331745523305,-8.13009194295262,-7.92126906635746,-14.558476101460872,-14.168613323568806,-14.407841578000616,-16.84282162702816,-12.13595573200725,-12.581045953825727,21.61394683072046,0.0059580003730418,0.0005678322153061,0.5726849408524312,74937.00816232977,1578401.4806766734,0.0843090749476147,0.9617908550266574,0.0005679342271027797,0.0005679365713021605,-1.020117966797152e-07,-1.0435599606054956e-07
432,-1.4756109721868864,-8.240934163754844,-6.251854532454468,-13.576880829139837,-15.675428588604662,-16.785046137492664,-16.315134655320925,-13.3979653954147,-12.247153600568929,21.555425089322565,0.005958000338886,0.000567702351192,0.5728159398275023,74937.0077327347,1578040.4977940042,0.0843090749476147,0.9635412772670352,0.0005676253243785538,0.0005676242552187872,7.702681344612296e-08,7.809597321281093e-08
433,-1.305258516784213,-6.439241152759192,-6.948043966437583,-12.74436838874005,-11.546546216113104,-14.991941955406553,-16.081520189524458,-13.988357013593564,-12.11481544682074,20.83450843688138,0.0059580008464473,0.0005598734789888,0.5808258644111557,74937.01411660892,1556278.6055580515,0.0843090749476147,0.9654922999806008,0.0005598967755615196,0.0005599053115293413,-2.329657271954444e-08,-3.18325405412271e-08
434,-1.2303444163728787,-6.992490093194118,-8.788543548085059,-11.527844074673418,-13.454359092259295,-14.645667084322438,-15.354286486071354,-11.326588331080774,-10.105437536867743,20.376912158517705,0.0059580024043549,0.0005734161308653,0.5671084356316026,74937.03371125918,1593923.073761905,0.0843090749476147,0.9615522245899027,0.0005733608448556435,0.0005733483813316375,5.52860096564951e-08,6.774953366253753e-08
435,-1.415191974715533,-5.589774439102646,-6.93956127660196,-13.127605116250894,-11.869941520998117,-15.422411391957752,-12.176823599290994,-13.607580027191736,-11.560710599161794,20.45440956515481,0.005958000786353,0.0005580619563744,0.5827112720373523,74937.01336077,1551243.1216603504,0.0843090749476147,0.9641669131164078,0.0005580670435628174,0.000558075617013637,-5.087188417371956e-09,-1.3660639236988403e-08
436,-1.0305690081909402,-5.852735070209242,-8.055333992651073,-10.904211339028915,-13.567608240440586,-16.14994954977354,-12.582151711454,-13.720993442289508,-12.311722769865632,20.42316814807945,0.0059580030127509,0.0005567936581813,0.5840389343024296,74937.04136338603,1547717.6370329338,0.0843090749476147,0.9653666905697852,0.0005567000392037793,0.0005567023939271646,9.361897752076936e-08,9.126425413541559e-08
437,-0.9921690089199244,-6.693374720121874,-6.842521508481791,-10.16115676018438,-13.39393911766626,-12.42095971842973,-15.435937644550055,-14.291867328773533,-9.497873382474584,20.073587902551367,0.0059580016741646,0.0005680772903497,0.5724380655313152,74937.02452725876,1579082.7150293968,0.0843090749476147,0.9658049700115467,0.0005682037387004911,0.0005682056763421404,-1.2644835079109618e-07,-1.2838599244043968e-07
438,-1.1264428621270817,-7.904672944382559,-8.785619541288618,-12.140896439805532,-11.808989695258532,-11.95736834470418,-14.01456782430814,-14.16643282896537,-10.47922701269992,20.66852993769816,0.0059580044033201,0.0005643183060541,0.5762515323501458,74937.05885333077,1568633.877823684,0.0843090749476147,0.9639012321462508,0.0005641937579203572,0.0005641763297818543,1.2454813374282274e-07,1.4197627224571407e-07
439,-1.0932709577460566,-7.796095971255219,-7.565109566727493,-14.333117846975489,-14.866200812721791,-13.78845336987728,-14.868321675383706,-10.70597966480084,-11.728678472048616,21.025055683125192,0.0059580003610753,0.0005757559574399,0.5648034613535909,74937.00801182103,1600427.0825697882,0.0843090749476147,0.9601893300265638,0.0005759909753060452,0.0005759914173096934,-2.3501786614520907e-07,-2.3545986979340953e-07
440,-1.229005920490467,-7.404850450691506,-7.494671814004126,-12.96026027921078,-16.715714232269647,-17.331298435232274,-15.822061207722086,-13.102599846580253,-11.425010724797108,21.49757020208597,0.0059580002804083,0.000572754377218,0.5677633624247329,74937.00699722889,1592083.5991623518,0.0843090749476147,0.9626527774118208,0.0005729613044520803,0.0005730080596489785,-2.0692723408030633e-07,-2.5368243097856086e-07
441,-1.032539622039492,-6.400034840981025,-6.672969314239854,-10.416666405459967,-14.278309485859117,-15.325931137153669,-16.6809720734014,-15.037857563160042,-10.201493807974233,20.59869836414756,0.0059580009002963,0.0005710431768748,0.5694648232781158,74937.01479389721,1587326.980776574,0.0843090749476147,0.9667417750191312,0.0005708890801081135,0.0005708907533691804,1.5409676668650014e-07,1.524235056195788e-07
442,-1.2221632621866374,-5.94255766674659,-8.771795793520328,-10.118409061270013,-15.46000917975299,-16.880710685612037,-13.568737931932544,-15.378144603643513,-10.47682061398118,20.809670433555468,0.0059580002068966,0.0005671342475752,0.5733897157941871,74937.00607263166,1576461.3418994937,0.0843090749476147,0.9659372585411282,0.0005672370659494291,0.0005672281330814422,-1.0281837422914872e-07,-9.38855062421716e-08
443,-1.07661739710281,-7.060124630836354,-8.776256407159648,-13.996109316001045,-16.420152516699716,-14.20213691220425,-15.368404980647982,-12.167949644056096,-10.695506301484537,21.47703996233269,0.0059580003643281,0.0005778301993557,0.5627759820893892,74937.00805273374,1606192.8465101644,0.0843090749476147,0.9606352243028669,0.0005777701545748217,0.0005777850848427976,6.004478087830167e-08,4.511451290236529e-08
444,-1.336878821219776,-6.543422676397422,-7.498130337835415,-12.604359665552376,-15.273843564845006,-15.450173166293618,-17.42404354014302,-10.843107565950978,-12.394732491122292,20.940686868010022,0.005958000917394,0.0005725100880778,0.5680057172351003,74937.01500894413,1591404.5493830452,0.0843090749476147,0.9620834811980928,0.0005722025609550918,0.0005721961659578186,3.0752712270817623e-07,3.1392211998133336e-07
445,-1.051919427468131,-6.948327749557459,-6.125154928295127,-10.927725473692435,-15.004224486718195,-13.32682206407214,-12.622932046667358,-14.230236179703097,-11.549538305027198,20.2897594059982,0.0059580016625854,0.0005597490929259,0.580955053472614,74937.02438162031,1555932.849997719,0.0843090749476147,0.9658678195283172,0.0005596496447175351,0.0005596472699028875,9.944820836488635e-08,1.018230230124444e-07
446,-1.419957298247419,-7.805696449059242,-6.975347139227612,-12.273829099202198,-15.026238878775194,-14.820682341661886,-17.193238622832663,-13.917894588180356,-12.638598907476702,21.34312298360986,0.0059580004832241,0.0005624822605022,0.5781319527606393,74937.00954815307,1563530.227590921,0.0843090749476147,0.9651573402197354,0.0005626670199802834,0.0005626693576298208,-1.8475947808336592e-07,-1.870971276208503e-07
447,-1.018333026435723,-8.137542279795516,-6.960335923053595,-10.772788346210428,-11.238672612939231,-17.13111447072172,-17.16713846888467,-12.941790537349942,-12.72892422050004,20.481987760985326,0.005958004089173,0.0005669592881409,0.5735672202212795,74937.05490213117,1575975.0076922963,0.0843090749476147,0.9658118630406796,0.0005672152135633532,0.0005672291562560846,-2.559254224531902e-07,-2.6986811518456277e-07
448,-1.3505159830003848,-5.748572274507707,-8.638087488713358,-13.1173103469947,-11.340644225172756,-12.07291728958834,-14.35519152331894,-15.070468715674073,-12.05051663816283,20.986125898102788,0.0059580025880929,0.000557952630828,0.5828257131812236,74937.03602223178,1550939.2297715754,0.0843090749476147,0.9656518953511138,0.0005578615194208647,0.0005578625392976273,9.11114071352765e-08,9.009153037269849e-08
449,-1.3932555322524398,-7.044643318453801,-7.495292014040009,-12.439890031772364,-13.854445551246132,-16.63728734960978,-16.983888704896135,-12.761288905814164,-12.071417496065973,21.094660305717817,0.005958000865446,0.000565825263765,0.5747162945432842,74937.01435556528,1572822.7635859689,0.0843090749476147,0.96373672668259,0.0005657621870247106,0.0005657579782383768,6.307674028937799e-08,6.728552662325742e-08
450,-1.1320313611386077,-7.8916225830083455,-6.315541769733002,-12.368476982930272,-11.364612317508804,-11.893047904962394,-14.659504965373486,-12.295448151816505,-13.415250294925157,20.26831233775695,0.005958003658072,0.0005572882885253,0.5835206557878898,74937.04947994051,1549092.559494869,0.0843090749476147,0.9648553438753364,0.0005572707280383,0.0005572616033134781,1.7560486999961857e-08,2.6685211821828557e-08
451,-1.4565536023485537,-5.694028638177592,-7.359493504066751,-13.3415780365858,-15.531469006174104,-12.235825509315069,-14.758730497858648,-14.876277029456444,-10.277308765335372,21.21087524947583,0.0059580003523123,0.0005656879116711,0.5748557645131276,74937.00790160359,1572440.966388811,0.0843090749476147,0.9641698632469,0.0005656828208564119,0.0005656828525822432,5.090814688096627e-09,5.059088856824642e-09
452,-1.1440968192050212,-8.218977746910047,-6.307626745680897,-13.385329030294336,-15.045682149831023,-17.161163265885747,-16.59434113818826,-13.256182672059026,-12.53659899409304,21.47086128434113,0.0059580003257402,0.0005659735851278,0.5745656039594782,74937.0075673925,1573235.0520269312,0.0843090749476147,0.9638318763950998,0.0005660054246004614,0.0005660107659681527,-3.183947266136109e-08,-3.718084035260732e-08
453,-1.227763882059836,-6.557628327731834,-8.58873557248332,-13.095068383406542,-13.305506008156753,-14.719275226741296,-14.364300772826915,-10.896353419099372,-12.31339318076114,20.680527156955133,0.0059580009662501,0.0005662996356026,0.5742348869018455,74937.01562343288,1574141.3735394003,0.0843090749476147,0.961355505055112,0.0005665232060070551,0.0005665359999900668,-2.235704044551562e-07,-2.363643874668444e-07
454,-0.9954572001152056,-7.886075800288227,-7.582199251260903,-9.930312593484068,-16.544756476297596,-15.035887593894756,-16.92245094531956,-14.035665974754158,-11.69992341413112,20.92137789342463,0.0059580007738202,0.0005714853899535,0.5690241555868479,74937.01320313747,1588556.1991256662,0.0843090749476147,0.9657226402954188,0.0005713586591037237,0.0005713561520729251,1.2673084977623834e-07,1.292378805749098e-07
455,-1.3019646618916343,-7.617676129936765,-7.181403040915031,-10.66095999133504,-15.448589451943644,-12.845370309420748,-15.500977545871956,-13.332492241974034,-12.652804325027123,20.66104810211197,0.0059580015572139,0.0005612578499722,0.5793933316056666,74937.02305630625,1560126.7373673397,0.0843090749476147,0.9654258021464104,0.0005612299856166295,0.0005612319180290883,2.7864355570399353e-08,2.593194311161732e-08
456,-1.1584935089932151,-5.862593962198034,-7.599134643029801,-9.881696282277597,-13.301283677404324,-14.780312666006036,-16.32568894121253,-11.121157668312852,-11.516803425652949,19.85707586641332,0.0059580022849509,0.000567500873553,0.573019585202411,74937.03220945052,1577480.4510139087,0.0843090749476147,0.963832252339784,0.0005673274980809552,0.0005673114627646233,1.7337547204474522e-07,1.8941078837667047e-07
457,-1.398979224135902,-7.177839103876272,-7.039867393556678,-14.668657848071168,-13.6498119303592,-14.543978697911896,-17.09744585073825,-15.06074523536843,-11.099272863648212,21.792047792791767,0.005958000186286,0.0005662763577304,0.5742583791600421,74937.00581340105,1574076.6681088435,0.0843090749476147,0.9643353547313002,0.0005662768094852564,0.0005662818133174367,-4.517548563964108e-10,-5.4555870367080025e-09
458,-1.4601330776411472,-6.8010023931816335,-6.200846099412749,-12.583636080636095,-12.882972131471949,-13.93071897521834,-13.12049403174877,-12.069950758415017,-10.604835887236534,20.11189033672996,0.0059580008331215,0.0005644949128186,0.5760707296365652,74937.0139490031,1569124.7911094236,0.0843090749476147,0.9626055961783392,0.0005647253448911318,0.0005647142274723696,-2.3043207253176795e-07,-2.1931465376959832e-07
459,-1.285076211599001,-7.946337034402882,-6.805318701973606,-13.577966837043569,-14.345706332386008,-13.165335100074834,-15.086796228268376,-15.35663875091944,-13.281881620566889,21.590652809513287,0.0059580001968755,0.000555219912921,0.5856939505341228,74937.00594659113,1543343.1021225248,0.0843090749476147,0.9661249114506714,0.0005552635624228165,0.0005552685788947305,-4.3649501816505655e-08,-4.866597373047801e-08
460,-1.141594196794088,-8.349261836292044,-9.048261654090286,-11.941237971773663,-13.887084787304634,-16.295273802375952,-14.731212010853309,-11.176992483389414,-13.564930129830888,20.91378657403869,0.005958003829531,0.0005646415764163,0.5759215318230132,74937.05163647361,1569532.4714654288,0.0843090749476147,0.9623023625598348,0.0005645104188217085,0.0005645382642589567,1.311575945914592e-07,1.0331215734326379e-07
461,-1.398114059307483,-6.015847388692256,-7.613402761090599,-13.976206004917158,-11.92002267193316,-13.68488755371984,-13.833595098694737,-15.836542677407175,-11.213500701826952,21.22315135669756,0.0059580010445405,0.0005595937832513,0.5811162013328705,74937.01660813476,1555501.136167887,0.0843090749476147,0.9655614051996376,0.0005595260188531244,0.0005595241277090787,6.776439817558679e-08,6.965554222131132e-08
462,-1.3521182568355057,-8.056274481535116,-8.914895350884882,-10.147841926149738,-16.589921468710806,-11.61658871819698,-12.23555444267135,-11.04551631718534,-12.873263501012977,20.21995980419137,0.0059580011798209,0.0005684461900302,0.5720665040795796,74937.01830962881,1580108.1443486873,0.0843090749476147,0.9622430114901444,0.0005687753623144222,0.0005688316541901486,-3.291722842221293e-07,-3.854641599485313e-07
463,-1.0862009274878397,-7.718867077788084,-8.614706054071965,-14.56628216836873,-12.896897698116598,-15.64760547992015,-16.09526661120062,-10.816737042482307,-11.003244634146135,21.161288163354023,0.0059580005310256,0.0005801416050833,0.5605337881674175,74937.01014937776,1612617.8539764383,0.0843090749476147,0.9599549475433978,0.000580139182332864,0.000580140885821012,2.422750436034682e-09,7.19262288075527e-10
464,-1.139079422015761,-7.071115862166445,-8.579740673481313,-14.281446175478631,-12.890894667616683,-13.239077485723806,-16.46751239522336,-15.395923100658162,-11.892277784475358,21.82096976582872,0.0059580001924428,0.0005613987143086,0.5792477530901627,74937.00589083842,1560518.2975345172,0.0843090749476147,0.964789567410524,0.0005611540837778004,0.0005611420840942909,2.446305307996031e-07,2.566302143090348e-07
465,-1.1824264930471944,-7.354724279361417,-7.644663444594823,-12.120040077724072,-15.612035391654398,-12.566088145891785,-12.365879519539298,-14.402478593154129,-11.15251323538386,20.85433285764168,0.0059580007783276,0.0005619579296101,0.5786714177041691,74937.01325983032,1562072.7466059676,0.0843090749476147,0.9640769431762624,0.0005619086112324465,0.0005619109532324419,4.931837765357206e-08,4.697637765815974e-08
466,-1.423062481274009,-5.650027163754524,-8.18357101611578,-14.180441939174443,-12.363367166710788,-16.74200343038411,-12.561322246029452,-14.00401822665503,-9.434222535540371,20.94937953086233,0.0059580003427405,0.000570972063134,0.5695356693477949,74937.00778121465,1587129.3061276558,0.0843090749476147,0.9622559942371858,0.0005709321780083599,0.0005708953433285974,3.988512564006338e-08,7.671980540256956e-08
467,-1.3587268297640132,-5.8847976822531205,-6.59932609920384,-11.312314986706546,-11.788151913834865,-15.031185826906402,-11.667513927545292,-12.077488451130227,-9.768343373413677,19.51493861714852,0.005958000899471,0.0005645911090507,0.5759725871035728,74937.01478351677,1569392.1874829598,0.0843090749476147,0.9629748662676576,0.0005644832352231154,0.0005644851531743816,1.0787382758467665e-07,1.0595587631844622e-07
468,-1.31108514916373,-6.275434176733057,-8.313366639039293,-10.510319450389922,-11.522975807707477,-15.0668670504491,-14.720558447266734,-11.850166074935796,-12.938320393439207,20.05571760541948,0.0059580076543989,0.0005591868063508,0.5815401062233888,74937.09974391513,1554369.863716061,0.0843090749476147,0.9646760516111338,0.0005591338364844211,0.000559125489712748,5.2969866378891305e-08,6.131663805191735e-08
469,-1.388042541069494,-8.157846197996744,-6.465084406234407,-9.99901824474839,-12.39455301202263,-15.516615677897162,-16.994377708631095,-11.813167151223466,-13.204717978005968,20.113079642228595,0.0059580020876068,0.0005664837993321,0.5740483653585671,74937.02972734542,1574653.292897598,0.0843090749476147,0.9655877337110208,0.0005664476079333557,0.0005664264883511373,3.61913987443176e-08,5.731098096269094e-08
470,-1.3576774672827836,-5.754898241271734,-7.839467664908303,-11.342779475992804,-14.447061227720525,-13.558733261467546,-14.201434550516232,-14.294429580817814,-13.572888295502878,20.826357774378383,0.0059580010628692,0.0005529616042079,0.5880860671672,74937.01683866426,1537065.68826598,0.0843090749476147,0.9666860218470406,0.0005531342968472472,0.0005531236287874761,-1.7269263934724215e-07,-1.6202457957606182e-07
471,-1.397520145412632,-7.243269663578988,-6.794306194728007,-14.582319302654692,-14.104679249785914,-14.225076702462628,-14.697760638217948,-10.791971928742036,-13.421735099858363,21.003302182621027,0.0059580003341044,0.0005671306818228,0.5733933392630131,74937.00767259352,1576451.430188181,0.0843090749476147,0.9614142211198718,0.0005673810965468775,0.0005674024813219804,-2.504147240774872e-07,-2.7179949918033127e-07
472,-1.0186012054851017,-8.135081519892628,-8.01634743414712,-11.736146422821417,-15.380026515270902,-15.397105036926984,-15.796739906318075,-11.906015852904003,-11.495447809696294,20.891043856983853,0.0059580012577961,0.0005708884230189,0.5696192424995797,74937.01929036647,1586896.8119543437,0.0843090749476147,0.962341508935499,0.0005704575185625229,0.0005704456519230362,4.3090445637713765e-07,4.4277109586383055e-07
473,-1.2563701598141437,-5.744395478720593,-7.00898383144923,-11.13019008709675,-14.732312672258924,-13.419803886001596,-13.459807465339573,-15.552426517889636,-11.412670106090989,20.65083468754189,0.0059580017756873,0.0005584651300664,0.5822907393217017,74937.0258041645,1552363.8223446992,0.0843090749476147,0.9670752936258528,0.0005585719594779618,0.0005585812089020893,-1.0682941156182641e-07,-1.1607883568926208e-07
474,-1.3031764313614158,-5.648426925256585,-8.725002978861976,-12.342489151231495,-14.067934855120331,-11.739998260370758,-12.63157822055537,-11.45677068967878,-9.66117719149448,20.1309405593811,0.0059580006458096,0.0005723650746146,0.5681495873717054,74937.01159307922,1591001.455900712,0.0843090749476147,0.9608199416512996,0.0005725636401234065,0.0005725654444968653,-1.9856550880653114e-07,-2.0036988226533776e-07
475,-1.0938200373711886,-6.24068081084176,-7.887434308419966,-12.954549632749778,-11.840631137591988,-14.88199290101212,-13.074780987403324,-15.694436942888837,-11.063486685937344,20.96008723940605,0.0059580011729771,0.000558735643953,0.5820087328364822,74937.01822355065,1553115.768971996,0.0843090749476147,0.965766086105448,0.0005587541937047383,0.0005587622346786957,-1.854975173833963e-08,-2.659072569576558e-08
476,-1.377610348344745,-8.126190219272651,-7.505498812813606,-14.44527408510455,-11.62233562830954,-13.111951236121897,-14.222368242684649,-12.79770496407416,-10.444598441537163,20.879338441934213,0.0059580006515427,0.0005707620688702,0.5697452566905266,74937.01166518747,1586545.585711604,0.0843090749476147,0.9616688942776288,0.0005706510581076836,0.0005706662773991284,1.1101076251632518e-07,9.579147107160232e-08
477,-1.3551885653003883,-7.888863845924102,-8.860883247014225,-10.621534481592445,-11.299748048942876,-14.012467723781423,-16.802237949712183,-14.675932331899023,-10.858472319901397,20.71380614627416,0.0059580054031701,0.000569285249284,0.5712239529550239,74937.07142898721,1582440.474802821,0.0843090749476147,0.9658643103765224,0.0005696087732530973,0.0005696292408335641,-3.235239690972669e-07,-3.439915495641148e-07
478,-1.0611431136158336,-6.269946553408044,-6.7907748915165245,-12.447428744325428,-16.10791893411782,-16.910930487347834,-12.205466388013722,-14.71660551430123,-9.355741879575646,20.869554648194047,0.0059580007755725,0.00057284199093,0.5676765962356609,74937.01322517707,1592327.1387310545,0.0843090749476147,0.9636379065746686,0.0005730134044327732,0.0005729633835357672,-1.714135027732367e-07,-1.213926057671861e-07
479,-1.1815373384426664,-7.773432315192095,-7.475414518641779,-14.138590293862514,-14.490779197547743,-16.245684905004847,-12.223696989243244,-13.064376457677882,-12.91799681692772,21.279682979873847,0.0059580002843919,0.0005622156956921,0.5784060350335096,74937.00704733233,1562789.2581996953,0.0843090749476147,0.9625104525385094,0.000562249839460493,0.0005622487014595133,-3.414376839301712e-08,-3.300576741332561e-08
480,-1.391326317717313,-7.116730474280243,-7.018806723627068,-12.792137560929014,-16.015999660485637,-13.920941448166522,-13.710413399620132,-15.636333594267269,-11.093812995798894,21.35165408370308,0.0059580009736377,0.0005625928431123,0.5780183871673816,74937.01571635116,1563837.6137356237,0.0843090749476147,0.9652339966079552,0.0005626553158981709,0.0005626513206536068,-6.247278587089185e-08,-5.847754130678274e-08
481,-1.3118747627807406,-6.329527859341052,-6.735009706998539,-13.84696552088816,-14.601317926131722,-16.908092287160834,-11.926611463884614,-13.67451741956939,-12.1597321311196,21.05893598932897,0.005958000474483,0.0005619787355885,0.5786499494526179,74937.00943821158,1562130.5809207384,0.0843090749476147,0.9633624997040244,0.0005620853400581951,0.000562066719452336,-1.0660446969504387e-07,-8.798386383595657e-08
482,-1.0528604091408784,-8.355777865232097,-6.586928615896003,-13.758067021418844,-11.206293668730003,-15.845408325449617,-17.417473027280057,-14.54908813003269,-12.256757379753026,21.384641308277505,0.0059580008484483,0.0005648577208675,0.5757007216948934,74937.01414177658,1570133.2875387266,0.0843090749476147,0.9653765729966538,0.000564899641702982,0.0005649047589551426,-4.192083548197091e-08,-4.70380876426129e-08
483,-1.272437772478901,-7.021315365861968,-8.844537178833345,-13.948397787327576,-12.54200910863188,-14.863947114286344,-13.713161303251685,-14.704667037424786,-13.079561876835182,21.52862369063181,0.0059580005002311,0.0005553351263922,0.5855724833441001,74937.00976205959,1543663.3606579814,0.0843090749476147,0.9645152780763564,0.0005553343230893083,0.0005553393046314825,8.033028916533402e-10,-4.178239282554355e-09
484,-1.0772037851401293,-6.983270302964256,-6.403329796065194,-14.696951770864448,-15.387162553918424,-14.77557570448826,-12.544783493500958,-15.443716150946528,-11.041590574538349,21.52530694440209,0.0059580001736385,0.0005640312267266,0.5765442175935988,74937.00565432668,1567835.8842907448,0.0843090749476147,0.9640111365957506,0.0005643132569879296,0.0005643295147627057,-2.820302613295699e-07,-2.982880361056305e-07
485,-1.0331882413784506,-8.0270895579989,-8.78140901599675,-12.60871197520166,-15.524260867811464,-13.19441594309012,-12.403671006573916,-10.673464054847738,-9.330512817576755,20.415552645429663,0.0059580006196536,0.0005865438317937,0.5544154779233063,74937.01126410117,1630414.10407805,0.0843090749476147,0.9591411136363672,0.000586476978050468,0.0005864681029714714,6.685374323198937e-08,7.572882222857662e-08
486,-1.147865060189169,-5.753700614831228,-7.355008576507013,-10.095252159162875,-14.097332321366864,-16.42180077680921,-16.397014501113237,-15.120631790704344,-10.506780956086327,20.611724076563643,0.0059580000578498,0.0005700184074589,0.5704884764712245,74937.00419798864,1584478.4323502104,0.0843090749476147,0.9669985306500212,0.0005699380698919848,0.0005699716994546281,8.033756691524282e-08,4.670800427192864e-08
487,-1.133467272202512,-6.611978557523545,-7.628092969904182,-13.543492246808883,-14.968482842860965,-12.851905745040426,-16.339870144380626,-14.81652507658194,-10.511517676009282,21.473066614118466,0.0059580000998971,0.0005663872479276,0.5741459354250432,74937.00472684066,1574384.9092525763,0.0843090749476147,0.9641393321959422,0.0005665398265757056,0.000566531687631444,-1.525786481055679e-07,-1.444397038439637e-07
488,-1.0190480142836746,-5.646873775233636,-6.918895560243579,-10.347579024086825,-13.2127620312184,-15.978001205893468,-16.31963310828343,-12.833570682632509,-9.7353486803126,20.044527058155776,0.0059580011671516,0.0005716814875316,0.5688290258528891,74937.01815028035,1589101.2909664544,0.0843090749476147,0.9645359307531786,0.0005716144509152886,0.000571597288767928,6.703661631140764e-08,8.419876367199257e-08
489,-1.2520216568870697,-6.672594832908113,-6.528440757975488,-12.521514570976416,-11.813258793770268,-14.900136330857494,-15.776017845021228,-13.07797471885014,-11.396035418066234,20.52343468525333,0.0059580007159321,0.0005624595877505,0.5781552911379331,74937.01247504738,1563467.2042121186,0.0843090749476147,0.9644180202545876,0.0005624691640934105,0.0005624667730312501,-9.576342910495861e-09,-7.185280750054111e-09
490,-1.2058296638371575,-6.939359075366554,-8.887206069950311,-11.896676794224696,-16.197152377727864,-12.377636551867177,-14.473203267014728,-11.911350061561562,-10.573475887362717,20.738046660530816,0.0059580029436018,0.0005728799021471,0.5676393391887499,74937.04049366037,1592432.520425846,0.0843090749476147,0.9614376737630148,0.0005728209398595745,0.0005728233613306516,5.896228752542542e-08,5.654081644838795e-08
491,-1.0084453349999272,-7.444032881123086,-6.56540561376524,-13.45446211231086,-14.824512571803629,-13.865570424098838,-15.083111233948006,-13.350516887979264,-10.86750514097092,21.04650052646237,0.0059580008484625,0.0005660928746545,0.5744446046207505,74937.01414195511,1573566.640761166,0.0843090749476147,0.9630718647831746,0.0005663815484962535,0.0005663841077848154,-2.886738417535355e-07,-2.9123313031542784e-07
492,-1.294331622515408,-7.569845107986167,-7.763709352152128,-14.51770557702616,-13.74547688088315,-14.960351478662588,-15.006841939511911,-12.104893010014647,-10.233017640897096,21.154905185987367,0.0059580004361592,0.0005760730500656,0.564492582611009,74937.00895619162,1601308.5039764442,0.0843090749476147,0.9607324526163956,0.0005762407264764119,0.0005762560914906076,-1.676764108119377e-07,-1.8304142500758392e-07
493,-1.3245222677083692,-7.671223585958571,-6.485915120474447,-10.29471782808475,-11.293717837606962,-12.598585090856918,-12.832079130831785,-14.122857831875796,-9.411206096340145,19.64013839527281,0.0059580039088731,0.000565241727664,0.575310052674806,74937.05263440189,1571200.7100622084,0.0843090749476147,0.9654901614074364,0.0005653035986473801,0.0005653090256625219,-6.187098338013026e-08,-6.729799852187978e-08
494,-1.3493681273649731,-7.009445164159378,-7.704769506717558,-14.187780948874735,-16.57553734976285,-15.97267717081434,-12.039907355980318,-14.670769437312828,-12.837353534645723,21.746414527168096,0.0059580004959332,0.0005624247429834,0.5781910784594789,74937.00970800185,1563370.3463188875,0.0843090749476147,0.9635419535339772,0.0005621864158112641,0.000562226995540381,2.3832717213590707e-07,1.977474430190024e-07
495,-1.0256678118297906,-8.038486166720094,-8.957368954798474,-11.095290039137245,-11.597640171387203,-15.860243889171471,-12.814809328431805,-14.70918359390962,-9.56231435367301,20.511111642828297,0.0059580087994124,0.0005678460057834,0.5726722477479164,74937.11414537158,1578439.814024366,0.0843090749476147,0.9643234247994106,0.0005678133075159574,0.0005677973665131195,3.2698267442635154e-08,4.8639270280479915e-08
496,-1.4556642312592818,-6.655163675086906,-7.621817440027527,-13.883981005266667,-14.037090713158726,-13.127596434811467,-13.009485423317656,-13.324943731066377,-9.924429513944006,20.867247362981647,0.0059580004373201,0.000569062131652,0.5714472037616689,74937.00897079386,1581820.2753999997,0.0843090749476147,0.961898015690858,0.000569287010329435,0.0005692947993512317,-2.2487867743501474e-07,-2.326676992317001e-07
497,-1.1496010295703816,-8.075652923103137,-8.019890945756343,-11.99347656288264,-11.274649404148615,-16.719330523242462,-12.82720878032985,-13.095135547716309,-9.233690169816288,20.29804234376224,0.0059580029212898,0.0005720030744436,0.5685094744970184,74937.04021302993,1589995.205127035,0.0843090749476147,0.9624605924269536,0.0005719346798713357,0.0005719440352371035,6.839457226427963e-08,5.903920649650944e-08
498,-1.1977839627421756,-5.93494894164056,-8.287448328068878,-14.31250470984974,-14.013151085053051,-15.111314356180491,-16.679432918066773,-10.711692277692626,-12.865362614309936,21.207609635740948,0.0059580004799318,0.0005701889240593,0.5703179308933637,74937.00950674435,1584952.4168252056,0.0843090749476147,0.9612101505841576,0.0005704275414104499,0.0005704223173456064,-2.3861735114986266e-07,-2.333932863063902e-07
499,-1.141388441664013,-5.666946635750506,-7.056774506779004,-10.925502096236116,-11.6894590162802,-12.63540396678171,-14.913264935627156,-13.6264487566256,-12.33380732082012,20.09926728917613,0.0059580025405801,0.0005564117675783,0.5844397172063428,74937.03542463762,1546656.0968862153,0.0843090749476147,0.9665957405994788,0.0005563799442682045,0.0005563775863148913,3.182331009550076e-08,3.418126340868147e-08
500,-1.1222152060713837,-7.2278846013971485,-7.939454531642324,-13.894420328688078,-14.409380983810102,-11.87061407419857,-12.481920240811036,-10.638820354966713,-10.977372286396406,20.49440940567363,0.0059580008377054,0.0005767764311903,0.5638042386852636,74937.01400665623,1603263.6903480147,0.0843090749476147,0.9597231844212234,0.0005769058062898062,0.0005768935528512992,-1.2937509950622286e-07,-1.1712166099919936e-07
501,-1.0228726374884434,-5.742520300334252,-7.629448999938778,-13.56390717710012,-15.1921762389738,-12.196948700101863,-15.228552388007,-13.073775570035266,-11.301639506363284,21.06739130928105,0.0059580003655232,0.0005645374896659,0.576027215151977,74937.00806776412,1569243.1418421366,0.0843090749476147,0.9628628706638483,0.0005645811925390354,0.0005645881914673587,-4.3702873135371793e-08,-5.070180145866354e-08
502,-1.373743064567315,-6.5052250482830525,-7.564105846954334,-12.567057244885664,-14.746072177630037,-16.898160220093853,-17.068223732155165,-12.884338407515852,-13.64888664717213,21.35470150851448,0.0059580008697196,0.0005612193143863,0.5794330148018528,74937.01440931667,1560019.6201162832,0.0843090749476147,0.964551881818191,0.0005611973955852452,0.0005611953792374678,2.1918801054883995e-08,2.3935148832214016e-08
503,-1.370161744022269,-6.941067900585295,-7.806012518510043,-12.704232085530414,-11.70618018145533,-14.053638124016963,-13.640270433577829,-11.931632820831238,-10.754165640914024,20.286993150456453,0.0059580006593562,0.0005656773696487,0.5748665220234986,74937.0117634615,1572411.6627610363,0.0843090749476147,0.962102448845086,0.0005657783506052226,0.0005657823802236962,-1.0098095652255699e-07,-1.0501057499620083e-07
504,-1.043453621825685,-7.426164707085698,-8.96949095048058,-12.947173405051617,-14.807952132405308,-13.48662998239401,-14.458931996926646,-12.459488339366494,-12.5122071265869,21.16838918148225,0.0059580013816031,0.0005619121945598,0.578718604714848,74937.02084755387,1561945.6170260094,0.0843090749476147,0.9623360200248436,0.0005621067206125106,0.000562108844032143,-1.945260527105256e-07,-1.9664947234292705e-07
505,-1.1435718894226652,-7.410316767727284,-7.877350409832648,-10.634254280985672,-14.358335684864096,-15.424015636150472,-12.699149844176295,-11.231862764781926,-10.79931769374286,19.982063702936944,0.0059580025234067,0.000570130490402,0.5703766772032407,74937.0352086378,1584789.9889660252,0.0843090749476147,0.9619719552974604,0.0005697413582368545,0.0005697567125551573,3.891321651455261e-07,3.737778468427275e-07
506,-1.2844336197608497,-7.771522137627054,-7.195318412190851,-11.65031249973747,-14.556939117571108,-13.11502371467048,-13.882152434607937,-12.30504430543774,-11.775254221576589,20.44936666571362,0.005958001195922,0.0005623681810712,0.5782493337135955,74937.01851214157,1563213.1213438609,0.0843090749476147,0.9632165793522588,0.0005624641453019953,0.0005624587571461161,-9.596423079533817e-08,-9.057607491618457e-08
507,-1.1651175926433517,-7.196868069299508,-6.309242941253704,-14.62171854487988,-13.284888259834812,-12.495503798830768,-11.970151264610584,-12.474640530972906,-12.508030748716118,20.7179627420412,0.0059580000786717,0.0005627959013337,0.577809706442201,74937.00445987721,1564402.0540557466,0.0843090749476147,0.9623570977216728,0.0005627130798213257,0.000562726880842307,8.282151237428478e-08,6.902049139298136e-08
508,-1.2730041275311967,-8.17045759314625,-8.367805444852065,-12.302464915152427,-14.642679603925153,-11.659860372452425,-15.409823258085892,-11.426721089249114,-11.131715592739614,20.694403375110923,0.0059580009159509,0.0005709025969454,0.5696050514128295,74937.0149907929,1586936.211174786,0.0843090749476147,0.9614308555297324,0.0005709453843379281,0.0005709411381566589,-4.278739252814266e-08,-3.8541211258916186e-08
509,-1.4246260364309478,-6.592733687425051,-8.489370581729716,-13.694150887608815,-14.221089991092082,-14.502248509922593,-16.768426591959926,-14.462118872948857,-10.02725917824564,21.576333732551188,0.0059580002275095,0.0005704518085827,0.5700550718383358,74937.00633189168,1585683.156134786,0.0843090749476147,0.963293280191398,0.0005705611579657158,0.000570563221773807,-1.0934938301588107e-07,-1.1141319110699339e-07
510,-1.1209704879663076,-7.885648702816256,-7.326799593572128,-13.26061987883408,-12.411532144615784,-15.543881641424347,-13.868241540803846,-14.286739522129006,-11.824032168234378,21.06603157583695,0.00595800049212,0.0005592075129092,0.5815175241367947,74937.0096600411,1554427.4216734702,0.0843090749476147,0.9643696640307452,0.0005591722527595323,0.0005591679438461438,3.5260149667658974e-08,3.9569063056189326e-08
511,-1.4457999211961854,-6.662618452466321,-7.290034405484333,-11.135260722733769,-16.271357215343617,-16.334216543519773,-17.153179323811912,-13.427519992795718,-12.227562366928558,21.10436341257156,0.0059580005678566,0.0005686657521349,0.5718455408390559,74937.01061262215,1580718.4604628256,0.0843090749476147,0.9649754650191028,0.0005686644258675104,0.0005686588752678507,1.3262673896402219e-09,6.8768670493345174e-09
512,-1.2625697545324734,-8.196194580848914,-8.272695290223117,-13.063796877487528,-15.756804936139844,-16.688882775622705,-15.925214453858835,-12.410262898691984,-11.307300936171009,21.4485805508105,0.0059580002410267,0.0005738232579822,0.5667057640223219,74937.00650190511,1595054.763769488,0.0843090749476147,0.9617073000038135,0.0005736088697563879,0.0005736076135985916,2.1438822581218344e-07,2.156443836084541e-07
513,-1.1424501696397305,-7.894184718850196,-6.23661803423406,-14.31687000348231,-14.382386375957273,-13.561229683052924,-15.933966241849122,-15.098917083916406,-11.153012863124008,21.576319610071245,0.0059579999839717,0.0005642766394871,0.5762934419525075,74937.00326878481,1568518.057393952,0.0843090749476147,0.9645732507074776,0.0005644669603601217,0.0005644733196287714,-1.9032087302168522e-07,-1.9668014167133208e-07
514,-1.3902811322482398,-7.921330555786024,-7.676284474613174,-14.198091932203674,-13.493748846550115,-12.209205528557394,-15.194983235516933,-12.677568475878326,-12.644532557221469,21.240846415353,0.0059580002298405,0.0005622724568938,0.57834763720995,74937.00636121033,1562947.0371391824,0.0843090749476147,0.9625792207524954,0.0005622052137964657,0.0005622035754285241,6.724309733422557e-08,6.888146527586538e-08
515,-1.2398029676073865,-7.804073303567062,-8.74458383704441,-12.00732460262534,-14.71303693923018,-16.21708240500863,-13.956926509865706,-13.411916163551949,-10.878191578286332,21.05004188084221,0.005958001733603,0.0005669859730268,0.5735398854583623,74937.02527484721,1576049.1835883916,0.0843090749476147,0.9628144542706792,0.0005668305665240664,0.0005668244115217058,1.554065027335478e-07,1.615615050941984e-07
516,-1.1687590459634312,-7.546196467106727,-7.729613663980366,-11.206824348880724,-14.92477994687985,-15.103719926547445,-11.67858270052723,-13.304210746864834,-12.038289605215658,20.50996891319405,0.0059580005476783,0.0005613322157787,0.5793164258051697,74937.01035882792,1560333.4517733145,0.0843090749476147,0.9639580346804044,0.0005609404389728101,0.0005609418725657687,3.9177680588987993e-07,3.9034321293134316e-07
517,-1.0460591431936963,-5.9969807559738815,-7.349444288656468,-11.824421237246144,-13.268956286780176,-17.271980106242754,-12.450866309902056,-10.688838985285276,-10.856290355304102,19.92549322783571,0.0059580011123034,0.0005707093978165,0.5697979048609498,74937.01746042544,1586399.1761439615,0.0843090749476147,0.9614154877490292,0.0005709692261126831,0.000570952963655809,-2.5982829618311897e-07,-2.4356583930903314e-07
518,-1.4452806144166936,-7.076524924761928,-7.8814870646106545,-10.188458749947763,-14.110367335988926,-15.88220971916222,-17.41188994887482,-13.331171381378407,-10.577507796470236,20.60141331959674,0.0059580003061614,0.0005732525962446,0.5672699178189644,74937.00732113956,1593468.4970742888,0.0843090749476147,0.9647570292345834,0.0005732181861144903,0.0005732125173836092,3.441013010977139e-08,4.007886099085048e-08
519,-1.2155978732459491,-6.823745817387921,-6.290762149360976,-11.167879036175234,-12.065936785721508,-17.075103595500746,-16.75205520023658,-12.868082569076154,-12.282362290562544,20.40056227168004,0.0059580016715447,0.0005649683583519,0.5755881017729085,74937.02449430716,1570440.8262173934,0.0843090749476147,0.9655905225988968,0.000565082608005924,0.0005650799578340118,-1.1424965402396809e-07,-1.1159948211175112e-07
520,-1.4054733941728204,-8.004396672613801,-6.282730368885781,-13.445840490555687,-12.262020684944217,-15.649671844771351,-13.285682035509298,-11.676924736420048,-9.225011661447237,20.26619997129945,0.0059580007710224,0.0005771418254152,0.5634472791597679,74937.01316794829,1604279.375562872,0.0843090749476147,0.9609622701115637,0.0005771007279243115,0.0005770993366418014,4.1097490888512486e-08,4.248877339861016e-08
521,-1.143886252318412,-6.78884490624551,-6.99446026882082,-14.811940764814391,-14.500379383475812,-12.621635346212372,-12.08182054421977,-14.903996136798938,-12.290870122907444,21.38689521446344,0.0059580004035355,0.0005592384280136,0.5814853644594753,74937.00854586599,1554513.3562949856,0.0843090749476147,0.9639976888827878,0.0005592819299078981,0.000559293076437211,-4.350189429806663e-08,-5.464842361101174e-08
522,-1.2444472340360644,-6.906533443596671,-6.931522757270422,-10.025055728880933,-12.032602420908102,-13.465665859057784,-12.339545595160017,-10.582176559735906,-12.577500534907726,19.29793049913673,0.0059580032465955,0.0005596814470646,0.5810255022764002,74937.04430457605,1555744.8150027962,0.0843090749476147,0.9637539479888398,0.0005596600110460816,0.0005596573119965941,2.143601851838789e-08,2.413506800587762e-08
523,-1.0854811279534688,-6.643491361784747,-6.70068589907194,-11.560697584421716,-11.356478374237415,-12.743089678008705,-14.087586420526298,-15.81702391826784,-12.51449882905052,20.538728300073902,0.0059580037551178,0.0005575310337495,0.5832666091095214,74937.05070053748,1549767.317655612,0.0843090749476147,0.968566265152074,0.0005573749736862908,0.0005573829193047312,1.560600632092516e-07,1.481144447688194e-07
524,-1.468479261988742,-6.151955296033419,-8.672045152626897,-11.284920137040997,-14.255729646289844,-11.69181837545568,-13.24418384501853,-13.117016693053758,-10.893245723009375,20.37703660196896,0.0059580052451785,0.0005615797761057,0.579061731487601,74937.06944184082,1561021.5944607598,0.0843090749476147,0.9634616937994184,0.0005615634629330696,0.000561552772185064,1.631317263033321e-08,2.700392063594275e-08
525,-1.0463228124837156,-6.594442974674815,-7.520128022487876,-13.232157090995605,-14.236773668208995,-14.113439462748287,-16.12042754219536,-15.611936856160495,-13.326361368228817,21.673446684588487,0.0059580001645849,0.0005547716769078,0.5861671658920379,74937.00554045453,1542097.1418410894,0.0843090749476147,0.9667831656135852,0.0005547887126762367,0.0005547841310636844,-1.70357684366575e-08,-1.2454155884421107e-08
526,-1.219258805330257,-5.710945161904892,-8.694653075758177,-10.983114786819506,-11.253511162841823,-15.26300456981158,-13.559155440001948,-13.18506621093573,-9.23504435457342,19.99644635498483,0.0059580079252101,0.0005678493258688,0.572668773424722,74937.10315005513,1578449.0428558665,0.0843090749476147,0.9635407838294212,0.0005677498151110649,0.00056774532201455,9.951075773508358e-08,1.0400385424993823e-07
527,-1.2334216881236475,-7.687555846432175,-8.778673608365967,-14.093942351306906,-14.829737799430475,-14.197524802495408,-11.75792270615131,-14.380675684282064,-13.42919201858529,21.617231525284325,0.00595800052889,0.0005573808948802,0.5834232468013548,74937.01012251757,1549349.9770974915,0.0843090749476147,0.9634630586743296,0.000557634844109835,0.0005576420267161471,-2.539492296349706e-07,-2.6113183594709665e-07
528,-1.263772337537414,-7.5332757926992,-6.452151230832122,-14.695124649628497,-13.766076554474584,-16.3165610783245,-13.588883105615915,-13.7522792162614,-9.900418541405086,21.19016262873168,0.0059580002716506,0.0005721779117628,0.5683353789976154,74937.00688707751,1590481.199891008,0.0843090749476147,0.9621582634186604,0.0005721730973200822,0.0005721570360402524,4.814442717865526e-09,2.08757225476355e-08
529,-1.0810135706571116,-7.091950657207036,-7.96646497296786,-12.652685882385043,-11.850157356262386,-16.230209481330363,-14.218606168893428,-12.526620779503698,-10.673153822236747,20.563157646250293,0.0059580004702737,0.0005666435547851,0.5738862885689145,74937.00938526855,1575097.3646440236,0.0843090749476147,0.962552922693551,0.0005665644796460728,0.0005665621781403968,7.907513902721298e-08,8.137664470324758e-08
530,-1.3496799240590909,-6.116763218281879,-7.592897103153063,-13.59349286551361,-15.262271698194825,-12.801713980456102,-15.6839090850853,-15.37328587195354,-10.63223164970464,21.52539750007788,0.0059580002480002,0.0005645267003143,0.5760382072600647,74937.00658961426,1569213.1507143597,0.0843090749476147,0.9646629742887436,0.0005646877984221257,0.0005646828498377027,-1.610981078257242e-07,-1.5614952340262805e-07
531,-1.0997784453669048,-8.034175883434585,-7.801342671797606,-13.304523055440937,-15.58493689003056,-14.467556745634074,-16.946131658475636,-11.735016268494247,-10.58523403049771,21.22365388959568,0.0059580003470367,0.0005785242128311,0.5621008581754723,74937.00783524949,1608121.993655499,0.0843090749476147,0.961165895935586,0.0005785318864972969,0.000578527517730351,-7.673666196830048e-09,-3.304899250967941e-09
532,-1.3721032508766655,-6.984370209787597,-6.3960004352686886,-13.26863326602377,-15.823531844013983,-16.626074477230656,-17.481035138430567,-11.967961892089738,-9.528324071365766,21.062139758259363,0.0059580005971349,0.0005866370066157,0.5543274176637237,74937.01098087073,1630673.101847169,0.0843090749476147,0.9616061888669928,0.00058654889191437,0.0005865474960374787,8.811470132989892e-08,8.951057822129561e-08
533,-1.461027660618865,-7.985786264685585,-7.679284480048966,-14.545871560069957,-16.483420552744825,-13.568421054608296,-16.41508496461052,-13.641359039761996,-13.377231322327116,22.06792807206536,0.0059580001320631,0.0005626089831867,0.5780016825642842,74937.00513141058,1563882.4782513303,0.0843090749476147,0.9631676990622978,0.0005625789519833363,0.0005626094139940854,3.003120336360788e-08,-4.3080738542505825e-10
534,-1.1356538864631018,-5.705422653041494,-9.042573130675942,-13.188409024458618,-12.730589930551025,-11.664173127561297,-12.368105030011613,-13.405431006920088,-10.984178268585268,20.63256269013764,0.0059580006420731,0.0005620736419642,0.5785522685710569,74937.0115460831,1562394.3918844352,0.0843090749476147,0.9627331656144594,0.0005621337657433264,0.0005621365982718327,-6.01237791264574e-08,-6.295630763269219e-08
535,-1.0106685157888362,-7.177141015524653,-7.307781349725754,-10.90895016979118,-14.70256680462137,-16.65703799347436,-12.505288478987744,-15.47816321303516,-12.880984464817638,20.879355897912745,0.0059580008129534,0.0005580007050062,0.5827752397709902,74937.01369533724,1551072.8614185415,0.0843090749476147,0.9673605952620348,0.0005579047693334559,0.0005579190142701197,9.593567274412355e-08,8.169073608028671e-08
536,-1.0511619154105478,-6.52982550470836,-7.80815891999689,-14.248295212474163,-15.658948048792602,-14.027235055564,-12.224672873983872,-10.944555345712669,-12.182419274228174,20.86406374355962,0.0059580002628444,0.0005749764699382,0.5655691434637904,74937.006776318,1598260.343533854,0.0843090749476147,0.9602136030976244,0.0005746029812714038,0.0005745914540686453,3.734886667962822e-07,3.850158695547926e-07
537,-1.0303491750651448,-6.5384206237242095,-6.581227249975055,-11.916302548819347,-12.84372164382128,-13.41800693198604,-13.832318976065883,-14.882470337706454,-12.090369266352916,20.591571654779944,0.0059580011423128,0.0005554491981959,0.5854523198041941,74937.01783786947,1543980.4457033465,0.0843090749476147,0.9667091901583416,0.0005555025927976,0.0005554977779204438,-5.339460170002402e-08,-4.857972454386586e-08
538,-1.4296880759673392,-8.329613104613621,-8.522689046558018,-11.59930202870538,-14.210465981364669,-14.057315385532906,-11.775262920342264,-13.94152037264698,-11.195077457915108,20.71706616358466,0.0059580033970271,0.0005622073174378,0.5784151079594617,74937.04619663674,1562765.969191635,0.0843090749476147,0.96352887699373,0.0005623167048075485,0.0005623028991918859,-1.0938736974845566e-07,-9.558175408585449e-08
539,-1.1759476331962246,-6.078438130711685,-7.256174578793335,-14.64043461031993,-16.536012464035768,-15.055905595685104,-15.309398338438507,-13.856767120555055,-10.256163882430544,21.64379380540862,0.005957999907811,0.0005749290448626,0.5656157458974915,74937.00231086925,1598128.516195474,0.0843090749476147,0.9622353979399912,0.0005747015067218217,0.0005746806067044842,2.2753814077835447e-07,2.484381581158027e-07
540,-1.1337479173415548,-6.381460987031339,-8.664129994230818,-13.812454262047671,-14.804139408884582,-17.165048205271514,-13.820761766703342,-11.50518140756192,-10.95324103341528,21.07591767066102,0.0059580003389394,0.0005764505342644,0.5641229151772496,74937.00773340586,1602357.7956549758,0.0843090749476147,0.9604088460203736,0.0005765781140399541,0.0005765846695508938,-1.2757977555411144e-07,-1.3413528649375457e-07
541,-1.3855963278230217,-7.470287388328865,-8.224711502157028,-14.70582472256005,-14.321014249643984,-14.065963132518958,-16.840755482003864,-13.044867961056198,-11.88281781345142,21.745984290270385,0.0059579999737301,0.0005675411131191,0.5729786238000153,74937.00313996976,1577592.3048134006,0.0843090749476147,0.9621583353155262,0.0005676082523981819,0.000567601478426378,-6.713927908194497e-08,-6.036530727799444e-08
542,-1.0441802922237895,-7.199220187139179,-8.71888671744884,-10.961108820557524,-11.722381505412056,-12.08748081719243,-15.039428687546154,-13.160985817706216,-9.590264991440511,20.169428873711723,0.005958007241212,0.0005686896039121,0.571822517413948,74937.09454703919,1580784.7611754225,0.0843090749476147,0.9635910715627148,0.0005686131252596624,0.000568636907044802,7.6478652437568e-08,5.269686729797614e-08
543,-1.0458413251317429,-8.045280674140704,-6.071806997059733,-13.41110418821634,-13.579240228376603,-13.959683468860195,-14.48044732276582,-12.750792008852608,-11.58995082490491,20.768688891735646,0.0059580004147905,0.0005630353238692,0.57756405019126,74937.0086874259,1565067.576149042,0.0843090749476147,0.9631103542443528,0.0005632884363442803,0.0005632844299638227,-2.5311247508021974e-07,-2.4910609462268796e-07
544,-1.2422249794434013,-6.103481005650122,-8.603299567714211,-10.37949580836532,-16.098694101484696,-13.529367687191264,-16.668639573373554,-14.97326686248726,-12.600506088658015,21.154433747904207,0.0059579999462601,0.0005625643718788,0.5780474910095578,74937.00279446522,1563758.4723346955,0.0843090749476147,0.9669458168947116,0.0005625341828510386,0.0005625486102766637,3.01890277613643e-08,1.5761602136302177e-08
545,-1.234236336193373,-7.630067885452865,-8.083143402253809,-12.93240721724772,-16.656902735041303,-16.94201374362308,-16.283468548931076,-11.048078930795771,-10.284933383963146,21.17101187239301,0.0059580001291814,0.0005876911343515,0.5533330684502875,74937.00509516556,1633603.2575061512,0.0843090749476147,0.9603027885005182,0.0005879463069004248,0.0005879180298641959,-2.551725489248046e-07,-2.268955126958792e-07
546,-1.096070752172574,-8.230007931896461,-7.612020482475659,-12.418375748536423,-12.574484193927008,-15.276888468804536,-17.199925714415183,-15.273422717334578,-11.640164699301447,21.38736656026664,0.0059580016046039,0.0005648060169822,0.5757535325182571,74937.02365235603,1569989.5664060805,0.0843090749476147,0.9659790787538926,0.0005647432324782239,0.0005647521472420515,6.278450397610453e-08,5.386974014846661e-08
547,-1.304863698968501,-6.605907973749119,-8.63475522173271,-10.923989771959045,-14.530834076518612,-15.76323890207776,-13.671344281178326,-13.023544901198257,-10.79223425277364,20.543309027572864,0.0059580019361557,0.0005656678525303,0.5748763786995283,74937.02782246278,1572385.2080559523,0.0843090749476147,0.9633650304048303,0.0005654519237519386,0.0005654647322085127,2.1592877836142717e-07,2.0312032178730795e-07
548,-1.4326744250081909,-5.6700592886932775,-7.157553491636442,-10.211513796776051,-13.34472006917768,-13.868291162920642,-15.624763993946235,-12.122240371614945,-13.162048511881869,20.06240558074064,0.0059580023777778,0.0005582605078764,0.5825042577381454,74937.03337698372,1551795.0346661378,0.0843090749476147,0.9657162806324948,0.0005583642186837269,0.000558377546521448,-1.037108073269474e-07,-1.1703864504798971e-07
549,-1.1192477403903849,-8.219373768022653,-7.944796638667415,-14.523979726140338,-14.835962265986277,-13.564863400674094,-16.867985945012354,-11.92537595231489,-12.187374188145814,21.57732472249708,0.0059580002705244,0.0005706966022836,0.5698105594852386,74937.00687291284,1586363.6084402243,0.0843090749476147,0.9613648597790072,0.0005708758006882527,0.0005708577270165812,-1.791984046526241e-07,-1.611247329811466e-07
550,-1.4218931243416568,-8.310463730669793,-7.699739471878351,-11.313912816687653,-11.703468273034046,-17.142310073012517,-16.188999485526317,-14.986370768517338,-12.656189603633436,21.064490182,0.0059580017500697,0.0005634130595942,0.57717702108047,74937.02548195871,1566117.566994107,0.0843090749476147,0.9669033610154776,0.000563534937898666,0.0005635396484661572,-1.218783044660025e-07,-1.2658887195719695e-07
551,-1.2086540415431672,-7.120192098353521,-6.331176671388183,-13.323132181479602,-16.1180630706884,-12.309194016770396,-15.454387890819332,-15.37072148267558,-9.42393007642503,21.3008257458866,0.0059580001268712,0.0005726718641264,0.5678451463276586,74937.00506610834,1591854.237772996,0.0843090749476147,0.9644248227357212,0.0005726335060173096,0.0005726631658918296,3.8358109090397795e-08,8.6982345703316e-09
552,-1.39450380147965,-6.100365295520792,-6.970809152780319,-13.378721305305469,-15.189703426550802,-14.387101051491594,-12.393026940694856,-14.410097986920762,-10.399031976275625,20.958003575667146,0.0059580007238303,0.0005649585003799,0.5755980078840967,74937.01257438802,1570413.4240425087,0.0843090749476147,0.9634748711883816,0.0005650693527736042,0.0005650629515801703,-1.1085239370422877e-07,-1.0445120027029967e-07
553,-1.1065156643294634,-6.86910399905043,-7.523342009255917,-10.727384877165282,-14.292171911877393,-12.848572407987463,-14.975357599171002,-10.66932761327139,-9.334469734435466,19.795018459342185,0.0059580028636484,0.0005766945199505,0.5638846066568872,74937.03948804269,1603036.0019241385,0.0843090749476147,0.9614623073324836,0.0005764720510729686,0.0005764630220628636,2.2246887753133663e-07,2.3149788763634355e-07
554,-1.2792512368786313,-7.4924877628119875,-7.296377631133463,-12.581959340184357,-13.31890032908404,-17.014328039373872,-11.719872376011343,-15.175531010992788,-12.593265452355883,21.04353087851524,0.0059580004008751,0.0005568047486744,0.5840269173163554,74937.00851240437,1547748.465242789,0.0843090749476147,0.9657254735660984,0.0005567963049597709,0.0005567965198227216,8.443714629075873e-09,8.228851678402163e-09
555,-1.376033744011318,-6.408482367055878,-7.147817805737342,-12.34531465569111,-15.799615175894765,-16.96677079142174,-17.276436192759448,-13.22205815005774,-11.105769649323593,21.23480337820847,0.0059580009112991,0.0005726426633855,0.5678742145781569,74937.01493228435,1591773.068562261,0.0843090749476147,0.963673465250617,0.0005726001695843347,0.000572598063909357,4.249380116533308e-08,4.4599476143030586e-08
556,-1.2831909918488065,-7.930700735170213,-6.360334262088871,-14.536822373939412,-15.391475261380894,-13.81483045114338,-16.599805097174837,-12.148664514413598,-13.110383263128966,21.490449602438787,0.0059580002876282,0.0005662530270883,0.5742820542893541,74937.00708803721,1574011.815993996,0.0843090749476147,0.9625050282703996,0.000566503131518684,0.0005664959096858442,-2.501044303839699e-07,-2.428825975442188e-07
557,-1.2103307891377209,-8.179210784801171,-8.001105420514364,-12.887597426193867,-14.184512846236515,-14.94824420569258,-16.35944510120996,-15.14444389614627,-10.725370041095625,21.56634809001358,0.0059580004908804,0.0005660842864858,0.5744532679098003,74937.0096444505,1573542.7682548035,0.0843090749476147,0.9645701509934488,0.0005661897534426598,0.0005661750362914605,-1.0546695685970803e-07,-9.074980566049339e-08
558,-1.2975826522594582,-6.327640571239607,-7.557701555112339,-10.296211165602458,-12.251828947296392,-14.402606454697816,-15.511479588455058,-14.205627409534468,-11.991831848416654,20.336857159161813,0.0059580015149476,0.0005603268788961,0.5803559750079361,74937.02252470046,1557538.9199004066,0.0843090749476147,0.966896023066975,0.0005604371687585598,0.0005604289950641662,-1.102898624597698e-07,-1.021161680662486e-07
559,-1.246698261909004,-7.411381546100537,-7.738626672000445,-14.29292472074878,-11.376252457022527,-16.780270886343086,-12.8962782804198,-15.752947404050046,-9.209217149792272,21.240076548469144,0.0059580009180405,0.0005707571883868,0.5697501667478434,74937.01501707494,1586532.019446849,0.0843090749476147,0.9638289414741156,0.0005708034625831773,0.0005708184517437447,-4.6274196377265805e-08,-6.126335694463508e-08
560,-1.240295503889269,-7.844102715118421,-6.637843589447906,-13.490189019774483,-11.994528501388189,-11.799568662122583,-16.95126231927042,-12.724495119566647,-9.523754877619464,20.64484215468745,0.0059580008508186,0.0005758033517642,0.5647570420631752,74937.01417158892,1600558.8244290035,0.0843090749476147,0.962525014380498,0.0005757169127386206,0.0005757202488990265,8.643902557939863e-08,8.310286517341624e-08
561,-1.1616712227665669,-6.202116137367788,-8.330899408788643,-14.398612937898688,-11.411969247678078,-11.9154667965759,-12.160389666212474,-15.784112875943237,-9.860465970818307,21.02406730838696,0.0059580010113201,0.0005668144870822,0.5737133018012951,74937.01619030265,1575572.504630157,0.0843090749476147,0.964126741851456,0.000566727021493362,0.0005667252688163637,8.74655888379516e-08,8.921826583627775e-08
562,-1.033933140177818,-5.718502379700846,-7.891419279849052,-14.231049653244916,-13.176423356573856,-12.940890609995012,-14.003432983013298,-14.389450072540228,-12.188964157764596,21.243745851508784,0.0059580005024068,0.0005571125151968,0.5837042973500223,74937.00978942426,1548603.9629084254,0.0843090749476147,0.9642267959788126,0.0005570320380331304,0.0005570239327272925,8.04771636695378e-08,8.858246950749823e-08
563,-1.390786249600472,-6.798615347465215,-7.205803626042937,-10.07305814484002,-16.567138118911252,-12.59503880191332,-16.58889632257138,-12.235114199749349,-9.684434222839716,20.257096250767265,0.005958000389046,0.0005785755513588,0.5620509874349792,74937.00836362428,1608264.6992048032,0.0843090749476147,0.963281562667274,0.0005789054967647694,0.0005789109991712416,-3.299454059694151e-07,-3.3544781244160445e-07
564,-1.232055942091148,-6.007131087120602,-7.996146816590072,-10.673596977747842,-15.435326084840936,-16.682388450026643,-12.72689871943183,-12.962358588991105,-12.045613641952771,20.470545076574616,0.0059580013278351,0.0005630027558311,0.5775975933294981,74937.0201712849,1564977.0468726263,0.0843090749476147,0.96415829063145,0.0005631353971628007,0.0005631213356122113,-1.3264133170065497e-07,-1.1857978111126481e-07
565,-1.4192940421365612,-7.039908419364848,-7.622978598836785,-11.813311757475203,-12.906138400456804,-15.63658010527882,-11.834343100184723,-15.391336169997228,-9.2389460730554,20.56505098763064,0.0059580009519495,0.0005663010858666,0.5742334142524107,74937.01544356706,1574145.4048338227,0.0843090749476147,0.9647753053613316,0.0005661982833927803,0.000566198354045048,1.028024738196874e-07,1.0273182155201392e-07
566,-1.314233746372512,-8.224298793590838,-7.804999131248918,-14.4246452799943,-16.123813831292388,-16.537771346577596,-14.302276848124595,-11.31858728171234,-13.060238021264071,21.53873774978489,0.0059580004651603,0.0005741135925215,0.5664192076523119,74937.00932095476,1595861.805804832,0.0843090749476147,0.9606778687756444,0.00057382873534364,0.000573812331423593,2.848571778599684e-07,3.0126109790693575e-07
567,-1.34168272650066,-6.871800526648812,-6.876105100767764,-11.24008935171836,-16.236832252522273,-12.487290674537386,-13.540630454882283,-11.58773762803791,-9.715252440569422,20.082917944261222,0.0059580007289246,0.0005753195153415,0.5652319782336682,74937.01263846099,1599213.9057973549,0.0843090749476147,0.9617636274123282,0.0005755445175248827,0.0005755563866976496,-2.2500218338277964e-07,-2.3687135614959033e-07
568,-1.4387591431997615,-7.693242703553572,-6.505839018345156,-13.817586824167012,-15.914707172819346,-13.379283868006288,-15.55638376243454,-14.85045342830562,-12.242007944714132,21.661655572915294,0.0059580005399938,0.0005613508960822,0.5792971465346551,74937.0102621766,1560385.3773560766,0.0843090749476147,0.9647438367468728,0.0005615012332982183,0.0005615282987338947,-1.50337216018215e-07,-1.7740265169461505e-07
569,-1.4597033286790315,-7.1817988502433465,-6.584164922796585,-12.137398187336386,-15.491804891488067,-16.70641576758768,-12.850968807053103,-12.64957623113089,-10.908032048250384,20.596872794383103,0.0059580007790127,0.0005698477422993,0.5706594371358044,74937.01326844707,1584004.034925501,0.0843090749476147,0.9626700085824984,0.0005698958694300436,0.0005699117869342967,-4.8127130743646183e-08,-6.404463499668552e-08
570,-1.2881314811246087,-7.252189720390094,-7.740020315973084,-12.32419479341124,-16.488348709932836,-17.006030102305413,-17.382899493739377,-14.007620075006145,-13.086946133977284,21.748377981589908,0.0059580006143005,0.0005650943512746,0.5754596160005939,74937.01119677165,1570791.0483611692,0.0843090749476147,0.9649027913180904,0.0005650407840314742,0.0005650210913804799,5.356724312581031e-08,7.325989412017894e-08
571,-1.4706617131365023,-8.100778208443769,-7.979040768292838,-12.783430048070722,-12.961062121610327,-14.890725104661168,-12.751829523251962,-12.954585297991162,-12.850622999174933,20.851718678741094,0.0059580016029354,0.0005583533554901,0.5824072804989501,74937.02363137022,1552053.1228953716,0.0843090749476147,0.9633659276323862,0.0005584127114758327,0.0005584229606829375,-5.9355985732706916e-08,-6.960519283757786e-08
572,-1.434141321734292,-6.515028343897204,-6.32408944410634,-13.60554785489368,-14.31897123802927,-17.15021710512794,-17.3817946979073,-13.727725185287456,-10.650111670530396,21.33401896454778,0.0059580001145096,0.000572218847274,0.5682946988197602,74937.00491063012,1590594.988207021,0.0843090749476147,0.9637620637870816,0.0005723372504883239,0.0005723428215525888,-1.1840321432392362e-07,-1.239742785887803e-07
573,-1.2375999951602925,-6.191139863782623,-8.023670185074094,-14.066867270458856,-14.17551332858889,-12.829338088908235,-17.242491017718446,-15.298809835341324,-13.142946929867817,21.89974602283077,0.0059580001682441,0.0005574342869902,0.5833673124515768,74937.00558647874,1549498.3909832698,0.0843090749476147,0.9657871744320184,0.0005572426481817873,0.0005572482937395653,1.9163880841271443e-07,1.859932506347202e-07
574,-1.257451024526256,-7.188098591104626,-7.589553482256556,-11.660848264076018,-15.021575395811464,-12.14414313805676,-12.997822453256166,-13.130432955905745,-9.23158702883432,20.338879157617047,0.0059580011494335,0.0005707137412401,0.5697935737337534,74937.01792743117,1586411.2495452953,0.0843090749476147,0.9625156820385672,0.0005705881132971384,0.0005705775339534414,1.2562794296164248e-07,1.3620728665862235e-07
575,-1.1383321275501077,-7.539792316846953,-8.695964211419573,-10.725559577184386,-16.50974541569401,-14.183038223263852,-14.258765304986538,-11.15940370253984,-11.189901100950992,20.480389936606976,0.0059580020684974,0.0005743259121841,0.5662100395358021,74937.02948699635,1596451.9901247397,0.0843090749476147,0.9615744689666544,0.0005744597154669427,0.0005744637352362989,-1.338032828426209e-07,-1.3782305219886635e-07
576,-1.0004939296672388,-6.386181807228604,-6.86445449274092,-13.326895399445148,-15.700700940534846,-16.778351307248265,-17.19677440469604,-10.594328468303408,-10.015749949655138,20.855136639834583,0.0059580003822087,0.0005885358970244,0.5525388698146353,74937.00827762722,1635951.4417367943,0.0843090749476147,0.9605929749523184,0.0005884693512443816,0.0005885123335423324,6.654578001846507e-08,2.3563482067574977e-08
577,-1.099387355607586,-6.25469144158056,-7.252578343445365,-14.482920273554443,-15.933127031056092,-13.492174494874028,-13.648654143232925,-14.92307945263961,-9.37738154034978,21.43593917870031,0.005958000176041,0.0005731715306239,0.5673501301682233,74937.00568454438,1593243.1592151136,0.0843090749476147,0.9628023550869592,0.0005730030150674362,0.0005730097358094252,1.6851555646377452e-07,1.6179481447480253e-07
578,-1.0348420320667993,-6.692427214705527,-8.660868918782578,-14.240644338438416,-11.481944479526476,-17.110977064789072,-15.112295021424089,-11.00683928428776,-13.269095963135433,21.02816081810912,0.0059580009248759,0.0005674046211319,0.5731165938811154,74937.01510304806,1577212.898452066,0.0843090749476147,0.9615581160370924,0.0005674524756012482,0.0005674766485173931,-4.785446934823124e-08,-7.202738549311975e-08
579,-1.3862518766539458,-7.56727209278903,-8.576269908598913,-12.278418705791708,-11.341729223504617,-13.051037366332023,-15.169244755270824,-13.947313197023131,-12.462437733424728,20.87485141367742,0.0059580016279813,0.0005591004646322,0.5816290308270359,74937.02394638563,1554129.8599037947,0.0843090749476147,0.9649795299651605,0.0005590372141194037,0.0005590292038917093,6.325051279628714e-08,7.126074049064717e-08
580,-1.2878702946694545,-7.343539995229928,-8.205973054532679,-10.68621971582422,-13.684755063476132,-11.578424078457386,-11.94404641759613,-10.985813115655631,-12.498482148980107,19.805125597306105,0.0059580046135144,0.0005616570042652,0.578982018093199,74937.06149705804,1561236.2653405454,0.0843090749476147,0.9626544905475845,0.0005616709814531763,0.0005616597191525358,-1.3977187976357656e-08,-2.7148873357751846e-09
581,-1.1259671831011837,-7.370859841032674,-8.056173727524294,-9.882724240369772,-13.026875672236915,-12.740398196035205,-12.265097343033446,-11.845691745425494,-10.759843841216066,19.6124377206203,0.0059580057163201,0.0005632689945608,0.5773252198024972,74937.07536764526,1565717.109859119,0.0843090749476147,0.9631936955559524,0.0005633567300708784,0.000563365624425198,-8.773551007836694e-08,-9.66298643979369e-08
582,-1.3707700294945289,-5.61057154633039,-6.5201878045394,-13.632932682661796,-13.564749214513483,-12.507089070910066,-11.837872104597794,-13.17672613009287,-13.68524768498128,20.62692496143348,0.0059580005574561,0.0005542654903762,0.5867025448653637,74937.01048180948,1540690.09667955,0.0843090749476147,0.9645853276711376,0.0005544095382239076,0.000554390730754552,-1.4404784770755737e-07,-1.2524037835200553e-07
583,-1.114241652525101,-6.131599370738249,-9.002218280726389,-10.861314385528718,-15.35715696907405,-16.79454515180096,-16.04225957985251,-13.679564087862603,-12.908771596732317,21.155868267656576,0.0059580004915242,0.0005618649303746,0.578767156939439,74937.00965254787,1561814.2369141076,0.0843090749476147,0.9652483859793396,0.0005618766229577594,0.0005618863981186762,-1.1692583159399021e-08,-2.1467744076224086e-08
584,-1.0246395583143129,-5.849367497031584,-9.035089955621755,-10.59995388256631,-12.426289244045364,-13.999905971133987,-15.830392562497767,-13.3498245574974,-11.968914378255665,20.479166164154595,0.005958008346445,0.0005601813842739,0.5805077079516088,74937.1084481548,1557134.4889420562,0.0843090749476147,0.9652782901581396,0.000560280838517351,0.0005602909785831523,-9.945424345094572e-08,-1.095943092522915e-07
585,-1.2380201136051965,-7.115565530872495,-7.356278778656293,-11.157469180109896,-15.790258427504712,-16.457350848705108,-16.21924358462373,-11.97473815010892,-10.380747476867615,20.634238235665453,0.0059580011861818,0.000577239065314,0.5633524214647554,74937.01838963355,1604549.6730138075,0.0843090749476147,0.9625957916972868,0.0005772671011292567,0.000577253319277404,-2.8035815256692055e-08,-1.4253963404021151e-08
586,-1.1151302357363182,-6.513225066003567,-6.248754702779503,-11.655724882767078,-14.15325523078732,-12.85170382242681,-11.66655220511566,-14.234418609093142,-10.30137733314877,20.160438468744434,0.005958001105834,0.0005609969957341,0.5796626739597519,74937.01737905624,1559401.6416355572,0.0843090749476147,0.964781415218008,0.0005611705860222494,0.00056117522133919,-1.735902881494283e-07,-1.782256050900403e-07
587,-1.2977439413513936,-6.754984517703413,-8.119055245928664,-10.481987619484295,-11.963803667667936,-13.752733728405028,-15.189320339538112,-15.320719031171087,-9.4138681710451,20.402282375436464,0.005958003566877,0.0005689531410457,0.571557122471217,74937.04833293159,1581517.314543534,0.0843090749476147,0.9662063951032208,0.0005690584889900803,0.0005690353255410114,-1.0534794438025758e-07,-8.218449531137949e-08
588,-1.126773080499642,-8.077114414554847,-6.632670225924377,-14.789828855925824,-15.37179085321625,-11.598457609438682,-12.135250241278316,-12.8233567471359,-12.195631222841856,21.1173471260486,0.0059580005175731,0.0005684474624529,0.5720651281761427,74937.0099801784,1580111.681298027,0.0843090749476147,0.9617103712649284,0.0005679863639121311,0.0005679656172368572,4.610985407688551e-07,4.818452160427556e-07
589,-1.1362402153749351,-7.193971424068742,-9.033483801188993,-13.75440122907213,-16.688944017760296,-16.66732767509158,-13.770116841024656,-13.664884355598268,-9.428974244854762,21.61638172744358,0.0059580004466984,0.0005813186279531,0.5593988374533825,74937.00908874889,1615889.6208653962,0.0843090749476147,0.9610401761703976,0.0005811817521199445,0.000581226023260729,1.368758331555392e-07,9.260469237108455e-08
590,-1.2761528863721563,-6.708939990432621,-8.156588536023738,-10.364150274300606,-14.594154655949405,-13.655246229973384,-13.676898905915651,-15.217445586954518,-11.884748064003,20.693015780917808,0.0059580004888196,0.0005585560216973,0.5821957968106344,74937.00961853047,1552616.4735346378,0.0843090749476147,0.96683933477661,0.0005587492720952141,0.0005587370409690235,-1.9325039791410342e-07,-1.8101927172357087e-07
591,-1.109072652206795,-6.15485977262296,-6.304053991398457,-11.14621637064429,-15.80613393802732,-13.089954610350423,-15.160400731162325,-13.936343368204284,-12.052935837707803,20.61406727807713,0.0059580001361143,0.0005612322753461,0.5794195265031908,74937.00518236398,1560055.647656933,0.0843090749476147,0.965950792973842,0.0005611718108434762,0.0005611622573704172,6.04645026238337e-08,7.00179756828092e-08
592,-1.4632887233049443,-6.388822558969566,-8.61942142175454,-14.021853647627152,-12.111186735121745,-12.748209837430686,-13.396530872741032,-13.573830005618117,-9.648318830156253,20.84152451521624,0.0059580009331758,0.0005700616634185,0.5704453138367183,74937.01520744008,1584598.6708092885,0.0843090749476147,0.9619955652597018,0.0005700417647185384,0.0005700410437951706,1.9898699961645033e-08,2.0619623329414492e-08
593,-1.215839691018298,-8.043859266188782,-6.419905014479364,-10.494394145582536,-13.962991956116303,-13.17597478818707,-11.700035374054522,-13.862047592955475,-9.707598645796804,19.90396937603857,0.0059580022709314,0.000565497697278,0.5750494044146042,74937.03203311875,1571912.2280190738,0.0843090749476147,0.9644883889996468,0.0005655943497519859,0.00056560655327664,-9.665247398596682e-08,-1.088559986399916e-07
594,-1.1002758000117636,-5.938202223412867,-9.037296129553509,-12.68181901880191,-15.8638380423883,-13.83983067529207,-15.404010365107034,-10.80102704285057,-12.387959658022334,20.932083890425627,0.0059580011563038,0.0005704652817003,0.5700417417048511,74937.01801384173,1585720.607318888,0.0843090749476147,0.9612334615020308,0.0005703763370409594,0.0005703994631632975,8.894465934052801e-08,6.581853700244038e-08
595,-1.094877958737778,-7.046319740102252,-7.8599539268366065,-11.839213338998238,-15.913662046371122,-16.91445662667497,-16.109902017439573,-14.949398491957831,-10.79598002271021,21.427682359947923,0.0059580005051736,0.0005691235694435,0.5713855248910642,74937.00982422355,1581991.0538421615,0.0843090749476147,0.9649376123300166,0.0005690864130337793,0.0005690774304121398,3.715640972071915e-08,4.61390313601746e-08
596,-1.2174363635547418,-6.360258318560707,-8.93593567082702,-12.353368422929512,-13.089155591808932,-17.04419290943212,-16.25984130774422,-11.54509537107436,-12.75557042755874,20.936220904168312,0.0059580010665888,0.0005654246300908,0.5751235409844191,74937.01688544743,1571709.123381121,0.0843090749476147,0.962684036422278,0.0005653625983256251,0.0005653542908029543,6.203176517490926e-08,7.033928784566656e-08
597,-1.1387055865444338,-6.922536854433484,-6.56341262206647,-14.649036630441874,-13.724845091376151,-11.861472364057873,-11.84521580476594,-12.437032149594726,-12.111869504168627,20.71309023128709,0.0059580004442643,0.0005649877238004,0.5755681951464606,74937.00905813454,1570494.6562955,0.0843090749476147,0.961954758732364,0.0005648246338621674,0.0005648440359781902,1.63089938232607e-07,1.436878222098618e-07
598,-1.001366944636003,-7.83100439591021,-8.451217592642426,-12.370391400527604,-11.195831762933103,-11.67911539473788,-14.719469475553772,-11.571698468019584,-10.314802423866874,20.186924042336884,0.0059580025944932,0.0005706548544854,0.5698525789304324,74937.03610273103,1586247.5622124712,0.0843090749476147,0.9616840413246708,0.0005706813555878923,0.0005707094137606565,-2.6501102492375653e-08,-5.455927525651466e-08
599,-1.3750867197175152,-7.221183390376145,-8.864412787515251,-10.956374386234671,-16.62508376513292,-13.103811299152628,-17.30195632812245,-14.601655680291886,-9.539392319020251,21.23780548784326,0.0059580006111535,0.0005773280175129,0.5632655410209968,74937.0111571903,1604796.9331701386,0.0843090749476147,0.9642420411818844,0.0005773908073320181,0.0005773907206830395,-6.278981911809426e-08,-6.270317013952042e-08
600,-1.1063573687506592,-6.437461848089779,-8.784406986340231,-11.862011325385009,-16.355555664355485,-12.430792200409831,-15.968965726065196,-11.216535889838212,-10.094793921873888,20.675518890964845,0.005958001258431,0.0005791877352849,0.5614570394240777,74937.01929835179,1609966.385000945,0.0843090749476147,0.9610238650484928,0.0005791732642621789,0.000579160972475137,1.4471022721155961e-08,2.6762809763030554e-08
601,-1.230905726914509,-7.268596479070387,-9.007138459332857,-13.039491951262224,-14.248221069910874,-11.88289782278591,-15.45583417565978,-12.873071419764706,-10.642620962838444,21.07566243775952,0.0059580002744559,0.0005686634594446,0.571847804117826,74937.00692236173,1580712.0874784582,0.0843090749476147,0.9620413494117606,0.0005687078898733887,0.0005687097272831172,-4.443042878879075e-08,-4.626783851728079e-08
602,-1.0097852557779574,-6.160459102336674,-6.160682449131005,-13.469728062534813,-13.951678186361509,-12.680531921737323,-16.66047427730595,-12.608722571943364,-12.873007867564493,20.909247614288727,0.0059580004056822,0.0005599486561282,0.5807478199117205,74937.00857286667,1556487.5752237192,0.0843090749476147,0.9642370352182752,0.000560079977883363,0.0005600845696504272,-1.313217551630972e-07,-1.3591352222722206e-07
603,-1.0595583473474877,-6.049058649325176,-7.632127348666653,-12.143728891851168,-15.93003381793427,-13.03102760090826,-12.171187088501696,-13.843225412174936,-11.828786492422044,20.750129976602096,0.0059580007230156,0.0005601337504502,0.5805559601216878,74937.01256414146,1557002.081347067,0.0843090749476147,0.964061413958708,0.0005600410982196898,0.0005600396693752907,9.265223051019983e-08,9.408107490933501e-08
604,-1.2139650778262043,-5.620507406476007,-7.074567116835219,-10.624352553187704,-11.18111484440796,-15.287111713377008,-17.26979693330308,-10.699211616148354,-10.904511250436984,19.689618878020923,0.0059580031028519,0.0005717528890821,0.568758266616223,74937.04249663545,1589299.765639172,0.0843090749476147,0.963358821740114,0.0005718295508548907,0.0005718440699031574,-7.66617727907589e-08,-9.118082105747782e-08
605,-1.4501281767156502,-6.591116638963661,-6.120007024576039,-13.548334198125843,-14.695908109778737,-16.365526321959596,-12.497447334529582,-12.174990324868483,-9.95660922006698,20.5372454319302,0.0059579998819454,0.000575244559754,0.5653055086162955,74937.00198554459,1599005.5519787318,0.0843090749476147,0.96138540746655,0.0005751033760554401,0.0005751114771707926,1.4118369855988747e-07,1.3308258320745073e-07
606,-1.0386785527486566,-7.9274363483421535,-6.592101693443546,-11.316397374605156,-11.476650332882809,-14.149456906565526,-16.535395131756363,-15.247973415543695,-10.194001470482222,20.58516363089874,0.00595800287468,0.000569926343837,0.5705810355375447,74937.03962679271,1584222.5233804656,0.0843090749476147,0.9666093821583596,0.0005700027270485758,0.0005700111776018872,-7.63832115757571e-08,-8.483376488723111e-08
607,-1.1800451873420257,-6.35180337695795,-6.949614220940777,-14.354765490500164,-15.84752708051134,-12.135293611376571,-12.771162379246896,-14.852932234491924,-11.267944300131266,21.34901519055423,0.0059579999726742,0.0005639499459102,0.5766272844189918,74937.00312668925,1567609.9482527548,0.0843090749476147,0.9636572866183428,0.0005637331496324093,0.0005637153270818332,2.1679627779070624e-07,2.346188283668029e-07
608,-1.0292000261165426,-7.708896951913091,-8.478699610075436,-12.12225648743386,-14.77121820487748,-17.25479812007063,-13.746305759931666,-15.089269988020234,-10.198344739029832,21.287816109966588,0.0059580008796683,0.0005674952272181,0.5730250837675533,74937.01453444663,1577464.755914182,0.0843090749476147,0.9641011092462258,0.0005674983961841615,0.0005675057861605252,-3.1689660614587015e-09,-1.0558942425162136e-08
609,-1.0695943422906553,-5.8258155766451045,-8.469411268298419,-11.46852687981821,-15.131060354897937,-16.410723244485272,-12.884559148348153,-15.335756998954636,-12.71675963032461,21.13789264983295,0.0059580009086171,0.0005565544984285,0.5842895950039474,74937.01489855144,1547052.8453959466,0.0843090749476147,0.9664000135977796,0.0005564268416131926,0.0005564285319286285,1.2765681530737746e-07,1.259664998714714e-07
610,-1.2747720773472324,-7.055522411730033,-6.963543093053588,-12.870883077973165,-13.60798428014298,-13.383244717181675,-16.44665750923642,-15.838447956764876,-11.202715535873278,21.34561699745376,0.0059580000490999,0.0005629621842545,0.577639033687611,74937.00408793728,1564864.2701846776,0.0843090749476147,0.9663605590561848,0.0005628762340532647,0.0005628769723320177,8.595020123522337e-08,8.521192248231273e-08
611,-1.395142902322675,-7.726472553811744,-6.566155508580598,-11.664138845567162,-14.402418877862385,-13.635743971114296,-13.509723969037356,-12.398248525240874,-11.159654114652591,20.301211738131368,0.0059580014202444,0.0005640698498002,0.5765049213083828,74937.0213335662,1567943.244730803,0.0843090749476147,0.9631954046139564,0.0005641693673667537,0.0005641649610923339,-9.951756655367499e-08,-9.511129213390663e-08
612,-1.2236667056223354,-7.237886659689487,-6.652976349680786,-12.70101840868383,-15.76230942426976,-13.597088458313909,-14.94264110505934,-12.469164820778966,-10.045020057490303,20.73440111198125,0.0059580000598823,0.0005735887026805,0.5669374788564224,74937.00422355287,1594402.7711113072,0.0843090749476147,0.9621552073649998,0.0005734941396006497,0.0005734902935668595,9.456307985028674e-08,9.840911364055946e-08
613,-1.1930473478380768,-6.324008533817667,-6.089925333111404,-13.020696852271188,-14.5964850220435,-13.7833553544199,-12.244605228298092,-15.156190135510036,-10.927704899635756,20.80749018746836,0.0059580006549722,0.0005599641432844,0.580731794380777,74937.01170832246,1556530.6248244802,0.0843090749476147,0.9652050803462172,0.0005602659887971239,0.0005602977466662741,-3.0184551272393126e-07,-3.336033818741261e-07
614,-1.0539114147511346,-6.32478094227279,-7.2276364126466675,-11.192665863848973,-16.59487176542349,-16.384651033576933,-14.162059989717696,-15.735143689403156,-9.443605065284869,21.01589105347108,0.0059580003790463,0.0005730904734534,0.5674304044328655,74937.00823785253,1593017.8448450502,0.0843090749476147,0.9655487499572168,0.0005733106337029626,0.0005733340913563758,-2.2016024956252912e-07,-2.43617902975779e-07
615,-1.4731233611743455,-6.479588261568967,-7.67543912485586,-10.445162084706991,-11.353692667698065,-14.096961738049805,-15.118056862350532,-15.790755426595409,-11.26273110665594,20.46372496584853,0.0059580041100655,0.0005637912980165,0.5767901450983278,74937.05516490851,1567168.9551852648,0.0843090749476147,0.9680977767580264,0.0005639392444297084,0.0005639504545486351,-1.4794641320836546e-07,-1.5915653213502846e-07
616,-1.1244050326064483,-7.613049237530645,-8.170643724629132,-14.089792393852091,-14.5226949328995,-13.264989647492644,-13.14401471838583,-10.873099862068395,-9.633779750279055,20.68024910017252,0.0059580003332841,0.0005844027597386,0.5564466456783613,74937.0076622756,1624462.5726027908,0.0843090749476147,0.9591823763591892,0.0005846161709374251,0.0005846191244072034,-2.134111988250911e-07,-2.1636466860340542e-07
617,-1.2259534577993616,-7.355148326695614,-8.63054490940536,-12.045255520978913,-16.453858528753226,-15.942554351068646,-14.846195403843833,-13.870729881312942,-10.748705529452106,21.34146858619674,0.0059580012646362,0.00057005529256,0.5704517366577868,74937.01937639689,1584580.9617533109,0.0843090749476147,0.9631083540738952,0.0005698935164470489,0.0005698881945401942,1.6177611295107447e-07,1.6709801980573265e-07
618,-1.0615333199676,-6.976498951045951,-6.797560569889361,-14.227947804499866,-15.000368076759656,-14.905667353416066,-15.05282727550225,-15.391013714806428,-13.59843684759636,21.848979999375832,0.0059580001215087,0.0005542520110985,0.5867167489371492,74937.00499866146,1540652.6283724275,0.0843090749476147,0.9659406231942498,0.0005545123243772777,0.0005545063258297271,-2.6031327877767615e-07,-2.543147312270705e-07
619,-1.323750895063698,-6.801569509502859,-7.266086043051228,-10.386960384642272,-14.546842405425082,-11.563341317496024,-14.69429000053489,-12.468401188897897,-13.114940476406236,20.205464345488192,0.0059580018813772,0.0005578738049735,0.5829079609501802,74937.02713348436,1550720.1177836966,0.0843090749476147,0.965338405775168,0.000557852462037232,0.0005578457121025662,2.1342936268038508e-08,2.809287093382372e-08
620,-1.403680612644337,-7.9966827190662,-7.034031893848907,-11.513475197882176,-14.54814131641056,-14.536648647097444,-17.016833369843592,-11.230165823268342,-10.360929918026356,20.4681204569008,0.0059580017354313,0.0005774859534012,0.5631116536440289,74937.0252978429,1605235.9470783158,0.0843090749476147,0.9620711983903688,0.0005773533498156694,0.0005773460079113228,1.3260358553053315e-07,1.3994548987716644e-07
621,-1.403109767599401,-7.220062082309581,-8.359715699429696,-13.97456088773186,-13.4624621958668,-12.3083672004299,-15.476870212028846,-14.11421779971928,-10.98132591623846,21.380755947415683,0.0059580003154578,0.000564967836441,0.575588436982129,74937.00743806527,1570439.3754632147,0.0843090749476147,0.9631319894402156,0.000564864407731454,0.0005648662216756384,1.0342870954604868e-07,1.0161476536162811e-07
622,-1.3344549735989146,-5.97249086134061,-6.688275357815013,-11.674663994634171,-14.932554306808626,-13.06733683727699,-16.004855588639806,-12.766816289704076,-10.617751559849427,20.47342722974738,0.0059580011112706,0.0005671099149006,0.573414448471982,74937.01744743538,1576393.7044378384,0.0843090749476147,0.9638391808037896,0.000567076581489237,0.0005670796433557718,3.333341136305731e-08,3.027154482821998e-08
623,-1.2011133190441807,-8.233626146446296,-8.158401991145558,-13.656796241054552,-14.979637626865085,-12.498991091662113,-15.893798141822304,-12.879389306561505,-11.417332378882673,21.38676188315414,0.0059580002787107,0.0005679176031979,0.5725988225803398,74937.00697587733,1578638.8331396375,0.0843090749476147,0.96208707981363,0.0005680219890602814,0.0005680272334503559,-1.0438586238144601e-07,-1.0963025245589158e-07
624,-1.2141570958262276,-8.248896237595092,-6.695730910143436,-11.47326639854399,-11.58054595485945,-12.427829123150875,-14.290300372743602,-14.521655612574824,-13.306021735414657,20.51549488032452,0.0059580036452312,0.0005566850298473,0.5841529933383176,74937.04931843492,1547415.683183581,0.0843090749476147,0.9673221814316076,0.0005565629435386837,0.0005565543945494596,1.2208630861625623e-07,1.306352978403631e-07
625,-1.294068351276923,-5.89360287276312,-6.58035807693169,-10.411219783605883,-12.686634829821724,-15.572221019515869,-13.418387038799708,-11.269142448805018,-11.872623915633474,19.600364348587643,0.0059580004507381,0.0005613657148232,0.5792818414286388,74937.00913955936,1560426.5689653845,0.0843090749476147,0.963979306083676,0.0005612479211402875,0.000561256401787158,1.1779368291246848e-07,1.0931303604194784e-07
626,-1.3346994930953169,-8.102952380417655,-7.552361394729121,-13.063975670152862,-14.052366599666904,-15.069677480589991,-14.355992214299931,-11.907510737419877,-9.5244635979324,20.70615184809143,0.0059580005943474,0.0005773543424574,0.5632398560837947,74937.01094581069,1604870.1085382514,0.0843090749476147,0.9609137582467804,0.000577381199689056,0.0005774019475937188,-2.6857231655969503e-08,-4.760513631885642e-08
627,-1.3271978514516198,-7.0810581604994045,-7.641038059851119,-10.020077172443273,-11.89653012657611,-14.278226211823297,-13.85214146430302,-15.485704004474655,-11.485703088634471,20.31089950554308,0.0059580031292831,0.0005613888111187,0.5792583996162136,74937.0428290748,1560490.7696676815,0.0843090749476147,0.9678716730414664,0.0005615129164875279,0.000561524217917763,-1.2410536882792155e-07,-1.3540679906303386e-07
628,-1.2596123876720444,-6.368660063335638,-8.89168496408513,-13.220873604885366,-14.980150565966726,-17.1996460063811,-13.828204833919369,-13.18121212632072,-12.368123271881323,21.39141230788655,0.005958000544018,0.0005628927975773,0.5777103100877858,74937.01031279057,1564671.396249127,0.0843090749476147,0.9627189566258558,0.0005629429078129059,0.0005629525081077078,-5.011023560582816e-08,-5.971053040779249e-08
629,-1.3553593303421647,-6.1368903723133,-6.845177731409423,-13.533631211864162,-11.491890297972477,-13.677790456111213,-17.464312589497162,-13.60589135367341,-11.096162620787185,20.905065857320665,0.0059580006117419,0.0005668330801006,0.5736944253877962,74937.01116459059,1575624.1875869583,0.0843090749476147,0.9643629264312038,0.0005668558853476616,0.0005668637053072735,-2.2805247061651393e-08,-3.062520667358043e-08
630,-1.0487017875771203,-6.9888585440446045,-6.344657150403169,-13.23477853775334,-16.618420562200452,-11.924883140487337,-15.719840745996573,-11.448774928162235,-12.868114252015296,20.92234036959647,0.0059580004508513,0.0005680678043897,0.5724474481639151,74937.00914098286,1579056.346935389,0.0843090749476147,0.9624643485012786,0.0005681981579198751,0.0005682173213336318,-1.3035353017506503e-07,-1.4951694393174064e-07
631,-1.3442953366264292,-5.822555176329885,-8.097504313967333,-11.901816377224907,-12.778842302436438,-17.148981955146347,-15.659400893331505,-14.368406080414813,-10.36783519174672,20.88390919215253,0.005958001648308,0.0005665917332525,0.5739389474965007,74937.02420204648,1574953.3164876772,0.0843090749476147,0.9647739492423122,0.0005665665118411027,0.0005665806744914926,2.5221411397314403e-08,1.105876100740942e-08
632,-1.2187750322410913,-7.459109408645315,-6.30560949038689,-12.451698072636942,-11.783716326814869,-11.636355441549007,-15.903908294345252,-12.99690437388418,-12.234149137514477,20.4404688479998,0.0059580011839081,0.0005604668338066,0.5802110051971732,74937.01836103685,1557927.9521390796,0.0843090749476147,0.9648906315489686,0.0005603623655107964,0.0005603805808140411,1.0446829580351355e-07,8.625299255881312e-08
633,-1.2491312551700415,-5.85743750308535,-8.147811191565006,-11.747580746692408,-14.192409960038852,-12.880312699781124,-12.38352147676652,-11.71180849915216,-9.876484948401362,20.027458767106687,0.0059580012977132,0.0005689929604151,0.5715167971543815,74937.01979242484,1581628.000323439,0.0843090749476147,0.9615662446577236,0.0005690075499424457,0.0005690101063761406,-1.4589527345672086e-08,-1.7145961040613937e-08
634,-1.0221055676981416,-7.902382599712806,-7.55430943249356,-14.125494475989866,-16.549839028834146,-13.941542889700532,-11.730364080216075,-11.99757586004188,-9.315953460455408,20.90779636955812,0.0059580002256182,0.0005877275051282,0.5532988395636079,74937.00630810348,1633704.3572434974,0.0843090749476147,0.9595026066447868,0.0005877635988155172,0.0005877519021723519,-3.609368731715204e-08,-2.4397044151840824e-08
635,-1.36011035010021,-6.863831989179463,-8.524555357182866,-10.123581735487594,-11.759149081520142,-12.182940917775548,-13.095706444035308,-10.96045116541227,-13.567939528929204,19.671205771742294,0.0059580056541652,0.0005579847896444,0.5827925725562062,74937.07458588944,1551028.621535636,0.0843090749476147,0.9641962842120424,0.0005580371139082847,0.000558034573897395,-5.2324263884683496e-08,-4.9784252995023134e-08
636,-1.073100781310952,-7.820097786395952,-8.207619083116487,-12.211922897989174,-12.705195718138151,-16.602366188586473,-16.85758365708549,-13.55658099870641,-10.768344277910922,21.083527182689974,0.0059580004313149,0.0005695456709058,0.5709620492599453,74937.00889526222,1583164.367992272,0.0843090749476147,0.9637428473042046,0.0005694032375926258,0.0005694008931446826,1.424333131741463e-07,1.447777611173276e-07
637,-1.2766909106538304,-6.788614899100612,-6.259034178317633,-11.557926664962189,-15.528898801174648,-12.404743310987175,-16.989419389607853,-13.038660097106668,-12.150165891962734,20.72122538713958,0.0059580012492005,0.0005647222271053,0.5758389076253542,74937.0191822538,1569756.6559402617,0.0843090749476147,0.964985859137876,0.0005646832747198889,0.0005646866588565124,3.8952385411042574e-08,3.55682487875519e-08
638,-1.2895063353328384,-7.467875326397221,-6.286779681945413,-13.94713347312705,-15.277314481702934,-15.784931635077143,-12.48742227567421,-15.139659677985996,-10.116872783428589,21.275887589748606,0.0059580002358029,0.0005685154709574,0.5719966544679538,74937.0064362015,1580300.7243309862,0.0843090749476147,0.9636598223342948,0.0005684774151546111,0.0005684641098497329,3.805580278898671e-08,5.136110766714146e-08
639,-1.474471787168841,-6.597658338251816,-8.913594972256831,-11.334997069699622,-15.69137459528423,-13.808286996946752,-12.019660584780368,-10.720953971148164,-10.26498463862092,20.129717696204285,0.0059580016596108,0.0005777907608919,0.5628145792198618,74937.02434420817,1606083.219532556,0.0843090749476147,0.9603253668205948,0.0005776295759075423,0.000577579425023035,1.6118498435762577e-07,2.1133586886490797e-07
640,-1.1727760822493156,-6.244784983749359,-9.072885374878345,-11.688252194995226,-12.246595255017205,-12.10373289319758,-15.864478198414645,-14.77671277025022,-11.95782227069499,20.923461909785885,0.005958008147059,0.0005598065286574,0.5808963962570319,74937.10594036889,1556092.503925522,0.0843090749476147,0.9659564125091248,0.0005595782151050884,0.0005595673371929451,2.283135523116226e-07,2.39191464454936e-07
641,-1.2602776847786794,-6.310513784771923,-6.177312883281729,-12.636351605234978,-14.370662331931346,-15.063874415321973,-17.12379711566494,-10.954987050733576,-11.339808586590037,20.525726870629995,0.0059580006393904,0.0005730439267494,0.5674765323617393,74937.01151234076,1592888.4591137618,0.0843090749476147,0.9623315969706724,0.0005729657170393751,0.0005729750009521068,7.820971002488013e-08,6.892579729319767e-08
642,-1.3145615832155595,-7.290343036352745,-8.38177578040364,-11.540439718297703,-13.782553337473429,-13.138585754942348,-16.772941512781095,-14.220908658803008,-9.85676265693005,20.91710661371452,0.0059580016162605,0.0005702172091286,0.5702898039790351,74937.023798967,1585031.0407462197,0.0843090749476147,0.9642849943699566,0.0005702546557118064,0.0005702415194508795,-3.7446583206436276e-08,-2.4310322279536e-08
643,-1.13153208611077,-6.5365881463385005,-7.640633217687458,-14.71130604096036,-13.068652419513503,-16.99281290968688,-15.25430624590873,-10.910427174665628,-12.737122219470672,21.120086541418,0.0059580003422059,0.0005705397639543,0.5699672076461625,74937.00777448989,1585927.6454135943,0.0843090749476147,0.961104215220556,0.0005704648320993301,0.0005704699419788698,7.49318549698964e-08,6.982197543021432e-08
644,-1.3266324079014558,-6.424683613065068,-8.798049948374247,-11.855555375171011,-15.572905685018704,-13.444662784540636,-13.110668961722252,-12.560517874438863,-13.254038567404178,20.846082256693624,0.0059580027764884,0.0005587746976611,0.5819682902050353,74937.03839178369,1553224.3264455795,0.0843090749476147,0.963427730962164,0.0005587049388214075,0.0005587216012665733,6.975883969247403e-08,5.309639452665948e-08
645,-1.130497766524829,-5.699936722936442,-6.850287938981017,-11.320988482460368,-14.206014041881197,-12.174429156202764,-15.736952962730149,-15.413809892730344,-10.880170150029103,20.69364064364874,0.0059580005496697,0.000562527280858,0.5780856931974179,74937.01038387479,1563655.3705370063,0.0843090749476147,0.9669977248558882,0.0005625336437727032,0.0005625288420151297,-6.362914703158043e-09,-1.5611571296770752e-09
646,-1.233868817572853,-6.32277313878257,-7.29928280581037,-12.463774502912106,-15.207856806544246,-14.832964767703247,-12.022885805138015,-11.348512586474367,-13.185248042446204,20.46545732579468,0.005958000957473,0.0005637620093911,0.5768196527387639,74937.01551303854,1567087.5416823695,0.0843090749476147,0.962440033205802,0.0005633556007975929,0.0005633444667772871,4.064085935071146e-07,4.1754261381288325e-07
647,-1.245626812283708,-6.276894555774844,-7.795727176132682,-11.515638710829773,-13.16870184625746,-15.624525045983424,-14.243773342384609,-12.779832172635995,-13.68895811183718,20.60289146282095,0.0059580019155543,0.0005551019794801,0.5858186368336622,74937.02756334856,1543015.2828958705,0.0843090749476147,0.9652073296659478,0.000555019848469902,0.0005550122088421869,8.213101019801435e-08,8.977063791306729e-08
648,-1.085640800939531,-7.332950506616212,-6.411404155189587,-10.637516208772908,-11.269787903196468,-11.989238368235942,-11.943328975822755,-12.391291279685792,-13.00948626017853,19.540540067646223,0.0059580020068342,0.0005551427422856,0.5857756350321107,74937.02871142539,1543128.59114226,0.0843090749476147,0.9657162638360736,0.0005551820974839641,0.0005551955114837765,-3.935519836417451e-08,-5.2769198176567424e-08
649,-1.0227038852206516,-6.241848789815524,-8.661740993108,-14.145928091914053,-11.469480688550895,-15.237561452286874,-17.369076320714488,-14.808283879848709,-11.208767085783633,21.58898249586807,0.0059580005896377,0.0005667992800844,0.5737286333903989,74937.01088657405,1575530.2337845345,0.0843090749476147,0.9644160187045248,0.000566859242736954,0.0005668505641549554,-5.996265255397808e-08,-5.1284070555425616e-08
650,-1.0775618749161295,-8.015877405541865,-6.816796188367165,-13.198351820139893,-14.416439083146658,-14.816860484093668,-15.29505998451963,-12.094104278331944,-10.74510627636842,20.85889656034617,0.0059580004004443,0.0005709584567497,0.5695492501001309,74937.00850698684,1587091.4845027467,0.0843090749476147,0.9619117890510844,0.0005711395966656874,0.0005711411663500302,-1.811399159873557e-07,-1.827096003301481e-07
651,-1.4646827359052952,-6.877805858497377,-7.8968799252616115,-10.053520620970245,-12.18368083826839,-16.325092052399647,-12.636723382742868,-15.47175621694868,-10.680175234728592,20.29921548994014,0.0059580008192485,0.0005634138217196,0.5771761050789378,74937.01377451418,1566119.685471814,0.0843090749476147,0.9669486136164642,0.0005634379019977744,0.000563436735307011,-2.4080278174351717e-08,-2.2913587410930067e-08
652,-1.2652401030096394,-6.30171868388658,-8.172802491139352,-12.949335648958208,-16.64083160151854,-13.556045045902126,-12.9246804546834,-11.731701334095936,-10.52414575119337,20.760490790110467,0.0059580006702212,0.0005763783286713,0.564193632533914,74937.01190011745,1602157.0859875027,0.0843090749476147,0.9606833670245564,0.0005766148490618858,0.0005766086245150063,-2.3652039058579596e-07,-2.302958437062387e-07
653,-1.3326135611414394,-7.201676031043431,-8.569397856354378,-10.154884857849884,-15.615920979040752,-16.805797860390204,-13.250786939698456,-14.911981367994,-13.711696986542888,21.025532108265285,0.0059580000959,0.0005594004855031,0.5813168639897731,74937.0046765668,1554963.8270052886,0.0843090749476147,0.9670964743204348,0.0005593508066369219,0.0005593241422419904,4.96788661781284e-08,7.634326110964474e-08
654,-1.453657394959614,-8.114073220274847,-8.176214015112972,-10.317959548601833,-12.510379114155556,-16.183379245732876,-14.375762817136843,-11.98426019960051,-10.218996670475294,20.07460300593232,0.0059580044984377,0.0005713010725598,0.5692082721412838,74937.06004967612,1588043.8526273633,0.0843090749476147,0.9628253047559834,0.0005711798075557289,0.0005712034931263472,1.2126500407115808e-07,9.757943345283394e-08
655,-1.0541741000518408,-7.50691032210582,-8.128553627623836,-11.290579589348958,-16.66099453575904,-16.205930804814443,-12.828993729219109,-12.613517005643184,-13.399863359528972,20.91111489604927,0.0059580007628113,0.0005637650876384,0.5768164749424679,74937.0130646731,1567096.0982772836,0.0843090749476147,0.9636225917570888,0.0005639895035158656,0.0005639703132702043,-2.2441587746555199e-07,-2.0522563180423118e-07
656,-1.424039179576354,-7.317268546039523,-7.441802619597993,-12.062317065261515,-14.16321042877378,-15.567948078162136,-12.34642364796538,-12.970685298629238,-11.701934996404802,20.585567310660306,0.005958001123144,0.0005618638804236,0.578768330512065,74937.01759677367,1561811.3183685536,0.0843090749476147,0.9632839861761482,0.0005617423737865626,0.0005617518352379774,1.2150663703739805e-07,1.1204518562263344e-07
657,-1.314984358296469,-7.004684655853871,-7.696179310777551,-14.441160116023296,-13.182478751475896,-17.221896336713066,-11.830098778691855,-12.630036665899338,-12.205016724380169,21.05906917068609,0.0059580004898373,0.0005659487001107,0.5745908916040895,74937.00963133022,1573165.8792204517,0.0843090749476147,0.9617641258622168,0.0005660176631707628,0.0005660293769641968,-6.896306006278202e-08,-8.06768534968201e-08
658,-1.2669670518733454,-7.041462212085033,-7.900777392708463,-10.415490897269432,-13.309290776398134,-15.021840836881768,-12.332618104383752,-12.058109583647727,-12.486721469518406,20.006547500368352,0.0059580033829042,0.0005594823615196,0.581232273653655,74937.04601900472,1555191.4175191831,0.0843090749476147,0.964016602653167,0.0005593057119202653,0.0005593135897610093,1.766495993346705e-07,1.6877175859067103e-07
659,-1.3303057269752916,-7.434623466298326,-6.489331224196437,-12.767848171696588,-15.428288485825892,-11.732871916713712,-17.11656265269942,-13.59612127367236,-10.957182655032485,21.08068601997568,0.0059580007526264,0.0005689601020795,0.5715497247080287,74937.01293657186,1581536.6641079774,0.0843090749476147,0.9639599504097912,0.0005689429962795034,0.0005689275315712281,1.7105799996635675e-08,3.257050827187944e-08
660,-1.029570953735952,-8.17763535055835,-8.236805992965452,-11.651650805764964,-16.300188819860818,-14.791713052473035,-14.992304237144044,-14.40557080137765,-9.799922860268229,21.20303511657436,0.0059580014694595,0.0005726884011552,0.5678289410870103,74937.02195257097,1591900.2057014524,0.0843090749476147,0.9635379941518196,0.0005726098447641584,0.0005726074365873687,7.855639104156504e-08,8.096456783127353e-08
661,-1.2847824144090656,-7.911778486045634,-7.633283956500812,-14.058785805535807,-12.551679922387724,-14.29759351390675,-14.005714383801774,-13.486882012495542,-11.710147253489964,21.13966717656496,0.005957999898691,0.0005620416873927,0.5785850535570599,74937.00219616274,1562305.567859507,0.0843090749476147,0.9629111361379455,0.0005621044859174623,0.0005620998570990024,-6.279852476226422e-08,-5.8169706302333736e-08
662,-1.1297924039268683,-8.30732976115727,-7.651942902947892,-10.89630116369511,-11.191159078862423,-16.98577335466114,-14.893881343682846,-15.160321577929638,-11.22187315266244,20.683184578965072,0.0059580021725867,0.000565816204197,0.5747256857507318,74937.0307961842,1572797.5807326017,0.0843090749476147,0.966568597712046,0.000566046621693456,0.000566064795078838,-2.3041749645596153e-07,-2.485908818379264e-07
663,-1.197446341772479,-6.199548554680352,-6.9508818831610135,-13.330974321025998,-16.1745751963246,-11.800767060794596,-15.136064820868109,-10.814075325175493,-9.491577431187492,20.50440332030364,0.0059580002686668,0.0005844509603757,0.5564007455517442,74937.0068495497,1624596.5557671168,0.0843090749476147,0.9602557665822076,0.0005844991019853973,0.0005844656121190337,-4.814160969727251e-08,-1.4651743333675936e-08
664,-1.229086473386623,-7.324941484008373,-7.781323612032461,-12.14594232363775,-13.99031449217778,-14.86192743755586,-14.620810612823464,-10.834478138527237,-10.934708351046073,20.388158292118565,0.0059580008083233,0.0005718944846383,0.5686171190810175,74937.01363710273,1589693.3583756452,0.0843090749476147,0.9612589518913808,0.000571794601843511,0.0005717992740908341,9.98827947889169e-08,9.521054746583317e-08
665,-1.0412579013413183,-5.665696862853556,-8.658118973079958,-11.657574809310487,-14.86143642201792,-12.651088376311623,-12.27002467700308,-11.294808475304343,-9.806434317946978,20.02969566176502,0.0059580015186855,0.0005726968000983,0.5678206205711616,74937.02257171311,1591923.5522179469,0.0843090749476147,0.9609628540399768,0.0005724940986552406,0.0005724690669622381,2.0270144305948885e-07,2.2773313606194636e-07
666,-1.1855640831008727,-7.392441557111834,-7.3834930709027216,-13.636746585124117,-12.237879335800065,-11.811742785962458,-12.059665703034462,-11.505023321483256,-12.201288274067052,20.319964575165525,0.0059580009894363,0.000564133386156,0.5764399290688159,74937.01591505938,1568119.8565455622,0.0843090749476147,0.96169244405322,0.0005641828185071772,0.0005641860794449037,-4.943235117711633e-08,-5.269328890366784e-08
667,-1.3755267023661009,-8.259974535357623,-8.53444430734546,-13.211575349723631,-15.891213129709548,-14.628656458827482,-16.87330416911954,-11.383993785092464,-11.448409098881498,21.376713056575007,0.0059580006292555,0.0005773341679366,0.5632595430393257,74937.01138486962,1604814.0294844022,0.0843090749476147,0.9608905914118222,0.0005772671249696545,0.0005772536118187931,6.704296694551044e-08,8.055611780692813e-08
668,-1.4445504814916963,-5.729424975917453,-8.526739980435478,-12.497348772421615,-14.56410536269026,-13.284702394750926,-15.7314037133352,-12.969686581554967,-12.221517450612884,21.031966255761567,0.005958000671622,0.000560042926835,0.5806501028756487,74937.0119177352,1556749.6192205006,0.0843090749476147,0.9636468989816344,0.0005601722276627848,0.0005601704549135416,-1.2930082778485428e-07,-1.2752807854166364e-07
669,-1.0619844938420084,-6.141442786622662,-6.073278650415075,-14.812734907816862,-14.132808077080073,-15.677739314346566,-15.27617706483028,-14.32450475914974,-11.568951645394897,21.44790539071988,0.0059580002623375,0.0005629269744748,0.5776751946852445,74937.00676994199,1564766.3976670103,0.0843090749476147,0.9640518823933266,0.0005630685477956486,0.0005630651846243175,-1.4157332084863833e-07,-1.382101495175838e-07
670,-1.415703747860648,-8.022655298915062,-6.736919628235242,-13.960041433722928,-11.684148587377289,-12.346518371433463,-13.784272564969788,-14.155478855442102,-10.430899801293007,20.807450585902306,0.005958001405768,0.0005655854334283,0.5749600749354358,74937.02115148908,1572156.107929046,0.0843090749476147,0.9634841377692108,0.0005655062487528593,0.0005655278963659098,7.918467544078961e-08,5.753706239024995e-08
671,-1.2598566809458365,-5.9362876428801945,-8.18810465487219,-11.54236096669144,-13.792219524229711,-12.224343539437571,-17.332448377401988,-13.100431246502875,-11.525806233617317,20.73256790521994,0.0059580007468202,0.0005641521368811,0.5764207347256588,74937.01286354414,1568171.9778790374,0.0843090749476147,0.9644590981389,0.0005641624988279183,0.0005641757805464473,-1.036194681826915e-08,-2.3643665347295763e-08
672,-1.3560567631733111,-7.738725927200356,-7.413248488749318,-12.179024755188022,-15.423206707702342,-12.220447916614594,-12.516604162354655,-12.419596864998102,-13.682920977403995,20.696749313003227,0.0059580008943015,0.0005588721646601,0.581866519529009,74937.014718497,1553495.2551659576,0.0843090749476147,0.9636461252937796,0.0005587830683434951,0.0005587777770184228,8.909631660485723e-08,9.438764167718321e-08
673,-1.1095254758073176,-7.214649973107357,-7.25471468156972,-10.338296235821986,-15.960879195028404,-14.3119309502548,-12.136472668751525,-11.048500915175543,-13.144808588252204,20.01518907820931,0.0059580014994285,0.0005655541484841,0.5749918937487924,74937.0223295081,1572069.145264794,0.0843090749476147,0.963228037849288,0.0005654971122406454,0.0005654999072669657,5.7036243454665174e-08,5.424121713435738e-08
674,-1.3929923388142618,-7.525938609625193,-7.397908397803949,-12.974008729608878,-12.653067963387834,-12.75401654750657,-13.114422535877818,-13.610077575953516,-13.213201059525971,20.806741364023104,0.005958000341291,0.0005547960941126,0.5861413940870517,74937.00776298271,1542165.0142709147,0.0843090749476147,0.9646702336186552,0.0005547701053247614,0.0005547736914325651,2.5988787838568048e-08,2.2402680034845635e-08
675,-1.325321732966843,-6.312347317084537,-8.036753822417293,-14.74376708130642,-14.988061016232006,-16.516495499495623,-12.91208545966079,-13.61760309078451,-13.755865010241196,21.694994440756133,0.0059580000956874,0.0005589246569967,0.5818117555896613,74937.00467389368,1553641.1679543352,0.0843090749476147,0.9631599724988112,0.0005590017246889481,0.0005589756523432203,-7.706769224809402e-08,-5.099534652029409e-08
676,-1.4404587728295113,-7.039178425542604,-8.43101832121993,-12.770069634624306,-12.124610968957027,-11.65592457444644,-12.93547240062879,-15.796631938918864,-11.444991565206884,20.98458811382321,0.0059580011749695,0.0005591806807434,0.5815455281080818,74937.01824861034,1554352.836383906,0.0843090749476147,0.9657696681207536,0.00055892167504473,0.0005589075307010231,2.590056986700095e-07,2.7315004237681365e-07
677,-1.1067775574155574,-5.963253725581886,-8.041609280137406,-11.98750652587705,-14.024611970468326,-16.610937506428858,-14.122381488686113,-11.47638750882606,-10.252517402680478,20.372746246361768,0.0059580006552058,0.0005724208397417,0.5680942396931143,74937.01171126025,1591156.466054666,0.0843090749476147,0.96161799690217,0.000572371345793857,0.000572356062533555,4.949394784303524e-08,6.47772081449876e-08
678,-1.399643315046679,-6.875169612285243,-8.558387817013584,-11.730190741739127,-14.37642665436836,-15.26682482228599,-12.294263081723352,-10.888819555610132,-13.404854864379814,20.40748243150861,0.005958001896064,0.0005638521086531,0.5767276176439095,74937.02731820798,1567337.9903269557,0.0843090749476147,0.9621790026166448,0.000563631171317232,0.0005636551228515131,2.2093733586798885e-07,1.9698580158689603e-07
679,-1.1308238035942386,-6.221192215125122,-7.717091317709533,-10.391207855680566,-15.615531609561966,-12.967803535647056,-16.231528253454893,-13.291344848680922,-13.650695126962038,20.71532031698712,0.0059580005580574,0.0005591358196473,0.5815920968702537,74937.01048937178,1554228.136131706,0.0843090749476147,0.9663427218585467,0.0005590858490686773,0.0005590914541571892,4.997057862269304e-08,4.436549011076641e-08
680,-1.0625681332539385,-6.120024073885119,-6.568755308134985,-13.193286616982396,-11.82603432635363,-17.22551757850055,-14.944884363997344,-12.130438720039624,-10.083200958908876,20.41049552659775,0.0059580004141405,0.0005710191977495,0.5694886674267781,74937.00867925154,1587260.3260748407,0.0843090749476147,0.9624224950360628,0.0005710906791897863,0.0005710929592759662,-7.14814402863256e-08,-7.376152646619213e-08
681,-1.0922537614549976,-7.838969951861821,-6.518325337755367,-13.795794009609368,-12.624248880135529,-14.124348557697491,-16.178682364184816,-14.64145430827152,-10.555930044400316,21.20867093536371,0.0059580006381732,0.0005663999367647,0.5741331508626075,74937.01149703232,1574420.1803742188,0.0843090749476147,0.9644082993856232,0.0005664321827102162,0.0005664399539224427,-3.224594551619331e-08,-4.001715774276226e-08
682,-1.453150694895027,-5.664222769826583,-8.102476043782618,-10.131261035751391,-14.707434514287677,-15.115651369709378,-15.75295198733838,-12.027726185904834,-12.291638195372071,20.32276519351836,0.0059580009500742,0.0005642190634681,0.5763523902926961,74937.01541998083,1568358.013509156,0.0843090749476147,0.9644064428371816,0.0005638760635346685,0.0005638583340576186,3.429999334315925e-07,3.60729410481481e-07
683,-1.153047062428494,-6.818674379202389,-6.8101589884405485,-12.152787069887026,-11.39482331215111,-13.368100094907032,-16.955408831855294,-12.401796430034556,-11.27867859001842,20.34524330216423,0.0059580013714709,0.0005658283172521,0.5747132663095729,74937.02072011546,1572831.251354866,0.0843090749476147,0.9640499437737192,0.0005658919222884158,0.0005658923590649315,-6.36050363157694e-08,-6.404181283144097e-08
684,-0.9976102840711468,-7.349054282684655,-6.61541953819038,-12.537237630213795,-14.87877804251275,-12.6476759368153,-16.56662132273519,-10.854155445063688,-13.372423169829228,20.67037698984185,0.0059580009509424,0.0005647025505381,0.5758589289879219,74937.01543090011,1569701.961046151,0.0843090749476147,0.9629211551240086,0.0005648032557017986,0.0005648152688832799,-1.007051636986488e-07,-1.12718345179918e-07
685,-1.0493010150033852,-6.710776138530435,-8.6745579820754,-13.434160802380502,-16.71040587116732,-15.50358373767702,-14.814274653546958,-11.353506220358769,-13.52835062428558,21.41260969739856,0.0059579999988141,0.0005689327310877,0.5715771131268979,74937.00345546496,1581460.5810454793,0.0843090749476147,0.9615176296157134,0.0005688141913542871,0.0005688116766066488,1.1853973341292585e-07,1.210544810512429e-07
686,-1.3224104855129502,-7.165999859905147,-6.516465670026506,-12.059393871665709,-16.116587549353614,-16.337115034919535,-15.071126593434307,-13.198395421738596,-11.11228466098644,20.930642282177608,0.005958000345303,0.0005698594125272,0.5706476882141182,74937.0078134441,1584036.474622317,0.0843090749476147,0.963604835441576,0.0005698770269652102,0.0005698797738472879,-1.761443801017934e-08,-2.0361320087879803e-08
687,-1.12875268381614,-5.799026930934076,-7.737219475838384,-11.303607185589549,-13.21615574861823,-14.292295003112509,-11.809907052738986,-14.590033435301336,-13.065866176188504,20.47780631459393,0.0059580015027724,0.0005525628759134,0.5885104941053767,74937.02237156541,1535957.344439417,0.0843090749476147,0.9667282390110212,0.0005526105100156233,0.0005526114404500701,-4.763410222329272e-08,-4.856453667012074e-08
688,-1.299288499677129,-5.903866598660385,-8.87425169990993,-11.88741706275764,-13.47513595933323,-14.642540107758316,-11.866985527380583,-11.362137039326978,-9.890312966317216,20.05302739546778,0.0059580009623708,0.000571821148924,0.5686900659360815,74937.01557464099,1589489.5073139607,0.0843090749476147,0.960919177387604,0.0005717960582379153,0.0005718062033444722,2.509068608468664e-08,1.4945579527767504e-08
689,-1.03447793027211,-6.866127441488253,-7.711958924045721,-13.583556517668075,-13.047249554689095,-13.311769784598614,-17.01328521051691,-10.842452990776128,-12.940963616030878,20.87729233351747,0.0059580003418312,0.0005663734217105,0.5741599863555756,74937.00776977807,1574346.476558863,0.0843090749476147,0.9620689917882,0.0005664758695003559,0.0005664822997024021,-1.0244778985595612e-07,-1.0887799190212929e-07
690,-1.266284587660734,-8.151496958255713,-6.996621982625424,-11.794613494790234,-13.111064464705972,-12.931003766080629,-16.732853367727877,-14.060722873876587,-11.48354591614351,20.840073353053644,0.0059579999178613,0.0005641352070381,0.5764379129575004,74937.00243727799,1568124.9180461257,0.0843090749476147,0.9652891372286412,0.0005640682420751553,0.0005640827170452809,6.696496294468241e-08,5.248999281905718e-08
691,-1.417459952900998,-7.767019476474973,-7.280411094655442,-11.114008758891943,-14.919278526265924,-13.16728910503541,-17.340091359410437,-11.155836430714675,-10.253849634578373,20.37778920823707,0.0059580015549032,0.0005781430712842,0.5624715949180451,74937.02302724356,1607062.5356578156,0.0843090749476147,0.9621384165611632,0.0005780713449266984,0.0005780742329438944,7.172635750163185e-08,6.883834030569063e-08
692,-1.1253113443010685,-7.801443849028587,-8.655171424390005,-12.272355672132242,-12.376338868694749,-12.70302317511089,-11.906358766287145,-12.984801831959375,-10.992416677826212,20.405024367347924,0.0059580004490444,0.0005628681075888,0.5777356373095226,74937.00911825612,1564602.7655633532,0.0843090749476147,0.962602742261928,0.0005629238542138368,0.0005629295455193767,-5.574662503685969e-08,-6.143793057676941e-08
693,-1.165905252587852,-6.680652646607064,-7.955828426614193,-14.166660140931892,-11.951649974944008,-13.840862135415517,-14.379822673429151,-12.31315823596487,-10.293467719928088,20.751268684472684,0.0059580003823252,0.000570612584234,0.5698944754842085,74937.008279093,1586130.0637234205,0.0843090749476147,0.9614503799772492,0.000570640742145161,0.0005706225287865508,-2.8157911161042458e-08,-9.944552550791158e-09
694,-1.3831765001722205,-6.7662504048455485,-8.742113927006288,-11.230200979493894,-13.656118220612395,-11.620797525450492,-13.468396562631336,-13.192520980867643,-13.402309689931728,20.56519102130563,0.005958004388711,0.0005546010301132,0.5863481489287944,74937.0586695835,1541622.795465406,0.0843090749476147,0.9650190660358668,0.0005545357465118072,0.0005545324842545471,6.528360139274308e-08,6.85458586528612e-08
695,-1.198250640330943,-6.463927148781498,-8.30861424605407,-12.375635234063536,-14.151423071840208,-12.361121640682477,-12.408832108026786,-10.76950252566936,-10.292299209978705,20.08513504200837,0.0059580010290271,0.000572961569696,0.5675581566752679,74937.01641301441,1592659.53146292,0.0843090749476147,0.9604361046445764,0.0005731513238344042,0.0005731499232974175,-1.8975413840422502e-07,-1.8835360141749354e-07
696,-1.211530265244179,-7.154915334981295,-6.829747882052653,-10.491281016190456,-15.775187975485034,-12.157897406266605,-12.142627582561932,-11.874863379128271,-10.280320186777164,19.804362483333925,0.0059580016290743,0.0005695822172699,0.570925586524068,74937.02396013407,1583265.955809209,0.0843090749476147,0.962576732694305,0.0005696472817744936,0.0005696313448894004,-6.506450459355453e-08,-4.912761950037498e-08
697,-1.423467508374442,-6.497208680653319,-8.130421138520854,-14.06368865804754,-13.89270808929093,-16.18697112233443,-15.99852119673205,-11.642984209004757,-12.568565553026117,21.286271955780773,0.0059580001960482,0.0005672415825682,0.5732812158690499,74937.00593618515,1576759.7006526086,0.0843090749476147,0.961792644757536,0.000567277630205242,0.0005672894279436511,-3.604763704201375e-08,-4.7845375451154894e-08
698,-1.008852350980576,-5.906427333022053,-7.826694357120196,-12.377689107951356,-14.396274090940768,-15.160217275046737,-15.364577009679255,-14.519392150439783,-9.39611736880131,20.97667240732589,0.0059580004058781,0.0005692585172538,0.571250058573984,74937.00857532996,1582366.1678598423,0.0843090749476147,0.964070691318626,0.0005693277727830813,0.0005693308948731135,-6.92555292813304e-08,-7.237761931347224e-08
699,-1.387535828305717,-7.59463277503406,-8.22405536305478,-12.030285000102223,-15.26849500679464,-13.551119123403508,-15.432447418795988,-11.7450716573163,-9.463855282126447,20.65547371406068,0.0059580009451635,0.0005789010907991,0.5617350021358098,74937.01535821638,1609169.6001963145,0.0843090749476147,0.9611696558690868,0.0005787432430984866,0.0005787424232815787,1.5784770061335034e-07,1.586675175212866e-07
700,-1.1151004179214197,-7.052117476061551,-7.278302401184419,-10.62873524157753,-13.841851293701152,-16.3221549886858,-12.275322993208167,-12.786256192929748,-13.264019841024746,20.24994471968532,0.0059580020105283,0.0005578956489988,0.5828851565374991,74937.02875788837,1550780.8375544036,0.0843090749476147,0.9651911198262856,0.000557857088629647,0.0005578560892346405,3.856036915304579e-08,3.955976415946725e-08
701,-1.205942287845921,-7.960436408077432,-7.994658574463034,-11.844049718481743,-13.738490410356665,-15.09472682610448,-12.085925073123118,-11.861120344910209,-12.79340361177769,20.449401741902367,0.0059580016436498,0.0005614886275434,0.5791552076210692,74937.02414345692,1560768.2290795865,0.0843090749476147,0.9627288961465248,0.0005613764032688738,0.000561383425755064,1.1222427452617107e-07,1.0520178833606751e-07
702,-1.4085245175189154,-6.475348542967359,-8.939618458686203,-12.841411518295429,-11.740693710017478,-16.37673947387978,-17.04257900347756,-10.725083158236036,-10.397624926352782,20.629599229851603,0.0059580007152593,0.0005798714383883,0.5607949713095057,74937.01246658615,1611866.8724365053,0.0843090749476147,0.9609281972680804,0.0005799033463110891,0.0005799029538935495,-3.190792278908849e-08,-3.151550524954465e-08
703,-1.4729222301628366,-6.951320854990473,-7.287762045945428,-11.348114911293326,-16.365184290096,-15.100567618258664,-13.456166529460884,-12.5088065178443,-10.526747041075224,20.5222858571679,0.0059580009714132,0.0005717988321314,0.5687122626910164,74937.0156883719,1589427.4733935357,0.0843090749476147,0.9625865465695932,0.0005718466749411557,0.0005718378743996466,-4.7842809755668965e-08,-3.904226824659202e-08
704,-1.434568444812648,-7.653621850003043,-8.953874734205256,-11.538449006406998,-12.083073823164668,-12.737701614847358,-14.96336503147444,-12.60797016286764,-12.085071808262914,20.55104253405576,0.005958006032882,0.0005613817134938,0.5792661467112794,74937.07934921561,1560471.0404214012,0.0843090749476147,0.9636339361884932,0.0005612475693424788,0.0005612604136616867,1.3414415132113802e-07,1.2129983211330107e-07
705,-1.2539671462916706,-8.133065705137811,-6.199152794349079,-11.12911310875908,-13.131126010187907,-14.874557162756313,-14.59131642136732,-14.053912709238435,-11.831853352242067,20.47664102367824,0.0059580018216326,0.0005607855584045,0.579881333175701,74937.0263820435,1558813.909933986,0.0843090749476147,0.9659829918004704,0.000560780667252018,0.0005607648607885823,4.8911524819488655e-09,2.069761591771361e-08
706,-1.3310169292424017,-7.109336858647197,-7.191490208782623,-12.847692275947129,-14.407516398305743,-15.995492634566991,-14.104456589166034,-10.601614889590486,-12.701596338277962,20.60061176493708,0.0059580007916696,0.0005683556618266,0.5721575674372222,74937.01342763913,1579856.5033765598,0.0843090749476147,0.961590738696675,0.0005683090946931181,0.0005683178110040661,4.656713348196069e-08,3.785082253388635e-08
707,-1.2736093072035426,-7.083610835040633,-7.193917517764022,-12.535108628543938,-15.64767220877154,-13.991854242810934,-16.40643134017214,-13.79832803445437,-11.583996117940828,21.246554655336137,0.0059580006482002,0.0005646784643535,0.5758834481783865,74937.01162314744,1569635.0087523554,0.0843090749476147,0.964212759417576,0.0005647600806783686,0.0005647580443736442,-8.161632486861081e-08,-7.958002014427003e-08
708,-1.264471746035033,-6.283969675688297,-7.52596826345353,-11.195108468721996,-11.186029399753975,-13.148209320820015,-15.695959192562045,-12.93304627644645,-11.861218697629436,20.172926338096826,0.00595800520638,0.0005604053868779,0.5802752114062043,74937.0689538515,1557757.1482984894,0.0843090749476147,0.9652014059160252,0.0005603991325041519,0.0005604058116073228,6.254373748071362e-09,-4.247294228560544e-10
709,-1.028519439649786,-5.875297121932377,-7.901822996805568,-14.321565052644884,-15.02256949311721,-15.828170847422316,-15.21070569374504,-11.522181847795231,-10.738023197524758,21.13169737201905,0.0059580002385007,0.0005772782480462,0.5633140495461136,74937.00647013434,1604658.589134982,0.0843090749476147,0.9606666333140116,0.0005770684204321527,0.0005770575048088889,2.0982761404731917e-07,2.2074323731110027e-07
710,-1.4336565095064762,-6.996010048200311,-7.518985713541946,-13.87194811718685,-11.1795382130236,-11.841126828440654,-13.43730235072639,-15.5680172849265,-9.941063771828544,20.91147544990244,0.0059580016637851,0.000566137943922,0.5743989919796751,74937.02439670969,1573691.9196669306,0.0843090749476147,0.9646601704112164,0.0005660934925713792,0.000566099941699132,4.445135062076597e-08,3.800222286799628e-08
711,-1.0074036163846392,-6.979236673134742,-7.9640313965346365,-11.466069372536795,-11.864615925674798,-14.446413467306671,-13.343012966459188,-14.068970553266672,-12.605280794256265,20.51312165097024,0.0059580032695063,0.0005551739218019,0.5857429230748685,74937.04459273827,1543215.2607489512,0.0843090749476147,0.9658424481974937,0.000555187745996711,0.0005551819982651024,-1.3824194811020568e-08,-8.07646320243223e-09
712,-1.1775561648791877,-6.775064555293925,-8.174586846293684,-12.710625956151656,-15.32431068002803,-13.36970263010393,-15.53564389135082,-15.42014024457883,-12.109980137624698,21.57749801053068,0.0059580003563839,0.0005583394081973,0.5824216462220254,74937.00795281492,1552014.3536478695,0.0843090749476147,0.9656056627403148,0.0005585056511350811,0.0005585151452082101,-1.662429377811232e-07,-1.7573701091013697e-07
713,-1.384893677864894,-6.6901012972392735,-7.337467298398213,-11.040303628859707,-15.162354005038504,-17.128876214029777,-13.00108597763233,-11.637535754774095,-10.118734481216134,20.16231101690008,0.0059580015664102,0.0005749088698182,0.5656358310161218,74937.02317197343,1598072.4356859725,0.0843090749476147,0.9619144760179787,0.0005751732738778384,0.0005751694084508029,-2.644040596384324e-07,-2.605386326029035e-07
714,-1.2694099113815225,-6.9781939728061255,-6.5774554092222255,-12.316262859847496,-12.042843563059986,-12.015664797743934,-15.01093481310174,-12.857011588634055,-13.65515179333659,20.45889932515304,0.0059579999047382,0.0005550728026816,0.5858491331686212,74937.00227222107,1542934.1802379915,0.0843090749476147,0.9655740262253631,0.0005550039546041546,0.0005550072303088724,6.88480774453876e-08,6.557237272760384e-08
715,-1.1488481553635037,-6.79211862485638,-8.791991527220885,-10.112517060226628,-14.451350294948464,-14.737386289852584,-16.475718106334085,-12.890899982294917,-11.648578035633452,20.60662037765669,0.0059580009908218,0.00056600052785,0.5745383497252192,74937.01593248452,1573309.9446296778,0.0843090749476147,0.9645362813345748,0.0005660828300610737,0.0005660902513295306,-8.230221107364752e-08,-8.972347953061649e-08
716,-1.1454715797404922,-6.36989262861376,-7.177220323389487,-13.46855019764816,-11.794843141935893,-11.867770248903597,-12.626020141835427,-12.043252266403336,-9.728569444350278,20.08402271494952,0.0059580004142764,0.0005693121045444,0.571196290078563,74937.00868096016,1582515.124288259,0.0843090749476147,0.9615268066620968,0.0005693596370141439,0.0005693619196872629,-4.753246974384222e-08,-4.9815142862835206e-08
717,-1.286881499864241,-6.815479453617387,-8.420910186323885,-11.019827546373165,-14.984618191043724,-16.6803882127008,-16.79410513418742,-14.298991477143444,-10.436228912602392,21.10425058280851,0.0059580001950197,0.0005716014976083,0.568908488558198,74937.00592324926,1588878.9432202664,0.0843090749476147,0.9647079379414492,0.0005715852565274381,0.0005715839389106443,1.6241080861905885e-08,1.7558697655681473e-08
718,-1.0135872931311276,-7.195364209614767,-8.134472043355956,-13.284825936196752,-15.43359795374649,-11.885155164574613,-14.316722733941257,-11.94923391617418,-10.659899339005646,20.866110918815163,0.0059580007473374,0.0005724647443492,0.5680506834531448,74937.01287004896,1591278.507558526,0.0843090749476147,0.9610842614949836,0.0005723306859374574,0.0005723212187778253,1.340584117426151e-07,1.4352557137469867e-07
719,-1.1344819205097705,-7.639491648355626,-9.004366852022416,-12.300242619819649,-14.38398766913976,-12.119896981575804,-17.469621766947203,-15.12420687866816,-9.267623496190163,21.404827684735807,0.0059580012837474,0.0005752830719037,0.5652678639062826,74937.01961676907,1599112.6040841718,0.0843090749476147,0.9641341015934248,0.0005751952823366139,0.0005752261212713635,8.778956708615192e-08,5.695063233653562e-08
720,-1.111823373102315,-6.719068527567148,-7.001749751115646,-12.219374118178004,-14.929866660944324,-17.25269400893316,-14.989475300196872,-12.36641158603126,-11.43869964567052,20.784676944017136,0.0059580007030373,0.0005681580435214,0.5723565640962048,74937.01231286272,1579307.184375027,0.0843090749476147,0.9629990249232095,0.0005682459132093161,0.0005682470680719203,-8.786968791615283e-08,-8.902455052035418e-08
721,-1.0225623137251705,-6.825672554785873,-6.83544464523067,-14.357455266204282,-16.368275551451443,-11.97872777588602,-14.47576625966957,-11.029019916374596,-13.537847248979416,21.08849921033225,0.0059579999935069,0.000569360440393,0.5711477378715788,74937.00338871345,1582649.483299579,0.0843090749476147,0.9614930496716276,0.0005692050735294029,0.0005691872065438303,1.5536686359717347e-07,1.7323384916975108e-07
722,-1.2607478122542095,-6.156267842515671,-6.115035829361933,-10.321757409444364,-14.938551375479689,-14.472680371300722,-16.653311708361446,-11.371646819644544,-11.944985686531822,20.040180584149844,0.0059580010447007,0.0005689627875444,0.5715470690606996,74937.0166101487,1581544.128886586,0.0843090749476147,0.9642989728991122,0.0005685769448280024,0.0005685769975799983,3.858427163976313e-07,3.8578996440171744e-07
723,-1.0480520263154616,-5.944833420336343,-9.064034901000634,-13.30916766311232,-14.70552697656542,-15.0998958666994,-16.967542054572117,-13.369067535819086,-11.062868418757493,21.498310135908223,0.0059580001943517,0.0005679417438538,0.5725744718123656,74937.00591484799,1578705.9368472814,0.0843090749476147,0.9628404923075736,0.0005681159284731866,0.0005681059916703193,-1.7418461938653942e-07,-1.6424781651923868e-07
724,-1.4388654751384475,-7.356958729313279,-8.122084236088398,-10.948982383869836,-12.663509859228554,-13.95343838043306,-13.777377143815864,-15.697834692546367,-11.119279723792252,20.72030478934052,0.0059580022063728,0.0005606765361414,0.579994145947427,74937.03122113031,1558510.8610810598,0.0843090749476147,0.9667383700424428,0.0005607192700119176,0.0005607298015108332,-4.273387051753445e-08,-5.326536943320911e-08
725,-1.1103779854301918,-5.933771831248722,-8.835567275946147,-12.326050781838957,-13.744753502030235,-14.061146658092246,-14.09607363800129,-11.39745970413459,-13.467287600706223,20.6480084767834,0.0059580014903017,0.0005587677075488,0.5819753821023008,74937.02221471566,1553204.8960516544,0.0843090749476147,0.9628285223294348,0.0005589604020681077,0.0005589566971445265,-1.926945193077203e-07,-1.8898959572646867e-07
726,-1.1517718743934564,-6.104747952017183,-6.423332016106754,-9.88620691629656,-11.843657091813306,-12.060762055360229,-13.70517778934149,-11.068740245689972,-11.01481653324735,19.137923494046348,0.0059580034499874,0.0005610423436616,0.5796161630598718,74937.04686274732,1559527.6951315969,0.0843090749476147,0.9640120565783004,0.0005610805350907993,0.0005610747066260511,-3.8191429199262855e-08,-3.23629644510999e-08
727,-1.3646723769327735,-7.099881262692605,-6.720614384099106,-12.158790051570971,-14.872601768620315,-12.60543688442867,-14.428053964961526,-11.460891240103615,-10.867322881569308,20.306723936726183,0.0059580006515545,0.0005689747213198,0.5715350247622514,74937.01166533589,1581577.3011657202,0.0843090749476147,0.9620516751003712,0.0005689118467494589,0.0005689117735962886,6.287457034106093e-08,6.294772351143115e-08
728,-1.0153694259760482,-5.74642881587595,-8.448434211330564,-12.04874775889753,-14.225935912144395,-14.220885486236236,-15.207756414935748,-11.636759618662364,-10.550652654495725,20.497194824342987,0.0059580021802905,0.000569205076607,0.5713039464355821,74937.0308930792,1582217.6190563936,0.0843090749476147,0.9619614802315416,0.0005692787618741938,0.0005692871327417474,-7.368526719385773e-08,-8.205613474744806e-08
729,-1.266122609073552,-6.914349491679583,-8.323082450229272,-12.555951031922238,-15.300137106769682,-14.999517851705216,-13.39282477790724,-15.787806491230258,-12.510740769316769,21.53833612983261,0.0059580005101473,0.0005559732766768,0.5849003603290219,74937.00988678087,1545437.2250616904,0.0843090749476147,0.9658771705774298,0.0005562237919332676,0.0005562154384721546,-2.5051525646751713e-07,-2.4216179535458196e-07
730,-1.174736772663448,-8.2122186679599,-7.969527573565111,-12.43012230037816,-11.30726464355666,-12.95464252358556,-14.23445900361354,-12.008347764926189,-11.936766187304263,20.39348481101104,0.005958001884747,0.0005628571505669,0.5777470927978203,74937.02717586767,1564572.308362813,0.0843090749476147,0.9628026987168624,0.0005628775918042031,0.0005628731232602235,-2.0441237303086418e-08,-1.5972693323475402e-08
731,-1.4510800308444207,-5.58231827723076,-7.744706101916369,-11.076977793872857,-16.609323541926475,-16.607745567989276,-16.960749449537282,-15.17936010195758,-11.0491284987121,21.31052617861648,0.005958000258582,0.0005712185909219,0.5692898558168038,74937.00672270691,1587814.578669468,0.0843090749476147,0.9660701675626112,0.0005713026309669509,0.0005713286830853731,-8.404004505084724e-08,-1.1009216347303112e-07
732,-1.0361421268779445,-7.0882401056862765,-6.313536266487942,-14.283390850010536,-11.665488398647176,-12.304114363341636,-15.076470300694716,-11.449689226750127,-11.212423496421746,20.45246319016689,0.005958000339905,0.0005689723278436,0.5715373841751727,74937.00774555096,1581570.6480270736,0.0843090749476147,0.9617882613611282,0.0005688403296681481,0.0005688050905498402,1.319981754519103e-07,1.6723729375975587e-07
733,-1.1615785067462157,-6.970716095874147,-7.1604532948687885,-11.437811648769191,-15.170720225423723,-14.74710168015159,-12.422158594809288,-13.882041578083772,-10.467862127,20.50183263897601,0.0059580008736452,0.0005649552485417,0.575601342691598,74937.01445869065,1570404.3849176613,0.0843090749476147,0.9639828665426944,0.0005645842463090089,0.0005645940542681386,3.710022326911238e-07,3.6119427356147687e-07
734,-1.0522077760922437,-8.05745012466648,-7.248593374033894,-12.50071303988021,-13.365990934814034,-16.797465200709617,-15.286138159854554,-11.20081290002268,-12.330542891018997,20.686787501276022,0.0059580005641447,0.0005675466798734,0.5729730889358764,74937.01056593502,1577607.7787033063,0.0843090749476147,0.9622510423562748,0.0005675329976416014,0.0005675272862645863,1.3682231798602985e-08,1.939360881370207e-08
735,-0.997005034549836,-6.811392233618173,-8.520084623375329,-13.483754963411744,-14.26818999155205,-15.85528162239576,-15.494193697932584,-14.713014666363216,-11.520666180623444,21.63833753825739,0.0059580002444499,0.0005614185552058,0.5792272896816072,74937.00654496049,1560573.449216006,0.0843090749476147,0.9640928796178666,0.0005615211209067665,0.0005615234996631733,-1.0256570096651898e-07,-1.0494445737332242e-07
736,-1.3321208446458113,-6.109082224741739,-7.270511100645539,-10.278274870762749,-15.251104317337546,-16.038946563600923,-12.950753058440371,-14.81040758026129,-11.661984201557129,20.52282850354592,0.005958001274356,0.0005618380950973,0.5787949148789658,74937.01949864897,1561739.6429753753,0.0843090749476147,0.9665115327326634,0.0005617122082839516,0.000561721716282623,1.2588681334835782e-07,1.1637881467698417e-07
737,-0.9906450836615808,-7.926158250443659,-7.926620988847856,-13.112200045237566,-13.480542031556284,-12.411682844475887,-15.975822874540968,-15.124719623835162,-13.526025947020864,21.55856035086441,0.0059580010441707,0.0005554205442844,0.5854825085758952,74937.01660348341,1543900.7965128836,0.0843090749476147,0.9661912493676016,0.0005551590595919634,0.0005551305798009786,2.6148469243667503e-07,2.8996448342140206e-07
738,-1.3639665356872808,-5.749960698832167,-7.293874577733347,-11.75503145806539,-13.417814429410043,-14.787534320963276,-15.639633673784036,-14.277182547606834,-12.759981984256704,20.85417859864288,0.0059580012339648,0.0005562970125031,0.5845600853715567,74937.01899062646,1546337.1125527036,0.0843090749476147,0.966428890084818,0.0005563786882523938,0.000556388663927395,-8.167574929384379e-08,-9.165142429506338e-08
739,-1.154774699100957,-8.215314610527006,-8.41930039820779,-13.706276888156452,-11.698648724195994,-14.594574283899853,-15.99401692183246,-11.091462050444868,-11.03691951527477,20.82245712554391,0.0059580008937021,0.0005750575544491,0.565489486656363,74937.01471095714,1598485.7339021054,0.0843090749476147,0.960807099666404,0.0005751107355154943,0.0005751202046375141,-5.3181066394267056e-08,-6.265018841406823e-08
740,-1.3406973518712584,-7.283189214406225,-8.616224043710519,-10.041836672235783,-16.522738845009897,-15.80425336320571,-16.501523835691916,-10.86832043624896,-9.980675721219177,20.412483212437007,0.0059580006214672,0.0005857672161074,0.5551505274336437,74937.01128691089,1628255.347818415,0.0843090749476147,0.961529124183388,0.0005862097922061747,0.0005862120466753526,-4.4257609877460836e-07,-4.448305679525741e-07
741,-1.176453781427942,-6.757949642952295,-8.50193385131165,-13.567338475584702,-11.966807154010622,-13.018628168491391,-13.96999093921354,-13.489019270805574,-10.108942253145129,20.80452007939636,0.0059580009957699,0.0005670094548052,0.5735160266971967,74937.01599471935,1576114.4558164622,0.0843090749476147,0.9624993999746408,0.0005670291812312003,0.0005670391649063472,-1.9726426000381096e-08,-2.9710101147285492e-08
742,-1.3015478128648916,-6.891054306633004,-7.133266151274892,-14.818789739970413,-11.917125020440196,-12.41741402090724,-12.253432068809214,-12.527950220686686,-12.96945091416582,20.77683957774896,0.0059579998633437,0.0005616971510529,0.5789399435229242,74937.00175157984,1561347.8612441423,0.0843090749476147,0.9625498016386196,0.000561387542218232,0.0005613889470980212,3.096088346679973e-07,3.0820395487878103e-07
743,-1.077242871426522,-6.004595529636416,-8.48150536646104,-14.782672646384992,-14.47137547600069,-13.98998275954388,-15.642073367011289,-14.48925141691164,-9.478166904230031,21.645031864866723,0.0059580001626571,0.000573468720757,0.567056108976894,74937.00551620784,1594069.2577237054,0.0843090749476147,0.9624220268235588,0.0005735909772116978,0.0005736057998527109,-1.2225645469772506e-07,-1.370790957108724e-07
744,-1.2909799498778207,-6.223593786457868,-7.098632840320096,-14.801354136456892,-15.86945990557645,-12.949778969830431,-11.77427772396654,-14.17008450302208,-12.025042711937257,21.35658264387468,0.0059580002708873,0.000564717582535,0.5758435018323671,74937.0068774777,1569743.7454422857,0.0843090749476147,0.9628625029537022,0.0005643492571999807,0.0005643227176890972,3.683253350192806e-07,3.9486484590281565e-07
745,-1.2775623584691809,-6.263413685856706,-6.19547023324782,-13.80620497454569,-12.931396680342836,-15.587570486103305,-16.55698743530477,-14.309123123157656,-9.739254515524436,21.068772559053887,0.00595800042498,0.0005709949729295,0.5695128298949258,74937.00881558523,1587192.9884166308,0.0843090749476147,0.9641044157680828,0.0005710097397424073,0.0005709993195249316,-1.4766812907337189e-08,-4.34659543156312e-09
746,-1.1154855630699467,-7.2239405153160705,-9.011909875599873,-10.271756763828613,-15.181098676574226,-12.756907152068134,-15.745981112854787,-10.880262062832808,-11.29214976679028,20.27835571887756,0.005958006841131,0.0005716420679974,0.5688690640292032,74937.08951500255,1588991.7166073204,0.0843090749476147,0.9621005512317892,0.0005715409262059776,0.0005715493124341302,1.0114179142231734e-07,9.275556326975801e-08
747,-1.172590186176616,-6.519513804200562,-7.432553680260947,-10.721876223790591,-15.174039098833546,-15.728678931193883,-14.87566363997615,-14.093320638583986,-9.253862304125189,20.54318479010426,0.0059580008113383,0.0005728472468035,0.567671392914501,74937.01367502398,1592341.748466559,0.0843090749476147,0.9643844977402994,0.0005726251501187875,0.0005726370480193792,2.2209668471245402e-07,2.101987841207284e-07
748,-1.0962078100760295,-7.406912997969179,-7.01209039847932,-14.293975392008395,-12.633195064545848,-16.287323011157,-11.808569289286227,-14.112928282191437,-12.471848182502075,21.11490290443084,0.005958000340052,0.000558963209079,0.5817716634188007,74937.00774739997,1553748.3310602068,0.0843090749476147,0.9637500094850924,0.0005589374151488889,0.0005589396059564599,2.5793930111066808e-08,2.3603122540120057e-08
749,-1.221354104606307,-7.294517717536845,-6.064148999408335,-12.735263205728998,-11.73752111588196,-15.656854861929617,-11.768370963561168,-12.356076200529206,-10.135176710522284,19.98712515476084,0.0059580006549116,0.0005666861729389,0.5738431555988069,74937.01170755933,1575215.8301964833,0.0843090749476147,0.9624661040762584,0.0005666812270793569,0.0005666973848242711,4.9458595430956764e-09,-1.121188537107562e-08
750,-1.2300890821425885,-8.17310649727516,-7.89230882766294,-13.787774309214374,-13.360370365948407,-14.379515471456669,-14.074149423013488,-13.235522423112457,-11.586691419393883,21.18018890768757,0.0059580007281631,0.0005633453792354,0.5772462146613639,74937.0126288841,1565929.4361066157,0.0843090749476147,0.9624974696138376,0.0005634799368916168,0.0005634684091396858,-1.3455765621682696e-07,-1.2302990428584692e-07
751,-1.354234139229705,-7.905751750973094,-7.711554527380632,-13.940457643453096,-14.568522082430311,-12.860735488702598,-11.95501309300359,-15.55193684994384,-11.629751418622597,21.43853531664704,0.0059580003872724,0.0005601294062416,0.5805604136796733,74937.00834131679,1556990.0057636364,0.0843090749476147,0.9642608829722086,0.0005602603453840163,0.000560238584249794,-1.309391424163817e-07,-1.0917800819399553e-07
752,-1.2167758653924643,-5.951047296505502,-6.980560081557993,-12.65605737764169,-12.717957951815151,-13.436526848447915,-13.64292266235363,-13.996836660595662,-10.916894409136503,20.529318056406208,0.0059580007212121,0.0005588657692309,0.5818731528127765,74937.01254145756,1553477.4778109132,0.0843090749476147,0.9645534531423706,0.0005590100350121403,0.0005590169588323403,-1.4426578124032263e-07,-1.5118960144033453e-07
753,-1.0971156581285395,-6.7781743220892725,-6.927132334608752,-12.78862998190592,-14.590899545732531,-14.169603853450132,-11.752985791559007,-14.544776854156336,-12.048308347149195,20.855690038732828,0.0059580007976723,0.0005570671440178,0.5837518814265856,74937.01350313872,1548477.8447802884,0.0843090749476147,0.9648035576578632,0.0005573198298910134,0.0005573167798706328,-2.526858732133236e-07,-2.496358528327521e-07
754,-1.348706793227851,-8.191638747380985,-7.220287926408579,-14.583820237431423,-16.561790994549632,-14.414213052690698,-14.621001429480785,-15.715010136983825,-9.300061436099464,21.941380810364063,0.0059580000726631,0.0005763715292658,0.5642002033979918,74937.004384304,1602138.1857008794,0.0843090749476147,0.9630890539302724,0.0005763668971002558,0.0005763520116318909,4.63216554425893e-09,1.9517633909125857e-08
755,-1.3651654444241146,-7.794856638669048,-6.858017515765519,-11.060280264332627,-15.01163695110084,-17.288925138930612,-15.79513902156796,-14.06481596482813,-12.78715314355661,21.030338796644696,0.0059580008438167,0.0005637132082312,0.5768695720285966,74937.01408352153,1566951.889246742,0.0843090749476147,0.9659946577526728,0.0005637902554807902,0.0005638046306394076,-7.704724959011096e-08,-9.142240820750238e-08
756,-1.227922658635148,-8.008213134074348,-8.218524101986954,-13.05779260896787,-15.886464787787576,-17.08396695810455,-14.952268205989082,-11.305781709045949,-13.697373060534346,21.353977824863986,0.0059580007344151,0.0005685680290794,0.5719438512027721,74937.0127075183,1580446.819982796,0.0843090749476147,0.9618146448919168,0.000568522120801715,0.0005684955179824237,4.590827768500075e-08,7.251109697631406e-08
757,-0.9945497026203484,-6.46923731904601,-7.511061856830061,-10.93950663129452,-11.652235130426943,-17.26424753076073,-14.440521702075262,-12.012754492139573,-9.292777596837066,19.8792519183522,0.0059580028901198,0.0005728199425638,0.5676987488515379,74937.03982098775,1592265.850954752,0.0843090749476147,0.96279818620209,0.0005729404040552146,0.0005729583507017649,-1.2046149141457362e-07,-1.3840813796483532e-07
758,-1.3458920319051653,-8.269907515912216,-8.333743466363336,-14.37943643914694,-16.71737797749849,-14.43590693308371,-15.75797385689768,-15.02069775440734,-13.24785383710383,22.37055171320633,0.0059580001068588,0.0005595889656652,0.5811210670633066,74937.00481440245,1555487.74473829,0.0843090749476147,0.9640118704859836,0.0005597012036525397,0.0005596996359847615,-1.1223798733971634e-07,-1.1067031956146518e-07
759,-1.3147445123968304,-7.975120563033511,-7.480814746694374,-10.328449072350484,-12.947513751989352,-12.17227898950832,-13.724503834504675,-13.621725984687153,-12.899536018544165,20.241664542605527,0.0059580026939069,0.0005567823719996,0.5840507261011715,74937.037353112,1547686.2648679742,0.0843090749476147,0.9662611668924416,0.0005568175000079062,0.0005568200746800057,-3.5128008306220884e-08,-3.770268040576442e-08
760,-1.3022301269997254,-7.866700913031161,-8.239420216775937,-13.217959778418642,-12.412628566620288,-15.213121595559102,-13.902427077356878,-13.033636122807106,-11.750460327342749,20.96336037626704,0.005958000657213,0.0005622786675056,0.578341311336706,74937.01173650596,1562964.3007580996,0.0843090749476147,0.962785156911792,0.0005622977307657919,0.0005623017869771301,-1.9063260191872107e-08,-2.3119471530145055e-08
761,-1.2655967177236016,-6.944894893513016,-9.047067807645256,-12.0667879502748,-14.543884196154972,-12.242270525596783,-12.104962426141489,-12.22958230622285,-9.241864182535195,20.33308361759325,0.0059580008928928,0.0005742844767052,0.5662507248371691,74937.01470077907,1596336.8120501654,0.0843090749476147,0.9609150319770738,0.0005743785785649535,0.0005743891045505232,-9.410185975344994e-08,-1.0462784532315993e-07
762,-1.0240865612496477,-7.633537862952282,-8.405266338854904,-11.618161795595611,-13.53408886479709,-16.724833181600676,-13.4320784786879,-15.39973610128461,-11.181054579906936,21.08098424807953,0.0059580007626627,0.0005613725379917,0.5792748460735998,74937.01306280357,1560445.5353059173,0.0843090749476147,0.9655023296647548,0.0005613042717524982,0.0005612999213241762,6.826623920178684e-08,7.261666752384367e-08
763,-1.4278368953353455,-6.528258609095968,-8.141249621498913,-13.61440721986862,-15.749649598032066,-15.028938546700452,-15.438844959892371,-15.02253591341231,-12.267090496318543,21.84446347245812,0.0059580002619258,0.0005593451220077,0.5813744265299693,74937.00676476397,1554809.9332658427,0.0843090749476147,0.9645842208162828,0.0005596503319107247,0.0005596584148890463,-3.0520990302468094e-07,-3.132928813462865e-07
764,-1.1392366813348176,-7.9174301060689105,-6.111850233863159,-11.29946198667666,-13.414649514790526,-15.75754554135321,-16.78260101273733,-12.207957788901862,-12.027850155771656,20.455854098418683,0.0059580011702836,0.00056696910067,0.5735568720109006,74937.01818967375,1576002.2835496794,0.0843090749476147,0.9644098098290178,0.0005668558553754177,0.0005668791465149788,1.1324529458221679e-07,8.995415502115276e-08
765,-0.9849904089032848,-7.753885567714371,-9.021227654397045,-10.487888531088023,-15.994931340783587,-13.053124796169293,-14.715295911086852,-12.26227681809649,-11.642455815999137,20.63642598817493,0.0059580011158215,0.0005671587267614,0.5733650988766134,74937.01750467365,1576529.386618812,0.0843090749476147,0.9629557220482404,0.0005671324616272022,0.0005671095010035485,2.626513419777543e-08,4.922575785144476e-08
766,-1.3060034319516185,-8.166645276438329,-7.421220720072001,-13.270343275934694,-12.695515401877488,-16.090428576865257,-12.796346306437604,-14.91880830458414,-11.7787830111293,21.16886107798166,0.0059580005556649,0.0005592466939443,0.5814767921014713,74937.01045927982,1554536.3330775348,0.0843090749476147,0.9646198841555076,0.0005591763084042093,0.0005591837576572374,7.038554009075604e-08,6.293628706263796e-08
767,-1.1370499871792934,-6.616096717082022,-7.695104245514744,-11.957304203685556,-11.94825797937699,-12.129178199269688,-13.382573914919774,-13.021871538955414,-9.640900302425992,20.075302665561683,0.0059580004020015,0.0005651270036177,0.5754263358959816,74937.0085265717,1570881.8119798517,0.0843090749476147,0.9631366612882758,0.0005651316091136925,0.0005651279207167559,-4.605495992492277e-09,-9.170990558768008e-10
768,-1.227372023744886,-6.767141846870864,-8.653050727921105,-14.103071028493243,-13.947829956959245,-13.470253413072882,-12.703175874916914,-12.80597232093415,-9.665986404504334,20.93230776186821,0.0059580007403723,0.0005741121088041,0.5664207107346211,74937.01278244515,1595857.6815199608,0.0843090749476147,0.9607715959913092,0.0005743410529318444,0.00057431722125067,-2.2894412774442097e-07,-2.0511244657004258e-07
769,-1.2503359847727364,-8.111323384223338,-7.85250059267649,-14.47638779051876,-16.63418190883056,-14.015498561119164,-14.295049326898535,-10.775409661381508,-10.142427702822395,21.169408019418,0.0059580001249412,0.0005909838596246,0.5502501177124883,74937.00504183359,1642756.035926195,0.0843090749476147,0.9589475005264408,0.00059102535237,0.0005910315220303886,-4.149274539992469e-08,-4.766240578862185e-08
770,-1.1167885862671958,-7.168533653557168,-8.986103219858373,-13.83776460913239,-13.321535273334153,-13.540402895301003,-16.60636379150629,-15.58473567959196,-10.653541946467154,21.790458814988902,0.0059579999998287,0.0005662762716914,0.5742584394545154,74937.00346822609,1574076.428946334,0.0843090749476147,0.964413907249362,0.0005661106721440544,0.0005661025955621765,1.6559954734557663e-07,1.7367612922347762e-07
771,-1.464989403608963,-6.6085679610959485,-7.787046037393055,-13.023561269022329,-13.127699354755146,-15.596482503406596,-15.67322457519324,-15.506207559469605,-9.96145605220068,21.30767274256369,0.0059580005315397,0.0005669648374419,0.5735610925718251,74937.01015584434,1575990.433067308,0.0843090749476147,0.9649747576409684,0.0005669306459147788,0.0005669391789325898,3.419152712119591e-08,2.5658509310191695e-08
772,-0.993168623056874,-7.15638925725869,-7.347285017136011,-10.66928492339707,-16.0800592663096,-15.173605798598924,-13.663716679351158,-12.671270132093486,-9.926142888648045,20.33414831058837,0.0059580010481452,0.000573010796665,0.5675094008704059,74937.01665347202,1592796.3675188238,0.0843090749476147,0.9629402720670136,0.0005729868091223464,0.0005729861098312765,2.398754265359182e-08,2.4686833723520235e-08
773,-1.0491199663028126,-6.823477159054306,-7.409594615453636,-13.177368668332758,-14.36410830920408,-16.012426361442355,-16.25587455780795,-15.25781986188492,-12.464362879288853,21.65122370578678,0.0059580000522413,0.0005586943298869,0.5820516067139219,74937.00412744802,1553000.9283883348,0.0843090749476147,0.9658563329461418,0.000558730265928512,0.0005587100485136708,-3.593604161195984e-08,-1.5718626770739978e-08
774,-1.386837309213367,-7.748360458266326,-8.60467823209174,-14.803591277258958,-13.070633871095652,-13.336125764615076,-15.697982714396469,-12.487453171102274,-11.374799137407296,21.426854544007927,0.005958000505882,0.0005707434474031,0.5697638246955872,74937.0098331333,1586493.823676382,0.0843090749476147,0.9612470901532044,0.0005706309537832343,0.0005706523637222454,1.1249361986571428e-07,9.108368085458673e-08
775,-1.2901563102171467,-6.192389436738766,-8.150922019464144,-14.112511376665427,-15.47834483199304,-16.063664937097244,-12.370397382771005,-14.979231220501603,-12.9755908003024,21.706885696054467,0.0059580004312223,0.000557516916759,0.5832808900048703,74937.00889409763,1549728.076700017,0.0843090749476147,0.9642604876399028,0.0005576055744893409,0.0005576144606228412,-8.865773034097933e-08,-9.75438638412332e-08
776,-1.1163546764298855,-6.053892072087652,-6.353854285220353,-10.079541509704583,-11.24875799284691,-12.48181987166312,-15.408043629243451,-13.59144444404909,-9.652562834036814,19.59095208399724,0.0059580016808719,0.0005667726766269,0.5737557209787971,74937.02461162063,1575456.2842349247,0.0843090749476147,0.9659426955719752,0.0005668569917439155,0.0005668400976342439,-8.431511701551073e-08,-6.742100734386663e-08
777,-1.0131059463511018,-6.088475101926728,-8.23278618306479,-11.125014722483584,-15.807974446718545,-16.10613693800218,-16.738213079010606,-14.098280202577158,-10.595885997013458,21.080360145475176,0.0059580001722866,0.0005709409704612,0.5695666610475149,74937.00563732321,1587042.877919624,0.0843090749476147,0.9646358266502668,0.0005707676737342138,0.0005707692769609129,1.7329672698620287e-07,1.716935002871265e-07
778,-1.367149583638135,-6.695098867083944,-6.329054880616194,-12.808765309453518,-11.744147181726884,-16.9494565536482,-17.474835817080685,-13.595321919810589,-11.43537362095248,20.890473015765654,0.0059580011923049,0.0005677318413504,0.572786308649705,74937.01846664719,1578122.471497625,0.0843090749476147,0.9649101403312352,0.0005677738071368389,0.0005677981254975542,-4.196578643888161e-08,-6.628414715422002e-08
779,-1.2535172712142246,-6.000512832755367,-7.252377486437317,-11.642232520468564,-15.94683465910053,-11.826035615981684,-17.154831761478036,-15.619634692172555,-11.405869307355776,21.23882835727326,0.0059580009957555,0.0005658281106722,0.5747134217707078,74937.0159945389,1572830.6771252756,0.0843090749476147,0.9668025472711128,0.0005656716818757802,0.0005656758180512125,1.5642879641977487e-07,1.5229262098756177e-07
780,-1.169478229581309,-6.858487668636611,-7.819100714848932,-10.73769116019859,-11.171425534990696,-16.234232655370313,-12.261859558470984,-10.618151110420678,-10.588172758754968,19.46505065057081,0.0059580032838223,0.0005688268615808,0.5716839673139762,74937.04477279821,1581166.2958991898,0.0843090749476147,0.9618907975661188,0.0005687742867785162,0.0005687797820396497,5.257480228384667e-08,4.7079541150340035e-08
781,-1.4555787311468418,-6.020657804307854,-8.03076330582599,-14.796492278013496,-14.851956070786564,-14.931249091113816,-13.080008729862826,-11.901782802797213,-9.576307863202604,21.003571797220488,0.0059580002393439,0.0005828702097073,0.5579097066121964,74937.00648073944,1620202.5479452468,0.0843090749476147,0.9598248114029354,0.0005826807792546871,0.0005826809616529758,1.894304526129471e-07,1.8924805432420002e-07
782,-1.3214873244169172,-6.398461331734793,-8.21555106360185,-13.62997850132141,-12.32609339473406,-13.858030032504807,-12.456061160982284,-12.680191113189997,-13.57859862270075,20.8146903523467,0.0059580005430073,0.000556296901105,0.5845601007409738,74937.0103000781,1546336.8028997548,0.0843090749476147,0.9634064974000772,0.0005563910661385258,0.0005563783249778757,-9.416503352576138e-08,-8.14238728756838e-08
783,-1.1947942075572775,-5.581473663287504,-7.267188826534509,-14.477157569134263,-11.587165806852605,-16.771340552116502,-15.53050506715375,-13.838780591332622,-13.543278413433011,21.351287067470647,0.0059580004801825,0.0005569761991334,0.5838471516633967,74937.00950989763,1548225.04556189,0.0843090749476147,0.9649513942194338,0.0005569277812035227,0.0005569309958966391,4.841792987733424e-08,4.52032367609205e-08
784,-1.31839414471911,-7.49903695475167,-6.275166199146664,-11.799139766255587,-15.49353276523539,-12.367376822351506,-13.164076045473545,-10.692330169020934,-10.20598049710157,19.93705691861156,0.0059580013459936,0.0005756918997262,0.5648664475689771,74937.02039967374,1600249.0215380697,0.0843090749476147,0.9610856718308406,0.0005756356123450393,0.0005756318707703548,5.6287381160766495e-08,6.00289558452859e-08
785,-1.140666755757145,-6.896313663236031,-6.445401377277452,-13.499554393731009,-16.569559456392415,-15.074275651515258,-12.915761069072976,-12.730243228456242,-11.082266567483982,20.95494741672712,0.0059580003481447,0.00057190529075,0.5686063092227913,74937.00784918605,1589723.3960916102,0.0843090749476147,0.9620028911717188,0.0005718817894576251,0.000571883965620347,2.3501292374834837e-08,2.132512965302355e-08
786,-1.229707311624502,-6.625291241253663,-8.28334423370694,-11.009844728080822,-12.444817350299274,-16.370882837576875,-13.75832090702001,-12.020721457813814,-13.251518607926815,20.320616840336868,0.0059580032480973,0.0005584699886572,0.5822858893462122,74937.04432346576,1552377.327754956,0.0843090749476147,0.9642899871195102,0.0005584002386687286,0.0005584029195032311,6.974998847139417e-08,6.706915396887184e-08
787,-1.3654959777004754,-8.275427766951841,-7.683433256168842,-11.411383860254992,-14.313914233712117,-13.851642518942649,-14.649427178977064,-15.031734678890972,-9.87112831044111,20.89477195037931,0.0059580018961644,0.0005672559070287,0.5732669846288074,74937.02731947032,1576799.5183120386,0.0843090749476147,0.9648742741310892,0.0005674269616133265,0.0005674389102670337,-1.710545846265142e-07,-1.8300323833370883e-07
788,-1.391919210051561,-6.660019819834089,-8.783335232715675,-14.606951843906492,-13.804145124253075,-14.976503435030637,-12.385208806621094,-13.866546789428195,-9.978719695718246,21.298787014541016,0.0059580003585708,0.0005714108666668,0.5690983081033127,74937.00798032038,1588349.0469723635,0.0843090749476147,0.961436910041762,0.0005716033168074497,0.0005716046235507323,-1.9245014064967706e-07,-1.9375688393226832e-07
789,-1.0917078897891306,-7.38090803371342,-7.423361044196911,-10.335130818553568,-14.002671118831032,-13.89030940967623,-14.66816505057157,-11.222667047751411,-10.571580762532312,19.89507306074164,0.0059580017653076,0.0005694490807768,0.5710590878088009,74937.02567361436,1582895.87670456,0.0843090749476147,0.9626413050305476,0.0005692650117810008,0.0005692485689120113,1.84068995799278e-07,2.0051186478873238e-07
790,-1.1533110046018578,-7.627371231843792,-8.83837444948375,-13.368308183403874,-12.638128817338089,-17.194463697744045,-16.147548840752787,-14.338730947260917,-11.456638869581004,21.588054838950622,0.0059580012213032,0.0005650766434022,0.5754777371901391,74937.01883137514,1570741.825842178,0.0843090749476147,0.963784215723604,0.0005649765571734151,0.0005649743502202666,1.0008622878491125e-07,1.022931819333545e-07
791,-1.188415648278861,-7.9075826430716605,-6.612305535863723,-13.245452431420576,-16.373384614694437,-17.305020538343193,-16.062443983945133,-13.925181666824288,-9.722628741214455,21.46458408067161,0.0059580000617599,0.0005794598841979,0.5611931766459498,74937.0042471692,1610722.876506252,0.0843090749476147,0.9628533850254428,0.0005795206543308676,0.0005795137640641982,-6.077013296767499e-08,-5.387986629827677e-08
792,-1.062388356341602,-7.504458422948188,-8.836774280904692,-10.440580153835004,-13.900601215028964,-14.9508105176305,-12.471725460328305,-12.231957217060828,-12.848855341628855,20.309251927118723,0.0059580067973745,0.0005598871001519,0.5808126040246074,74937.0889646531,1556316.4682638086,0.0843090749476147,0.9637952005463194,0.0005597259179992655,0.0005597349257474872,1.6118215263448855e-07,1.5217440441279463e-07
793,-1.369691409720439,-7.781732607313752,-9.060299019071133,-13.542184000302797,-16.586175743542707,-11.974490592565518,-17.202386239377347,-15.152746684167482,-10.37101272959714,22.047680019139783,0.0059580001554926,0.0005727720779221,0.567745798652679,74937.00542609535,1592132.8017558786,0.0843090749476147,0.9633925884861434,0.0005725943684960324,0.0005726022138477962,1.7770942606766364e-07,1.6986407430381184e-07
794,-1.307547251943859,-6.299083658428031,-7.110276836144502,-14.025702387577732,-13.058191511453195,-14.995532203631004,-16.05285667351701,-14.556569268408866,-12.7459651362926,21.474721037915582,0.0059580002448185,0.0005572380801993,0.583572730748534,74937.00654959581,1548952.995563879,0.0843090749476147,0.965238291926873,0.0005572743977177796,0.0005572781308398481,-3.631751847952419e-08,-4.0050640548049306e-08
795,-1.0022874664688186,-6.4580727411761485,-7.167236101079856,-11.771034201329476,-14.426669045511456,-16.72944329308292,-13.684785841873374,-12.193047377938193,-10.427760051105052,20.37083431464765,0.0059580008844889,0.0005693997277211,0.5711084580431766,74937.01459507835,1582758.6901659989,0.0843090749476147,0.9625483696058756,0.0005693586878465124,0.0005693539793563566,4.1039874587567825e-08,4.574836474338824e-08
796,-1.4013990913344596,-7.390786996912436,-6.914407059689859,-12.851886915522428,-12.379181301466268,-12.61654455678412,-16.69249414440338,-11.783826707909306,-11.046435498289316,20.51639641615664,0.005958000142445,0.0005688088256384,0.5717016422744131,74937.0052619885,1581116.161444984,0.0843090749476147,0.9626095588724776,0.000568785782646176,0.0005687797393783534,2.304299222396708e-08,2.9086260046546145e-08
797,-1.1588892017620922,-5.819137877660326,-8.590744385890645,-11.579846093993968,-16.615182330834802,-13.479023015807783,-11.79085693665376,-14.611199688252093,-13.12089152427229,21.02559428252657,0.0059580010685003,0.0005573035881859,0.5835042559705182,74937.01690948995,1549135.0879146934,0.0843090749476147,0.9653760587618662,0.0005573554069589922,0.0005573520795011525,-5.181877309212192e-08,-4.8491315252476366e-08
798,-1.378743773258391,-6.161979605047622,-7.423860688045481,-13.923675250107848,-12.406524893102006,-12.19557554282753,-13.843199971663545,-15.0803633717614,-10.022103757475486,20.964057560635126,0.0059580004940578,0.0005644844307036,0.5760813777254724,74937.0096844139,1569095.6540061133,0.0843090749476147,0.9642302126762514,0.0005643963590819494,0.0005644129672725572,8.807162165064362e-08,7.146343104281506e-08
799,-1.1553857252472846,-6.654059417775685,-6.158094017473161,-11.330884903878337,-13.728838522116614,-13.5463690477324,-13.731919183328715,-12.515339337783336,-9.247211251146464,19.888013745757245,0.005958000652727,0.0005686691340564,0.5718421522458543,74937.01168008264,1580727.8611797048,0.0843090749476147,0.9631728071133652,0.0005687940285953553,0.0005687932717635911,-1.248945389552801e-07,-1.2413770719102869e-07
800,-1.1046066323268546,-6.8871320842989405,-8.332682945096305,-11.776456057895718,-15.71583328414292,-15.519677637770949,-13.092501491704496,-15.094740663917072,-10.864492873154184,21.143192238122936,0.005958001394149,0.0005636937936746,0.5768895203107312,74937.02100535097,1566897.9226629373,0.0843090749476147,0.9646558313381076,0.0005634059277004596,0.0005633874054841564,2.8786597414034304e-07,3.063881904435961e-07
801,-1.435256078020697,-6.516035408024479,-8.86860854945899,-12.236336046040352,-13.116442938260656,-11.71722272972314,-14.38329762988464,-12.672106991370011,-10.19169939719717,20.504765242877458,0.005958001154762,0.0005668797043807,0.5736473190403503,74937.01799445023,1575753.788956322,0.0843090749476147,0.962371647659909,0.0005668525887584428,0.0005668611292568658,2.711562225720266e-08,1.8575123834148506e-08
802,-1.232613346541541,-7.982760880851179,-8.183045205431558,-12.8727970944454,-11.440840802664631,-15.039026117885442,-14.29151505521579,-14.55878394114258,-10.473545858640565,20.960372978195707,0.0059580016725488,0.0005648437812018,0.5757150487446836,74937.02450693607,1570094.5394924397,0.0843090749476147,0.964058422273298,0.0005649133542532089,0.0005649272853837961,-6.957305140895334e-08,-8.350418199618015e-08
803,-1.4133376902332213,-6.637106735593264,-7.624288200352791,-13.224869407932676,-16.01015630474824,-12.950481960039845,-15.3313344775719,-13.210837406603623,-12.852461846172714,21.34177887106081,0.0059580007637803,0.0005606016088202,0.5800714545057101,74937.0130768603,1558302.585834297,0.0843090749476147,0.96359748598618,0.0005605721961220976,0.0005605632878677755,2.9412698102386156e-08,3.832095242441592e-08
804,-1.0352465453996418,-8.071527452454884,-8.961058811676002,-10.021538400862523,-13.69806311467184,-13.693388664789913,-11.755486155070408,-12.055839441083675,-11.793898474132607,20.005303445015755,0.0059580122796684,0.0005628696531646,0.5777357716982966,74937.15791844318,1564607.0617955148,0.0843090749476147,0.9631142956437024,0.0005629928618760125,0.0005630027593606433,-1.2320871141250408e-07,-1.3310619604331268e-07
805,-1.0396856857569448,-6.93462860354618,-6.957654802805791,-13.792100843505246,-15.14321448847472,-11.604187786931728,-14.885315660441933,-14.31888497024838,-10.238370513510556,21.18069333516786,0.0059580008920875,0.0005674400815232,0.573080774023279,74937.01469065009,1577311.4675936988,0.0843090749476147,0.96338261440724,0.0005675711341487741,0.0005675825545263581,-1.3105262557414846e-07,-1.4247300315808464e-07
806,-1.389896850520765,-6.290953461049593,-6.881422583279213,-10.432753287004225,-15.109847452069248,-13.861985604650664,-15.747898644918468,-13.603533005416946,-12.035005007414478,20.49187844022813,0.0059580004305534,0.0005624375397225,0.5781779137743798,74937.00888568464,1563405.9173758675,0.0843090749476147,0.9659649624833792,0.0005623340172369297,0.0005623272123496998,1.0352248557032092e-07,1.1032737280019817e-07
807,-1.4183222756723233,-7.951444110710021,-7.216839627150554,-14.572772862658251,-15.896372322001412,-15.98473725699658,-16.781241721494755,-13.914982401464435,-12.55925737368661,22.06431402132974,0.0059580001036866,0.0005651181951831,0.5754352617847439,74937.00477450356,1570857.327200828,0.0843090749476147,0.9632892090231616,0.000565388444080516,0.0005654260753297909,-2.702488974159383e-07,-3.0788014669083565e-07
808,-1.4489455117444348,-8.000950026887539,-7.549762756999688,-10.088271336030305,-13.9891494000175,-12.100178318812418,-15.19048733207825,-14.448350462786811,-11.97361223032392,20.50996917867096,0.0059580008739349,0.0005617048902314,0.5789321141765459,74937.01446233464,1561369.3738151465,0.0843090749476147,0.9666022954309744,0.0005617033104716895,0.0005616969355041034,1.5797597105243408e-09,7.954727296571179e-09
809,-1.3298811767945926,-6.861601762405828,-7.788768151245629,-12.438319402316406,-13.193910058178403,-16.437328020830915,-14.153133054528228,-14.160273005898626,-11.437252914383814,20.97086383613472,0.0059580009845586,0.0005606180476579,0.580054477483065,74937.01585370924,1558348.2808213693,0.0843090749476147,0.9644326711598318,0.0005605407319122728,0.0005605425789338962,7.731574562725493e-08,7.546872400382605e-08
810,-1.2583111242163056,-5.94981260075223,-7.249713214355245,-14.330773225772512,-14.767794956903607,-13.900314521459132,-15.805060351322933,-15.424396076680589,-13.616430630440007,21.874965753358826,0.0059580001999428,0.0005540741137715,0.5869051384687786,74937.00598517025,1540158.1277139492,0.0843090749476147,0.9661046976102508,0.0005541888003284033,0.0005541735353680959,-1.1468655690329444e-07,-9.942159659589132e-08
811,-1.1540766224486394,-6.549384325239632,-6.142572659367935,-11.826716794956813,-12.871209547522083,-17.100083455578314,-13.430183451164767,-12.500609176410975,-11.451488053854511,20.190246998903465,0.0059580004205462,0.0005624564055623,0.5781585191491746,74937.00875981868,1563458.3586932956,0.0843090749476147,0.9639404025398696,0.0005626311455262128,0.0005626319754908096,-1.74739963912764e-07,-1.7556992850959602e-07
812,-1.1423361976007116,-7.48920409750557,-6.889704093797468,-11.571651239496267,-15.16805023071143,-14.885035519085326,-13.27786733661612,-12.255071641365491,-10.777310261291932,20.36547376102733,0.0059580008168604,0.0005685163931328,0.5719958103236312,74937.01374447759,1580303.2876991937,0.0843090749476147,0.9626440124448616,0.0005680955278147372,0.0005680858307428362,4.208653180627544e-07,4.305623899637486e-07
813,-1.3522930972889358,-7.136436030594343,-8.916182423433941,-14.699661700756456,-11.944914189866992,-16.015276046329006,-12.020660005402398,-12.577415431515522,-11.028199545274166,21.02871404012553,0.0059580000436638,0.0005717703745115,0.5687404352633858,74937.00401956422,1589348.369834141,0.0843090749476147,0.9607842820263142,0.0005716938591612113,0.000571682578865065,7.651535028870612e-08,8.779564643498182e-08
814,-1.1537328248318648,-5.820589265850483,-8.796327761883914,-13.189917280732113,-15.40380274209522,-15.731405428967417,-14.573964585725369,-13.555689070554578,-10.325503319663405,21.28771906593097,0.0059580004110562,0.0005698496299575,0.57065749393077,74937.0086404579,1584009.2820431683,0.0843090749476147,0.9623803604502936,0.0005696375051771233,0.0005696434538652325,2.1212478037665496e-07,2.0617609226749462e-07
815,-1.3520081394205947,-6.548215688517138,-8.593107617799866,-14.465373092514469,-13.01218578251683,-13.15494949604588,-14.44983318137318,-12.240777038066264,-12.354194808557304,21.151870084908897,0.0059580008270786,0.000564188668167,0.5763834230582899,74937.0138729973,1568273.5237834651,0.0843090749476147,0.9617703201299506,0.0005641762306202604,0.0005641881171803849,1.2437546739589057e-08,5.509866150572168e-10
816,-1.346579825928819,-5.685627478767891,-7.776304189865666,-14.34608639313388,-14.519630543656032,-13.440080300749305,-15.761811214469155,-13.640557726994397,-12.827225212983008,21.52687392524233,0.0059580002235598,0.0005585775544653,0.5821733146972454,74937.00628221445,1552676.3281042655,0.0843090749476147,0.9637639395401356,0.0005586991465771899,0.0005586998015729925,-1.2159211188985438e-07,-1.2224710769245892e-07
817,-1.163411262921663,-7.319248338791276,-8.421895158533442,-14.776717533610784,-12.0755649137115,-12.037225940132796,-15.396587466668208,-12.186656186931367,-13.466391776982258,21.2601414994339,0.00595800137794,0.0005628928014682,0.5777104273848203,74937.02080148124,1564671.40706467,0.0843090749476147,0.9623546953981345,0.000562684887328147,0.0005626822247110291,2.0791414005304903e-07,2.105767571709393e-07
818,-1.080081549170801,-5.688201610414637,-8.628138634940388,-13.72012979776058,-11.955337831418824,-13.442188015317516,-15.18552461058094,-13.143184729922504,-13.785671212839606,21.12714317086584,0.005958001136781,0.0005553075871217,0.5856016173843799,74937.01776829298,1543586.8098313597,0.0843090749476147,0.9643527038927922,0.0005552295521452591,0.0005552122253199594,7.803497644094139e-08,9.536180174056323e-08
819,-1.2120166890216133,-6.992057781392371,-8.67028325889482,-11.66109593148175,-15.23131640039432,-13.611274403698724,-15.34374073145696,-11.842843185010738,-11.703085896315551,20.759524749455856,0.0059580024866077,0.0005666150432458,0.5739154573309911,74937.03474579696,1575018.1112051234,0.0843090749476147,0.9623960332644648,0.0005665675826409198,0.0005665699450526286,4.7460604880172896e-08,4.5098193171425396e-08
820,-1.3657527239789913,-7.090631512335821,-8.298315352442096,-10.958274461160675,-14.662498750296743,-17.0107689445026,-17.431723251039095,-14.684804118748978,-9.674606197483264,21.12916742971632,0.0059580006740307,0.000576944553375,0.5636399223746452,74937.01194803095,1603731.0190731017,0.0843090749476147,0.9648718046561144,0.0005770095170788959,0.0005770250104932341,-6.496370389590458e-08,-8.045711823406569e-08
821,-1.418523650558853,-8.070394234569598,-6.364084615191088,-10.682904880330884,-12.31213994286922,-15.501352092879742,-11.963034078076747,-11.328579337041017,-10.76177925831459,19.54045653534083,0.0059580017944438,0.0005667301359601,0.5737988054162917,74937.0260400755,1575338.034072881,0.0843090749476147,0.962748232389104,0.0005666570320846521,0.0005666659652338565,7.310387544791352e-08,6.417072624350425e-08
822,-1.3872491616496767,-8.255631570168369,-6.955429546952836,-10.749973743629692,-15.213386433196224,-12.519062203363047,-13.01381125567961,-14.188389373046178,-9.306534651569578,20.32583505809052,0.0059580017969858,0.0005700960186525,0.570411061603396,74937.02607204812,1584694.1679487776,0.0843090749476147,0.9641242941677314,0.0005700231458616702,0.0005700204493117505,7.287279082978434e-08,7.556934074944704e-08
823,-1.1672699657686592,-7.835352460588585,-7.304902625754656,-13.953659285438745,-13.659307799602644,-17.205659402968116,-13.68928471379411,-14.15571611162088,-9.381606620196123,21.21943035668606,0.0059580003729337,0.0005733714570951,0.5671523313618286,74937.00816097055,1593798.894218836,0.0843090749476147,0.9623801757336908,0.0005734169393897225,0.0005734299137039123,-4.5482294622482995e-08,-5.8456608812329676e-08
824,-1.4535095991368483,-7.018217286592707,-9.031132590238771,-13.092889518331638,-11.198663493482016,-11.76835500654314,-14.610895003589512,-11.03957763148767,-12.46792180680152,20.464279176598183,0.0059580024675131,0.000565945862098,0.57459405906112,74937.03450563438,1573157.9904053495,0.0843090749476147,0.9617293086312466,0.0005660329130734184,0.0005660466176062835,-8.705097541839967e-08,-1.007555082834866e-07
825,-1.1749466984300136,-8.018117422906748,-6.715063605304708,-10.075368413339683,-12.855762471965573,-11.748421654871114,-16.015496501058657,-14.909390511323773,-9.689322127754812,20.20537893162208,0.0059580009536525,0.0005711683401181,0.5693400409837531,74937.01546498592,1587674.8966630492,0.0843090749476147,0.966526435402659,0.0005711771441777822,0.0005711538982828869,-8.804059682242932e-09,1.4441835213059757e-08
826,-1.0165179345718969,-7.275275756601532,-7.170924867248564,-9.970400463580273,-16.624645885935212,-13.810825946452114,-15.53250524491205,-14.915248901511529,-11.537108672941422,20.793397238295107,0.0059580003788244,0.0005674774341247,0.5730429785488567,74937.00823506164,1577415.2965066552,0.0843090749476147,0.966704310775516,0.0005675349229805054,0.0005675332426692659,-5.748885580536718e-08,-5.5808544565934086e-08
827,-0.987446377111225,-8.2084772034054,-9.038527710692328,-10.876293648827923,-13.190651794908472,-16.00746824202768,-14.865418243293108,-13.920242009120122,-11.043942071886352,20.83656000684412,0.0059580025566086,0.0005651545606761,0.5753985901077961,74937.03562623677,1570958.412251209,0.0843090749476147,0.964322759542524,0.0005651129009057909,0.0005651340945425937,4.165977030901914e-08,2.046613350624102e-08
828,-1.4046979016945595,-6.059785424192121,-6.260555293992508,-12.934506377598822,-16.065485954905895,-16.939656064466,-15.701170359616103,-12.87591341027045,-11.868722583207388,21.10884450999094,0.0059580003333718,0.0005686342859785,0.5718771509342385,74937.0076633787,1580630.9940834972,0.0843090749476147,0.9635364359856888,0.0005687181650789746,0.0005687142128805488,-8.387910047460458e-08,-7.992690204876394e-08
829,-1.0158369238304472,-5.706482831567697,-6.820417021916322,-14.174190056985513,-11.731154484979808,-12.151892233185922,-12.754914989681737,-10.70956424912234,-10.933008854656585,20.02608349170769,0.0059579999955969,0.000570555389537,0.5699515484360389,74937.00341500124,1585971.079798307,0.0843090749476147,0.9608228322107004,0.0005702455008764189,0.0005701840322577021,3.098886605810893e-07,3.713572792979304e-07
830,-1.451786818011793,-5.721029553208462,-6.793053823056606,-12.62158337684945,-12.780201707603233,-12.936254967700998,-15.420333446210536,-11.488702643925617,-12.274175584135955,20.30930140350604,0.0059580014949869,0.000560750735163,0.579917296757857,74937.02227364368,1558717.1118754991,0.0843090749476147,0.9632748622964952,0.0005608768924325216,0.0005608874422823015,-1.2615726952165673e-07,-1.3670711930156235e-07
831,-1.001017624081171,-7.420002675511714,-6.5011438679056575,-13.912178316484445,-16.012563810815635,-16.786626788796614,-16.631348095439108,-11.59296490176703,-13.002876478886236,21.409831789416955,0.0059580001477751,0.0005714039318297,0.5691051847555945,74937.00532902837,1588329.770226766,0.0843090749476147,0.9622219037117816,0.0005711998114609971,0.0005711896411761986,2.041203687029201e-07,2.142906535014923e-07
832,-1.0486754509388645,-7.023673034426253,-7.6041292417982,-10.19751881380811,-14.619627462613622,-15.618408478884916,-15.62040084573697,-13.41981780905828,-13.69194496493478,20.67915960966741,0.0059580004639559,0.0005597151635943,0.5809900950182786,74937.00930580674,1555838.5367379417,0.0843090749476147,0.966565843989828,0.0005594659172041032,0.0005594685590385887,2.492463901967827e-07,2.4660455571134336e-07
833,-1.2472595393200216,-7.069004184107795,-6.902267746965108,-13.923389943240432,-16.398353097974972,-13.534182490393242,-14.051909324962333,-15.746923569123824,-12.751964162385423,21.80188175146538,0.0059580002582696,0.0005581440959963,0.5826254395108351,74937.00671877737,1551471.4449173133,0.0843090749476147,0.9655308273601458,0.0005581684222809041,0.00055814781565744,-2.4326284604097095e-08,-3.7196611399727478e-09
834,-1.474893560366305,-6.427262492521719,-7.158588460521121,-13.097178806052886,-14.756137918467916,-15.80595397132478,-16.756630093312268,-10.931005879541049,-9.394891800355506,20.68874301248711,0.005958000148443,0.0005858461629762,0.5550756509127126,74937.0053374287,1628474.796189274,0.0843090749476147,0.9607186417874756,0.0005856364050454736,0.0005856253433452269,2.0975793072646517e-07,2.2081963097311287e-07
835,-1.073535255612855,-6.168238496113919,-8.117606221925069,-13.206061592466842,-14.839417684500289,-16.520815566277285,-13.279637102158835,-11.697043502481712,-10.054947574640298,20.72242880939812,0.0059580005121249,0.0005768426839423,0.5637394372431381,74937.00991165418,1603447.8529212037,0.0843090749476147,0.9606955508137548,0.000576723740701223,0.0005767227469403283,1.1894324107694816e-07,1.1993700197170283e-07
836,-1.1263140701691177,-6.725869320321931,-8.552775414192979,-12.894295781704908,-16.047782907857833,-17.06562097715838,-12.627305843730948,-14.312659958058523,-13.28978380357487,21.54647286998127,0.0059580011400813,0.0005590644975004,0.5816663781878314,74937.01780980264,1554029.882176907,0.0843090749476147,0.9641782910134734,0.0005589811897417004,0.0005589823051194082,8.330775869960696e-08,8.219238099176941e-08
837,-1.0231605747633798,-7.720292914634139,-8.624191258222798,-13.18429508096715,-11.359379633891333,-16.707588133062778,-17.021015408850847,-10.995830021383805,-11.49169994227707,20.850663806732804,0.0059580015686635,0.0005752347151184,0.565315423384527,74937.02320031384,1598978.1868751994,0.0843090749476147,0.9613772754372794,0.0005752770207288647,0.000575269152699722,-4.230561046467997e-08,-3.443758132197321e-08
838,-1.457561203438597,-7.588007087241754,-6.589993684395693,-10.901363536400556,-14.313097533303257,-15.380953578583638,-16.11751371772951,-12.568898882613595,-10.72808216936295,20.407061844850244,0.0059580003898786,0.0005704638915161,0.5700430208665603,74937.0083740959,1585716.7430279744,0.0843090749476147,0.9639356447588504,0.0005701968921249924,0.0005702001934400625,2.669993911075903e-07,2.636980760375345e-07
839,-1.1735795079075984,-7.611206720730153,-7.376174994238597,-12.834874204494596,-12.767735072295194,-12.808637901506064,-15.472623670552856,-12.870018931717336,-10.5636336830956,20.680935995890945,0.0059580005931546,0.0005664290695308,0.5741036153507013,74937.01093080791,1574501.160635668,0.0843090749476147,0.9629382363675456,0.0005664496418218609,0.0005664566620968002,-2.0572291060884547e-08,-2.759256600027432e-08
840,-1.4631271349855093,-6.952293871692596,-7.463603280711518,-10.259597199204858,-15.922043655396624,-16.50854451197314,-11.76116566636297,-11.834735195514511,-12.624454764376534,20.16786368980564,0.0059580009377406,0.0005668075168732,0.5737203463049364,74937.01526485334,1575553.1295615367,0.0843090749476147,0.9634564819941108,0.0005672736810490304,0.0005672605421647028,-4.6616417583044724e-07,-4.5302529150280987e-07
841,-1.09320285299544,-6.4741446569659615,-9.079506393852476,-12.491876794002836,-14.551396592444014,-12.735894374667083,-14.8950348274903,-13.28879344443984,-13.40878421714122,21.192414599103746,0.0059580019067921,0.0005555077537104,0.5853907205314863,74937.02745314148,1544143.2122887392,0.0843090749476147,0.9641635450987092,0.0005555769253064393,0.000555581769047941,-6.917159603935484e-08,-7.401533754099708e-08
842,-1.3726742609102345,-7.556386282055421,-7.974084083202846,-12.525556878872685,-14.136161668028638,-17.264885185475276,-14.76656913187971,-13.743583197903943,-9.47376452087937,21.052106329891487,0.0059580003614955,0.0005736369771323,0.5668898112479239,74937.00801710627,1594536.9594581611,0.0843090749476147,0.9627361809116848,0.0005736417080500582,0.0005736354350682517,-4.730917758238862e-09,1.542064048285982e-09
843,-1.075762460632013,-5.989135555474784,-7.645579943557655,-10.252591922724788,-15.454331430516325,-16.862544976947206,-15.021932804485171,-11.851956314276508,-13.128735155451988,20.41403619519696,0.0059580006096715,0.0005645051290055,0.5760602717331258,74937.01113855027,1569153.189012856,0.0843090749476147,0.9644957244847976,0.0005646995534576639,0.0005646966861624233,-1.9442445216386484e-07,-1.915571569232168e-07
844,-1.347833432061266,-6.063367472652565,-6.066182103464573,-11.269056685064683,-11.246529170306998,-14.09979324432567,-16.652725417758884,-13.31514676396862,-12.4128423001402,20.19432698280984,0.0059580027384192,0.000561176380587,0.5794776179830975,74937.03791296686,1559900.2771651186,0.0843090749476147,0.9665958227232928,0.0005612342781509257,0.0005612294050070053,-5.789756392566604e-08,-5.302442000526455e-08
845,-1.458361622479542,-7.868716966352419,-9.013233142777466,-10.224811997057142,-12.587814850565708,-15.894955276616152,-13.51423879705202,-14.096474999513717,-11.019063840069016,20.489725153633884,0.0059580015367047,0.000563969836174,0.5766071747954252,74937.0227983504,1567665.23715849,0.0843090749476147,0.9648877536904312,0.0005639583599408889,0.0005639575990555038,1.1476233111170839e-08,1.2237118496251018e-08
846,-1.1175744663852782,-5.69139337927686,-8.068250819638266,-11.456656920143828,-14.405307615803698,-11.969710538741907,-11.803216351635108,-14.479523317328436,-11.818355106854154,20.47590195357594,0.0059580016031872,0.0005558711746612,0.5850079553905082,74937.0236345369,1545153.412399833,0.0843090749476147,0.9653789827126674,0.0005558989800699086,0.0005559013203689316,-2.78054087085762e-08,-3.014570773161775e-08
847,-1.0392031973648048,-6.547351651887702,-6.969497370922316,-9.99778153472557,-12.288740669363309,-14.851260766809254,-16.706696786382505,-14.572118587664452,-11.18514492676443,20.29953123731187,0.0059580012456522,0.0005671068187029,0.5734175985070709,74937.01913762536,1576385.0979464278,0.0843090749476147,0.9673185221560004,0.0005671490380978022,0.0005671584097475708,-4.221939490221295e-08,-5.15910446708236e-08
848,-1.3156419631853222,-7.137861766440002,-7.207147722276955,-11.62616081485402,-11.4584064855197,-12.146811418380068,-12.445016516981038,-13.972223427819596,-13.04031451464326,20.24064668444912,0.0059580040897755,0.0005542935256827,0.5866733920920196,74937.05490970999,1540768.0263359002,0.0843090749476147,0.9662876739058184,0.0005542125771061788,0.0005542148295884836,8.094857652121788e-08,7.86960942164832e-08
849,-1.3180401850676473,-6.7951603024349865,-9.088596351884032,-14.1135863691679,-13.693253417231915,-15.22726328086184,-16.972789765377627,-11.321304559324552,-10.501871120639288,21.261398762619287,0.0059580004832472,0.0005801397655987,0.5605355587435373,74937.00954844379,1612612.7407668368,0.0843090749476147,0.9604053277217004,0.0005803445141108603,0.0005803524594279642,-2.0474851216030748e-07,-2.126938292642015e-07
850,-1.4334210849366504,-6.980214056385236,-7.954004442540394,-12.109654765889214,-11.554179826253897,-11.64688431699367,-14.691930661104209,-12.00227722587653,-12.141010589717409,20.2586432901106,0.0059580017813318,0.0005607709740573,0.5798964086551243,74937.02587515878,1558773.3698683633,0.0843090749476147,0.9634007660129544,0.0005606568550126145,0.0005606583646647653,1.1411904468551937e-07,1.1260939253472657e-07
851,-1.4361036664939324,-8.227698088911845,-7.618700798301781,-14.70154030261805,-16.07620534523434,-15.27585149103938,-13.488813549502549,-14.593329707783512,-9.874227492227472,21.7658951978468,0.0059580003335349,0.0005751427903144,0.5654056016671601,74937.00766542995,1598722.663777316,0.0843090749476147,0.9618971986934568,0.0005751169470675426,0.0005751095605284847,2.584324685739152e-08,3.3229785915316404e-08
852,-1.0579355545429572,-7.908751255529735,-7.529959093225941,-11.133905552576572,-15.247391343430811,-16.479200062381473,-14.90207474646436,-11.591637044064278,-13.793946072774473,20.718944533501144,0.0059580015310141,0.0005637973276824,0.5767836019674479,74937.02272677662,1567185.7158292362,0.0843090749476147,0.9637829233140564,0.0005636775080760825,0.0005636709506220323,1.1981960631752414e-07,1.2637706036766182e-07
853,-1.2823075970900537,-7.048777312828289,-6.371735764984375,-11.02650946517396,-15.77989975216258,-12.66225054005649,-13.502444667489955,-14.01715550897294,-9.587010343063696,20.323043413617057,0.0059580012180737,0.0005691036273801,0.5714056494715115,74937.01879075555,1581935.6209492136,0.0843090749476147,0.964365860178138,0.000569097607710063,0.0005690924574893514,6.019670036961147e-09,1.1169890748560958e-08
854,-1.1082210597308824,-5.931346613164097,-7.946830924131921,-11.574412391343357,-11.401999402665364,-13.133465371082876,-17.282696740056764,-13.807262844877489,-10.79121912930284,20.524177998114165,0.0059580046245971,0.0005667312510963,0.5737980852192597,74937.06163645086,1575341.133813451,0.0843090749476147,0.9652373092802908,0.000566763488432932,0.0005667691370925463,-3.2237336631971494e-08,-3.788599624624488e-08
855,-1.145252332361956,-5.943560468717754,-8.277927053828995,-11.068980499190053,-16.485532427422037,-12.30106475145394,-11.822654760833842,-12.548513448508931,-11.64316884352914,20.33896576022236,0.0059580018458108,0.0005644422678108,0.5761246061071889,74937.02668614562,1568978.4539414598,0.0843090749476147,0.9629924467573708,0.0005646302172838246,0.0005646298685265521,-1.8794947302463397e-07,-1.8760071575211514e-07
856,-1.1418296983367888,-6.5536369733909,-6.98698666189407,-13.153025121213936,-14.462966474111052,-12.540172529261431,-15.908320349668102,-15.627618721141548,-12.58707728467901,21.458186235063348,0.0059580003184068,0.0005570581667082,0.5837612184834212,74937.00747515624,1548452.890580034,0.0843090749476147,0.9666327499374056,0.0005570291512303933,0.0005570293416332971,2.9015477806667786e-08,2.8825074902937703e-08
857,-1.4480611465370292,-6.70166820771107,-6.840466324165979,-13.383603647913848,-13.277496008724796,-16.27551511889245,-16.190899940145716,-12.051017461958589,-13.23517978182672,21.01920541854527,0.0059580001958758,0.0005616970341889,0.5789401124427025,74937.00593401743,1561347.5363977065,0.0843090749476147,0.9635035728650284,0.0005616831266431972,0.0005616701040085101,1.3907545702747381e-08,2.6930180389828605e-08
858,-1.2954939997085515,-5.760389522074227,-8.560920652401238,-12.116683599462185,-11.368992495904314,-15.235412732832703,-14.423812594083843,-14.30139775773758,-9.712586014219584,20.578877685502867,0.0059580034675809,0.000566111670026,0.5744259113625251,74937.04708403023,1573618.8861980848,0.0843090749476147,0.9642693660845514,0.0005660532414494688,0.0005660535055990295,5.8428576531189234e-08,5.816442697045756e-08
859,-1.4223859681343751,-7.728892516478933,-8.318074628555854,-13.388371146417889,-13.23217663681247,-17.216498594056,-15.004569685852124,-15.074801374796314,-13.037906351251738,21.74077973768536,0.0059580004105405,0.0005570547099273,0.5837648545313147,74937.0086339713,1548443.28177687,0.0843090749476147,0.965227585413111,0.0005569558685416555,0.0005569536302616611,9.884138564445009e-08,1.0107966563885004e-07
860,-1.061351787835075,-6.563418138964144,-8.555153243028473,-14.458943625065066,-14.48476592696553,-12.0794442050776,-14.928288075741731,-12.42936252937338,-13.223713163742886,21.39989144074348,0.0059580007296094,0.0005615375740371,0.5791045922200775,74937.01264707452,1560904.2854990193,0.0843090749476147,0.962251004024458,0.0005615850597656377,0.000561595581770545,-4.748572853766758e-08,-5.800773344489824e-08
861,-1.319914891193815,-5.8428922320177294,-7.77073742243501,-12.819079802832135,-16.09452953894649,-16.29261423969739,-11.718066868084978,-14.743461786319529,-13.678762009681812,21.338656577031298,0.0059580004814554,0.0005570588636882,0.5837605120570456,74937.0095259075,1548454.8279733383,0.0843090749476147,0.9653436350839016,0.0005568583945302267,0.0005568495891160277,2.0046915797332625e-07,2.0927457217232836e-07
862,-1.3527077143241526,-5.676168446359579,-7.942729101219384,-12.364579960974105,-15.05756626683449,-13.451286766758024,-15.279574644589305,-12.492797958943662,-11.68866436908618,20.807402577713155,0.0059580001704464,0.0005630739837148,0.5775243599512742,74937.00561417763,1565175.0388042396,0.0843090749476147,0.9631168467457968,0.0005631346207650597,0.00056313499176557,-6.063705025962686e-08,-6.100805076999626e-08
863,-1.4502555752390962,-7.620392217364166,-6.622420787003632,-13.537926907302168,-14.456490132118606,-12.32666270670748,-16.742607157318183,-10.62601020064938,-10.583973381220416,20.65528443763862,0.0059580005418552,0.0005790510652132,0.5615894555651118,74937.01028558776,1609586.48361867,0.0843090749476147,0.9607874890842832,0.0005792342118702321,0.000579244757142842,-1.8314665703206712e-07,-1.9369192964205795e-07
864,-1.328984857492841,-5.895194980527495,-6.347024189071033,-11.260858970939053,-12.571350246330772,-14.48493480582901,-14.740241846509846,-14.841245896068816,-13.294983493816764,20.53706678057604,0.0059580011453055,0.0005552345722805,0.5856786268306681,74937.01787551073,1543383.8506996653,0.0843090749476147,0.9682912900292472,0.0005552025303576808,0.0005551918647003123,3.204192281923597e-08,4.270758018770377e-08
865,-1.0339873187417106,-6.431739853806532,-6.74347355878635,-11.294585497664697,-13.317616148319988,-17.07208155609679,-15.917000331373591,-14.52586869170532,-13.660571538212148,20.911587323862527,0.0059580008683012,0.0005582961145992,0.5824668857264221,74937.01439147728,1551894.0105649233,0.0843090749476147,0.96767394954548,0.0005582521279906222,0.0005582586686580795,4.398660857784804e-08,3.744594112055095e-08
866,-1.172427423061977,-5.898980234420308,-8.198295467136585,-10.950845280941522,-15.46570244280112,-11.836610222785769,-16.663483656173668,-11.4290268810118,-10.47054858874612,20.333615142697543,0.0059580026670569,0.0005731359678113,0.5673856898046081,74937.03701540481,1593144.3053733932,0.0843090749476147,0.962439486179922,0.0005729921496493357,0.0005729930530018816,1.4381816196425926e-07,1.4291480941838915e-07
867,-1.300020170693878,-7.149457052608216,-6.54039272272657,-10.462613713428192,-15.047894188486524,-16.23102358511471,-13.315024970081703,-14.675243012322824,-12.39781457852242,20.586191976559988,0.0059580007258691,0.0005611811118886,0.5794724388145915,74937.01260003095,1559913.4287498156,0.0843090749476147,0.9668761965161884,0.0005610494008510846,0.0005610583391493889,1.3171103751532728e-07,1.2277273921102155e-07
868,-1.1636989161608604,-6.073968610834048,-7.870596114063892,-11.433089152516654,-13.07387831759408,-12.57712127942372,-12.343517260537478,-15.045710969792644,-9.297954210172588,20.30367566350709,0.0059580023075911,0.0005634649144977,0.5771239852774037,74937.03249420853,1566261.7079114306,0.0843090749476147,0.9649745001717406,0.0005635023365349615,0.0005634950703114279,-3.742203726151555e-08,-3.015581372795267e-08
869,-1.445176546088064,-8.234707452087376,-7.106331971782888,-11.365256414030195,-12.876528800816793,-15.015455456988738,-12.564964708284208,-11.310963039710456,-13.507090896892624,20.131698833880524,0.0059580017836281,0.0005601320344521,0.580557893711528,74937.0259040408,1556997.3113924153,0.0843090749476147,0.9635346782918236,0.0005600360246552033,0.0005600441795777226,9.600979689668599e-08,8.785487437741081e-08
870,-1.1509301976549882,-6.568970671522079,-9.087287645223654,-13.05145004068271,-16.410744704384424,-14.296223895521845,-17.32146744883222,-14.730683487351111,-13.188627175418876,22.07275906525423,0.0059580007717478,0.000559522689901,0.581189998454638,74937.01317707279,1555303.5181982394,0.0843090749476147,0.9648948364297086,0.0005596340514703314,0.0005596462693785803,-1.113615693314543e-07,-1.2357947758038015e-07
871,-1.441305920534428,-7.956514266793265,-6.784236619257412,-11.447692147485064,-13.347838894686635,-14.927825508652944,-16.73568430616946,-14.331817528463814,-10.926705131157783,20.833793300775906,0.0059580013725631,0.0005672098724494,0.5733134352255561,74937.02073385338,1576671.5561320663,0.0843090749476147,0.9654988808852496,0.0005672346414139105,0.0005672216614538953,-2.4768964510500646e-08,-1.1789004495266903e-08
872,-1.2359844926388424,-5.90899346059251,-6.605619542063835,-12.693502565132157,-12.118320431551378,-11.667239433955482,-14.834498752411402,-12.377658972077649,-11.233858627131422,20.19116294512473,0.0059580008460928,0.0005611745032368,0.5794792804909554,74937.0141121494,1559895.0587004854,0.0843090749476147,0.963619246227037,0.000561195602360626,0.0005611960128331219,-2.1099123826014664e-08,-2.1509596321851558e-08
873,-1.0029948891002354,-6.282344240468378,-7.849161251001566,-10.487224210283175,-13.4397804959899,-16.922347162442026,-15.589697823521298,-12.07217105391024,-13.4922528033197,20.41949198526264,0.0059580018456404,0.0005607130605611,0.5799563129016756,74937.02668400273,1558612.3878992351,0.0843090749476147,0.9651176266111532,0.0005607720992629082,0.0005607559323335957,-5.9038701808204405e-08,-4.287177249567408e-08
874,-1.2477715881890994,-7.190031174503874,-7.139967647869006,-9.91856379751778,-15.328532510439834,-15.987847774516842,-16.90550987595391,-10.630610334757993,-9.94856743198764,20.01873645008565,0.0059580003831538,0.0005839788454812,0.5568505811140811,74937.0082895144,1623284.2194318708,0.0843090749476147,0.962192405884804,0.0005840904174444139,0.0005841047941259332,-1.1157196321389187e-07,-1.2594864473320505e-07
875,-1.024102254084006,-5.6361988723781415,-7.668820570316624,-13.853474716137429,-14.790433198135842,-11.5919152287675,-16.831913980296672,-13.40878044447582,-10.289146476334045,21.1879803268091,0.0059580003107563,0.0005706325387438,0.5698745365155765,74937.0073789321,1586185.5312137038,0.0843090749476147,0.9628500651628308,0.0005706815471104013,0.000570679504886422,-4.900836660136961e-08,-4.696614262203382e-08
876,-1.0826764306875614,-6.739499617752853,-7.722166273584071,-10.593757176159468,-12.250328158609046,-15.73395002528418,-13.15999375840125,-12.031349648250533,-13.55552950427304,20.056271050568352,0.0059580038760753,0.0005567403417111,0.5840949919880996,74937.05222188655,1547569.4334031446,0.0843090749476147,0.96503485243232,0.0005566320075520535,0.0005566222448105953,1.083341590464278e-07,1.1809690050467066e-07
877,-1.449200711097481,-6.747461439444794,-6.645079820374081,-11.187171783720473,-12.297048692544188,-12.472254790344518,-13.426825500778204,-13.83072444504876,-12.45473721936128,20.1614505824704,0.0059580006403016,0.0005551332386418,0.5857854617261328,74937.0115238022,1543102.1738926277,0.0843090749476147,0.9663285004993516,0.0005551274820031202,0.0005551218628513948,5.756638679741029e-09,1.137579040515202e-08
878,-1.4698868235492215,-7.788812528852833,-6.588014317190624,-14.643602675851849,-13.76177443101266,-14.490339847682826,-14.070589569004802,-11.807027687700389,-12.1040343485378,21.021733001418035,0.0059580004161757,0.0005678203025143,0.5726969619228347,74937.00870484847,1578368.366725671,0.0843090749476147,0.9614696358765028,0.0005679893434324936,0.0005679744524019531,-1.690409181935885e-07,-1.5414988765311e-07
879,-1.447450510717295,-6.27113578740531,-7.229735436367594,-10.478203350063485,-12.162981242081976,-11.790705459997522,-13.473404315349432,-15.79343613850419,-9.682964944619073,20.112171324244287,0.0059580020195898,0.0005645504375791,0.5760142438903483,74937.02887185928,1569279.1331172113,0.0843090749476147,0.9671834954787064,0.0005644263315512113,0.0005644289106839035,1.2410602788872661e-07,1.21526895196589e-07
880,-1.0381546828857375,-7.385984835761375,-6.636856034608882,-13.52547418744387,-13.04220930529915,-16.547807209541645,-11.856604590686027,-15.018774583559017,-11.162884784540235,20.988674927025084,0.0059580004299709,0.0005608275581406,0.5798377033675773,74937.0088783579,1558930.6564725128,0.0843090749476147,0.9645477989162444,0.0005608165754437702,0.0005608178299871144,1.0982696829774964e-08,9.728153485565917e-09
881,-1.1162622983201145,-6.545379620561619,-8.372585520804146,-12.489742520612516,-16.445981378463443,-17.092019999552694,-13.020479410704306,-11.986762594756184,-12.629310928553414,21.040045066852585,0.0059580006571989,0.0005686605519592,0.5718507830028622,74937.01173632855,1580704.005550278,0.0843090749476147,0.9619959007098752,0.0005689189918744813,0.000568916877610477,-2.584399152812285e-07,-2.563256512769056e-07
882,-1.1986824418269044,-7.171148698896564,-6.965348865808862,-11.969792908794338,-14.46740775647396,-16.876510063001362,-17.45023531222066,-11.864726865928423,-11.675326346951858,20.83815571434173,0.00595800022544,0.0005718899566885,0.5686215376738819,74937.00630586265,1589680.7720475688,0.0843090749476147,0.9631464666430912,0.0005719365671412753,0.000571942471280422,-4.661045277531712e-08,-5.2514591921976744e-08
883,-1.3877388455637223,-6.712978254223506,-8.338254219881136,-14.568955884707174,-12.715197828581276,-16.642104509355736,-13.628209671019182,-11.138822394425784,-12.45434524420828,21.016457214834585,0.0059580005363495,0.0005703349941259,0.5701718732955283,74937.01021634051,1585358.4473447225,0.0843090749476147,0.9607344240121898,0.000570306367184694,0.0005703234016440133,2.8626941205988493e-08,1.1592481886750494e-08
884,-1.0957858142950858,-8.250092027727638,-6.509558958495033,-10.363268565349705,-13.90546768106643,-13.85722266314476,-14.889266703474767,-12.7745314739117,-12.847059088037902,20.261321730836592,0.0059580008844741,0.0005601479464307,0.5805412705338922,74937.01459489268,1557041.5418708986,0.0843090749476147,0.9656127347354916,0.0005602806702365769,0.0005602965127961593,-1.327238058769064e-07,-1.485663654593591e-07
885,-1.300444558227516,-7.6408713537714785,-6.88583088574422,-12.725294453200508,-15.409671650944084,-17.285839777368263,-16.354943268535628,-10.963154802436016,-11.751069768020583,20.92874702543388,0.0059580007360672,0.0005767465417486,0.5638334429743938,74937.01272829848,1603180.6067579729,0.0843090749476147,0.9615979084216992,0.0005768305400468841,0.0005768325382652441,-8.399829828410494e-08,-8.599651664408826e-08
886,-1.0602142762655484,-7.351273340453233,-6.662590260324023,-10.808935594912922,-15.072047410037474,-12.001120902202516,-15.741005469392372,-11.152745865480735,-9.830232450146354,19.95824788723645,0.0059580008870254,0.0005753847581335,0.5651679091597128,74937.01462698104,1599395.2609877149,0.0843090749476147,0.9622648044309692,0.000575192827138014,0.0005751784999303483,1.9193099548597044e-07,2.0625820315166733e-07
887,-0.9893578625980948,-6.214311945057229,-8.407491746267137,-14.414817131448482,-15.72404983096399,-12.269333212072858,-13.87257358337582,-11.415085924883444,-13.397331959229325,21.22402165435797,0.0059580004294594,0.0005672099080416,0.5733132631240484,74937.0088719245,1576671.6550674732,0.0843090749476147,0.9612459799347112,0.0005669239290190229,0.0005669068099293339,2.8597902257702576e-07,3.030981122660332e-07
888,-1.2231053176432862,-6.163945034225371,-6.355378215066192,-13.147674036716191,-14.575516630409483,-15.917155119641707,-16.507059829256676,-12.427961505751872,-11.074371491974446,20.903560073535868,0.0059580000296869,0.0005698279696669,0.5706791309598108,74937.00384376942,1583949.0729992995,0.0843090749476147,0.9630156567498664,0.0005697551245418904,0.0005697497781638845,7.284512500962872e-08,7.819150301552075e-08
889,-1.1899251083535616,-7.1761223653929,-6.668968143501621,-9.893187594418976,-11.854953287891613,-15.838584700417217,-14.534021229796709,-12.69299347108144,-11.475986439067402,19.8030649760693,0.0059580027052876,0.0005634530863631,0.5771361581802906,74937.03749625296,1566228.829281788,0.0843090749476147,0.9654424381940288,0.0005634122317435823,0.0005634038805075553,4.085461951771133e-08,4.920585554475405e-08
890,-1.1020548417611309,-8.086981613505857,-6.400591381980879,-13.8314458678591,-16.459522228916004,-15.682716470856,-15.430933539399891,-12.85109782274379,-11.531252177608442,21.424558805094065,0.005958000692002,0.0005722859681022,0.5682281287246155,74937.01217406633,1590781.563768861,0.0843090749476147,0.9623207476537078,0.0005720201820678077,0.0005720011103306251,2.657860343923584e-07,2.8485777157493276e-07
891,-1.068369618236796,-6.727053278454978,-8.743798143070263,-12.80537271182762,-14.439058296917135,-14.907316324327551,-17.145391592197875,-11.720834060111711,-13.76396135093311,21.288515171743043,0.0059580001192648,0.000561954050278,0.5786753164231342,74937.0049704393,1562061.9632383606,0.0843090749476147,0.963074635832435,0.0005621199204047956,0.0005621129035107923,-1.658701267955899e-07,-1.5885323279224775e-07
892,-1.0820618934117363,-7.2671942307463855,-7.427283659622412,-11.754600097991938,-16.690119947437346,-15.522898014147524,-16.368928407647786,-14.151421721922638,-9.256877916785902,21.154183719042525,0.0059580003622718,0.0005791489505212,0.5614945127022748,74937.0080268706,1609858.5751113896,0.0843090749476147,0.9636070697468716,0.0005790822991150594,0.0005790921076903063,6.665140614057173e-08,5.684283089363307e-08
893,-1.3571726805621966,-8.288154881969694,-7.794652179135396,-10.565091139631049,-14.295650191038348,-16.54906286042386,-16.105071184488697,-12.785166493896398,-11.3537877213967,20.678010689411227,0.0059580009097795,0.0005698186174438,0.5706886237560762,74937.01491317163,1583923.07665308,0.0843090749476147,0.9639938694906124,0.0005697414662208278,0.000569750683141708,7.71512229722068e-08,6.793430209204362e-08
894,-1.0067530537673233,-8.028162400276104,-8.853193059538322,-14.217740732563833,-13.60379681179069,-16.998518367431014,-17.214482895053663,-12.08573824216563,-9.515581422897869,21.47935148681193,0.005958000034177,0.0005860148851401,0.5549158206381908,74937.0039002431,1628943.7926748618,0.0843090749476147,0.9604861252970136,0.0005859325168712818,0.0005859550657266098,8.236826881820834e-08,5.981941349024727e-08
895,-1.2282079472761689,-7.937405329941845,-7.291277214274026,-14.722909694229651,-14.74125231592697,-13.235481364911806,-15.996910276748824,-15.411536066697014,-9.671352636036175,21.80848009202227,0.0059580001228011,0.0005723223693801,0.5681919064278472,74937.00501491723,1590882.748290359,0.0843090749476147,0.9634705362477292,0.0005724035600864658,0.0005724109615797053,-8.119070636582095e-08,-8.859219960530209e-08
896,-1.31895080855239,-8.01072852959199,-7.547109815120374,-11.324232779903172,-16.04182288363066,-11.700587853893513,-11.746327542367265,-12.918956448062865,-13.51193865605899,20.56949162859357,0.0059580022414059,0.0005598545350983,0.5808457219037518,74937.03166176043,1556225.9472833418,0.0843090749476147,0.964252585659568,0.0005598014224984757,0.0005597807876569481,5.3112599824288453e-08,7.37474413519323e-08
897,-1.3153470833754586,-7.573820294893032,-7.370985285589905,-14.625889970519676,-15.345502203940462,-11.68999343955714,-15.858445271534997,-11.70188873177034,-12.896622301896974,21.37148771349811,0.0059580005117128,0.0005682109735449,0.5723032203354984,74937.00990647064,1579454.3138003375,0.0843090749476147,0.9615727944765956,0.0005682361693963934,0.0005682228055757471,-2.5195851493403122e-08,-1.1832030847170986e-08
898,-1.30071248502639,-8.118634663345198,-6.434644849721472,-14.054321795096737,-12.74183616675434,-16.181047734460083,-13.536040120869108,-12.529995701756995,-10.49631510740204,20.78641570506931,0.0059580002726675,0.0005706904765907,0.5698166760407131,74937.00689986844,1586346.5808703157,0.0843090749476147,0.961755971504417,0.0005706481997881871,0.0005706429303281115,4.2276802512887686e-08,4.7546262588421366e-08
899,-1.2713469194493043,-6.159496953649567,-8.012250895783453,-12.969522093963397,-15.651663535065437,-14.75105993187526,-15.138305268683624,-15.172349393515972,-13.497180022016268,21.69882885353361,0.0059580003894653,0.0005543279001227,0.5866364653651848,74937.00836889712,1540863.576862009,0.0843090749476147,0.966010538948548,0.0005545840214673486,0.0005546008571408863,-2.561213446486497e-07,-2.7295701818632386e-07
900,-1.4337040140476711,-5.722738777860056,-8.187901179079308,-14.610160170070284,-12.712886803702975,-17.17260383794971,-16.15909855505114,-14.378633596252008,-13.521542575718048,21.832439460241183,0.005958000438245,0.0005573060282537,0.5835016086114646,74937.00898242621,1549141.8705637404,0.0843090749476147,0.9647591385788225,0.0005572134417460056,0.0005572178017785773,9.258650769433836e-08,8.822647512270274e-08
901,-1.335582966266122,-8.01853847672944,-6.3258870505582685,-11.185952527098555,-14.828533318776136,-14.964495507365738,-14.230838042446493,-15.005337323269536,-11.742881973679353,20.81749903477312,0.0059580003750811,0.0005618849147681,0.5787465551336947,74937.0081879792,1561869.7874719803,0.0843090749476147,0.966434446091998,0.0005618463957563469,0.0005618372560045503,3.851901175311919e-08,4.7658763549767585e-08
902,-1.1873441399505,-6.421176507747934,-8.903862422402252,-12.446197990573404,-16.309040981717445,-12.542966643080447,-12.882706353443291,-14.6350574572008,-10.746366733444,21.18400425813203,0.0059580015178712,0.0005646795530773,0.5758824639427212,74937.02256147128,1569638.0350745262,0.0843090749476147,0.963492758442695,0.0005646501980315202,0.000564636853001705,2.9355045779800096e-08,4.270007559505334e-08
903,-1.3425196963038144,-8.165669213887432,-7.436550429339956,-10.834849499653822,-14.770016872596656,-15.678814633742212,-14.434037408173884,-14.959180296116587,-13.138564561941278,21.041325098271685,0.0059580013874084,0.0005589719705129,0.5817626980201703,74937.02092056962,1553772.6851912255,0.0843090749476147,0.96695681562064,0.000558844995965533,0.0005588365720603418,1.2697454736699133e-07,1.3539845255823146e-07
904,-1.4205758345344954,-7.553540646414607,-6.5134032216728,-10.071794862839544,-11.22700508532151,-12.466882819652104,-16.30575953927303,-13.052842198198617,-12.818864627703386,19.95251121572002,0.005958005372937,0.0005624938349974,0.5781207681704557,74937.07104872874,1563562.40117995,0.0843090749476147,0.9669276875173404,0.0005625470642013059,0.0005625582882032705,-5.322920390593046e-08,-6.445320587054187e-08
905,-1.130998239508847,-6.179663602001911,-7.734283004945452,-13.069568954658305,-12.281927877865575,-14.32936935390704,-13.099498333937966,-10.616332359156896,-12.352391096483576,20.21973745073044,0.0059580011338167,0.0005642841371292,0.576285951570329,74937.01773100923,1568538.8985671345,0.0843090749476147,0.9615783188024832,0.0005644732260338216,0.0005644692284335229,-1.890889046215604e-07,-1.8509130432292024e-07
906,-1.1280535570691874,-5.863520462184521,-8.163972939203285,-12.097631104729476,-14.849146512665442,-14.361892058011067,-12.484913955509136,-14.756475721169982,-9.452736995266584,20.75157204898336,0.0059580006599505,0.0005661983909193,0.5743375243402172,74937.01177093653,1573859.9440011869,0.0843090749476147,0.9638598282160074,0.0005662728362957627,0.0005662864800519168,-7.444537646267898e-08,-8.808913261673657e-08
907,-1.3452814828292632,-7.2459752454701505,-8.780476971274357,-12.194920408440932,-14.428572419068908,-14.121536397252791,-12.921937656034371,-13.008739907117612,-10.520734779055662,20.74131578118033,0.0059580012438233,0.0005663302826933,0.574203852178499,74937.01911462298,1574226.5631641513,0.0843090749476147,0.962219907402015,0.00056650127282236,0.0005665036739717075,-1.7099012906008747e-07,-1.7339127840758275e-07
908,-1.467198696914554,-7.104355657600571,-7.235370787039631,-9.936039670264346,-13.479913413471232,-16.132564980604034,-17.406749577286817,-10.654946748594558,-9.445387020108129,19.84944580829208,0.005958001197099,0.0005840703882642,0.5567634186505419,74937.01852694497,1623538.6806270124,0.0843090749476147,0.962290658725376,0.0005841979165025362,0.000584186023189278,-1.2752823833625873e-07,-1.156349250779759e-07
909,-1.4635997005171062,-6.443820266595654,-8.563998473736287,-10.351506633307777,-16.37009190854058,-16.815672118808912,-13.377265183001128,-14.930234653507329,-10.69098572879013,20.904928080528887,0.0059580000506834,0.0005683615685765,0.5721515145008269,74937.00410785315,1579872.9223512206,0.0843090749476147,0.9651529685853992,0.000568698334358235,0.0005686839433699368,-3.3676578173498506e-07,-3.2237479343682e-07
910,-1.2914398092083923,-8.21137033711976,-6.26113145233095,-11.484015763414437,-15.453684946943364,-15.982780555282853,-12.09968898745111,-15.350607257364866,-13.150943852048776,20.969520037089293,0.0059580016392536,0.0005594688052489,0.5812461021078363,74937.02408816396,1555153.7351949385,0.0843090749476147,0.966998213288559,0.0005591900402259173,0.0005591732305200098,2.7876502298272016e-07,2.9557472889022145e-07
911,-1.3723524414349553,-7.549694976295186,-7.813636779409954,-12.322643743606696,-13.507592134347563,-13.333070339415231,-17.095413748365388,-15.323121826452532,-9.693230279107356,21.22102248210444,0.005958000440463,0.0005713503206849,0.5691586271740253,74937.00901032308,1588180.747490788,0.0843090749476147,0.9650609993711872,0.000571271543181996,0.0005712814120438527,7.877750290400005e-08,6.890864104726422e-08
912,-1.4115978650267862,-7.307378635490444,-7.123655049051281,-10.841470091893804,-12.912881585965208,-13.274637723608423,-13.032684732644531,-11.746410090514656,-11.079870607482048,19.80671167648971,0.005958001833133,0.0005625326244018,0.5780803887074465,74937.02652669016,1563670.2239694938,0.0843090749476147,0.963153731580651,0.0005625939489882078,0.0005626065504143802,-6.132458640775804e-08,-7.39260125801576e-08
913,-1.1684108003407976,-7.784041545161061,-7.88233381012941,-14.306174117008414,-11.337869818697715,-13.83040462360361,-17.20800739483185,-13.878646110663574,-12.495559449971672,21.483027467642483,0.0059580009247544,0.0005636498878317,0.576934389282947,74937.01510152002,1566775.8777250613,0.0843090749476147,0.9640892572991951,0.0005636179778435383,0.0005636413114184286,3.190998816170101e-08,8.576413271406402e-09
914,-1.1211631993417304,-5.93204769292422,-6.723174942460286,-12.079067133544966,-12.52309272490963,-12.271887815484323,-14.920941289539556,-15.716627432548568,-13.15171637447042,20.835035596648613,0.0059580006106648,0.000555285571309,0.5856247575897896,74937.01115104399,1543525.612543989,0.0843090749476147,0.9685033013526232,0.0005549781922558584,0.0005549722635938278,3.0737905314158574e-07,3.133077151721859e-07
915,-1.1593237317902538,-7.593345009070773,-7.478351234384238,-14.3350292211276,-13.31055563952366,-11.693543486720085,-12.057438019614075,-15.102404744889924,-12.385255592815348,21.26253035276949,0.005958000065268,0.0005581249642237,0.5826453828157189,74937.00429129167,1551418.2643872127,0.0843090749476147,0.9644546365997336,0.000558027506862473,0.0005580452880968489,9.74573612270253e-08,7.967612685117267e-08
916,-1.308747115400392,-6.2575619967206375,-7.045640394756983,-14.57959100213334,-16.269019576814657,-14.846100915530595,-17.078889447638954,-13.170945739588843,-12.87853845775215,21.82401393116018,0.0059580001554504,0.0005656076095829,0.5749373511120661,74937.00542556446,1572217.7509184307,0.0843090749476147,0.9631962784800514,0.0005655737019142558,0.0005655932831316236,3.390766864421607e-08,1.4326451276388055e-08
917,-1.017196191510719,-6.3722078104496,-6.475070501625682,-11.917930586244822,-12.229258859108343,-15.435641153503024,-15.391798820364912,-12.851885350731637,-9.364980213929815,20.18048975674096,0.0059580005174955,0.0005702441901221,0.5702626630769012,74937.0099792033,1585106.0397317945,0.0843090749476147,0.9635695805884846,0.0005701247733711498,0.0005701303310793774,1.194167509502948e-07,1.1385904272263447e-07
918,-1.0843270072117366,-5.682902814706347,-8.840099949135093,-13.811664115036482,-13.870995606549329,-15.206484922045238,-15.1444425313284,-14.209448121043009,-10.497392032469437,21.41080028282026,0.0059580002802108,0.0005657045687339,0.5748388275604209,74937.00699474402,1572487.2679755017,0.0843090749476147,0.963087976969696,0.000565868464072797,0.0005658733472508608,-1.6389533889695374e-07,-1.6877851696079325e-07
919,-1.2611995673394123,-7.463391876171594,-7.949397531354482,-12.011522417669733,-13.867328302636292,-16.271262418278322,-13.538204215208513,-11.748922164723314,-13.548121289929302,20.690809309608603,0.0059580018682297,0.000560319738025,0.580363422845699,74937.02696812061,1557519.070442861,0.0843090749476147,0.96321718893818,0.0005602529457933413,0.0005602475870070719,6.679223165870218e-08,7.215101792813847e-08
920,-1.4460266134960629,-6.433274842522712,-8.143536824272744,-14.556369263524788,-14.58785166307219,-16.474220975658536,-15.658183808339604,-12.54772384078427,-11.553639312305863,21.54256897296662,0.0059580001682506,0.0005702653576617,0.5702414454978669,74937.00558656061,1585164.8790772003,0.0843090749476147,0.9616268859503097,0.0005702819059906865,0.00057028914870752,-1.65483289865263e-08,-2.37910458200305e-08
921,-1.366892235021717,-6.333768931356532,-6.104012309492479,-10.182585327868711,-14.751602712869708,-15.392624578980511,-12.927797611266056,-14.569935438991074,-10.185203523505212,20.10912610314434,0.0059580001562211,0.0005660998414139,0.574437435052588,74937.00543525792,1573586.006241136,0.0843090749476147,0.966096380640283,0.0005658497454992451,0.0005658584547754112,2.5009591465483243e-07,2.413866384888032e-07
922,-1.3114874490309167,-8.115509549935865,-8.880650881331773,-10.777744035334146,-13.55527999061612,-17.310198751567963,-14.435410317297514,-12.557618424216669,-10.854338747986407,20.60559999207943,0.0059580047153312,0.0005699205796005,0.5705870708675893,74937.06277766298,1584206.5005497737,0.0843090749476147,0.9628720929510056,0.000569969778320586,0.0005699609195851372,-4.919872008597205e-08,-4.0339984637210655e-08
923,-1.439346592403379,-6.585736227728932,-8.511892465191401,-11.358030989809032,-13.081907057501354,-14.942640979837346,-13.01630184829394,-14.018715303349133,-11.140491029677388,20.567513574607627,0.0059580034041725,0.0005597283942899,0.5809767918043559,74937.04628650846,1555875.3140622275,0.0843090749476147,0.9644968150496268,0.0005596805167940756,0.0005596742282214295,4.787749582435639e-08,5.416606847048148e-08
924,-1.0653441666298558,-6.911968808604281,-8.253059029666131,-14.266459922089716,-12.753193458208475,-16.30835985325991,-17.36276301681647,-15.048540465928308,-9.603758679402308,21.72244937850781,0.0059580001207792,0.0005746772807986,0.5658635704754988,74937.00498948667,1597428.6883931458,0.0843090749476147,0.9636616804447424,0.0005745239717505513,0.0005745455124272326,1.533090480486778e-07,1.3176837136740296e-07
925,-1.1187880111276107,-7.153827250488993,-7.906403636999988,-10.807308635907882,-16.184441879651036,-15.087372632537106,-13.130932781029829,-15.227357920278845,-10.00929394782016,20.84812938983527,0.0059580003473221,0.0005684987596382,0.5720134846696509,74937.00783883959,1580254.271927875,0.0843090749476147,0.9650615371611448,0.0005683717200137884,0.0005683789544133628,1.2703962441154744e-07,1.1980522483714257e-07
926,-1.0866346901561037,-6.289308919939728,-7.809777118899769,-13.935249353549915,-11.183994118073624,-14.262704220995223,-17.43662978335476,-12.989011940063268,-11.390944552379688,21.053276591692683,0.0059580013596176,0.0005678523801037,0.572664746687509,74937.02057103004,1578457.5327031084,0.0843090749476147,0.9633337466678296,0.0005679187590203662,0.0005679193126759652,-6.637891666622792e-08,-6.693257226513417e-08
927,-1.3993003253821443,-6.45378080139335,-8.16643131343318,-10.003770526081324,-13.598191948723391,-13.330799877388673,-15.87226535812739,-15.564295622488894,-12.083445229658317,20.721284939115424,0.0059580003305541,0.000562162601257,0.5784606703311408,74937.00762793975,1562641.6717598904,0.0843090749476147,0.9681166114897952,0.0005621583356685829,0.0005621472106049825,4.265588417098724e-09,1.5390652017481347e-08
928,-1.4003192792273809,-6.434469783290238,-8.18565815780853,-12.252748677254653,-16.036968753357215,-17.2562569329044,-17.119983982832526,-15.522946349191242,-12.663530077483772,21.8992953993586,0.0059580006936916,0.0005631648873189,0.5774312145711223,74937.01219531712,1565427.7232758885,0.0843090749476147,0.9662486675798856,0.0005631362658116708,0.000563104768637916,2.8621507229152285e-08,6.011868098395462e-08
929,-0.9896106674940338,-6.745844259255182,-8.269060595316356,-13.527686409238354,-16.51799297767734,-14.129543856249722,-17.008723398138656,-15.510424201516932,-12.20189513009485,22.10767318617191,0.0059580005479358,0.0005620216875909,0.5786057373501724,74937.01036206765,1562249.974471168,0.0843090749476147,0.9651097718740232,0.0005620938908737822,0.00056210869479792,-7.220328288222184e-08,-8.700720701998888e-08
930,-1.070321648122776,-6.3642855560130975,-8.99499330400815,-13.240567532153475,-13.577508135763935,-12.979335732015644,-14.101067262843078,-14.581602620276325,-9.90176921332295,21.12956751579224,0.0059580003166375,0.0005657611232168,0.574781370925381,74937.0074529032,1572644.4722995132,0.0843090749476147,0.9632732506232956,0.0005658441053701589,0.000565852664644633,-8.298215335895715e-08,-9.154142783303777e-08
931,-1.2424037956054168,-8.11942096151155,-6.751060237842796,-14.161511015563969,-14.68616826475902,-12.04140593477699,-15.704768736292266,-13.344768107966956,-12.67164102276307,21.398519626751465,0.0059580000847617,0.0005615153764113,0.5791273911561108,74937.00453647453,1560842.5828261229,0.0843090749476147,0.9634285525055202,0.0005616133120068515,0.0005616188271443488,-9.793559555156244e-08,-1.0345073304886179e-07
932,-1.0342880499497638,-7.872610388835431,-8.161486591721626,-11.214067557005366,-15.819983627367495,-17.03704676728864,-12.076281146654996,-11.014009654751591,-13.435640281200367,20.523899215712,0.0059580021217601,0.0005690449058829,0.5714647445974207,74937.03015691061,1581772.3929821402,0.0843090749476147,0.962190784746017,0.0005693198045221993,0.0005693847193750916,-2.7489863929923593e-07,-3.39813492191603e-07
933,-1.1388396278539004,-7.592512916031942,-7.993366320058028,-13.237804335054328,-13.015632214934255,-15.951937049263911,-16.01193347529263,-15.318705812700282,-13.4792588539681,21.72044281297114,0.00595800035377,0.0005556681639666,0.5852215011519433,74937.00791993838,1544589.1041898946,0.0843090749476147,0.9662723728610078,0.0005556007429218657,0.0005555815585864155,6.742104473431328e-08,8.660538018451149e-08
934,-1.4715121610562376,-6.380313806784757,-8.76065436425677,-14.156814357873246,-12.231428435464744,-14.51239007420802,-11.893880815553654,-13.587901573128022,-9.703298213872836,20.850285186277247,0.0059580004138915,0.0005706462346647,0.5698608739127583,74937.00867611862,1586223.601723275,0.0843090749476147,0.9615998067900828,0.000570762129737296,0.0005707604482862316,-1.1589507259608667e-07,-1.1421362153165703e-07
935,-1.4708804862771652,-6.562551330754903,-6.720246314900389,-11.790992111907569,-16.150007876690108,-13.483295469007263,-15.67827342266372,-11.117817165098748,-11.576104263199609,20.47051977209748,0.0059580004301679,0.0005714912412528,0.5690182803165329,74937.00888083606,1588572.463964313,0.0843090749476147,0.9623292868348836,0.0005715333376220738,0.0005715254109392974,-4.209636927379138e-08,-3.4169686497376867e-08
936,-1.3438556178665673,-7.728256743164504,-7.420602942660432,-12.970794766477836,-11.971932762061847,-13.875699599940257,-15.573897707955863,-12.623571350300152,-10.363723396761436,20.644693041139973,0.0059580007954075,0.0005687974603448,0.5717131595819327,74937.01347465371,1581084.5693730004,0.0843090749476147,0.9626080610802288,0.0005688075519128805,0.000568824588502903,-1.0091568080424114e-08,-2.712815810293652e-08
937,-1.0475522995305355,-7.802986752135687,-8.722745697944003,-13.906677960098548,-14.784663882849353,-15.7926720292735,-16.571651029294642,-13.614546404647657,-10.457829096837724,21.732807391327466,0.005958000120831,0.0005725832279332,0.5679330481997029,74937.0049901379,1591607.8560162836,0.0843090749476147,0.9621385925528928,0.000572730464177481,0.0005727247560790903,-1.4723624428101146e-07,-1.4152814589035462e-07
938,-1.0038387392558292,-6.187635723091574,-8.129980568257452,-12.31892853564734,-13.250802528154246,-15.533569468765508,-13.224562050950256,-14.79657732009479,-10.488707921617516,20.845436885945684,0.005958000816567,0.0005612061176468,0.5794466323920063,74937.01374078721,1559982.9371798,0.0843090749476147,0.964596327886446,0.000561150503157389,0.0005611611769446344,5.561448941106793e-08,4.4940702165620176e-08
939,-1.3624270872787512,-7.611815380262345,-6.274517398792181,-13.589994478486256,-16.49501778626459,-16.070365337707255,-16.924785971476354,-13.685211549496126,-11.274466375975162,21.600411595114,0.0059580002222468,0.0005728162468078,0.5677020302815702,74937.00626569935,1592255.5778728789,0.0843090749476147,0.9634132482859684,0.0005726028222738463,0.0005725802654026408,2.134245339536654e-07,2.359814051591932e-07
940,-0.9982903699659847,-7.603089209704136,-7.466260731393019,-14.01032870343274,-12.84453608381586,-13.738921836430183,-13.655314887821806,-11.897571115248017,-12.798468291132762,20.85404562554992,0.0059580005157945,0.0005618109074918,0.5788228138461535,74937.00995780826,1561664.0696713682,0.0843090749476147,0.9621502818694766,0.0005619151509975976,0.0005619077316876564,-1.042435057976767e-07,-9.682419585641412e-08
941,-1.3101761312432905,-6.955579794984706,-7.367242129335521,-9.938893903343578,-16.314409248948294,-12.42267562620354,-16.753556427887872,-15.210368273476968,-12.1452017008929,20.903171593350148,0.0059580008283337,0.0005670709718744,0.5734537862812719,74937.01388878429,1576285.4546264703,0.0843090749476147,0.9675901783590944,0.0005669135796806431,0.0005668936266722313,1.5739219375694117e-07,1.7734520216868433e-07
942,-1.356532764642755,-5.626808677062118,-6.238039637850221,-10.214478788020628,-16.111923260629382,-11.586827925839923,-17.371287759275692,-13.231135056511237,-9.437933374034484,20.17790828745722,0.005958000554487,0.0005775876923813,0.5630122971474067,74937.01044446483,1605518.750611563,0.0843090749476147,0.9648073365914304,0.0005777076505183649,0.0005777282780967574,-1.1995813706483591e-07,-1.4058571545739942e-07
943,-1.1926769563935866,-6.633782122608075,-7.022141132675708,-13.360660399581546,-12.473029550036475,-12.795621383492938,-16.699271962742674,-14.398132784678973,-9.310266516023752,20.921155990143667,0.0059580004319892,0.0005719786654003,0.5685333791867043,74937.00890374399,1589927.3553836746,0.0843090749476147,0.9640359291520144,0.0005719216561520483,0.0005719303428334816,5.700924825171715e-08,4.8322566818413334e-08
944,-1.1222676024514286,-7.874426133232158,-8.819646489480702,-11.92073135323367,-14.675841585918556,-13.191128143434083,-15.06081227229806,-11.625517500180315,-9.201211520277043,20.56569671658052,0.0059580017900423,0.0005793049900508,0.5613434723192351,74937.02598471596,1610292.317716926,0.0843090749476147,0.9608375623741818,0.0005793647306595771,0.0005793772109981984,-5.974060877705824e-08,-7.222094739833904e-08
945,-1.2047012428877384,-6.994972572708257,-7.374667899451561,-13.120655048241575,-15.331262977300504,-13.281797358228502,-14.933308206406451,-10.886300669470057,-9.636266488512447,20.55579014955909,0.005958000186139,0.0005818596736729,0.5588786404154875,74937.00581155195,1617393.5640058818,0.0843090749476147,0.9602835783478956,0.0005817334891357252,0.0005817321850760879,1.2618453717485288e-07,1.2748859681214596e-07
946,-1.1169087239358653,-7.022371623448926,-7.319612232258919,-14.7581173991056,-14.566910154395902,-15.465222443667429,-13.14103802305561,-11.751961670742888,-11.764408053493286,21.0957941074251,0.0059580001766053,0.0005716996709338,0.5688107919026414,74937.00569164126,1589151.8353144268,0.0843090749476147,0.9607846669561232,0.0005716344618928477,0.0005716414186644346,6.520904095234752e-08,5.8252269365382386e-08
947,-1.3690869310799252,-8.261627745211143,-8.04833591919785,-12.550472143296403,-11.37378675386194,-14.271125394739844,-13.435812626885184,-14.758565403656942,-13.241025562968314,21.00572105502229,0.0059580048704058,0.0005557302236968,0.5851568134520974,74937.06472812114,1544761.6114328438,0.0843090749476147,0.9659292212211288,0.0005557463425333479,0.0005557482852188942,-1.6118836547950564e-08,-1.8061522094234804e-08
948,-1.1213701906585625,-6.126819845566732,-8.052740343940767,-13.841437540727815,-16.674177268619285,-14.729604066107443,-15.610119909574784,-11.369535021241116,-11.895687445703771,21.294413808058493,0.0059580003095106,0.0005750560614249,0.5654908716718329,74937.00736326374,1598481.5837472845,0.0843090749476147,0.9609924955535664,0.0005750189220802972,0.0005750138149027991,3.713934460284566e-08,4.224652210092078e-08
949,-1.2785104349753968,-7.475927597549889,-7.697852680710378,-11.592279761176243,-13.06487853605358,-13.935432377195667,-14.947743139234232,-14.211798664926844,-11.9328200581839,20.78703464821919,0.0059580010883062,0.0005586384981018,0.5821099303047872,74937.01715859934,1552845.732945181,0.0843090749476147,0.9654430849031914,0.0005586970257012954,0.0005586863673440745,-5.8527599495388286e-08,-4.78692422744946e-08
950,-1.4659158360998212,-7.026197903875093,-8.028696855169343,-11.61478450116535,-14.538038002003956,-12.908895754415532,-12.350866949577664,-12.053563081579568,-12.780321762496838,20.389645269976214,0.00595800184823,0.0005594209757034,0.5812958282480388,74937.02671657417,1555020.7835528285,0.0843090749476147,0.9631494252140114,0.0005594668567981146,0.0005594666467301903,-4.5881094714499485e-08,-4.567102679028934e-08
951,-1.3966917065036577,-6.622405610576653,-6.392667533172912,-11.694734172745155,-16.323159468478927,-13.97068077717464,-15.182672096604584,-13.43690573784854,-10.350689922794745,20.69685670148625,0.0059580011025995,0.0005703574517287,0.5701495042804849,74937.01733837347,1585420.8726750093,0.0843090749476147,0.9639049776521462,0.0005704323298464396,0.0005704441898593096,-7.487811773962752e-08,-8.673813060963882e-08
952,-1.2016791460226497,-7.077762767975004,-8.483905649492975,-13.174651729134236,-12.872884691308668,-12.176770802116426,-11.860444862972386,-10.781490883211552,-10.88924704219806,20.185421524301564,0.0059580006656149,0.0005721279401428,0.5683850757377222,74937.01184218058,1590342.2939311247,0.0843090749476147,0.960201800120744,0.0005724255740729484,0.0005724345963296993,-2.976339301484065e-07,-3.0665618689935253e-07
953,-1.016150799997591,-7.465976890233074,-8.884711901828412,-14.767990925410864,-15.157805390991566,-12.36457659715398,-16.271136567334942,-11.134264877559836,-13.740251927842774,21.61844572620308,0.0059580002474627,0.0005686861892227,0.5718249440872325,74937.0065828531,1580775.2693736774,0.0843090749476147,0.9610096541751124,0.0005688260436400007,0.0005688052698482422,-1.3985441730071137e-07,-1.1908062554218894e-07
954,-1.2034959632667943,-5.61311069104433,-6.388661731391924,-10.540932648070886,-14.730012135286191,-16.05260437403737,-14.7491334670564,-12.125119832376324,-9.667732428621884,19.928621985440973,0.005958001359154,0.0005729213072863,0.5675980893612135,74937.02056519885,1592547.614165167,0.0843090749476147,0.9634497873791104,0.0005728012770655452,0.0005727995067731602,1.2003022075487285e-07,1.2180051313977897e-07
955,-1.2725924789748324,-6.658354454704665,-6.182985044776929,-12.057644384694925,-11.560510480083702,-15.346025783152172,-16.33214132993118,-14.626805183579917,-9.322077071876826,20.498198720469684,0.0059580009941886,0.0005716583283983,0.5688520455938892,74937.01597483094,1589036.9155942895,0.0843090749476147,0.965430632523668,0.0005716126039721566,0.0005716043640380615,4.572442614347947e-08,5.396436023855002e-08
956,-1.410262115746186,-5.981180255259783,-7.215628547663518,-12.348584477584286,-12.151248465810587,-12.46901001865916,-12.512703533308011,-12.073509248497531,-11.741472156599194,20.016703799105187,0.0059580012430127,0.0005585395726766,0.5822130530575278,74937.01910442642,1552570.7502417765,0.0843090749476147,0.9631995314546962,0.0005586747124945268,0.0005586818447538903,-1.351398179268333e-07,-1.4227207729034397e-07
957,-1.3482428993523254,-6.404619994226592,-6.837497102464058,-11.801030667123891,-14.25298168938346,-16.591959249600116,-16.717878565449084,-12.394085255056996,-9.222178463584864,20.52801703420784,0.0059580003862926,0.0005790511409128,0.5615893601537425,74937.00832899286,1609586.6940406526,0.0843090749476147,0.9627610728722772,0.0005790376462070394,0.0005790273497301706,1.3494705760610723e-08,2.3791182629431112e-08
958,-1.3761411723004453,-5.905144369684615,-6.378772911850908,-12.423040656771624,-15.059900565380318,-14.476524532445168,-13.87061473033453,-15.290711294673752,-10.353682415723432,20.89490532133342,0.0059580005868709,0.0005634290897693,0.5771604307404554,74937.01085177522,1566162.12602299,0.0843090749476147,0.9655057688677158,0.0005635682485340286,0.0005635861217013691,-1.3915876472859762e-07,-1.5703193206905493e-07
959,-1.3744502479848322,-7.619157284134267,-8.243012111832256,-12.313071740733571,-12.195554920282644,-16.591217140944636,-13.624750882257636,-13.983722716492402,-13.502169916490104,21.03325213795228,0.0059580005078068,0.0005556526025979,0.5852379133104761,74937.00985734274,1544545.8483006314,0.0843090749476147,0.9652745148683576,0.0005555750391685425,0.0005555666664101511,7.756342935744294e-08,8.593618774888848e-08
960,-1.286707176585284,-5.928689271551564,-8.194945849775106,-12.819566300197224,-12.725766750580132,-16.01713231571285,-13.283524188728355,-14.41845788421896,-13.179033267463584,21.070736958978493,0.0059580006428282,0.0005536476944881,0.5873572381166033,74937.01155557984,1538972.811329889,0.0843090749476147,0.9654698063085728,0.0005535717891884898,0.0005535755464250693,7.590529961022142e-08,7.2148063030744e-08
961,-1.327732007561485,-7.747837519036404,-8.841399017074744,-11.054038901915748,-16.045836123072203,-16.823786425311496,-13.22022482115818,-12.155214043628522,-12.069158619491514,20.80749113032294,0.005958002507937,0.0005693034079849,0.5712053166382629,74937.03501406773,1582490.9504883832,0.0843090749476147,0.9623890868500442,0.0005694653937534718,0.0005694670396248633,-1.6198576857173828e-07,-1.6363163996327944e-07
962,-1.3765286364374456,-8.301719316949312,-8.956450339232044,-12.545079791408307,-14.885465649906712,-14.439433639465918,-16.895910446555558,-10.85089312453227,-11.673629253628178,21.084176550253044,0.0059580018221086,0.0005755435289107,0.5650121336395751,74937.02638803107,1599836.5956337233,0.0843090749476147,0.9609387644520052,0.0005756896008244343,0.0005756973789093456,-1.4607191373421265e-07,-1.5384999864560302e-07
963,-1.0050487014686011,-7.218725358944593,-7.245377193187616,-14.072278195288408,-15.86091005329988,-13.415159427610831,-16.379393321020327,-11.380133293721268,-12.363550818497217,21.269997321254195,0.0059580005453635,0.0005713803649695,0.5691287147434105,74937.01032971448,1588264.261497191,0.0843090749476147,0.961478286430294,0.000571276117704198,0.0005712793173477743,1.042472653019948e-07,1.0104762172564574e-07
964,-1.167931448267911,-6.230618163223523,-7.522224106638525,-10.050595461136291,-13.720722678978817,-13.40377807802349,-16.51092354407766,-14.486016160280297,-11.480976635613802,20.468292937187847,0.0059580004891903,0.0005639328938634,0.5766447953018141,74937.0096231935,1567562.5487299766,0.0843090749476147,0.9669443502329078,0.0005640793822585467,0.0005640885592181099,-1.4648839514672107e-07,-1.5566535470985972e-07
965,-1.4264992490493642,-6.039745149325459,-6.5972927128764,-14.75255349228307,-12.63559452866222,-16.40250776128371,-14.281917372406344,-13.767244963840696,-9.853766341058172,21.058807924465658,0.0059580003059013,0.0005706445021142,0.5698625885906781,74937.00731786726,1586218.7857580285,0.0843090749476147,0.962650622341724,0.0005705475620398566,0.0005705287772164882,9.69400743433416e-08,1.1572489771181135e-07
966,-0.9938713479671908,-7.666694840078355,-7.072528927291074,-10.915008865811451,-11.594804695415457,-11.879362314376714,-12.808024462214162,-15.10875017283781,-9.699181253122829,20.053118570247456,0.0059580035843819,0.0005640493921234,0.576526144857571,74937.04855309913,1567886.37858891,0.0843090749476147,0.965982620084486,0.0005639844027974265,0.0005639618773819087,6.498932597349787e-08,8.751474149125329e-08
967,-1.1485229853245578,-6.052036650003641,-8.048670978626733,-11.866765508899306,-11.829944870751332,-15.66123622768869,-17.24894571360509,-12.2827307025653,-12.705683015197968,20.66858655596788,0.005958002783768,0.000562913717706,0.5776891658083719,74937.03848334397,1564729.5478671226,0.0843090749476147,0.9644125653273902,0.0005628329978313824,0.0005628290773913698,8.071987461755713e-08,8.464031463011577e-08
968,-1.295274543085996,-6.089658235652236,-7.442680765084601,-12.47875771066383,-12.507076357391874,-15.077232475720882,-11.743753122016567,-13.312777637487338,-12.958501887187078,20.4724076473281,0.0059580006287411,0.0005546309971783,0.5863159131481314,74937.01137839955,1541706.0948250955,0.0843090749476147,0.964650411323253,0.0005545969546977598,0.000554596686552609,3.404248054012914e-08,3.431062569096092e-08
969,-1.3074375971086256,-7.184279649987184,-8.703361978332183,-13.651756067246264,-14.79367175260492,-12.323122189432937,-11.852173396494967,-13.57762461597025,-13.36944608542739,21.24198346332025,0.0059580011397166,0.0005580879723415,0.5826841600622019,74937.01780521606,1551315.4381646845,0.0843090749476147,0.963166846489472,0.0005582430361504487,0.0005582549531334964,-1.550638089486316e-07,-1.6698079199635018e-07
970,-1.3998612686689609,-6.234982768387141,-8.571086065067218,-11.442291706930984,-14.148891911698994,-16.160851795836443,-15.35087147002442,-13.622732281330258,-9.752835447810888,20.788591839424896,0.0059580025498855,0.0005704702490035,0.5700369781310086,74937.03554167577,1585734.4149164266,0.0843090749476147,0.9635284542645784,0.0005703319575600397,0.0005703390548494984,1.3829144346029845e-07,1.3119415400158086e-07
971,-1.2585909450586654,-7.276026221899884,-6.883213635603498,-12.546316710053288,-12.1355037669621,-12.381551920616424,-14.634055276297053,-11.344964825698227,-11.787005409987476,20.17980485653963,0.0059580002117913,0.0005631192239081,0.5774779684810302,74937.00613419461,1565300.7928316668,0.0843090749476147,0.962614448401784,0.0005631883486247231,0.0005631875413717628,-6.91247166230988e-08,-6.83174636627662e-08
972,-1.1101093260115722,-7.537369855594332,-8.959044637833115,-13.518730300159923,-14.223607832927089,-13.000859608747184,-14.939838723488242,-13.149032335373107,-12.2103701645575,21.366878241581976,0.0059580008844554,0.0005616284178202,0.5790109442260939,74937.01459465711,1561156.8036865145,0.0843090749476147,0.9626112556177012,0.0005617166452138636,0.0005617212524560158,-8.822739366366218e-08,-9.283463581579495e-08
973,-1.29070757095361,-7.963288258711541,-7.732695604589513,-13.25504236894935,-13.83625580482692,-15.89161595996679,-16.744072348828333,-12.181588402789329,-13.278520974095905,21.33090868288976,0.0059580002096941,0.000563117592641,0.5774796410430337,74937.00610781736,1565296.2584035988,0.0843090749476147,0.9630921471292988,0.0005630858395305648,0.0005630857822820295,3.1753110435179914e-08,3.181035897051928e-08
974,-1.4529168561028696,-6.072811193799614,-8.233688638348557,-14.085410982097988,-11.166223303854798,-16.453550066352246,-14.80938865820358,-15.107132159125072,-10.160069364306263,21.27436159829117,0.0059580008255957,0.0005672539532732,0.5732688045821608,74937.01385434704,1576794.087463722,0.0843090749476147,0.9641276440532442,0.000567318744586557,0.0005673087162841405,-6.479131335699467e-08,-5.476301094043713e-08
975,-1.1084262896122277,-7.501092409105288,-6.136108642759414,-13.516035295913516,-11.300050893492134,-14.276508967086665,-15.261408649005576,-13.2653465184724,-12.175454256642675,20.72325139977292,0.0059580005304382,0.0005602333572553,0.5804527119126897,74937.01014198978,1557278.9580800768,0.0843090749476147,0.9644304338307808,0.0005603493648843309,0.0005603529002701516,-1.1600762903085388e-07,-1.19543014851539e-07
976,-1.075064185930017,-7.24245501685219,-7.503893889943431,-11.203589916518467,-14.442501691415114,-17.13942232957551,-14.361758109148386,-15.65244985094504,-11.215380069864684,21.06177586422581,0.005958000423085,0.000563550601786,0.5770359603967524,74937.00879175116,1566499.892605965,0.0843090749476147,0.966474891374052,0.0005635956605008461,0.0005635940660361314,-4.505871484619412e-08,-4.346425013141992e-08
977,-1.1177567522416365,-8.123160171444253,-6.108897937777404,-14.164608382838344,-15.521711657552434,-15.01880642987108,-12.52096974153929,-13.25505738461587,-10.017260835904768,21.011708157578862,0.0059580005461191,0.0005752941139754,0.5652569093040639,74937.01033921746,1599143.297697386,0.0843090749476147,0.9616345447250864,0.0005748715012271609,0.0005748478045150469,4.226127482391149e-07,4.463094603531512e-07
978,-1.3042291077037171,-5.960129930112288,-8.00841042453993,-12.215329239960589,-15.974125528080538,-11.67599204051672,-15.164392198531772,-14.787109053451648,-13.453344242721236,21.330338728281472,0.005958000645842,0.000555492697332,0.5854064014392338,74937.011593487,1544101.360119786,0.0843090749476147,0.966195131307684,0.000555331728815568,0.0005553238166096061,1.6096851643201005e-07,1.688807223938207e-07
979,-1.3798454423758368,-6.71937621887368,-6.730709404751774,-9.977688096061575,-13.549745917014413,-12.770298835758188,-16.702584009842532,-13.545524333288066,-10.710692938830608,20.13333777826591,0.0059580008082241,0.0005675665972513,0.5729530170380976,74937.01363585478,1577663.1429782684,0.0843090749476147,0.9658770787418476,0.0005677279161456559,0.0005677362089668878,-1.6131889435595011e-07,-1.696117155878564e-07
980,-1.303552085244929,-6.21248144432602,-8.894315282844829,-11.025953645254278,-15.560701309580644,-11.706995323555,-16.20652285029277,-13.15980810877234,-11.557261445773973,20.82469786677273,0.0059580029142974,0.0005644516973954,0.5761151364955924,74937.04012508299,1569004.665329039,0.0843090749476147,0.9640559805448542,0.0005643538208496254,0.0005643525654339521,9.787654577455857e-08,9.913196144788628e-08
981,-1.2123825107424404,-5.711775676622446,-6.1635103193007525,-10.5561323772084,-13.080960707042207,-14.423631192976703,-12.06267942634471,-10.966446196933449,-12.429610845823577,19.414562816471005,0.0059580012955123,0.0005591410450443,0.5815867696385928,74937.01976474271,1554242.661151633,0.0843090749476147,0.9639699208197996,0.0005588885415202451,0.0005588843039404487,2.525035240548727e-07,2.5674110385126656e-07
982,-1.4179317836024063,-6.805597482925955,-8.390386322771887,-13.32340278648381,-12.516915586718852,-13.087047417068996,-17.061753973102263,-15.780991028365264,-11.888081755399131,21.61708991199333,0.0059580003400019,0.0005622883555605,0.5783313005077495,74937.00774676922,1562991.2306148072,0.0843090749476147,0.966044324669144,0.0005619592854469331,0.0005619410252208189,3.290701135668381e-07,3.4733033968110776e-07
983,-1.3193408496117505,-8.316178044786717,-7.321035436084508,-14.017589369229809,-11.50927484878707,-11.683111336775276,-16.4718389539965,-12.89533579937189,-13.337261508341944,21.12888210469601,0.005958000667251,0.0005618352594077,0.5787977477000751,74937.01186275952,1561731.7606178694,0.0843090749476147,0.9638686198747008,0.0005616673520730319,0.0005616769804905053,1.679073346680382e-07,1.5827891719467305e-07
984,-1.4161215034259034,-7.255487465818804,-9.06867640811172,-14.52209567072568,-13.973874038789273,-12.164401296785826,-15.876446244671852,-10.606324352093855,-9.471823741370644,20.978946558792146,0.0059580004773046,0.0005899678676589,0.5511977600798804,74937.00947370003,1639931.8861515224,0.0843090749476147,0.9589910016739468,0.0005901444909910852,0.0005901528231229666,-1.766233321851907e-07,-1.8495546406666757e-07
985,-1.1323089978208165,-7.579117707225626,-8.758315874914945,-12.175141000839323,-16.343852414124235,-15.823869648220809,-14.605816010443172,-13.444453336010245,-13.795555372892986,21.52145376255491,0.0059580005700059,0.0005594523501891,0.5812630417090141,74937.01063965535,1555107.995115386,0.0843090749476147,0.9641083343174496,0.0005592266302309927,0.0005592266975028499,2.257199581073106e-07,2.2565268625017194e-07
986,-1.3176923528549522,-8.111811922366142,-8.993527820596837,-9.910636694751489,-14.775419607232,-12.807177921964522,-12.838782784945302,-15.367482966482235,-12.336680197290818,20.7630456570597,0.0059580003500487,0.0005595569567432,0.5811543451214743,74937.00787313395,1555398.769635178,0.0843090749476147,0.966788207032551,0.0005596446259453442,0.0005596604310211302,-8.766920214418016e-08,-1.0347427793018418e-07
987,-1.0824055739518752,-6.923028180020896,-6.15326156931748,-11.45509532300404,-16.176455526739286,-15.723018367332482,-12.975389072591732,-11.549834586368334,-10.310058938758202,20.14120302111916,0.0059580007005981,0.0005754837264144,0.5650706884101185,74937.01228218357,1599670.3628169566,0.0843090749476147,0.9619854635951116,0.0005758439189127894,0.0005758740868631497,-3.6019249838943786e-07,-3.9036044874969297e-07
988,-1.4373840701512124,-5.7634925843924165,-7.757603889844983,-10.161698015489671,-11.605324647649493,-13.726855304298256,-14.967933152579828,-14.886388675675349,-10.600024692123569,20.155038822450084,0.0059580028360127,0.0005635064745207,0.5770814977015686,74937.03914045308,1566377.2321809623,0.0843090749476147,0.967007392925058,0.0005636003446469186,0.000563613477463726,-9.387012621852805e-08,-1.0700294302598123e-07
989,-1.1524489887744895,-7.997719151351566,-8.411364690710528,-12.2811357845432,-16.062334027969253,-16.300475062150568,-13.06461147724089,-12.302862105304577,-12.788434037135564,21.10105246520141,0.0059580013610045,0.0005663671321083,0.5741665098237154,74937.02058847334,1574328.9933708613,0.0843090749476147,0.962289607805438,0.0005661717330045517,0.0005661509645294223,1.953991037483482e-07,2.1616757887768078e-07
990,-1.0280097617183488,-8.217328747699053,-7.372830228198493,-14.61733067954252,-12.476966116523265,-17.15621571111047,-14.701928239808144,-15.603569220017338,-9.481139638242688,21.625238625194285,0.0059580002764518,0.0005720498155677,0.5684626441250166,74937.00694746485,1590125.1312873927,0.0843090749476147,0.963672385441958,0.0005719596660553021,0.0005719710928995153,9.01495123979126e-08,7.872266818466107e-08
991,-1.4214786597250348,-5.71470400517489,-7.956908896885629,-14.586351848053967,-12.602962476475165,-11.829532797040994,-15.132685072722186,-14.597139364457153,-12.99009531030165,21.439355266333628,0.0059580008503926,0.0005569484804164,0.5838762635179592,74937.01416623004,1548147.9959287148,0.0843090749476147,0.9648592035256678,0.0005566575704628779,0.0005566441487633347,2.9090995352205017e-07,3.0433165306526996e-07
992,-1.2838118522992854,-5.745245928909849,-8.848508797416102,-14.432227279976267,-12.937280435952728,-15.665072470318144,-14.811733932448004,-12.351896651101152,-9.49431445708339,21.05643945268436,0.0059580003952398,0.0005781676226071,0.5624475458997154,74937.00844152718,1607130.7808952627,0.0843090749476147,0.9607410726497254,0.0005781249968400497,0.0005781326710793096,4.2625767050275855e-08,3.4951527790364444e-08
993,-1.202541479294089,-6.217728736190242,-6.894177541083496,-10.429034696427053,-14.67642608473068,-15.675248853115722,-16.728536589354057,-11.972290438819982,-11.854701015620972,20.310805685662853,0.0059580013078759,0.0005683049012325,0.5722087465137184,74937.01992024708,1579715.4043077033,0.0843090749476147,0.9644186286437786,0.0005680837305197422,0.0005680753909214116,2.211707127578507e-07,2.2951031108844454e-07
994,-1.1894143810668825,-7.84185954263658,-8.025603351187895,-10.399041663587012,-13.876202713237664,-14.82300927354647,-16.46596679248489,-13.06743484604932,-11.149699364928026,20.574975916606355,0.005958001447377,0.0005677426240696,0.572775466921821,74937.02167482812,1578152.4441891343,0.0843090749476147,0.9644601642298324,0.0005678102577553417,0.0005677981543085717,-6.763368574165454e-08,-5.553023897165218e-08
995,-1.3431731097939,-7.576004263940127,-8.764676121273627,-11.858859999222185,-12.14256281131723,-13.844548314367405,-14.09398926369314,-14.203120137958598,-12.379691906005927,20.864530036464032,0.005958005224204,0.0005573125496462,0.5834954838347307,74937.06917803292,1549159.9980587694,0.0843090749476147,0.9650804168903808,0.0005572530491543509,0.0005572538259203722,5.950049184908976e-08,5.872372582779381e-08
996,-1.430827549025522,-6.1261743926079815,-8.811978226306193,-14.634756025022602,-14.000272304670863,-13.887154492337082,-12.041258181298872,-11.38818476107154,-9.815381988308324,20.765284998600418,0.0059580004282611,0.0005826457774989,0.5581246371567895,74937.00885685318,1619578.694418569,0.0843090749476147,0.9592732294233562,0.000582731393944476,0.0005827586818259514,-8.561644557593742e-08,-1.1290432705142288e-07
997,-1.0869186891654623,-5.64035737003046,-7.095646310995868,-11.478878834078063,-11.79857324272984,-15.202944261790435,-14.086805151007002,-14.439190077915196,-10.621003105476712,20.299316181792133,0.0059580026393446,0.0005605463802589,0.5801288807350147,74937.03666685174,1558149.0671705168,0.0843090749476147,0.9658278253288124,0.0005604730614541264,0.0005604733357457635,7.331880477355265e-08,7.304451313651459e-08
998,-1.2829039080779343,-8.135799577921642,-8.344182514714497,-10.015928175946364,-11.31905378793996,-12.533111750671312,-15.179602820947991,-12.317005781016846,-12.5179099742833,20.022708788617106,0.0059580087656293,0.0005620042332774,0.5786249043791342,74937.11372046369,1562201.4567690955,0.0843090749476147,0.9649589650495588,0.0005621452591216793,0.0005621564779745525,-1.4102584427935078e-07,-1.522446971525225e-07
999,-1.020811117833821,-8.289876252233869,-7.649124883050586,-14.508158994484884,-12.9092233668085,-15.788002841422289,-17.475681012259805,-12.707340562211533,-10.45092871396846,21.4662008210871,0.0059580002338082,0.0005766523639623,0.5639254558901968,74937.00641111418,1602918.8210519282,0.0843090749476147,0.961736131513151,0.0005765770473534437,0.0005765633984751901,7.531660885619958e-08,8.896548710983325e-08
1000,-1.2022464086488207,-7.19044902530155,-6.122161993042621,-12.904337640910276,-11.213150302641123,-13.394676385455307,-12.674289285383503,-11.671368654266326,-13.559977240329566,20.08966555811401,0.0059580010367597,0.0005567669742242,0.5840666347507477,74937.01651027128,1547643.4637186287,0.0843090749476147,0.9639755972251725,0.0005569494512307949,0.0005569469358366194,-1.824770065948604e-07,-1.799616124193576e-07
1001,-1.4545669200480675,-8.1998510034308,-9.070969269536638,-12.09813340151699,-11.525616757978826,-14.079228759808514,-13.62972894420311,-13.217286213745972,-12.226100817209083,20.731156870945227,0.005958004951113,0.0005603714710435,0.5803102945968991,74937.06574321943,1557662.8725568077,0.0843090749476147,0.9636431323857026,0.0005603650497577003,0.0005603551419622641,6.421285799742757e-09,1.6329081235929264e-08
1002,-1.4504239297082124,-6.93159354551041,-7.9994531743364705,-13.96757763554,-14.194542253520478,-14.912325485770786,-14.37834268301301,-14.239237676590296,-12.901601428666666,21.57336594201936,0.0059580004934624,0.0005564564471655,0.5843924895686031,74937.009676926,1546780.2925987032,0.0843090749476147,0.9640724561186004,0.0005566637443205375,0.0005566689669274397,-2.0729715503745375e-07,-2.1251976193962813e-07
1003,-1.378020933152545,-7.825659773417085,-6.526839802610328,-13.28364229026032,-11.937961230802877,-13.18269309916259,-14.284675772034404,-15.310743383481793,-10.218350140270053,20.887108426585865,0.0059580009297548,0.000564446362687,0.5761202936394721,74937.01516441206,1568989.8364562348,0.0843090749476147,0.9651188679526528,0.00056442364791564,0.0005644282113841408,2.27147713600679e-08,1.8151302859197027e-08
1004,-1.305725437622154,-5.773980372241889,-6.1672079641570265,-11.476451074517216,-16.00289030680778,-12.032221010655284,-15.48363198561953,-14.613620825529347,-12.439064361716715,20.798959204947483,0.0059580015013202,0.0005602257201591,0.580460766629622,74937.0223533005,1557257.7292671993,0.0843090749476147,0.9668120832348428,0.0005601585892150905,0.000560140438114437,6.713094400951237e-08,8.528204466305266e-08
1005,-1.1059915587150333,-7.015389575051873,-8.094470494191265,-13.49371968529896,-12.897597281573264,-13.618082606846883,-14.298211862622836,-12.272323359003163,-11.25000745726317,20.78952758383217,0.005958000767301,0.0005651270950522,0.575426295716278,74937.01312114208,1570882.066140103,0.0843090749476147,0.9619638566238492,0.0005652581386611306,0.000565260166460248,-1.3104360893059688e-07,-1.3307140804802008e-07
1006,-1.224358119797906,-7.1334671433798205,-6.598251561382764,-11.93749090672382,-14.693855647490446,-11.91861777476018,-16.497506530799008,-11.159067849791732,-12.732309400107384,20.457575000719736,0.0059580008673004,0.0005645909542224,0.5759727403880865,74937.01437888887,1569391.7571071282,0.0843090749476147,0.9632631319784069,0.0005646305098020944,0.0005646383394415497,-3.955557969440981e-08,-4.738521914974571e-08
1007,-1.00167170970406,-6.139075955123767,-8.214652999951133,-13.414557459144714,-12.113952789016825,-12.984292686664054,-14.850771043112328,-14.17394008903161,-11.848399789752564,21.022080163476147,0.0059580004535837,0.000558422860305,0.5823346219262758,74937.00917534958,1552246.3252175609,0.0843090749476147,0.9644579187662002,0.0005583365064942779,0.000558331588446556,8.635381072209271e-08,9.127185844398297e-08
1008,-1.426009787957211,-7.932131942076375,-8.06755034542137,-14.628225853526338,-16.66832613213805,-14.894122369865688,-15.487888052232233,-13.504170869110158,-9.934439882190375,21.846358959613752,0.0059580000641914,0.0005803051307822,0.5603757680251286,74937.00427775098,1613072.405864006,0.0843090749476147,0.961136354999639,0.000580181233882708,0.0005801676949704084,1.2389689949194368e-07,1.374358117915914e-07
1009,-1.4097433334822964,-7.45187356268174,-6.239463836475013,-12.392302545423174,-13.09473002648403,-13.269978747146451,-13.98522495280363,-12.583125978322508,-9.824373435888583,20.22093433446844,0.0059580008120851,0.0005675424434106,0.5729774017025668,74937.01368441676,1577596.002620542,0.0843090749476147,0.9627919676181402,0.0005677489149258268,0.0005677487671714982,-2.064715152268106e-07,-2.063237608981817e-07
1010,-1.3339007119026351,-8.030997679142164,-8.89468633696731,-10.119650666645429,-11.277719499125851,-12.511579607340224,-15.538839033294597,-14.991310323026234,-10.024376345148587,20.407747918498305,0.0059580029139648,0.0005702667480096,0.5702404494000247,74937.0401208993,1585168.743823109,0.0843090749476147,0.9659892153940056,0.0005704629594152058,0.0005704843043831065,-1.9621140560574513e-07,-2.1755637350645823e-07
1011,-1.4316368920842135,-7.826670865721093,-7.513495375112962,-11.051329879708645,-12.549408392342444,-13.292843862761448,-12.452666096651807,-13.24590322456516,-11.781880270097629,20.1642101571755,0.0059580024170506,0.000558321900122,0.5824402121953131,74937.03387094008,1551965.6865043768,0.0843090749476147,0.9645482259951056,0.0005583451384799903,0.0005583429108181744,-2.323835799028333e-08,-2.101069617442032e-08
1012,-1.3485646484833025,-6.308287985677742,-8.038620616277388,-10.09854651393864,-13.152994000772509,-11.74418053887447,-12.60216197022364,-11.653492011691036,-11.16983291421363,19.592274685786546,0.0059580045466953,0.000560966184559,0.5796950142204199,74937.06065663812,1559315.9959059372,0.0843090749476147,0.9633584683845025,0.0005609852576099516,0.000560995291648696,-1.907305095154646e-08,-2.910708969596637e-08
1013,-1.146313548973993,-8.029971853057734,-7.990812130757812,-11.968051023252226,-16.676415495114632,-13.62483137896898,-17.255236563648,-15.739272466812364,-10.00535713304636,21.66499863605876,0.0059580002900258,0.0005741484161398,0.5663848278577409,74937.00711819316,1595958.6049106214,0.0843090749476147,0.9651202113651584,0.0005742070099824079,0.0005742097671853916,-5.859384260783768e-08,-6.135104559156033e-08
1014,-1.036783645517778,-5.790144330598833,-7.855686451503034,-10.867034724395015,-15.607112536729634,-12.114510564688434,-13.018040925689396,-14.762510153015567,-11.403304498972414,20.57498427643073,0.0059580019713514,0.0005592270743397,0.5814973995577252,74937.02826513848,1554481.796522349,0.0843090749476147,0.965816199086156,0.0005591589191206652,0.0005591611855931868,6.815521903476892e-08,6.588874651317165e-08
1015,-1.4347352705065075,-8.36206263107649,-6.860327214731111,-11.141304431179332,-11.645737076139078,-11.6314818033832,-15.540588194620184,-14.458190490951704,-12.456859483525804,20.48664140730719,0.0059580070494361,0.0005611915039914,0.5794626307107934,74937.09213496954,1559942.3156464351,0.0843090749476147,0.9669192813624456,0.0005609595073599871,0.0005609364274431508,2.3199663141287331e-07,2.5507654824918815e-07
1016,-1.3893330785979816,-6.665405411947665,-7.262587880527655,-14.109419699891768,-15.4236225466435,-12.812628389642368,-13.769188643117673,-12.490441376230365,-11.616554429727682,21.06757435517128,0.005958000329192,0.0005674448434475,0.5730758835889769,74937.00761080693,1577324.7043002788,0.0843090749476147,0.9617956493778924,0.0005673469577265044,0.000567343928533966,9.788572099557989e-08,1.0091491353398773e-07
1017,-1.1170982615118326,-7.679153031100663,-6.267505470775191,-10.681395247138768,-12.74776129564446,-13.245196108592186,-13.749947716973525,-13.744764329889891,-13.08360084296977,20.18242577467705,0.0059580020909683,0.0005558039987978,0.585078732767776,74937.02976962575,1544966.6838567834,0.0843090749476147,0.9669393187904228,0.0005558955021826231,0.0005559065591202219,-9.150338482310626e-08,-1.0256032242190408e-07
1018,-1.3623411984771032,-6.81313320442638,-7.666282270051939,-10.740700047416649,-12.23404383072284,-11.890125141867347,-13.995072321543384,-13.82125897356064,-11.725091407361326,20.17083250127149,0.0059580027605863,0.0005579359758591,0.5828431364459344,74937.03819177496,1550892.9340053163,0.0843090749476147,0.9657861754599498,0.0005578715108391847,0.0005578639609910233,6.446501991529303e-08,7.201486807665441e-08
1019,-1.1000329468181405,-6.231986161981975,-6.101128703999676,-12.719011258427171,-15.500198792522252,-13.092060114708133,-15.335717946776844,-14.710880227172966,-12.04319372461786,21.09146023782647,0.005958000572944,0.0005596988151579,0.581007081301369,74937.01067660839,1555793.0930389578,0.0843090749476147,0.965831718237429,0.0005597587339800588,0.0005597562987358549,-5.991882215882708e-08,-5.748357795483643e-08
1020,-1.12856856628488,-5.73076852704004,-8.924934829077367,-14.427029442030465,-15.754981150297244,-15.801039136480924,-12.677296499132932,-14.012521772732306,-13.719583236028528,21.79267954761693,0.0059580004051231,0.0005582173300997,0.58254902477699,74937.00856583475,1551675.0135315403,0.0843090749476147,0.96332479069528,0.0005583568564802724,0.0005583618868488079,-1.3952638057239657e-07,-1.4455674910785268e-07
1021,-1.2185430472845475,-6.47108716006725,-9.054159804396107,-12.243750039947589,-16.13625712958688,-15.21869678258073,-16.839159477792457,-14.629845410589567,-13.387734707915731,21.82837779126605,0.0059580008484077,0.0005586031318153,0.5821467496937375,74937.01414126561,1552747.4253863369,0.0843090749476147,0.965433166988211,0.0005587396301514105,0.0005587540035055116,-1.3649833611052275e-07,-1.5087169021163385e-07
1022,-1.186866136551551,-5.622648908045683,-6.681455500242352,-13.223194839806556,-14.227884679805236,-12.110506494641218,-13.288638130843664,-14.56637264306128,-13.448664152488869,20.95913145156554,0.0059580013405203,0.0005524813341394,0.5885973294482224,74937.02033083363,1535730.683018471,0.0843090749476147,0.9661267453204638,0.0005525394828336638,0.0005525451183910802,-5.8148694263761985e-08,-6.378425168021475e-08
1023,-1.0945262275935697,-7.744365645229645,-8.598998389799581,-13.08349707831258,-16.227406080751315,-15.19952808697362,-13.85983313730045,-13.537506191518617,-11.184039418005204,21.438908615418462,0.0059580010338543,0.0005683392015269,0.5721741732119622,74937.01647372874,1579810.7487317142,0.0843090749476147,0.9622371177368092,0.0005681800230026944,0.0005682058743960962,1.5917852420562796e-07,1.333271308038165e-07
1024,-1.0908664356680908,-6.907612272722278,-6.532057628326712,-9.90703532220208,-12.463421697459356,-16.065899791837616,-14.705706411883048,-13.659376795606962,-9.312111097513776,19.854692271706305,0.0059580012609077,0.000570676716803,0.5698305568664519,74937.01932950233,1586308.3328302335,0.0843090749476147,0.9652675221108602,0.0005706805129983957,0.0005706936247136283,-3.79619539568523e-09,-1.6907910628332322e-08
1025,-1.0009694232649318,-7.107995987947339,-6.829252843037584,-12.39486059393239,-15.083017853963089,-16.523077380850275,-13.59244883478128,-14.223494569555635,-10.82851281313027,20.9537398466584,0.0059580004510642,0.0005650079024094,0.5755476403739673,74937.00914366018,1570550.746713695,0.0843090749476147,0.9641398858717082,0.0005649093679546649,0.0005649148504662169,9.853445473505078e-08,9.305194318309958e-08
1026,-1.3017891393535572,-6.682832232403424,-6.330475005783585,-10.67974074093328,-15.91778019451354,-12.915600512814256,-13.480063418238228,-14.481976497349429,-12.773991478984982,20.537780190433374,0.0059580017665392,0.0005588429128078,0.581897104302432,74937.02568910424,1553413.943881195,0.0843090749476147,0.9669372906484658,0.0005587935041085014,0.0005588035179391378,4.940869929859204e-08,3.9394868662145574e-08
1027,-1.384270526873441,-6.315245341549953,-8.443150754729045,-13.053167700880106,-12.107692233514731,-12.672537348980809,-13.303653407273677,-14.595223200118609,-11.757666610139188,20.89861568697331,0.0059579998227412,0.0005574708026533,0.5833290497648047,74937.00124090092,1549599.8934609783,0.0843090749476147,0.9646945924245725,0.0005573755105184167,0.0005573778476524535,9.52921348832108e-08,9.295500084645445e-08
1028,-1.1491282350180148,-7.995111360890319,-7.987188210209092,-11.666972988369189,-15.12034015646666,-13.217773585323268,-16.396168243314474,-13.39335803819108,-12.5909886145223,21.1257408645922,0.0059580012222073,0.0005612746122107,0.5793759793932745,74937.01884274614,1560173.3313105337,0.0843090749476147,0.9645173058514755,0.0005614168981700586,0.0005614188314346935,-1.4228595935869039e-07,-1.4421922399354952e-07
1029,-1.241981411217823,-6.621190449194669,-6.80051130165755,-13.434847048110676,-15.58084747628795,-11.949861032074736,-12.429134927527048,-10.991454891358185,-12.981165092770972,20.52175609952762,0.0059580006456143,0.0005671962263685,0.5733271235500078,74937.01159062321,1576633.6241625417,0.0843090749476147,0.9616038612515362,0.0005670699900037937,0.0005670637311208708,1.2623636470626871e-07,1.3249524762916614e-07
1030,-1.238391810950924,-6.827401609173309,-6.705040879136594,-10.695472459986084,-14.081391895621987,-14.66232754346161,-11.73938702981971,-11.481115674116444,-12.967106715277255,19.83175442245881,0.0059580009285142,0.0005602267403373,0.5804596258964602,74937.0151488083,1557260.5650533596,0.0843090749476147,0.963938756651629,0.0005598139292061448,0.0005598090144733832,4.128111311551717e-07,4.177258639167765e-07
1031,-1.2250958387438444,-5.89209905625588,-7.170561035803679,-11.244974730648456,-16.556819242456616,-12.55718006556958,-17.131080192292753,-13.083962505400589,-11.367321072094684,20.79305618722374,0.0059580006677808,0.000568935926781,0.5715739988629974,74937.01186942314,1581469.464104385,0.0843090749476147,0.9644261840893694,0.0005690343392475842,0.0005690346348957816,-9.841246658413329e-08,-9.87081147815717e-08
1032,-1.2324417623140609,-8.327685944728966,-6.7173837212193614,-12.825416713645463,-11.18873867357531,-12.659610159566936,-17.047234344489546,-14.82590349532768,-13.242389235636514,21.120168900082504,0.0059580009317796,0.000561343834042,0.5793044915790889,74937.01518987941,1560365.7470242574,0.0843090749476147,0.9668843304302698,0.0005612486887340416,0.0005612724222901514,9.514530795846042e-08,7.141175184857945e-08
1033,-1.039449508451195,-6.6690068657992585,-8.849506344866054,-10.655249493272724,-14.585989095739748,-16.788248296445605,-12.641326289394405,-12.327195694415469,-11.799233162690175,20.412214891136863,0.0059580055363147,0.0005646792730861,0.5758833321052836,74937.07310361853,1569637.2567837725,0.0843090749476147,0.9631104191926256,0.0005646594825616695,0.0005646570441572401,1.9790524430503796e-08,2.222892885983107e-08
1034,-1.3325657741332304,-5.866861295110216,-6.280931751669977,-12.08518650193208,-14.81924711572886,-15.74542767616276,-16.9698660760907,-13.250195302431438,-9.619670414618238,20.69999923416697,0.0059580004831221,0.0005754019833203,0.5651509328705067,74937.0095468702,1599443.1417869236,0.0843090749476147,0.9638233704333226,0.0005751907534266923,0.0005752026406387139,2.1122989360769246e-07,1.99342681586113e-07
1035,-1.2014255760283017,-7.987519712288805,-7.444079312931896,-12.561536818372767,-12.677668383746171,-14.246429015775146,-15.726728744849463,-15.427028381182776,-11.100194960869777,21.20232565959297,0.0059579997588669,0.0005628275705417,0.5777771476990261,74937.00043751844,1564490.0848569372,0.0843090749476147,0.9657486725926596,0.0005627886491388609,0.0005627850249867994,3.8921402839174266e-08,4.254555490063646e-08
1036,-1.331583543208963,-6.094410362962112,-6.9104387680661645,-14.132788357335643,-16.402070265516482,-14.501269643026156,-15.315655650821952,-12.318598094269303,-9.673059839801176,21.128356036063906,0.0059580004559722,0.0005816476994317,0.5590823547379741,74937.00920539114,1616804.3398529857,0.0843090749476147,0.9611014576995892,0.0005815034949991618,0.0005814850471420963,1.442044325381626e-07,1.6265228960368142e-07
1037,-1.3395855724771837,-7.777865014604813,-7.470121123152754,-14.405186836515805,-14.687327248134473,-14.003787374086407,-16.07189518929711,-13.295164540829198,-10.80397041046334,21.51395923224742,0.0059580000975317,0.0005703283494726,0.5701784531337276,74937.00469708984,1585339.9772221574,0.0843090749476147,0.9621415280927952,0.0005705392232197365,0.0005705382832439647,-2.1087374713654565e-07,-2.0993377136473926e-07
1038,-1.2800887614147718,-7.30547541283412,-8.460535666051063,-10.715899208740485,-12.996396542693835,-14.142442039485507,-14.685885924046104,-13.693822099062444,-13.657409719630271,20.68677512197024,0.0059580034403747,0.0005553378520257,0.5855700427659633,74937.04674184303,1543670.9370930835,0.0843090749476147,0.9662709842110332,0.0005554899866241006,0.0005554782514368863,-1.5213459840057557e-07,-1.403994111862355e-07
1039,-1.0833436868523652,-7.947473123160597,-6.154399466070865,-10.513745307272249,-13.048954177017952,-14.354148795662145,-16.827356539053042,-11.689980037463478,-10.42538639636872,19.95735424707405,0.0059580015367293,0.0005727787512422,0.5677393813980124,74937.02279865975,1592151.3515632951,0.0843090749476147,0.9636910584138088,0.0005727875323062025,0.0005728091364076462,-8.781064002555232e-09,-3.038516544623393e-08
1040,-1.1157347217092284,-5.9640157448889815,-7.800921957139272,-13.132214582105226,-11.883321920007178,-13.386430982338627,-16.815547633947254,-13.283439258440875,-9.595760724836008,20.730010269804684,0.0059580003200057,0.0005718323160468,0.56867886820864,74937.00749526586,1589520.5485310866,0.0843090749476147,0.9631842678728566,0.0005718227699847116,0.0005718204115757366,9.546062088483694e-09,1.1904471063431399e-08
1041,-1.4010387124199648,-7.910179081759244,-7.643112028567733,-14.127196526167904,-16.40671933581852,-11.93934882068903,-17.360995489798245,-10.762795816203791,-13.452159614943842,21.467356378729303,0.0059580002524684,0.0005734994820627,0.5670257061012164,74937.00664581335,1594154.764831622,0.0843090749476147,0.9612154930960836,0.000573389890554722,0.0005733974985860363,1.095915079779965e-07,1.0198347666367808e-07
1042,-1.1025156282598083,-6.987966578837824,-7.751435614670401,-12.304792063181294,-15.543012674824714,-16.89370785037814,-12.043713694365746,-13.522076710047244,-12.47560175777349,20.987723028181662,0.0059580009158629,0.0005619973944715,0.578630801986934,74937.01498968642,1562182.446961207,0.0843090749476147,0.9636531889552542,0.0005619428750563684,0.000561940601568234,5.451941513165675e-08,5.6792903266062594e-08
1043,-1.1498865471935542,-7.833125854690654,-6.266332201509025,-13.50205462374374,-11.70818157961947,-16.02195187202616,-15.497018793909094,-14.785358613501204,-12.024139368843612,21.156740068984902,0.0059580010890976,0.0005608109655119,0.5798549551604634,74937.01716855363,1558884.5339931117,0.0843090749476147,0.9656114311718592,0.0005607659949180242,0.0005607738977504211,4.4970593875820995e-08,3.70677614789771e-08
1044,-1.1559091684665277,-7.105552172511528,-8.679119595748126,-11.94647486399274,-13.97859944130886,-14.509397736825443,-15.679947791898758,-10.80483717743938,-9.765039940350006,20.43449458368612,0.0059580015888719,0.0005788317734682,0.5618023631091129,74937.02345448566,1608976.91902256,0.0843090749476147,0.960746239292146,0.0005788943652144758,0.0005788995555522566,-6.259174627578669e-08,-6.778208405655833e-08
1045,-1.2202989980042025,-6.870835490626586,-8.997132911407055,-13.673099841665817,-13.158425347169237,-16.41711376561312,-15.045175380396175,-13.86914475314186,-11.135932081056849,21.44814510629529,0.0059580007244388,0.0005650246422542,0.5755306283780658,74937.01258204078,1570597.2784092887,0.0843090749476147,0.9628911899391978,0.000564980104784843,0.0005649902629001488,4.453746935704009e-08,3.4379354051203466e-08
1046,-1.3297801816424415,-7.712291032903847,-6.706976018612529,-11.111793764107974,-13.024549044014773,-13.699589097951062,-16.345219038352685,-13.060731347094116,-9.409212405089638,20.264287954217124,0.0059580013793513,0.0005726126616897,0.5679040349264438,74937.02081923134,1591689.672939871,0.0843090749476147,0.9639011288038783,0.0005726913453769589,0.0005726848164869479,-7.868368725886046e-08,-7.215479724787758e-08
1047,-1.1246776095352655,-6.760288102347001,-7.454780906170183,-12.112229958401327,-12.33837130615504,-15.314040209488011,-13.754932737542198,-13.2660905143379,-11.79570780534134,20.51769176752805,0.0059580015309728,0.0005585246709917,0.5822286289689871,74937.02272625818,1552529.3280737803,0.0843090749476147,0.9643108426804168,0.0005584421579375803,0.0005584408730548667,8.251305411979479e-08,8.3797936833367e-08
1048,-1.0588340066887816,-8.33417440000399,-6.410832637311278,-13.424791131110126,-11.164380415729038,-14.287260247871169,-14.270419546172084,-13.478510348397696,-10.088274153249884,20.573034451260863,0.005958001393899,0.0005675248552032,0.5729952428218561,74937.02100220553,1577547.1127340945,0.0843090749476147,0.9632428180224128,0.0005676485442524072,0.0005676593200908177,-1.2368904920721704e-07,-1.344648876177093e-07
1049,-1.088202106616874,-7.271737596793803,-8.11631823894734,-11.28927227287858,-16.60331903089178,-14.530210195537991,-14.526105750289798,-11.275908722898013,-11.432295066343226,20.600338987004392,0.0059580010875651,0.0005731485346311,0.5673730237210538,74937.01714927838,1593179.2373240602,0.0843090749476147,0.9617540999009307,0.0005732739129705636,0.000573274516253078,-1.2537833946361585e-07,-1.2598162197794641e-07
1050,-1.345607286734722,-6.849705489667747,-6.22969698589597,-10.064535856742973,-15.839415906395075,-13.396718370740492,-16.940579553247208,-13.430333111920326,-13.736400126759724,20.590984506923395,0.0059580004925066,0.0005639812043535,0.5765954005330505,74937.00966490388,1567696.8372522958,0.0843090749476147,0.9672892138414316,0.0005638032274106538,0.0005638367721503358,1.779769428462497e-07,1.444322031641989e-07
1051,-1.3079677766378772,-7.185025334359763,-7.174926356998144,-14.71543840533263,-15.686772970021485,-14.308787417972754,-15.251276528314891,-13.757512500926278,-13.53684962679564,21.83710631222018,0.005958000082402,0.0005588820512475,0.5818561074130487,74937.0045067953,1553522.7368830729,0.0843090749476147,0.9636260450529666,0.0005591751035699331,0.0005591854455458343,-2.9305232243312124e-07,-3.033942983343262e-07
1052,-1.1854674522663928,-8.06133087153231,-7.129786281854521,-14.037686104762422,-15.549114433795518,-14.626219708963085,-16.286547039444088,-11.434371466808502,-11.65092801317524,21.281199842663742,0.0059580002502791,0.0005750062319263,0.5655398681448663,74937.0066182774,1598343.0728414978,0.0843090749476147,0.9611000033601502,0.0005750433965712827,0.0005750478178122169,-3.7164644982692376e-08,-4.158588591692512e-08
1053,-1.346986821899559,-6.854612836968391,-8.178320273134638,-12.202039607811898,-11.171570000956097,-16.76223817874514,-14.021191955746946,-13.107534043105588,-10.020058668097262,20.45499976473272,0.0059580014562254,0.0005682686613174,0.5722452590705693,74937.02178611925,1579614.6683260584,0.0843090749476147,0.9630526882038138,0.0005682483904371716,0.0005682448987242257,2.027088022839383e-08,2.3762593174300566e-08
1054,-1.3209596626213418,-7.367738165078611,-6.6790705180232735,-12.658666467559362,-15.407485437362109,-16.814017281766382,-12.342373603417208,-15.337736281328906,-13.669479984649351,21.35454950019532,0.0059580003396404,0.0005565445299534,0.5842999767320222,74937.00774222253,1547025.1360560483,0.0843090749476147,0.9664555554349704,0.000556499646680783,0.0005564818438983657,4.488327261698184e-08,6.268605503428892e-08
1055,-1.1935042003292176,-7.1867823427145385,-6.350457906410544,-12.51031454736804,-12.095449923205802,-14.600126453581945,-12.465564113403818,-11.715238613364974,-12.217788871190216,20.07234403093238,0.0059580007130998,0.0005600079331295,0.5806863925303365,74937.01243942408,1556652.347323751,0.0843090749476147,0.9630964538160178,0.0005600570682191851,0.000560059905738734,-4.913508968500211e-08,-5.1972609233972254e-08
1056,-1.3729655543992023,-7.140175162697076,-8.752031717561808,-10.56907307236475,-12.886727522430215,-12.767126569742963,-13.470860116399404,-11.422306222443211,-12.153675419199072,20.001651054312543,0.0059580049535083,0.0005611636411472,0.5794910963515734,74937.06577334687,1559864.8653832015,0.0843090749476147,0.9630649447204652,0.0005612098584074497,0.0005612119133005257,-4.621726024968669e-08,-4.8272153325697e-08
1057,-1.3834005192622183,-6.696254000459321,-6.169468734460034,-13.55581982129417,-14.304455892944643,-11.719161672737938,-15.558583939234468,-15.60091172463754,-12.098575659164206,21.327146196404144,0.0059580004511238,0.0005590958552594,0.58163365363957,74937.00914440982,1554117.0472442335,0.0843090749476147,0.9663718344470268,0.0005590793203925304,0.0005590894142862562,1.653486686957993e-08,6.440973143837132e-09
1058,-1.0976046176913004,-5.987475194237941,-6.448962400348005,-13.903344875619954,-13.954945318081489,-14.19367189197018,-12.99118091116885,-12.444739105434063,-13.382843323275294,20.7860948524746,0.0059580010844673,0.0005573217410024,0.5834852526951804,74937.01711031518,1549185.54724362,0.0843090749476147,0.963488274735752,0.0005575808107340093,0.0005575802404207744,-2.5906973160933367e-07,-2.5849941837443637e-07
1059,-1.4216418187612072,-5.975396333183898,-7.810562071204909,-12.576187164191833,-15.34099498527068,-16.184239425071503,-15.11017504948953,-14.254052517347718,-10.733045414037583,21.22930766557852,0.0059580003704225,0.0005662579248777,0.5742770990666386,74937.00812938559,1574025.4303641256,0.0843090749476147,0.9639871892863952,0.0005660945578728287,0.0005660892494382924,1.6336700487122775e-07,1.686754394075729e-07
1060,-1.419823203563651,-6.274341452519804,-7.460984618526406,-14.120785769957552,-12.145517342267675,-17.108387993512768,-17.307147669277793,-14.891467746572827,-10.527303807585636,21.541724079640048,0.0059580003918767,0.0005701134947851,0.5703933745705987,74937.00839922711,1584742.7463012836,0.0843090749476147,0.9644560020019226,0.0005700630827742413,0.0005700452859209189,5.041201085861837e-08,6.820886418103678e-08
1061,-1.3987525683877442,-7.685057787341408,-6.357258395875992,-11.002674119988436,-15.369122596316144,-16.262824858547503,-14.18247475870506,-13.706084203539035,-10.891707675932349,20.58621632465664,0.0059580008626634,0.000568028723479,0.572486892441795,74937.01432056722,1578947.7138467638,0.0843090749476147,0.9646266687537364,0.0005679487414878277,0.0005679468651676047,7.998199117223957e-08,8.185831139523921e-08
1062,-1.2853863442103513,-6.540535345205785,-6.4568184083448354,-10.210064055256714,-11.308415411007346,-14.493772231049393,-14.168903889723708,-15.421199281181382,-13.610571039898172,20.25108198216568,0.0059580020411687,0.0005588157273842,0.5819254528303922,74937.02914326929,1553338.376642018,0.0843090749476147,0.9700744774386288,0.0005588000624737111,0.0005588128332567493,1.5664910488883375e-08,2.894127450712991e-09
1063,-1.4089702998780542,-7.741822307576841,-8.28899532859308,-13.600166229147666,-15.98655185668074,-14.177257285025854,-13.077248802073308,-10.825469697860772,-11.461465253672545,20.932091750933253,0.0059580006348889,0.0005789202219304,0.5617163950325208,74937.0114557234,1609222.77894374,0.0843090749476147,0.9597903501649466,0.0005788217792692214,0.0005788349936185614,9.84426611785709e-08,8.522831183854773e-08
1064,-1.1805074482433775,-7.685227506305602,-9.051478584672612,-11.69080741649362,-12.157504600233416,-13.179607227526809,-16.99654198850966,-12.775097787414538,-11.358676690873503,20.78296534687002,0.005958004388172,0.0005672369452281,0.5732865076797624,74937.05866280488,1576746.8102526097,0.0843090749476147,0.96350118668216,0.0005671199471830192,0.0005671136373136034,1.1699804508080811e-07,1.233079144966195e-07
1065,-1.3316336399631246,-7.942569239994466,-7.301237852737069,-11.46098175080769,-12.439256186361336,-16.5107536072909,-11.874606731865088,-14.39545730092041,-11.23276228310796,20.46703277244008,0.0059580017403771,0.0005610274569448,0.579631293540957,74937.02536004975,1559486.31457006,0.0843090749476147,0.9650063899674084,0.000560942869295071,0.0005609403497989313,8.458764972902981e-08,8.710714586874363e-08
1066,-1.2685861149364142,-7.397018583246087,-7.871872520811586,-13.833910167960935,-13.918077915615852,-15.897093489640934,-13.798796270194837,-12.434170981606774,-12.037365813419775,21.13464468097755,0.0059580000999973,0.0005648702093391,0.5756878852983329,74937.00472810153,1570168.0017050789,0.0843090749476147,0.9619537776139712,0.0005649192848770055,0.0005649328201358146,-4.9075537905587246e-08,-6.261079671463898e-08
1067,-1.3354093531069218,-5.958631712581006,-6.966294944864533,-13.314154415909965,-15.662223220778904,-15.607563327064268,-16.61982745689116,-15.0564354491616,-9.928387833317494,21.500285126960883,0.0059580003620819,0.0005718252983307,0.5686858533343971,74937.00802448149,1589501.04140712,0.0843090749476147,0.9644718034314068,0.0005717898653199868,0.000571770504637071,3.543301071312361e-08,5.4793693628923425e-08
1068,-1.4163184403396611,-7.759258758153784,-6.32769877768342,-12.785971792904755,-16.339152166173267,-14.37769616482052,-14.19032444029599,-13.704089574607243,-9.79039832833061,20.971796678101068,0.0059580003129914,0.000573853854598,0.5666755587938686,74937.0074070432,1595139.813089356,0.0843090749476147,0.9628715269468314,0.0005738490084835952,0.0005738703830733741,4.846114404839959e-09,-1.652847537406566e-08
1069,-1.321175741525655,-6.998206779112908,-7.98788246159934,-12.151011326080564,-14.726244356642043,-15.406795197256129,-16.526707972819608,-10.74407260563931,-12.054686281163429,20.75016471543472,0.0059580006123328,0.0005716858727961,0.5688245830477009,74937.01117202261,1589113.4806729762,0.0843090749476147,0.9618082518379428,0.0005714555989291461,0.0005714617256458863,2.3027386695389802e-07,2.2414715021372954e-07
1070,-1.2127141951015177,-7.075873917802273,-7.850974654938381,-12.174098246592347,-14.438217586673789,-13.606769491202911,-13.134716355071326,-12.117466064781713,-9.62242078433163,20.360857936222885,0.0059580005530225,0.0005717609910296,0.5687498421083335,74937.01042604569,1589322.2865978451,0.0843090749476147,0.9614966148945342,0.0005718439642626471,0.0005718566491305487,-8.297323304709385e-08,-9.5658100948714e-08
1071,-1.4058381000845477,-8.12558236029867,-7.131614858371497,-12.862084566068296,-11.530177707008102,-15.195690393099234,-15.141537674829506,-15.298294937321918,-12.987204019759796,21.22744110617448,0.0059580010008922,0.0005576216057796,0.5831714672969673,74937.01605914529,1550019.080452152,0.0843090749476147,0.9666940896152256,0.0005576626053563516,0.000557669034954763,-4.0999576751644604e-08,-4.7429175163054074e-08
1072,-1.0197426667478384,-8.090391401092171,-8.498917383943015,-10.428080090469116,-14.60940135110654,-14.634565489376572,-16.97840361229128,-12.139851628089207,-11.466651522049323,20.65218391835929,0.0059580018377127,0.0005703585966612,0.5701484652872032,74937.02658429182,1585424.0552404802,0.0843090749476147,0.9634472051628526,0.0005704087362945287,0.000570424318525728,-5.0139633328690966e-08,-6.572186452794438e-08
1073,-1.354771250750561,-6.9539100136979055,-6.479156175240902,-13.42148835944828,-14.682062579314165,-17.003816186626793,-14.97324253746464,-12.228004186433951,-13.642278954619584,21.13005604838932,0.0059580004463698,0.0005615693549161,0.5790717776768302,74937.00908461623,1560992.6267116065,0.0843090749476147,0.9635178832895356,0.0005616710429473554,0.0005616918000361245,-1.0168803125541401e-07,-1.2244512002446747e-07
1074,-1.4319778308387252,-5.718092050175625,-7.844384161835626,-10.73057161229402,-12.456113527665206,-15.78883287970277,-14.874034124943956,-12.746120776120565,-13.183003635761647,20.32344575406775,0.0059580035110253,0.0005571744389848,0.5836398671428202,74937.047630454,1548776.0922734702,0.0843090749476147,0.9656740120043394,0.0005570813441166321,0.0005570794704549927,9.309486816795522e-08,9.496852980731517e-08
1075,-1.213017584214649,-6.847322101702843,-6.5596164874098575,-14.387430783141356,-12.373921518065789,-15.770633613767998,-14.049077746467564,-12.195570743418546,-11.926424778605105,20.82627471930742,0.0059580005950217,0.000564647512799,0.5759150079281116,74937.01095429242,1569548.9728105282,0.0843090749476147,0.9623087758952892,0.0005645786882266571,0.0005645817604898594,6.882457234290082e-08,6.575230914059559e-08
1076,-1.0863628797443754,-7.429449343904489,-7.58712602765796,-11.884167871560456,-15.97079601041504,-14.232016869919164,-12.585537018423665,-14.95284876596646,-10.640466783126325,20.980217229810936,0.0059580006573457,0.0005645215160267,0.5760435566770208,74937.01173817432,1569198.7399659478,0.0843090749476147,0.9644508653667816,0.0005644661359233678,0.0005644726104849093,5.538010333216298e-08,4.8905541790746077e-08
1077,-1.363612659151995,-6.505805650824211,-6.941547047576741,-11.416002122218224,-12.696817714813395,-12.089309977365346,-17.12697408290635,-13.644010259016897,-10.871492388614724,20.45065978075426,0.0059580009988287,0.0005658899601172,0.5746506084022714,74937.01603319253,1573002.5998392769,0.0843090749476147,0.965293720023086,0.0005658444445513186,0.0005658303964678556,4.551556588138633e-08,5.956364934438241e-08
1078,-1.0762642777774436,-7.443332294809346,-8.706968312012712,-11.51875841781472,-16.277528222844136,-12.459232630037524,-17.073822340811162,-15.615771092325124,-11.019565156823187,21.556956489997493,0.0059580002647206,0.0005677935481942,0.5727239254524732,74937.00679991613,1578293.9978235194,0.0843090749476147,0.965672931353372,0.0005677961566281324,0.000567790730038841,-2.6084339323911854e-09,2.818155359031113e-09
1079,-1.142172562126315,-7.314708022815479,-8.244473450717638,-13.160473952636169,-13.139161397802138,-15.90923077272144,-15.127594912566089,-14.738097305789706,-11.607670435705904,21.41178517606713,0.0059580003284124,0.0005605067682882,0.5801695418879163,74937.00760100248,1558038.957896269,0.0843090749476147,0.9645172802645382,0.0005604470304811601,0.0005604519453493347,5.973780703991734e-08,5.482293886525588e-08
1080,-1.3400614406373017,-6.707732139312983,-6.545782554576052,-11.082894259871312,-11.906119970048149,-16.76854474190487,-11.990843455184129,-15.559753957552854,-10.172918284273893,20.24481022011936,0.0059580018494256,0.0005633971083045,0.5771933769546117,74937.02673161146,1566073.2272425534,0.0843090749476147,0.9666563659628064,0.0005634179499896817,0.0005634194150307958,-2.0841685181719263e-08,-2.2306726295750687e-08
1081,-1.4033636202215056,-5.98721353981667,-7.567086741966326,-11.071456964108954,-13.821805062277075,-13.267425576721902,-14.99768857481385,-15.513301851772964,-11.5657965094324,20.777911936779216,0.0059580016419394,0.0005592743529853,0.581448194049912,74937.02412194447,1554613.2168296357,0.0843090749476147,0.967216726382097,0.0005593384907503542,0.0005593506323078528,-6.413776505427918e-08,-7.627932255283021e-08
1082,-1.40710521043593,-7.264550025326208,-7.101515160069456,-13.394793533254608,-15.992459307396595,-13.956032438006604,-12.071043726276574,-12.598144064849432,-11.953514996431933,20.913339252021803,0.0059580001646904,0.0005671646623013,0.5733589611514391,74937.00554178088,1576545.8856209468,0.0843090749476147,0.9620230921408544,0.0005670641346908966,0.0005670648914035269,1.0052761040334028e-07,9.977089777306672e-08
1083,-1.4540130634584498,-6.075971360286563,-7.959773804678466,-12.037257857674186,-15.567010438865369,-12.928829384826264,-13.634642953646988,-14.456092862186471,-12.748129041760684,21.05514513714965,0.0059580002531013,0.0005559033592522,0.5849738869262023,74937.0066537736,1545242.8758094888,0.0843090749476147,0.965377737094372,0.0005558698359784715,0.0005558715371204214,3.352327372847016e-08,3.182213177861659e-08
1084,-1.4639199812154742,-6.253258207203512,-8.11231800094846,-12.885882998220069,-14.737066177538862,-16.89008747954878,-16.89244685776466,-11.60703449649944,-10.537308360426792,21.026748854107296,0.0059580002197132,0.0005779095466718,0.5626986921333792,74937.00623383292,1606413.4080033433,0.0843090749476147,0.9615171399169252,0.0005779237486806761,0.0005779215337658569,-1.4202008876101728e-08,-1.1987094056947756e-08
1085,-1.250110393398996,-5.982385292071725,-6.94642795949984,-13.669584377928029,-16.02788447623208,-13.346128923220617,-12.503040128755966,-11.17325073086099,-10.047441071546997,20.48006716629151,0.0059580003840716,0.0005805073427628,0.560180613723175,74937.00830105791,1613634.4938911342,0.0843090749476147,0.9601685867779192,0.0005804619773441481,0.0005804596487590803,4.536541865188433e-08,4.7694003719707737e-08
1086,-0.9848686273362502,-7.790020613412087,-7.292948372031585,-11.2229228022787,-15.236657145829325,-13.57830064924921,-15.72232660421032,-11.80270512315798,-10.96535258769098,20.46888412441626,0.0059580016371676,0.0005703019860224,0.5702050318974804,74937.02406192767,1585266.6948198888,0.0843090749476147,0.9627231396081382,0.0005701196725525848,0.000570110937726784,1.8231346981514764e-07,1.9104829561595888e-07
1087,-1.3809893079958475,-6.666258056980897,-6.420439208282053,-10.973363998571733,-15.079437014823691,-13.822333982611877,-14.781731903535588,-12.755204277180898,-11.306019911983412,20.302069743663296,0.0059580014524183,0.0005643385470026,0.5762304360260283,74937.02173823515,1568690.1415264434,0.0843090749476147,0.9643693905681744,0.0005641705633941162,0.0005641736754006068,1.6798360848375212e-07,1.6487160199314243e-07
1088,-1.128211030095162,-8.30617259744464,-6.242339882656976,-12.73831969029335,-12.524743070787778,-13.372655219161292,-15.095848981509317,-15.339025149048297,-10.281277919639766,20.89560748082738,0.0059580004713087,0.0005653125442328,0.5752374858816726,74937.00939828632,1571397.558662783,0.0843090749476147,0.9655757260026524,0.0005652900654316932,0.0005653029805686866,2.2478801106748034e-08,9.563664113356081e-09
1089,-1.4696126482066356,-6.786054665140542,-7.86378244473221,-13.280222275022927,-12.010753207850136,-13.106978689942547,-13.3437856146551,-12.163545659153588,-12.24991172649701,20.5418358720874,0.0059580004017938,0.000560460241167,0.5802177159141354,74937.00852395967,1557909.626599051,0.0843090749476147,0.9626361887395964,0.0005605228565256647,0.0005605269164255535,-6.261535866463209e-08,-6.66752585534551e-08
1090,-1.2180954552770489,-7.582925663426134,-6.63057670772526,-13.820204128194655,-12.258469378451547,-15.738044932803586,-12.162801192039478,-13.362203624110972,-12.286065839934755,20.78753605901964,0.005958000330416,0.0005595746798876,0.5811359356220965,74937.0076262023,1555448.03460575,0.0843090749476147,0.9634922754772712,0.0005595787116341267,0.0005595796034817941,-4.031746526694455e-09,-4.923594194134427e-09
1091,-1.0054784799059733,-6.910589892930827,-7.429354479402182,-12.649007037773886,-11.642595814892935,-15.170114250120662,-17.48441377555097,-11.164574052672586,-9.9392189750625,20.399183969689787,0.0059580005011691,0.0005780999628309,0.5625133887469546,74937.00977385645,1606942.7072212703,0.0843090749476147,0.9617861568308448,0.0005781105519148088,0.0005781407849802638,-1.0589083908872123e-08,-4.0822149363867015e-08
1092,-0.9861855263279068,-7.776874748338431,-6.3852586614301465,-11.350968442328742,-13.121579104500045,-11.601575138220948,-15.233319355109009,-14.691361136116646,-12.191141205012254,20.56484393263882,0.0059580017293259,0.0005591267970873,0.5816016534534403,74937.02522105208,1554203.0561490485,0.0843090749476147,0.9669313473537258,0.0005590110347804022,0.0005590129204266128,1.1576230689780333e-07,1.1387666068723035e-07
1093,-1.1831259465880386,-6.535790143476898,-9.027467938249462,-14.526624443582378,-14.64176720309304,-16.13692412455107,-14.646629295913066,-15.140422924699944,-13.140291909749442,22.12101076065071,0.0059580001322654,0.0005559527847029,0.5849218636399502,74937.00513395442,1545380.2635842536,0.0843090749476147,0.9642953912992982,0.0005561375693709127,0.0005561397263524531,-1.847846680127184e-07,-1.8694164955314688e-07
1094,-1.2219978775256028,-6.186363653300122,-7.693647117162228,-12.926979325478255,-16.49997542952348,-12.522903449770933,-12.598984618569824,-15.674234582548236,-13.113572101075018,21.450379302516662,0.0059580003722553,0.0005562050069375,0.5846566545000857,74937.00815243786,1546081.3649622053,0.0843090749476147,0.9660342797717584,0.0005561162373193269,0.0005561021379635932,8.8769618173095e-08,1.0286897390680838e-07
1095,-1.1642773637345694,-7.058365408589957,-8.43711376383965,-14.37548926663212,-12.284636387804646,-15.5588877733183,-12.379470900870803,-10.819137909141643,-12.13274326578765,20.702681359399858,0.0059580004071885,0.0005720865631362,0.5684261480458059,74937.00859181225,1590227.2783918616,0.0843090749476147,0.9602552569876738,0.0005720792005494035,0.000572069062873604,7.36258679641822e-09,1.750026259593907e-08
1096,-1.2620033831310251,-6.181914832005766,-7.24437673416185,-14.460660746883836,-16.59835891013747,-12.774242565504268,-14.820571761919402,-12.825278235730224,-10.379729474454786,21.298721606763014,0.0059580003388266,0.0005762016556956,0.5643665765640338,74937.00773198716,1601665.9886548864,0.0843090749476147,0.9614029360508608,0.00057607545278666,0.0005760939286101148,1.2620290894000807e-07,1.0772708548519375e-07
1097,-1.1886862747782847,-6.532874401091682,-8.400156865721508,-14.276071791583794,-11.679395282485636,-15.796523007291505,-14.574296239112762,-10.715286878563248,-12.504310266969476,20.798063471874176,0.0059580007797086,0.0005696861171529,0.5708213385219821,74937.01327720012,1583554.7659979344,0.0843090749476147,0.9609575058065536,0.0005696499465788427,0.0005696371330283586,3.617057405729072e-08,4.898412454140428e-08
1098,-1.448755434986846,-5.586040172935267,-8.106594239747,-14.750416155121444,-12.30305913485676,-15.525586574746823,-17.23750665448372,-15.1938269772535,-13.041282078549568,21.923303858646488,0.005957999818843,0.0005590753939866,0.5816548479184929,74937.00119187128,1554060.171106445,0.0843090749476147,0.9655190915736656,0.0005589767360433225,0.0005589826883024755,9.865794327746768e-08,9.270568412445609e-08
1099,-1.274685026549332,-7.323164144206391,-8.03362568221188,-11.408599014500547,-12.83525031039136,-17.197736169719732,-12.01403429521869,-12.252015944385969,-10.54912189826934,20.18520847772852,0.0059580018297984,0.0005678943036262,0.5726225387812602,74937.02648474899,1578574.067390961,0.0843090749476147,0.9623420370107552,0.0005679588434176445,0.0005679729357767635,-6.453979144443057e-08,-7.863215056348478e-08
1100,-1.1004819354899524,-7.809202755972363,-8.240820855911018,-11.6375134094621,-15.768440527853006,-11.963604426676532,-12.284515158576998,-12.980069339816191,-11.656218216975372,20.6340655661157,0.0059580008492944,0.0005637675320389,0.5768139865230644,74937.01415241756,1567102.8929698311,0.0843090749476147,0.9628993244374806,0.0005636550445407235,0.0005636427848760238,1.1248749817651272e-07,1.2474716287616625e-07
1101,-1.1771654691098394,-5.926175727545997,-6.766988213007909,-11.23726844515744,-14.956502461342897,-15.336387687735964,-13.735956300622451,-15.43551951070184,-11.730733394918651,20.7918421791951,0.0059580009759775,0.0005597148145473,0.5809905322271475,74937.01574578062,1555837.5664927985,0.0843090749476147,0.9670378503576612,0.0005594402111378549,0.0005594489683509987,2.746034094451089e-07,2.6584619630134164e-07
1102,-1.4420173116491255,-6.2606041008359785,-7.718917150029073,-13.624248627293593,-15.34306851122859,-17.21956455221053,-14.607134668226086,-15.812449656199083,-12.4278496051758,21.88282000535948,0.0059580001964784,0.0005586081071317,0.5821414691797553,74937.00594159588,1552761.2552580924,0.0843090749476147,0.9655848524579368,0.0005586885323302391,0.000558698868571463,-8.042519853909691e-08,-9.076143976292049e-08
1103,-1.4740585579841088,-7.342046454387129,-6.428150289769805,-10.45682917762714,-15.366326316049877,-16.949967772828142,-14.13121509714744,-14.746965260835534,-12.361728378382344,20.736004406749256,0.0059580004783357,0.0005638274613373,0.5767526230202108,74937.0094866683,1567269.478258205,0.0843090749476147,0.966905307331134,0.0005638899388225933,0.0005639111616486161,-6.24774852932752e-08,-8.370031131610476e-08
1104,-1.0642042570335537,-8.04309311371359,-8.099242950898866,-12.873825742943032,-12.154789936849358,-14.344513126718958,-15.81114954614004,-10.612477133998311,-12.278070173674092,20.595249844132653,0.0059580004691046,0.0005686505792627,0.5718607847423423,74937.00937056438,1580676.2844762246,0.0843090749476147,0.961543293066398,0.0005687167882536689,0.0005687257443647871,-6.620899096890839e-08,-7.5165102087155e-08
1105,-1.3260100009323217,-6.336110246373019,-7.077851462958067,-12.53946411311584,-15.832781970171093,-14.216572790344598,-12.931837039160602,-15.429672840322034,-10.6451099631022,21.08966757895211,0.0059580006037225,0.0005632397237788,0.5773544794406642,74937.01106372713,1565635.7459554712,0.0843090749476147,0.9650289635131942,0.0005632311715040924,0.0005632480404725257,8.552274707645732e-09,-8.316693725731773e-09
1106,-1.4248407217165724,-7.031083612884492,-8.386877464199214,-10.24712040529945,-14.239846243805736,-13.70150285916669,-15.938839506024904,-11.694709829499311,-11.342418883922464,20.27278537825273,0.0059580022047831,0.0005675180472415,0.5730022334665661,74937.03120113566,1577528.1886636189,0.0843090749476147,0.96327733759589,0.000567594119139263,0.000567584055408532,-7.60718977629209e-08,-6.600816703200129e-08
1107,-1.3947413639770796,-6.509250372365807,-8.881856792787259,-13.405021791508172,-15.271120426574711,-17.18201970244174,-15.91395235469003,-12.01582924780355,-13.075829116084492,21.53134913625891,0.005958000366345,0.0005663617202068,0.574171852521563,74937.00807810109,1574313.9499245174,0.0843090749476147,0.9621631166834648,0.0005664017357738301,0.0005664424923270578,-4.0015567030066146e-08,-8.077212025777141e-08
1108,-1.4088362161883945,-6.741405596047047,-7.767999270584343,-11.419732400056777,-13.27539760926198,-16.444619197825496,-16.835622793715388,-13.452708117995424,-13.034316339400792,20.961411841991133,0.0059580010474398,0.000561039765199,0.5796184763026688,74937.01664459998,1559520.5277870055,0.0843090749476147,0.9656158619036792,0.0005609548744290437,0.0005609695770069007,8.489076995629903e-08,7.018819209929188e-08
1109,-1.2996141679123718,-7.006713360702949,-9.0090459017673,-12.91590347804972,-16.440026048051756,-14.96973891884301,-14.976883011475037,-13.794332278727536,-9.48354640905309,21.442738794259416,0.0059580005927928,0.0005767215428613,0.5638578628681182,74937.01092625737,1603111.1174269412,0.0843090749476147,0.961976117096973,0.00057659422727511,0.0005765754041673122,1.2731558618993277e-07,1.461386939877402e-07
1110,-0.9896609362105824,-6.699544555504306,-7.517235150257628,-11.948890745941409,-14.01237358652899,-13.672104564544982,-13.208938332386705,-15.08585628625654,-13.26717018580497,20.9566155888158,0.0059580009210091,0.0005526137481307,0.5884562311359921,74937.01505441272,1536098.753787038,0.0843090749476147,0.966833915683818,0.0005527035032397141,0.0005527036651127735,-8.975510901404558e-08,-8.991698207349002e-08
1111,-1.090589767538114,-8.153989293891916,-8.062648175282222,-10.69050580911178,-14.699328382641214,-12.442741098931856,-11.708642056839786,-15.539476515995936,-10.840758843915811,20.61352455794265,0.0059580018246865,0.000561883139876,0.5787485945121096,74937.02642045416,1561864.8538098964,0.0843090749476147,0.9658267122992906,0.0005619573822696404,0.0005619663311590795,-7.424239364039673e-08,-8.319128307955094e-08
1112,-1.2355303033122111,-6.642020695371014,-6.269738236446395,-12.809920656726776,-12.264514195241729,-14.682077980618022,-11.90065420946497,-13.78448488158513,-9.79335249607405,20.23420361831392,0.0059580004649091,0.000563859634515,0.57671971223409,74937.00931779508,1567358.909942178,0.0843090749476147,0.9636262754069632,0.0005639631158671524,0.0005639528095473075,-1.0348135215236011e-07,-9.317503230749612e-08
1113,-1.3680505435572428,-6.350114510277132,-6.099967273303541,-11.763397681473668,-11.419770471664282,-13.493877284152486,-16.59768318770172,-13.37187235558083,-10.940260713410582,20.23096598754864,0.0059580008912854,0.00056481923991,0.5757399502135369,74937.01468056104,1570026.322138291,0.0843090749476147,0.9653762461159914,0.0005648839808957143,0.0005649085461497995,-6.47409857143337e-08,-8.930623979946147e-08
1114,-1.400180912109615,-6.076816022053439,-6.139383218252759,-12.305959641092205,-15.092237883766238,-13.300681165669252,-17.046925604432488,-15.486806470859376,-10.515897177168656,21.12086881392841,0.0059580008922465,0.0005680806626986,0.5724345546271512,74937.01469265037,1579092.0891373265,0.0843090749476147,0.966336593042992,0.0005682507714112031,0.0005682499486664435,-1.701087126031219e-07,-1.692859678435396e-07
1115,-1.4125137200936204,-7.774563731387186,-6.691440988358158,-13.492746627870288,-16.155280289856623,-13.501361368876369,-14.252609012959043,-11.053971789140064,-12.914498772053935,20.92710948798593,0.0059580003348769,0.000569987731358,0.5705192193125445,74937.00768230924,1584393.1620858407,0.0843090749476147,0.9615072945614892,0.0005699617383172961,0.0005699597883885929,2.5993040703880567e-08,2.7942969407085405e-08
1116,-1.0686097048727063,-7.270959849196229,-7.832599390327057,-10.311071294588393,-16.456271144691865,-15.77077316776882,-11.913316453067672,-13.449806751658622,-12.876915024280184,20.5750900477728,0.0059580008250978,0.0005628424756353,0.5777620022007088,74937.01384808432,1564531.5165001375,0.0843090749476147,0.9649090360177844,0.0005630574907097406,0.0005630564370639281,-2.150150744406349e-07,-2.1396142862810906e-07
1117,-1.2947797063084026,-6.488332967596309,-8.9226246468797,-11.76072791461038,-14.625742432934768,-11.807688727697473,-16.00884371424407,-14.644141457831113,-12.444587690467978,21.227220600018715,0.005958001756603,0.0005582327399333,0.5825331419081097,74937.02556413187,1551717.8481990283,0.0843090749476147,0.9656006897071197,0.000558203024891394,0.0005582059120548277,2.9715041906025128e-08,2.6827878472348785e-08
1118,-1.1666335106939962,-5.984218222503202,-7.684866291360781,-11.092804152477708,-14.297945973592116,-14.180467225261449,-15.76089755807053,-14.902492846241486,-13.272113371607457,20.97945986567152,0.0059580011393988,0.0005560989114531,0.5847683113222294,74937.01780121875,1545786.4516671656,0.0843090749476147,0.9675262439635977,0.0005562529320164676,0.0005562682427491996,-1.5402056336756304e-07,-1.6933129609955373e-07
1119,-1.3436059530516662,-6.098848040658267,-7.824943564878938,-14.024473017080146,-16.653829121791205,-11.614794690819725,-13.691263517742062,-12.131078873257168,-13.640206953372989,21.24868631081935,0.0059580002408224,0.0005643511591496,0.5762173826343074,74937.0064993352,1568725.199473206,0.0843090749476147,0.9622487467988048,0.0005643081825335293,0.0005642769073761534,4.2976616070685043e-08,7.425177344657329e-08
1120,-1.0799171827305074,-6.699997923230931,-7.838933043044209,-12.192337917246723,-11.37990665026405,-16.73181980786061,-16.277622349500252,-15.245255750338517,-9.38564163906095,20.921639530139,0.0059580014851025,0.0005724486236314,0.5680667858341211,74937.02214932148,1591233.6968483722,0.0843090749476147,0.965284666820934,0.0005725013238174883,0.0005725093739844261,-5.270018608831417e-08,-6.075035302610145e-08
1121,-1.2284047970663692,-6.285860301886874,-7.930396557540643,-13.952924419969696,-14.005952405356666,-14.521698707887529,-16.54158436606271,-11.314589810476107,-13.213873728885424,21.187705286320927,0.0059580005750851,0.0005646461311587,0.5759164142517033,74937.0107035384,1569545.1322691403,0.0843090749476147,0.9621507438298053,0.0005648738014378255,0.0005648742892643691,-2.2767027912549368e-07,-2.2815810566908547e-07
1122,-1.1718202497552386,-7.542469971930081,-6.496216739088242,-10.31262039366484,-13.944555543472772,-14.917800559774292,-12.820661773577791,-11.998895580707522,-9.611631995709308,19.69210913825156,0.005958002512118,0.0005706984342294,0.5698090519603983,74937.03506665406,1586368.700694507,0.0843090749476147,0.962935422740924,0.0005702871206640132,0.0005702778692191899,4.113135653867296e-07,4.2056501021005884e-07
1123,-1.163860318697623,-8.171952191753572,-7.720950050399367,-11.087264451501731,-11.611843175784896,-17.284531130912214,-16.29650845772911,-11.688031219916995,-13.00725182731591,20.46859814966229,0.005958005567239,0.0005658726146744,0.574668883869769,74937.07349257052,1572954.3847647735,0.0843090749476147,0.9640877372539745,0.0005659338614895032,0.0005659561907460834,-6.124681510327919e-08,-8.357607168341715e-08
1124,-1.2459770286839689,-7.761597712108921,-9.081384987519838,-10.476191970521525,-13.66202997196009,-16.144482516112184,-13.1507537063317,-12.590187738101395,-9.244702921028551,20.256393104893235,0.0059580032385864,0.0005743128165592,0.5662231171994941,74937.04420384193,1596415.5882561267,0.0843090749476147,0.9621992181458296,0.000574151896824338,0.0005741458308200015,1.6091973486208073e-07,1.6698573919850333e-07
1125,-1.272297938560918,-6.796506435079125,-8.03548287581786,-10.191991553417608,-12.646574068412054,-12.335168765921498,-13.915415776723377,-10.584094486494449,-9.26477608805149,19.41014357721728,0.0059580059973728,0.0005728365787935,0.5676827059255546,74937.07890259693,1592312.0946315809,0.0843090749476147,0.9616071459159644,0.0005728029234672073,0.0005727925413841346,3.365532629266612e-08,4.4037409365361296e-08
1126,-1.3661122992402928,-6.225619357251913,-7.346460418130559,-12.389825833158913,-12.022924219056138,-14.784891834647574,-12.206686752201076,-14.05663671522463,-11.570943002274346,20.449146456655672,0.0059580010369419,0.0005569169830069,0.58390931308049,74937.01651256288,1548060.4426752666,0.0843090749476147,0.9648014503548072,0.0005569330386975382,0.0005569329910626067,-1.605569063822549e-08,-1.6008055706636e-08
1127,-1.1147630128055124,-8.19840721897202,-7.365843032449622,-11.892262912425284,-15.134273774307454,-14.132233793016969,-11.812738933435735,-13.051699037211456,-10.831439581931589,20.528609942721264,0.0059580011478871,0.0005665547390899,0.5739763515099747,74937.0179079803,1574850.483926594,0.0843090749476147,0.9626709180887408,0.0005663523015031204,0.0005663482474948802,2.024375867795648e-07,2.064915950197822e-07
1128,-1.381323891395057,-7.110122860409271,-6.224575983276319,-13.05891094773537,-15.197544528191408,-14.60726525985517,-12.701151116584096,-10.899176905211142,-12.91196436140847,20.47213646694944,0.0059580003081899,0.0005675820856578,0.5729373099405801,74937.00734665256,1577706.196054526,0.0843090749476147,0.9618875256165904,0.0005672428931157085,0.0005672592377434787,3.3919254209156206e-07,3.228479143213038e-07
1129,-1.2381288448006622,-7.797116156372284,-6.081208643400313,-11.928470114248183,-12.614271668323,-16.215184767660613,-14.96000694570943,-14.432205435665509,-10.936836870583942,20.66277937758892,0.0059580009458886,0.000564104511493,0.5764694288211656,74937.0153673354,1568039.5937328597,0.0843090749476147,0.9655467427684208,0.0005640171199686569,0.00056402040127419,8.739152434318002e-08,8.411021881001186e-08
1130,-1.346741938314486,-8.303186872707778,-8.97402144357628,-12.224296141883418,-13.46869825441677,-15.140438958797557,-16.848141771623315,-13.307956946653745,-12.445637382101417,21.354497091720297,0.0059580004928513,0.0005631870599787,0.5774084519232426,74937.00966923987,1565489.3565508467,0.0843090749476147,0.9638085795429472,0.0005631377887073902,0.0005631383259365059,4.9271271309789776e-08,4.8734042194104044e-08
1131,-1.4343039155561628,-6.265079165367306,-7.279661277087017,-12.283777911075774,-11.275285207650136,-13.174604604778864,-16.8897312314059,-15.49609344934706,-10.242516692763122,20.827478989863465,0.0059580013143051,0.0005686503020282,0.5718611852281791,74937.02000111018,1580675.5138482798,0.0843090749476147,0.9663749189590548,0.000568603506419299,0.0005685808431363177,4.6795608900991777e-08,6.945889188228645e-08
1132,-0.9937565900998556,-7.645913014674187,-6.553076170841824,-9.922515328821216,-12.0777530734852,-16.082978934378197,-15.460890975447954,-12.82137071928892,-12.742800901064294,20.048413428411795,0.005958003081608,0.000562695614367,0.5779131240497529,74937.04222943915,1564123.2866795145,0.0843090749476147,0.9663538179674628,0.0005626561221474343,0.0005626268165968396,3.949221956563425e-08,6.879777016035715e-08
1133,-1.3924198043164393,-6.69708171334157,-6.495982049602365,-13.550713476942454,-11.802453822577236,-11.853252569287234,-14.367133310818032,-15.660271316414937,-11.070127926758747,20.91870133281592,0.0059580007341241,0.0005611474401063,0.5795072113971085,74937.01270385856,1559819.8313989548,0.0843090749476147,0.966080725671452,0.0005609927181303411,0.0005610297207939779,1.5472197595898293e-07,1.1771931232216169e-07
1134,-1.101755887767769,-7.163248638475165,-7.190098540804339,-10.72387892769449,-14.418893052119198,-13.9396874084794,-15.362913062306111,-10.588252387949712,-10.988407381458426,19.97599729717116,0.0059580021573519,0.0005714894677204,0.569020293612592,74937.030604568,1588567.5340816707,0.0843090749476147,0.9622146836442688,0.0005711475378386197,0.0005711591714877176,3.4192988178024814e-07,3.302962326823646e-07
1135,-1.2510358384833655,-7.65055854841804,-6.190219292123382,-12.469445488185416,-15.78010588486656,-16.153416180369288,-11.684420072875326,-15.025731640750832,-13.159919266168638,21.11355351174801,0.0059580003217723,0.0005592111608113,0.5815137057841415,74937.00751748557,1554437.5617358382,0.0843090749476147,0.9659537373377536,0.0005590147647487136,0.0005589952609416953,1.9639606258642361e-07,2.1589986960474528e-07
1136,-1.325832288563377,-5.979832766842648,-6.634016019963532,-10.58903682167401,-16.334051313285162,-14.189330381427595,-16.302532817780715,-11.75767035232034,-13.228926980126769,20.44522392872201,0.0059580009575246,0.0005655426663663,0.5750034892643096,74937.01551368852,1572037.228457102,0.0843090749476147,0.9647451285411074,0.0005656112943238957,0.0005656049892276622,-6.862795759573961e-08,-6.232286136221166e-08
1137,-1.461913939121746,-5.971511782232724,-7.029294820852176,-13.459212828677316,-11.542496401085566,-16.393123636635934,-17.310914472019626,-11.823933314302352,-13.19816982798322,20.875438524687155,0.0059580004914725,0.000563853003803,0.5767264981109779,74937.00965189701,1567340.4785722203,0.0843090749476147,0.9637250006481968,0.0005638570512776317,0.0005638395514769931,-4.0474746317107485e-09,1.345232600693299e-08
1138,-1.3043596788008518,-6.331243338941517,-8.746181994666804,-11.774047478200732,-13.48326184833662,-16.841068878481103,-14.324561536477088,-14.288470707580892,-12.24290772090194,21.059717037063155,0.0059580022000563,0.0005584172315216,0.58234074784702,74937.03114168387,1552230.67890567,0.0843090749476147,0.9650736004800043,0.0005583730527733221,0.0005583809786211254,4.417874827794023e-08,3.6252900474675366e-08
1139,-1.144695935277424,-6.347352689061077,-7.730559455340103,-14.3402903220763,-16.053436061321953,-17.095474061742003,-12.29979739506847,-13.76477690957458,-12.272317481705173,21.54841370997096,0.0059580001999253,0.0005660739288779,0.5744637367564572,74937.00598495029,1573513.9772434551,0.0843090749476147,0.9625443281874484,0.0005658911225866351,0.0005658632386319339,1.828062912649208e-07,2.106902459661237e-07
1140,-1.2927256117534125,-7.422924763781184,-6.543534772162528,-13.505198211028455,-13.69551067279589,-16.640296930333115,-13.365225755368826,-15.825152343110627,-12.435902358111736,21.43291353347995,0.0059580002530321,0.0005570175509618,0.5838037746745257,74937.00665290307,1548339.9911134408,0.0843090749476147,0.9661889612690886,0.000557048659743682,0.0005570579688516469,-3.110878188199422e-08,-4.0417889846946185e-08
1141,-0.9935538381107544,-7.48015718049339,-6.5143527959377305,-14.734151047028757,-11.155626791401051,-16.83547637745616,-15.327875647213986,-15.814369487210095,-11.110818035973232,21.522201389665824,0.0059580004234627,0.0005650087345659,0.5755467886960924,74937.00879650076,1570553.0598564998,0.0843090749476147,0.9653973874706164,0.0005650364134509819,0.0005650413517604813,-2.7678885081931087e-08,-3.2617194581320216e-08
1142,-1.3687989180595432,-8.20187294513474,-7.910263280766438,-13.010981134650724,-13.687279395085389,-12.655853005689949,-12.588763753502882,-10.799564621311353,-10.56497900359444,20.320155301925112,0.0059580007070971,0.0005747614067519,0.5657808303859294,74937.01236392563,1597662.5330495485,0.0843090749476147,0.9601152125753358,0.0005750540087515095,0.0005750671171777727,-2.926019996094941e-07,-3.057104258726755e-07
1143,-1.005659394609587,-6.706511472272679,-8.540645695625411,-10.852795130902024,-12.984937670015633,-13.082901217614134,-13.542485814961015,-13.525208759364558,-11.246747769889971,20.32030405302506,0.0059580059682521,0.0005590015105821,0.5817326260529836,74937.07853633103,1553854.7976317122,0.0843090749476147,0.9645618559220532,0.0005590613487853267,0.0005590647018560667,-5.983820322672407e-08,-6.319127396673362e-08
1144,-1.1325573623977454,-6.493947633162786,-7.962222692114716,-12.397683884651762,-11.82322257671844,-15.877214916614124,-12.776009761244424,-10.737041656919995,-12.54803117136762,20.13434227826346,0.0059580005948569,0.0005636215242913,0.5769633748563402,74937.0109522189,1566697.0356780242,0.0843090749476147,0.9620277652606712,0.0005635984610025842,0.000563608132629754,2.3063288715776363e-08,1.3391661545956654e-08
1145,-1.3108699162721935,-7.362305076458155,-6.525747975979213,-14.138248807598885,-14.141419056095016,-14.159765905535078,-12.324797560565948,-12.662889642997504,-12.704898997983271,20.90690993746904,0.0059580002351443,0.0005612636762272,0.5793871243064557,74937.00642791812,1560142.9325906397,0.0843090749476147,0.96264968545539,0.0005615662207576752,0.000561567922813073,-3.025445304751656e-07,-3.0424658587304733e-07
1146,-1.2077628318528528,-7.851715998691214,-7.186026490780419,-10.652376926722257,-14.037948315323847,-12.201656786991824,-13.172996556871492,-12.04519125551847,-10.92039782434116,19.93145284174913,0.0059580030248787,0.0005640801121663,0.5764946657924548,74937.04151592439,1567971.7709984898,0.0843090749476147,0.963181038734604,0.0005641342227296923,0.000564142185489851,-5.411056339230027e-08,-6.207332355100733e-08
1147,-1.447885232391436,-5.836466934906397,-7.45014912426717,-13.203407019265972,-16.424036261945968,-12.78367625291569,-14.416142058878725,-10.577228611270844,-12.88511511225852,20.751894031159544,0.0059580007311254,0.0005703421814299,0.570164716096931,74937.01266614179,1585378.4258719485,0.0843090749476147,0.9613457493548826,0.0005704760571180069,0.000570503896302552,-1.3387568810691378e-07,-1.617148726520013e-07
1148,-1.402096782984754,-8.314119978467549,-6.553672588916651,-12.45926266315822,-12.920130485004606,-16.959591962202104,-17.25364714857151,-15.3024639321143,-12.66804393154323,21.45350191857826,0.0059580009278949,0.0005637601395685,0.5768215615804098,74937.01514101877,1567082.3441422838,0.0843090749476147,0.9668444076988368,0.0005636127698252377,0.0005635928390151367,1.4736974326230376e-07,1.6730055336336598e-07
1149,-0.9912706808029524,-6.279980614897687,-6.919310124856761,-13.179750256771664,-11.471516435568,-15.166516390421274,-13.294948309979205,-12.248851724678666,-12.642575657867765,20.397865948749327,0.0059580010007937,0.0005579297830442,0.5828493475588507,74937.01605790757,1550875.719856429,0.0843090749476147,0.9635906036379112,0.0005578958692550598,0.0005578718671354877,3.391378914014472e-08,5.791590871229331e-08
1150,-1.4548380221022732,-7.729755338017538,-8.509235591618127,-10.04892722783748,-12.177532322827217,-12.28985422033366,-12.537530518067484,-15.687828757624812,-11.37770548695787,20.34754021423288,0.0059580042741831,0.0005610436000729,0.5796149853277345,74937.05722910436,1559531.1875741277,0.0843090749476147,0.9672902765417706,0.000561018583265007,0.0005610044214250752,2.5016807893036425e-08,3.91786478247955e-08
1151,-1.127236947338426,-5.727238184492332,-7.3110012245401315,-10.894534027100764,-12.739686919319672,-13.847956017577646,-12.166967117584951,-14.64054060648157,-12.45145052999528,20.23122876361783,0.005958002428808,0.0005536383505043,0.5873674152932279,74937.03401881857,1538946.837886582,0.0843090749476147,0.9670682779610956,0.0005536796169477105,0.0005536796390661143,-4.126644341051564e-08,-4.128856181430385e-08
1152,-1.19499652262389,-8.149077679912642,-7.127535735402415,-10.092897397064757,-13.398234838666433,-16.952962871261292,-15.105518472845498,-11.818731295875676,-12.23700066133196,20.17052026548156,0.005958001032196,0.0005668128920119,0.5737149193053482,74937.01645287096,1575568.070818196,0.0843090749476147,0.9642176023649276,0.0005669114874368444,0.0005669038987430266,-9.859542494440078e-08,-9.100673112663864e-08
1153,-1.0020805188652422,-5.765566431304366,-8.972044521488547,-14.469308295291354,-13.502594506835337,-14.92466661037442,-13.37197678279114,-13.965008170164438,-13.293000624594232,21.53673662736724,0.0059579999154542,0.0005559348313018,0.5849407212214938,74937.002407002,1545330.358569913,0.0843090749476147,0.9635948514192648,0.0005560159816663708,0.0005560315825821234,-8.115036457081223e-08,-9.675128032342762e-08
1154,-1.0566327414140797,-6.5762253082009705,-8.516910675654795,-13.515054048328572,-11.40463266158448,-13.100432991998812,-16.646910405923673,-11.090015446052828,-12.733508914614807,20.750953203617147,0.0059580016904394,0.0005662301060159,0.5743055041359861,74937.02473195588,1573948.1023588888,0.0843090749476147,0.9621797759188908,0.0005662578330228718,0.0005662591608300282,-2.7727006971867488e-08,-2.905481412819426e-08
1155,-1.1969463026560554,-5.62562848119107,-7.492289061303309,-11.387177350473753,-12.227284778707803,-13.10017796425772,-15.835560445079158,-14.505659026704276,-11.31978736789782,20.51324129819116,0.0059580022546538,0.0005604594512928,0.5802188042948793,74937.0318283873,1557907.4309881388,0.0843090749476147,0.9663402371036516,0.0005604010805104854,0.0005603835512979268,5.837078231461963e-08,7.589999487321152e-08
1156,-1.3130103822618435,-7.837143515828641,-7.527541099831635,-11.98419362295899,-11.505532191679492,-14.675210254113187,-15.318193656902247,-10.83061572847858,-9.217444874756069,19.98860234408706,0.0059580012310853,0.0005787300442756,0.5619010661387781,74937.01895440926,1608694.142695325,0.0843090749476147,0.9611107102550354,0.0005786065051178812,0.00057862692043186,1.2353915771878138e-07,1.0312384373994607e-07
1157,-1.122795641675458,-8.251366152513542,-7.243117561925887,-14.38446947423512,-14.541224358852642,-14.76289159375357,-15.564169739641104,-11.418060904677212,-11.62679887592098,21.214750023623274,0.0059580005384022,0.000573376961624,0.5671469102172679,74937.01024215753,1593814.195140853,0.0843090749476147,0.9608653495709146,0.0005736408434146834,0.0005736466883422041,-2.6388179068335266e-07,-2.6972671820406705e-07
1158,-1.2613694897122392,-8.204121683152232,-8.557767955351455,-10.254134567266467,-13.201412976867925,-11.782581564383566,-15.416090851960142,-15.573812777788453,-11.86383196844871,20.802283069362964,0.0059580006205186,0.0005631116399957,0.5774858053016843,74937.01127498047,1565279.711853624,0.0843090749476147,0.9673235222083436,0.00056299601803682,0.0005630291674749521,1.1562195887998214e-07,8.247252074788849e-08
1159,-1.0891462565767696,-5.95553610046128,-8.830118730852895,-11.22734966049284,-13.352042724276918,-14.804847901050458,-15.674741804419474,-13.457692602603714,-11.410309067364825,20.7190304649436,0.0059580033000633,0.0005616827679131,0.5789552695040803,74937.04497706982,1561307.8804742782,0.0843090749476147,0.9645130848924324,0.0005617428667992657,0.0005617389772030566,-6.009888616571781e-08,-5.6209289956690375e-08
1160,-1.1482360944082253,-7.544722292700701,-6.686309466046707,-12.53104536989144,-15.007793574956064,-13.733947134289515,-15.066717898597943,-11.76890343190803,-11.28936830150175,20.62748447800536,0.0059580005790196,0.0005684207853629,0.5720919851524274,74937.01075302437,1580037.5270721605,0.0843090749476147,0.9622914290988028,0.0005684102324212781,0.0005684099445286414,1.0552941621900722e-08,1.0840834258605582e-08
1161,-1.182842784766419,-6.924529163552377,-7.611819838056486,-10.382938426681523,-13.587442847303045,-12.21035380267707,-13.67559631027664,-11.270381246403328,-9.36110803644418,19.6082136014777,0.0059580016980499,0.0005709250155661,0.5695827967760088,74937.02482767723,1586998.528146437,0.0843090749476147,0.9620737873994812,0.0005708937520327033,0.000570890289877223,3.126353339665683e-08,3.472568887693053e-08
1162,-1.136587615089185,-5.85546324931545,-8.459121258063366,-13.569661494633737,-12.40715099841888,-16.121495309837155,-13.73955118061163,-15.725231524061318,-12.121401331466656,21.43385448218732,0.0059580006335562,0.000556527062904,0.5843183586944035,74937.01143896113,1546976.5829520186,0.0843090749476147,0.9657103214935984,0.0005564101037064936,0.0005563927676683974,1.1695919750634529e-07,1.342952356025084e-07
1163,-1.2352634295798588,-5.643784554511486,-7.06906741012301,-12.897504675775496,-15.518053152112302,-12.966577473919466,-11.930087521778546,-11.114036099533523,-12.77048294678892,20.3556615529244,0.0059580007114031,0.0005655391178602,0.575007061525347,74937.01241808453,1572027.3646854188,0.0843090749476147,0.9619362026706146,0.0005653856802866531,0.0005653774817810934,1.534375735468647e-07,1.6163607910663676e-07
1164,-1.2327551052992876,-5.7996923183779945,-8.032154880129061,-12.609932479076589,-16.191514253900557,-13.55342763072276,-12.54123472695505,-14.037929848458042,-12.544353648656273,21.084432547891588,0.0059580005381677,0.0005586488355465,0.5820990781042218,74937.01023920852,1552874.4679086308,0.0843090749476147,0.9641876718643894,0.0005585942684653626,0.0005585913607496268,5.4567081137347866e-08,5.7474796873180356e-08
1165,-1.4643110578496226,-7.716394691378978,-8.509606620085552,-11.445723477905826,-14.12951192532942,-17.028029549373414,-15.247168396443666,-13.563384691712963,-12.78170130339378,21.13481840246676,0.005958001607188,0.0005609663775528,0.5796943857763671,74937.02368485727,1559316.5323700255,0.0843090749476147,0.9646430149386268,0.0005609788598895654,0.0005609746618994088,-1.2482336765443948e-08,-8.284346608776298e-09
1166,-1.4616422484050977,-5.997167328609207,-7.237489220266579,-9.97631391801538,-13.632306199165384,-15.9361918133849,-16.027648299015418,-11.027148232801265,-13.26510906765729,20.018496936537915,0.0059580009533049,0.0005641440482016,0.5764290293935646,74937.01546061486,1568149.4938013607,0.0843090749476147,0.9646721588332208,0.0005640735875401617,0.0005640809847840304,7.046066143826663e-08,6.306341756960598e-08
1167,-1.2454735093548726,-6.176631120021982,-7.663901740975193,-12.62835914224007,-16.331157469828547,-15.775848802306092,-16.537703049443007,-10.932377904356034,-13.60719339025456,21.09913667763425,0.0059579999841783,0.0005689550059904,0.571554733461238,74937.00327138213,1581522.498524666,0.0843090749476147,0.9624762029202524,0.0005688144841385117,0.0005688157801291074,1.4052185188834394e-07,1.3922586129257956e-07
1168,-1.3713556722071678,-6.339598489660535,-7.817642169729956,-12.425541693515234,-13.471852305710254,-13.756449964132566,-15.150900725364352,-11.23993035378626,-10.687600237836282,20.38395435144892,0.0059580007096266,0.0005693308815521,0.5711774940197525,74937.0123957405,1582567.3186794906,0.0843090749476147,0.9616886060407668,0.0005695013627583253,0.0005695104272240029,-1.7048120622522363e-07,-1.795456719028447e-07
1169,-1.417000045961524,-6.348843947900055,-7.211489460639211,-13.53849384703838,-14.32212753700783,-15.223518520739129,-13.610705667969253,-12.727313360535463,-13.059184877368429,21.019792415290823,0.005958000134582,0.0005584551780339,0.5823008755309189,74937.0051630921,1552336.1587102949,0.0843090749476147,0.9633343195041256,0.0005586688519914357,0.0005586828755667627,-2.1367395753571407e-07,-2.2769753286262968e-07
1170,-1.3175143598759942,-8.046194705189603,-8.573708266644104,-14.246703371783246,-14.571297019233665,-15.259090601129682,-16.06906265495156,-14.866128966816712,-10.682371325772928,21.957757745359004,0.0059580001156945,0.0005679230279623,0.572593329653057,74937.00492553393,1578653.9123407144,0.0843090749476147,0.9631236032583124,0.0005680853187452105,0.0005680911746627042,-1.6229078291050275e-07,-1.6814670040414623e-07
1171,-1.0675651218153686,-6.045869124347302,-7.66087048869062,-9.953401190225742,-12.00835391495811,-12.318186702306,-16.786507778500315,-13.46868742798092,-11.107892577125796,20.03658863575568,0.0059580016846428,0.0005652493270734,0.5753019958495046,74937.02465904901,1571221.8341171972,0.0843090749476147,0.9661078332568248,0.000565388193470131,0.0005653940721052874,-1.3886639673094722e-07,-1.4474503188741106e-07
1172,-0.9967813869518144,-6.059613911217165,-6.257249730573724,-13.185255877792976,-13.861302933200108,-12.332332673372886,-12.911589666939957,-15.596030061060649,-10.647606413914716,20.810233701356427,0.0059580003355257,0.0005597759787512,0.5809269563347341,74937.00769046973,1556007.5844443217,0.0843090749476147,0.965714948152325,0.0005598859758020984,0.0005599198622679651,-1.0999705089842233e-07,-1.4388351676514893e-07
1173,-1.0321068703062113,-5.70080873542323,-7.052317894994385,-14.348759476732912,-14.528067705765714,-13.060000575609818,-12.28735099676895,-14.649147923865078,-12.48990632003927,21.21250610442012,0.0059580004409021,0.000556767074541,0.5840664418967997,74937.00901584588,1547643.742568794,0.0843090749476147,0.9644171730066732,0.0005568921999026683,0.0005568857750349749,-1.2512536166832833e-07,-1.1870049397490635e-07
1174,-1.1739299745280007,-7.623513706538903,-7.144669783121229,-13.993380555748333,-13.408937838080492,-13.521759365606547,-16.45846399732166,-11.733820495996872,-10.500490450516883,20.925267530420644,0.0059580003428969,0.0005744685500996,0.566069206246977,74937.007783182,1596848.4803042396,0.0843090749476147,0.9613531610861497,0.0005746129570207387,0.00057461587185774,-1.4440692113870234e-07,-1.473217581400262e-07
1175,-1.0617789062750544,-8.15745302764891,-8.728104216141615,-14.076368032505668,-13.75479018762906,-16.156586933846203,-16.517458360133347,-15.23649777114922,-9.480181322432124,21.89443377611472,0.005958000088481,0.0005744225366061,0.5661145143449866,74937.00458325444,1596720.5767365904,0.0843090749476147,0.9632071448028404,0.0005743742417645733,0.0005743844887418174,4.829484152673279e-08,3.8047864282689074e-08
1176,-1.0537846652089735,-6.340990524042786,-8.87075436358597,-12.093765749945016,-14.272014180229258,-15.914584535811054,-16.70405894607139,-11.868144350283137,-10.638579489440954,20.87841602603239,0.0059580010723205,0.0005734445918112,0.567080098985244,74937.01695753876,1594002.186566575,0.0843090749476147,0.962043182778541,0.0005732631098159446,0.0005732610948371791,1.81481995255371e-07,1.8349697402091775e-07
1177,-1.1139940599126668,-8.108457356010433,-7.0488068409194895,-12.46355097288265,-16.491407264094526,-15.292647470815242,-15.592036408316485,-15.16893290462539,-9.884517516066476,21.4561265935386,0.0059580007278299,0.000573075224631,0.567445552881295,74937.01262469304,1592975.4577398382,0.0843090749476147,0.9643422326858044,0.0005729855060478783,0.0005729925047637883,8.971858312170882e-08,8.271986721172884e-08
1178,-1.369341381188734,-7.896734316502574,-7.983945783954473,-10.436312631655422,-14.309333332121977,-16.16686470389228,-13.94693016299571,-12.948489730109298,-10.091848726308294,20.372501939691773,0.0059580009794535,0.0005706075378093,0.5698996012781267,74937.01578949956,1586116.0361920283,0.0843090749476147,0.9633283194653046,0.000570473569978788,0.0005704699140888799,1.339678305120563e-07,1.3762372042013579e-07
1179,-1.1714211253527886,-7.930175452188809,-6.646798688526824,-11.142463031911769,-13.759820941006588,-15.701179504824555,-13.223911547872431,-14.466587179084982,-11.645370190341064,20.56654360042189,0.0059580015408674,0.000560362411776,0.5803191781123913,74937.02285070781,1557637.6905386944,0.0843090749476147,0.9657999845957472,0.0005602646623597429,0.0005602578118024909,9.774941625714188e-08,1.0459997350914518e-07
1180,-1.241117834665182,-8.122670401486168,-6.981395144539285,-10.75335281956901,-15.878714565690196,-12.283372811813006,-14.418679245986874,-11.44693326236236,-9.696288557597953,20.07418691324956,0.0059580010796239,0.000576840988841,0.5637411743887719,74937.0170493972,1603443.1410531625,0.0843090749476147,0.9618646470748964,0.0005768499632566133,0.0005768356935138459,-8.974415613319069e-09,5.295327154086586e-09
1181,-1.422737595997903,-5.816382351842433,-6.444376018909496,-11.78085792453323,-14.23133662959631,-12.590813395662945,-12.84567154053075,-15.430968261687198,-12.063166756313116,20.61583965930406,0.0059580013127931,0.0005555667815005,0.5853284364773162,74937.0199820934,1544307.291657415,0.0843090749476147,0.967176253443188,0.0005556376905086211,0.0005556556288632475,-7.09090081210716e-08,-8.884736274743666e-08
1182,-1.2815633863783722,-7.543163838679108,-7.021047840656575,-14.274105135776097,-16.33666077308731,-11.639868364087391,-14.816406429241916,-15.520478138178404,-9.788553400645984,21.658002647355243,0.0059580008023368,0.0005722900766858,0.5682240650867462,74937.01356180673,1590792.9843861954,0.0843090749476147,0.9636292190050229,0.0005721208041871503,0.0005721126876174112,1.692724986496804e-07,1.7738906838880245e-07
1183,-1.2348087544807966,-5.775773288149532,-7.726594251726233,-13.984728434754343,-13.886431706490589,-12.201513666905218,-12.173241070342511,-12.675488035139312,-11.123945233510057,20.67226324145656,0.0059580003583892,0.0005651265730475,0.5754267679954058,74937.00797803688,1570880.6151252612,0.0843090749476147,0.9618633375949304,0.000565237982905777,0.0005652309791864685,-1.1140985827699616e-07,-1.0440613896849603e-07
1184,-1.4329048140233158,-7.084677887566579,-7.155870814914495,-11.709590341413406,-15.884475063665128,-17.062029888442098,-17.48183898133724,-12.862966238662716,-13.733916629785158,21.29543134461399,0.0059580012064257,0.0005653717881309,0.5751773146324757,74937.01864425265,1571562.2387461632,0.0843090749476147,0.9649762907651614,0.0005653837463199621,0.0005653777922640668,-1.1958189062122142e-08,-6.004133166776643e-09
1185,-1.4628876755644242,-5.649546504923377,-7.066767300086964,-10.787670732559704,-12.797288104889216,-11.87703828319112,-16.323745598219578,-14.149813713659796,-9.690413158343333,20.18105591128817,0.0059580016386899,0.0005679240145136,0.5725925545413467,74937.02408107353,1578656.65465431,0.0843090749476147,0.9656336464910744,0.0005678614556048606,0.0005678451452393528,6.255890873938571e-08,7.886927424723741e-08
1186,-1.1130572881939402,-8.290529169794066,-7.966625747654221,-13.00005416245347,-12.072326030879472,-17.025556245079812,-15.200511982492946,-13.65485307683384,-11.287841191887171,21.13068583265139,0.0059580010929592,0.0005654443487151,0.5751034886377568,74937.01721712311,1571763.9351812033,0.0843090749476147,0.963483437124885,0.0005653400619524536,0.0005653407132080454,1.0428676264640901e-07,1.0363550705463648e-07
1187,-1.4312154201884912,-8.320192536722406,-6.789383879956088,-14.429122814123708,-16.056362687310024,-12.95999753293283,-14.505638572518825,-13.21539397545945,-13.647772700618532,21.6244472759895,0.0059580002649514,0.0005614921226606,0.5791514015305965,74937.00680281901,1560777.9444462466,0.0843090749476147,0.963128438490261,0.000561418986573966,0.000561386494412492,7.31360866339974e-08,1.0562824810796904e-07
1188,-1.459480673278523,-7.288804834861448,-7.350372322603692,-10.912034861923717,-14.109714711373732,-12.252098600472785,-15.816342190123406,-15.192869519849944,-10.811174080230469,20.753555268314244,0.0059579999525769,0.0005646612292038,0.5759009250052705,74937.00287391426,1569587.1002590717,0.0843090749476147,0.9664186318754874,0.0005646537471105153,0.0005646598087676574,7.482093284673884e-09,1.4204361426222584e-09
1189,-1.2841370447484557,-5.977784941918915,-8.242153020246334,-10.028474551014783,-15.254457802584898,-13.209048022835182,-17.17196925935153,-10.879036380598038,-11.996257839218435,20.220170376058004,0.0059580012713922,0.0005702939955388,0.5702129686245442,74937.01946137154,1585244.4836970037,0.0843090749476147,0.9632761629129096,0.0005702144626631697,0.0005702101819926454,7.95328756302829e-08,8.381354615460274e-08
1190,-1.4293602927836824,-8.035214295460554,-7.40364318835329,-13.644727782897547,-15.834616944779745,-16.08279415994732,-17.316812703306255,-15.680664270129569,-11.243958423585408,22.113770389736068,0.0059580000581406,0.0005678904243881,0.5726261949318929,74937.00420164669,1578563.2842847588,0.0843090749476147,0.9648957300839094,0.0005681168238221287,0.0005681523698241891,-2.2639943402869359e-07,-2.6194543608910707e-07
1191,-1.076208275535988,-7.161584363065281,-8.426682225009996,-10.794334650874394,-12.489165727527013,-14.838114740638275,-12.18744423376776,-11.079463710990863,-12.82024041078077,19.916386161161125,0.0059580048200235,0.000560856942968,0.5798079649183467,74937.06409443585,1559012.3373878312,0.0843090749476147,0.9630015720301708,0.0005606885383501265,0.0005606841094248015,1.6840461787353753e-07,1.7283354319854588e-07
1192,-1.2918847232195398,-8.093805782354131,-7.149879545143112,-12.974995741801814,-11.219384462175398,-11.900981358946598,-12.290935692371658,-11.623180398508508,-10.898807270765976,20.013301808679635,0.0059580022315889,0.0005668770376154,0.5736501731742293,74937.03153828642,1575746.3761568426,0.0843090749476147,0.9616918384619428,0.0005669644816262151,0.00056695457225718,-8.744401081516289e-08,-7.753464177997788e-08
1193,-1.0432311437104624,-8.140815796655426,-7.934015266470301,-12.84902715147856,-11.811945795547777,-12.588795501230988,-16.933964482419615,-11.442983549092816,-10.813130931122418,20.58535459465214,0.0059580023434312,0.0005730292188928,0.5674913411596557,74937.03294498866,1592847.575729313,0.0843090749476147,0.9618261795229568,0.0005729790744000567,0.0005729575475302233,5.014449274331947e-08,7.167136257667673e-08
1194,-1.0665060550035803,-6.492863631591463,-7.18489766105487,-13.829384477789883,-16.105689567769094,-14.918259899902504,-13.69592288854001,-13.740600343595236,-12.078487935575277,21.378252509016043,0.0059580003334822,0.0005631185200934,0.5774787079352551,74937.00766476814,1565298.8364400596,0.0843090749476147,0.963233253945568,0.0005629816263862558,0.0005629674491534722,1.368937071441782e-07,1.5107093992786091e-07
1195,-1.3216342170795996,-7.965086724503434,-7.268347974498371,-13.721243871987934,-16.162908361945984,-15.598096434945704,-12.864461968130463,-11.883112225644108,-13.773882976603796,21.24747381469491,0.0059580005861539,0.0005666237710517,0.5739063426171623,74937.01084275745,1575042.3718607274,0.0843090749476147,0.9620112318515472,0.0005663330912010054,0.0005663085838537532,2.9067985069452466e-07,3.151871979467863e-07
1196,-1.1346666278690267,-5.5994744873356,-6.818187258094717,-11.510026615718386,-12.342198507928543,-15.49671548110361,-15.12437686108346,-11.47136660933768,-9.606693599904329,19.85368430320972,0.0059580009499058,0.0005710459077491,0.5694621070774338,74937.0154178628,1587334.5717794532,0.0843090749476147,0.9626126185976608,0.0005708660671550161,0.0005708465378763774,1.7984059408392237e-07,1.9936987272260818e-07
1197,-1.282554387896016,-7.086112000065829,-6.48127767142063,-12.51902105680796,-12.863276415644432,-13.926320907050124,-12.833413325073716,-13.789518038248843,-13.77107255721598,20.64586656704428,0.0059580014483152,0.0005525392808336,0.5885356171945892,74937.02168662848,1535891.757267919,0.0843090749476147,0.9659749362485684,0.0005526754445304184,0.0005526746337267531,-1.3616369681844313e-07,-1.353528931531331e-07
1198,-1.329528053175307,-6.444670440650287,-8.311220289059122,-13.347597424640805,-12.045488614467397,-12.911780573923265,-15.027561614124943,-10.848987554001695,-12.580130428707692,20.542836225516503,0.0059580001843146,0.0005647949434601,0.5757646150182129,74937.00578860604,1569958.7853702968,0.0843090749476147,0.9617746578106304,0.0005648815120230502,0.0005648909392087484,-8.656856295024586e-08,-9.599574864844421e-08
1199,-1.3154258036699986,-6.499176224126433,-7.639107860444016,-10.326746410263018,-15.837896860651302,-14.26832634771787,-14.326396135257816,-15.69526308901108,-10.319956781218366,20.776375204525305,0.005958000242598,0.0005672134817309,0.57330962403232,74937.00652166802,1576681.5888408292,0.0843090749476147,0.9665599304169707,0.0005671013780603776,0.0005671162901156036,1.1210367052239077e-07,9.7191615296339e-08
1200,-1.3037548072834813,-6.29603316796141,-8.457716671376515,-13.402582057794168,-11.775282911426736,-11.777279511945292,-13.612781545811613,-11.80064195645006,-12.904997040588064,20.53680743476043,0.0059580015395675,0.000560288964859,0.5803952505513937,74937.02283435795,1557433.530366951,0.0843090749476147,0.96259233239322,0.0005602668962998527,0.0005602665305630239,2.206855914731274e-08,2.2434295976155906e-08
1201,-1.273813042501265,-6.843493864064952,-7.400497273323887,-11.705481541384732,-13.303081635996817,-17.269439180249446,-17.28398046030076,-14.42573384466753,-9.448926882318167,20.94729720192661,0.0059580007126069,0.0005759210971049,0.5646415595325163,74937.01243322507,1600886.1207941098,0.0843090749476147,0.9646896863505656,0.0005760015115417915,0.000576009865114231,-8.04144368914475e-08,-8.876800933091226e-08
1202,-1.4307201763870685,-7.999314086370135,-7.67033126789968,-13.336274889198409,-15.78482702724431,-12.537113165273356,-16.682644906739664,-11.324924909127937,-13.470471336304126,21.281803653247024,0.0059580006552385,0.0005670168592383,0.5735084882257024,74937.01171167154,1576135.037896444,0.0843090749476147,0.9621349578472836,0.0005669476811004811,0.0005669549703165423,6.917813781895116e-08,6.188892175769314e-08
1203,-1.4401491903286905,-5.9194189351175375,-6.89167120692002,-13.298737695828638,-12.811370614021532,-16.060972810874773,-16.05631860041006,-15.46419338256839,-13.233488383962776,21.44703981885269,0.0059580002734755,0.0005562376668589,0.5846223113971037,74937.00691003045,1546172.1496461185,0.0843090749476147,0.9671402601518974,0.0005560873406684485,0.0005560871553970414,1.503261904515791e-07,1.505114618586276e-07
1204,-1.2916294914686368,-5.635400009038156,-7.606429065981343,-14.3649281565167,-13.153901370611996,-13.271784255962936,-14.068779798000708,-11.18655026308479,-13.75878063114502,20.82505754297057,0.0059580005565501,0.0005612811285123,0.5793691559210526,74937.0104704137,1560191.4446542196,0.0843090749476147,0.9622031371350516,0.0005613812235702621,0.0005613896207879782,-1.0009505796210096e-07,-1.0849227567819465e-07
1205,-1.0418948733034028,-6.929171823711874,-6.5295969290557245,-14.065969839469602,-14.533217970537205,-13.34207601915138,-16.4294561864856,-15.282445979742995,-13.013893217754092,21.70492009867093,0.0059580002402698,0.0005571437668166,0.5836715173619808,74937.00649238483,1548690.8329408474,0.0843090749476147,0.9660425472391048,0.0005572005050965258,0.0005571876339296377,-5.673827992581492e-08,-4.386711303775749e-08
1206,-1.0511348319542342,-7.125719064104604,-7.019162955408797,-10.015354239183091,-13.514847936710524,-11.653788155310345,-13.17571421063791,-10.640801503375403,-12.6378665305518,19.49655828634808,0.0059580031874447,0.0005603899817111,0.580290868262592,74937.0435606052,1557714.326603274,0.0843090749476147,0.9636509216051292,0.00056043210642048,0.0005604189121394407,-4.212470937998633e-08,-2.893042834071699e-08
1207,-1.3817564102474682,-6.723642485069249,-7.837160256829732,-14.359805266250326,-12.924261334425726,-11.934234771872092,-16.908108221750563,-15.760172680077057,-13.667290022549295,21.8909478711277,0.0059580006085075,0.0005571687720808,0.5836453767857637,74937.0111239104,1548760.3399976178,0.0843090749476147,0.9665608598422344,0.0005567206894577629,0.0005567286920020699,4.4808262303710784e-07,4.400800787300943e-07
1208,-1.31959518107795,-7.812736885896102,-6.904269698060216,-11.065682085912028,-16.41588779317255,-12.798928580421258,-15.725909693286914,-12.570240377332771,-9.467138240588843,20.49520742343122,0.0059580008398865,0.0005779308534357,0.5626780347929422,74937.01403408963,1606472.6343501112,0.0843090749476147,0.962744132244584,0.0005780672497092453,0.0005780760596441243,-1.3639627354530923e-07,-1.452062084243656e-07
1209,-1.2154412484697903,-7.922466441640382,-8.447145369715791,-14.450891262489591,-14.124656579545386,-15.491833453783926,-11.726213971788654,-12.090617806039416,-9.616543376537358,20.96240752800754,0.0059580003824682,0.0005823474839166,0.5584105167267942,74937.00828089082,1618749.5286557684,0.0843090749476147,0.9595706760220974,0.0005823653671857332,0.0005823517341819833,-1.788326913312356e-08,-4.2502653832413376e-09
1210,-1.00610482266839,-7.234535667630604,-6.771761827526714,-10.914670634552722,-13.349584620570363,-12.763745706782888,-15.687642373194006,-13.293396304246386,-11.03783893742663,20.277930622231064,0.0059580006997518,0.0005630498287381,0.5775492128527044,74937.01227153982,1565107.8952888988,0.0843090749476147,0.9650402994413366,0.000563153296123706,0.0005631520392985639,-1.0346738560601618e-07,-1.0221056046390113e-07
1211,-1.4372037420517083,-7.328595236914197,-8.988167014929934,-11.19024570048304,-14.482777721334,-14.539480524342608,-14.163884431777555,-13.991369566831873,-11.720852357479494,20.939192567561133,0.0059580029500416,0.0005603536119415,0.5803284973747659,74937.04057465699,1557613.2296653248,0.0843090749476147,0.964410637329726,0.0005605319469565938,0.0005605298246594547,-1.7833501509388356e-07,-1.7621271795474798e-07
1212,-1.3818076125791263,-5.655683639935464,-7.0407776261986985,-14.78641537842137,-15.734013920303363,-15.60092900759076,-14.790145083871984,-12.565548660962458,-13.55625442111313,21.53932536586419,0.0059580006143524,0.0005631960322027,0.5773992709447919,74937.01119742436,1565514.2966145657,0.0843090749476147,0.9627672984626244,0.0005630046645476984,0.0005630246880873414,1.9136765500157513e-07,1.713441153585859e-07
1213,-1.0700531297761753,-6.817955241826261,-7.149016919273108,-12.415692022477668,-15.05424376765977,-12.859494921714724,-15.203824852176773,-11.982865767499952,-13.66298143677639,20.802165493630486,0.0059580010220644,0.0005584666087051,0.5822890871244701,74937.01632544008,1552367.932512225,0.0843090749476147,0.9638445072220624,0.0005585457155302792,0.0005585469495805289,-7.910682517917912e-08,-8.034087542897056e-08
1214,-1.3516758014773325,-6.175145113032905,-7.144909573846273,-12.514321729314563,-12.935352219235412,-13.324972723749742,-13.5663073899178,-13.533420501270411,-13.048318927903107,20.63256300913581,0.0059580005718776,0.000553439069487,0.5875786384522521,74937.01066319634,1538392.8970490906,0.0843090749476147,0.9652234530999084,0.0005535297983384742,0.000553532865629482,-9.072885147419062e-08,-9.379614248196475e-08
1215,-1.029401222625067,-6.68969350898456,-9.050362302876495,-13.00543911584008,-13.583854900130149,-13.61417961414752,-14.8066460417332,-12.657494097154204,-10.12089476959694,20.886535757356075,0.005958000666456,0.0005696745415931,0.5708329211082761,74937.01185275952,1583522.589449427,0.0843090749476147,0.9617621016940276,0.0005698478611388791,0.0005698529299003644,-1.733195457791735e-07,-1.7838830726447322e-07
1216,-1.0017424542843212,-6.285246483193195,-6.62585607609647,-10.392220897748953,-15.963861580877277,-12.613866454121528,-13.171365660535717,-13.958932448895297,-11.443545620995348,20.249658688276583,0.0059580014682371,0.0005616413287984,0.578997719053946,74937.0219371963,1561192.6922932216,0.0843090749476147,0.9657064987395664,0.0005616749037541012,0.0005616863425068321,-3.3574955701299106e-08,-4.501370843212546e-08
1217,-1.1547085608654173,-8.358367949250972,-6.48538852325542,-13.196762676562953,-13.051917188331773,-11.595287764960435,-11.714690113609803,-11.610557105377604,-10.132336174878684,20.06508833171451,0.0059580005674786,0.0005714618273108,0.5690475881574761,74937.01060786816,1588490.7021194114,0.0843090749476147,0.9610021288038187,0.000571669456656593,0.0005716761571273984,-2.076293457929342e-07,-2.1432981659830295e-07
1218,-1.1248981524869983,-7.388092668065421,-8.847331114518928,-14.054170755142785,-15.728655500582452,-15.30397153341574,-15.711371959723568,-14.692175993100092,-11.787931319601874,22.05126629508008,0.005958000451162,0.0005631804485037,0.5774152243679447,74937.00914489098,1565470.9786538344,0.0843090749476147,0.9633477814891104,0.0005634928791242766,0.0005634896979809522,-3.12430620576557e-07,-3.09249477252211e-07
1219,-1.1864489428452454,-6.838530737581623,-7.911301036878854,-13.44947616298832,-16.316806913814258,-15.143438799133676,-16.532562031098887,-11.14186821956324,-11.80946753690337,21.25371410652371,0.0059580002132182,0.0005764007746312,0.5641715970279786,74937.0061521424,1602219.478954187,0.0843090749476147,0.9610942920167744,0.0005762057393850087,0.0005762209540990116,1.950352461913083e-07,1.7982053218841814e-07
1220,-1.3382119916914064,-7.036790511033622,-7.20312253365913,-10.746001910676013,-13.91011041688416,-17.208363636505897,-17.40041317776886,-11.374523086771324,-13.42642995231042,20.55390306519697,0.0059580017775285,0.0005675707633906,0.5729489512106279,74937.02582732262,1577674.7235829604,0.0843090749476147,0.9644005989797618,0.0005677926334690375,0.0005677816550029189,-2.218700784375853e-07,-2.1089161231896934e-07
1221,-1.1038851078370882,-7.979635332911091,-7.865236954819653,-10.216264672855528,-14.282119553590611,-14.546010533830325,-12.087164020993548,-14.253357021260978,-9.658297807954344,20.235656603222708,0.0059580019443558,0.0005673580219066,0.5731638131913663,74937.02792560021,1577083.36672722,0.0843090749476147,0.9643868417105816,0.0005671742140155125,0.0005671748711973172,1.83807891087533e-07,1.831507092827896e-07
1222,-1.2184124278855952,-7.88252520521953,-7.062612046372879,-11.610385469711405,-13.112468101611828,-15.868547979041498,-15.506786368587075,-13.124363169628523,-10.802556856601749,20.598793439318143,0.005958001275921,0.0005667468656587,0.5737817926487588,74937.01951833264,1575384.5375650146,0.0843090749476147,0.9639549116428922,0.0005666034771420917,0.0005665948074089702,1.4338851660829124e-07,1.5205824972980894e-07
1223,-1.3201695879035529,-6.136261214501941,-6.665553081746896,-14.68919125955141,-13.44897542141047,-15.123279156947955,-15.739816127486856,-11.597836571721434,-10.876256964546624,20.934708360827187,0.0059580003905899,0.000573602773434,0.5669236188076973,74937.00838304179,1594441.8835420406,0.0843090749476147,0.961312850183304,0.0005736000949396581,0.0005736171218929692,2.678494341904966e-09,-1.4348458969256662e-08
1224,-1.3804652823044854,-6.524392323886626,-8.592512190315608,-14.19648694972048,-15.670937963071683,-16.165706628733407,-12.650449312958404,-11.740014049357072,-11.114913312760262,21.17187077000117,0.0059580003079086,0.0005780988855697,0.5625144095957728,74937.00734311496,1606939.7127615383,0.0843090749476147,0.96010736525285,0.0005777442635246373,0.00057773177710109,3.5462204506274755e-07,3.6710846860999423e-07
1225,-1.2387371217894894,-6.762856492421785,-6.493234697811866,-12.383804945813688,-15.184649068164042,-14.605871030154928,-15.568422223343694,-12.365146571858125,-12.823057737956516,20.82903049659709,0.0059580004159316,0.0005617278114722,0.5789084241633254,74937.00870177857,1561433.0879184627,0.0843090749476147,0.9639531589501094,0.0005616698109579204,0.000561673283993618,5.8000514279637e-08,5.452747858206326e-08
1226,-1.1994261310014778,-5.6025144679208445,-6.874796823162257,-10.355459237860714,-15.20278763014388,-17.07810172651943,-16.910651414230678,-13.120786948734317,-10.332820559104478,20.45014825552938,0.0059580005320893,0.0005749990645891,0.5655469576986917,74937.01016275736,1598323.1498161454,0.0843090749476147,0.9647440198774982,0.000575259528794108,0.0005752833387420076,-2.6046420500795697e-07,-2.8427415290765024e-07
1227,-1.353950342905433,-7.307224013686646,-6.756081998568577,-13.408285613396032,-14.094881446041908,-16.119979967163328,-16.52486894923535,-15.241586770368736,-11.963998849878877,21.61536597563449,0.0059580001025068,0.0005617982640968,0.5788357801544111,74937.00475966465,1561628.9248647825,0.0843090749476147,0.965641562771132,0.0005618191382417017,0.0005618196802333982,-2.087414490174397e-08,-2.141613659827589e-08
1228,-1.3038702021214132,-7.207831668539616,-8.669708061015738,-14.545549621221914,-12.43294302072177,-16.439388593922615,-12.122551064900623,-14.805472221329904,-12.34953931040788,21.53189202384541,0.0059580009641245,0.0005596958273539,0.5810102400909802,74937.01559669859,1555784.787849255,0.0843090749476147,0.9635782062313304,0.0005596297511844588,0.000559620912235431,6.607616944126048e-08,7.491511846903932e-08
1229,-1.036366506539968,-5.920901820465597,-8.44156901643937,-10.743855656644127,-12.103309049506894,-12.890140668859187,-17.457905109618558,-12.244535396788509,-10.38775365171456,20.17850569071748,0.0059580054353729,0.0005702389196856,0.570268639802324,74937.07183401966,1585091.3895156125,0.0843090749476147,0.963781782095486,0.0005703370052836314,0.0005703442365255284,-9.80855980314008e-08,-1.0531683992845257e-07
1230,-1.3942238807933292,-6.900620983437567,-7.0149580149261,-14.12153795805093,-14.060846377374904,-13.204116681632176,-14.347978508702605,-13.49150306860362,-13.708889136024402,21.29828576992852,0.0059580003422188,0.0005552716185816,0.5856394334431757,74937.00777465319,1543486.8281899972,0.0843090749476147,0.9642381303258962,0.0005554026469023925,0.0005553963931896162,-1.3102832079254535e-07,-1.2477460801618538e-07
1231,-1.2031771724688265,-6.22437351541409,-8.090697763138143,-13.887148087837287,-16.594054754317675,-11.858581006741645,-13.125157661643255,-13.34129291057469,-13.237024090832412,21.387550611402816,0.0059580004740571,0.0005612915759268,0.5793583599929638,74937.00943285399,1560220.485300692,0.0843090749476147,0.9630007339999964,0.0005611882310521913,0.0005612091532342799,1.0334487460868409e-07,8.242269252008161e-08
1232,-1.0117372354946066,-8.09726828403195,-8.97727668724341,-10.026207919036867,-13.7077836611785,-17.089469746667973,-12.282188133465825,-15.456491866630516,-10.97235794646704,20.7122258791998,0.0059580005135789,0.0005648088466402,0.5757504898815198,74937.00992994144,1569997.4319976976,0.0843090749476147,0.9659892047636532,0.0005649239262973868,0.0005649526354277916,-1.1507965718684718e-07,-1.437887875916418e-07
1233,-1.123695310973687,-6.744993500509409,-6.853157968798032,-13.390456169538927,-14.630526576242968,-15.17936272239764,-15.9477296289427,-13.735434403142415,-12.597219308283291,21.33787369731084,0.0059580004352335,0.0005593012897847,0.5814200139848471,74937.00894454896,1554688.092968765,0.0843090749476147,0.9644750190410336,0.0005595580473216928,0.0005595653975461346,-2.5675753699278946e-07,-2.641077614345781e-07
1234,-1.2985533858302187,-5.657070468922729,-8.653983775387122,-12.04337195639661,-12.73305924170293,-14.382568065461015,-13.292914396253089,-13.95205027853038,-12.611297290204046,20.73722801391155,0.0059580017693656,0.0005542625956671,0.5867057880079328,74937.02572465381,1540682.0502655252,0.0843090749476147,0.9651065339857616,0.0005542895216566998,0.0005542939573784289,-2.692598959986095e-08,-3.1361711328912155e-08
1235,-1.3167887477261404,-7.0291754689482575,-6.9302858241713405,-11.501213607346576,-12.544286980719594,-12.049912683320368,-14.965223428283648,-11.440242173896465,-11.765999556794636,19.994373499016096,0.0059580009790038,0.0005619684640047,0.5786605994393343,74937.01578384319,1562102.0290307505,0.0843090749476147,0.9633421116209244,0.0005619911358551493,0.0005619930721531957,-2.2671850449210336e-08,-2.4608148495698992e-08
1236,-1.0785865553189458,-8.032459166279576,-8.300650386379916,-11.681724115335832,-15.907404822983198,-15.331163214672133,-17.35763689499471,-15.13690561185823,-11.39897753613851,21.642259445982617,0.0059580002312375,0.0005679443213568,0.5725718786135113,74937.00637878019,1578713.101524494,0.0843090749476147,0.9653441502905334,0.0005680438724186351,0.0005680267476319352,-9.955106183509328e-08,-8.242627513518896e-08
1237,-1.1431507988892196,-5.858027400914356,-6.070601106292527,-14.203050421668184,-11.601104060160084,-16.54175323522351,-13.504697269078257,-12.949946295621311,-12.146718131436195,20.674913039119787,0.005958000714863,0.0005603832234434,0.5802975053811823,74937.01246160075,1557695.5406672002,0.0843090749476147,0.9636795791036707,0.0005603612261349722,0.0005603486304252699,2.199730842779562e-08,3.45930181300377e-08
1238,-1.1379898217789537,-7.718272762507407,-7.352493727869371,-12.14958845671662,-12.311546755477131,-17.052384408409843,-16.860809298831335,-12.385102964082703,-10.051672638489055,20.654120369963817,0.0059580003488593,0.0005753497634945,0.5652022079260932,74937.00785817401,1599297.9864961826,0.0843090749476147,0.9627885067321084,0.0005752875570752009,0.0005752878586717236,6.220641929908025e-08,6.190482277636765e-08
1239,-1.3782684149240498,-5.8799277877247125,-8.979483335997816,-12.751826726247028,-14.520248157282396,-12.406909563448725,-17.02975847142001,-13.748303379764032,-11.61762044809663,21.32765891282603,0.005958000739237,0.0005634817409384,0.5771065235861175,74937.0127681667,1566308.480317506,0.0843090749476147,0.9638846583588934,0.0005634387860172692,0.0005634484751925022,4.295492113089508e-08,3.326574589781247e-08
1240,-1.3975619908728396,-6.435025038474282,-6.9216783806275615,-14.104194871693284,-11.539630626606066,-12.446957945097612,-16.649999344525234,-14.164087922162366,-9.76181028795648,20.95073195936436,0.005958001064723,0.000571561297253,0.5689486269062514,74937.01686198048,1588767.1984149243,0.0843090749476147,0.9637634142599172,0.0005714346592274189,0.0005714596132058466,1.2663802558118484e-07,1.016840471534117e-07
1241,-1.055878385162575,-8.346881031147314,-6.740515013468431,-10.040380680900723,-13.853091463175982,-16.604750479258676,-16.154666063863267,-15.45425288723294,-9.261473851787024,20.611033902660623,0.0059580009755778,0.0005779552679286,0.5626542848756705,74937.01574075299,1606540.4992417549,0.0843090749476147,0.966494935197343,0.0005778814121107075,0.0005778632819750677,7.385581789253002e-08,9.198595353227413e-08
1242,-1.4717658252195491,-8.175910124335173,-7.755414177218052,-14.160027335999851,-13.772599099372966,-16.09319755966634,-13.77374945004043,-12.197923047525553,-10.70811296166622,21.109704686259427,0.0059580004405193,0.000573698688774,0.5668288433010034,74937.00901103088,1594708.499120727,0.0843090749476147,0.9608395550541188,0.0005736766601212025,0.0005736589155553665,2.2028652797495205e-08,3.9773218633398603e-08
1243,-1.10525852204096,-5.915578058537911,-8.843172562000527,-12.755123407657264,-15.10153408737373,-13.198238687896374,-16.621392383909406,-13.277609587991655,-13.192662107929989,21.405922747379307,0.0059580004388159,0.0005582267738773,0.5825391744701538,74937.00898960706,1551701.2643714596,0.0843090749476147,0.9641687913907564,0.0005583323244276125,0.0005583364518833594,-1.055505503125059e-07,-1.0967800605937196e-07
1244,-1.4138854125409808,-6.331855597572325,-8.766048143120242,-12.9981481047285,-15.083407003166196,-12.55317968958472,-13.931458751183634,-11.675789988397565,-9.751104820607964,20.67332011272035,0.005958000406466,0.0005766646651453,0.5639134509675907,74937.00858272408,1602953.01461281,0.0843090749476147,0.9605348607591262,0.0005766458221766923,0.0005766516744913272,1.8842968607744176e-08,1.2990653972780493e-08
1245,-1.2398441013287989,-6.248151201212295,-6.71764700715495,-10.450811940171157,-16.250514506455676,-14.068867196549842,-15.544228453918182,-14.195750950417484,-10.99427211340997,20.59933780056599,0.0059580006747786,0.0005675682821227,0.5729512969325472,74937.01195743827,1577667.8264100435,0.0843090749476147,0.9657924849392232,0.0005675710306857311,0.0005675791266503892,-2.7485630310370573e-09,-1.0844527689149626e-08
1246,-1.3958439823919595,-6.0409107144184135,-7.382382551484945,-10.86506545440434,-13.287966431428837,-15.428600779699943,-17.334960516271885,-11.51122474965278,-10.771083345832546,20.21533810522553,0.0059580011612179,0.0005722104215345,0.5683032166608173,74937.0180756499,1590571.5672047087,0.0843090749476147,0.963317018340379,0.0005721249961985878,0.0005721393713583146,8.542533591214454e-08,7.105017618539745e-08
1247,-1.4511923627069143,-7.9501096327547,-7.490385013287431,-11.738370453120847,-16.37538309591112,-12.452341508758714,-11.831295289398904,-11.105553631008217,-13.255076363662402,20.411738732145498,0.0059580014971965,0.0005673448634488,0.5731770420812958,74937.02230143537,1577046.790202218,0.0843090749476147,0.9620755447354504,0.0005675332273073308,0.0005675299291308806,-1.8836385853079462e-07,-1.8506568208063665e-07
1248,-1.074154302789302,-7.860900547438842,-8.267124398757272,-12.64218455184416,-15.129688623645238,-13.030068161098374,-13.045446485539324,-11.114563033324703,-9.742786002687996,20.46304576278176,0.0059580009430597,0.0005794994687769,0.5611549670452032,74937.01533175555,1610832.9096400335,0.0843090749476147,0.9600213284204316,0.0005794234617488163,0.0005794189118595385,7.600702808373966e-08,8.055691736157805e-08
1249,-1.4076253873270623,-7.981801092421267,-6.106054247703157,-12.499661651622514,-13.313923533776425,-15.255608112500951,-13.794837425354332,-11.890922150805691,-13.11872305468781,20.490272247794284,0.0059580012271218,0.0005600818666533,0.5806098142466576,74937.01890455878,1556857.8601148454,0.0843090749476147,0.9636237840327728,0.0005600990965858582,0.0005600974906255442,-1.7229932558178798e-08,-1.5623972244118746e-08
1250,-1.464703325021369,-6.249999761322127,-8.498157944049076,-12.799099571477717,-16.564799151288046,-16.962094519844165,-14.208182763438671,-10.650420549411551,-10.86181606837735,20.875404615918697,0.0059580004730557,0.0005835787388898,0.5572323752634877,74937.00942025924,1622172.0443574851,0.0843090749476147,0.9600414851234552,0.0005840856635472108,0.0005841528756120066,-5.069246574108044e-07,-5.741367222066203e-07
1251,-1.363445777013044,-5.713700023250348,-7.336287976611979,-12.068913963404947,-16.391974028726715,-15.6119259576154,-14.99474075727252,-10.980693780973452,-9.757721548338887,20.45527056521848,0.0059580003624095,0.0005825916318991,0.5581764995597063,74937.00802860208,1619428.186059609,0.0843090749476147,0.9609786787457426,0.0005828371870161028,0.0005828297760051046,-2.4555511700277526e-07,-2.3814410600453417e-07
1252,-1.1560202814309617,-7.989795527273624,-6.245735676634331,-13.816053006829554,-16.528063708586604,-16.389369125009086,-11.982242518944645,-15.347801613852964,-13.47267253032764,21.67365594739508,0.0059580003188366,0.0005603571882139,0.5803244092137255,74937.00748056168,1557623.1706188282,0.0843090749476147,0.9652844610991322,0.0005601779441622478,0.0005602028566419002,1.7924405165225914e-07,1.5433157199982225e-07
1253,-1.0501862183141144,-7.530646656462621,-6.555667727206346,-9.957359839578936,-11.756880038755527,-13.141418897028052,-12.372770309339082,-12.965971959149384,-11.898209216533369,19.57184920098172,0.0059580028872292,0.0005576638042816,0.5831276155585937,74937.03978463126,1550136.3794995723,0.0843090749476147,0.9658225730714988,0.0005577629418415418,0.000557749080171531,-9.913755994177698e-08,-8.527588993105517e-08
1254,-1.2403631391634231,-6.353025986221597,-7.378836488967103,-13.738366565137104,-14.649836797961244,-11.980499912323795,-15.256736822634664,-14.237157645411395,-12.478154840033888,21.34480149989629,0.005958000565527,0.0005577782739715,0.5830076027882976,74937.01058332135,1550454.5705482303,0.0843090749476147,0.9645141737448824,0.0005578530919268985,0.0005578559756432393,-7.481795539848127e-08,-7.770167173928606e-08
1255,-1.241060499673097,-7.130214564853784,-9.016310090485348,-14.711884560342884,-14.218339569362534,-16.19949411608229,-14.740856913825665,-11.559376244369762,-11.705825625618212,21.448200133760448,0.0059580002058635,0.0005745922259522,0.565947345373188,74937.00605963776,1597192.261695498,0.0843090749476147,0.9602773988507264,0.000574669454916698,0.0005746869028895118,-7.72289644980972e-08,-9.467693731183158e-08
1256,-1.1908491043981884,-7.079748618243496,-8.515184227462045,-13.875804716193596,-15.280030383790288,-14.55837551197008,-12.156767705392172,-13.43485219513536,-9.820652361857531,21.150142845892383,0.0059580002431139,0.0005738558737195,0.5666735549672153,74937.0065281559,1595145.425635228,0.0843090749476147,0.9611576060563592,0.0005739809746737242,0.000573961516737832,-1.251009542241636e-07,-1.056430183319669e-07
1257,-1.4525747285265913,-7.476827118012865,-9.014529786094558,-13.443902334396906,-14.076642155384045,-16.846467301504035,-14.554933283809866,-11.150267454889818,-10.546790022436827,21.01036277215164,0.0059580003776755,0.0005795539410825,0.5611021441915657,74937.00822061078,1610984.326141912,0.0843090749476147,0.9600569065250943,0.0005796482288142873,0.0005796595276329967,-9.428773178725165e-08,-1.0558655049667642e-07
1258,-1.0297992506932907,-5.733668088690539,-7.07854105065422,-10.172321310708572,-12.61573918168192,-12.732451197321389,-14.058758373202611,-11.257887707712486,-13.570770273888344,19.64147565776976,0.0059580037264473,0.000555394066035,0.5855108166758966,74937.05033993295,1543827.195003681,0.0843090749476147,0.9653042917795188,0.0005555065612856633,0.0005554857273201436,-1.1249525066331627e-07,-9.166128514352927e-08
1259,-1.065551910131016,-7.2639385608126,-6.375006475169514,-10.13278159596968,-14.259761376315955,-15.30556782878438,-14.430788217700131,-14.121259218370913,-12.67899756556594,20.380423072467813,0.0059580009985319,0.0005604143364771,0.5802653299163767,74937.01602945906,1557782.0254722256,0.0843090749476147,0.9671523102376888,0.0005601569579283742,0.000560119871658714,2.573785487258208e-07,2.9446481838600515e-07
1260,-1.3581553010592735,-7.236829808190228,-8.302245188103674,-10.96953243480625,-12.48197482605478,-14.667456617479408,-15.167510223164108,-11.358620281511875,-9.460400423378005,20.02319576438716,0.0059580021905431,0.0005747598493799,0.5657825747344449,74937.03102203185,1597658.204027103,0.0843090749476147,0.9618653744863256,0.0005745369511122731,0.0005745241533016673,2.2289826762686513e-07,2.35696078232611e-07
1261,-1.0744327501959667,-5.678014600989524,-9.066174536088647,-10.394243402502516,-15.940938298116771,-15.46010289454876,-15.783538470804896,-15.314791135167722,-13.412278332784542,21.29374771615984,0.0059579996834614,0.0005596737296602,0.5810329928795156,74936.99948910333,1555723.3629573267,0.0843090749476147,0.9675904268900224,0.0005593843968441529,0.0005593719017630191,2.8933281604707085e-07,3.018278971809009e-07
1262,-1.0329458718104294,-6.1964047456035,-7.003038262093579,-13.822219783600572,-12.825208869458866,-13.150836701445044,-12.705471309067647,-12.573049514321903,-10.72472228287037,20.47907887201832,0.0059580003785418,0.0005645792057121,0.5759846551145809,74937.00823150642,1569359.0998089274,0.0843090749476147,0.962165714163284,0.000564712306519741,0.0005647165392575277,-1.3310080764102322e-07,-1.373335454277029e-07
1263,-1.0455493002593166,-5.839615417994539,-9.010839119267969,-12.21034686652311,-12.540096719743577,-12.555044696321582,-13.587473883327126,-13.590517547783357,-9.95019490033873,20.488040800445543,0.0059580006571937,0.0005641553095249,0.5764174800980262,74937.0117362625,1568180.7968675224,0.0843090749476147,0.9632247963724504,0.0005641656528108753,0.0005641698482652373,-1.0343285975324482e-08,-1.4538740337392657e-08
1264,-1.021342979225589,-6.791054334349284,-6.747432427264855,-13.990501612562037,-14.4932342330793,-12.785732339590297,-14.842323599426887,-15.826965506148614,-9.931550611815386,21.39185897803664,0.0059580001552851,0.0005662735849471,0.574261186559191,74937.00542348597,1574068.960611592,0.0843090749476147,0.9648208486017744,0.0005664172177265581,0.0005664081744953101,-1.4363277945803835e-07,-1.3458954821010498e-07
1265,-1.0499029464232763,-7.940643262434505,-7.774953082369796,-12.9879700645564,-15.87389273835125,-13.424606236477189,-15.90228606333968,-11.09468841934142,-12.93366737864766,21.0926990594311,0.0059580004691439,0.0005686533928685,0.5718579552725322,74937.00937105868,1580684.1054477242,0.0843090749476147,0.961735531087354,0.0005686184934962903,0.0005686264989262851,3.489937220972888e-08,2.6893942214932867e-08
1266,-1.004725918350372,-6.609149448094734,-7.596230514813843,-10.873355658308505,-15.145230448378634,-12.69963366632974,-12.012328933579992,-15.517134781366812,-9.366584273809703,20.450947733200984,0.005958002074594,0.0005660433196039,0.5744950725165224,74937.02956367676,1573428.8927377642,0.0843090749476147,0.9654071906654468,0.0005659791743238045,0.0005659939307539389,6.414528009549437e-08,4.938884996114057e-08
1267,-1.216192289030873,-7.991355621191389,-7.358419145861653,-10.963629394284489,-14.910638385457949,-12.036786209902386,-14.445241685550982,-12.179831985469193,-11.829280031163698,20.343689728254297,0.0059580020386379,0.0005635001895991,0.5770878182507218,74937.02911143708,1566359.7620034125,0.0843090749476147,0.9634969505290952,0.000563414304338355,0.0005634139117458199,8.58852607449551e-08,8.627785328004216e-08
1268,-1.1077804794395505,-5.968570377657755,-6.534590954853631,-13.109959372966271,-15.02835832849702,-16.127682122545508,-16.152272085638703,-13.203049731020936,-10.777973982956508,21.040061325150443,0.0059580003520095,0.0005693472207808,0.5711610508413204,74937.00789779515,1582612.7367837976,0.0843090749476147,0.9634471175836,0.0005691949335032462,0.0005692018786858024,1.5228727755375003e-07,1.4534209499762665e-07
1269,-1.032417631269005,-6.771432208434702,-6.711251865816498,-14.315501231114958,-12.681967311690777,-12.018091178874828,-16.12494186367891,-11.887767047495627,-11.441860002580372,20.78701349108026,0.0059580001807204,0.0005680759469128,0.5724392040509974,74937.00574339967,1579078.9806819542,0.0843090749476147,0.9621483747250468,0.0005679777723738136,0.0005679842458277434,9.817453898647906e-08,9.170108505667744e-08
1270,-0.991651974879458,-6.6461055216838,-6.079342576749758,-10.702700739383374,-14.340615806329463,-14.72696252989826,-17.34483118178697,-11.943555752325029,-12.00343900265664,20.261614459668124,0.005958000908934,0.0005680269416279,0.5724886949524117,74937.01490253766,1578942.760840661,0.0843090749476147,0.9647312644096628,0.0005678127996597139,0.0005677811509929011,2.1414196818613038e-07,2.457906349989398e-07
1271,-1.3205605234968998,-5.595564910014678,-7.93583711842305,-13.073333857418614,-13.620814351676003,-13.075920383955433,-14.397274285255111,-15.663749542845007,-11.248737033761405,21.209238270236288,0.0059580006235256,0.0005583609086947,0.5823992584009837,74937.01131280052,1552074.1185149788,0.0843090749476147,0.9657301856369748,0.0005583437502287798,0.0005583435993565978,1.7158465920232707e-08,1.7309338102276285e-08
1272,-1.0680949239643978,-7.097301815192883,-7.873003109884271,-12.244451445547275,-12.607477060025444,-16.103892306821788,-17.385266798073882,-11.858321396123316,-11.633988631706773,20.776024332940832,0.0059580014121334,0.0005692711369262,0.5712375397483582,74937.0212315503,1582401.2467245974,0.0843090749476147,0.9629743795554292,0.0005691571095648656,0.0005691486588384494,1.1402736133439562e-07,1.2247808775056428e-07
1273,-1.2072917781765804,-7.381987204609444,-6.538261594863046,-11.670652135457065,-15.248596009020194,-11.56892530496948,-16.22389396704895,-15.042776238141164,-10.244712815669317,20.887623211813448,0.0059580005078528,0.0005684951859586,0.5720171035843374,74937.00985792113,1580244.3381817737,0.0843090749476147,0.9656620760726168,0.0005684503234586773,0.0005684538792117907,4.48624999226533e-08,4.130674680926337e-08
1274,-1.1908990996644444,-7.895474018830039,-8.94592403037586,-11.340987073147588,-12.97653410956652,-14.350736432080543,-12.096412893762269,-10.778786555857238,-10.183788995205637,19.94633008915208,0.0059580022833773,0.0005736332781448,0.566893741046845,74937.03218965771,1594526.677393816,0.0843090749476147,0.96060409537623,0.0005736879341481389,0.000573675170524923,-5.465600333887273e-08,-4.189238012302504e-08
1275,-1.099234344428794,-6.92589108859182,-7.284100886583206,-12.169089938937384,-14.788664412161772,-12.046506564682945,-12.885917397377856,-11.898695707127962,-9.262224012447774,20.1411715471454,0.0059580005852189,0.0005737264998942,0.5668013871899874,74937.01083099723,1594785.805606851,0.0843090749476147,0.9613354307488468,0.0005735856773181638,0.0005735926582433394,1.4082257603618455e-07,1.3384165086058504e-07
1276,-1.3382460062096415,-5.772767104100704,-8.208923426995604,-11.413371453497566,-12.807641459887746,-12.824732783044515,-12.94302776800322,-11.3945671798109,-13.38070762031338,20.053497561060087,0.0059580032417554,0.0005560581144263,0.584811524303947,74937.04424370015,1545673.048295864,0.0843090749476147,0.9637236108842988,0.0005561422299945751,0.0005561389445015432,-8.411556827502345e-08,-8.083007524320018e-08
1277,-1.012112886497074,-7.223037839141722,-8.877627359467363,-14.562800420023969,-12.05596214349834,-12.905978920279372,-15.921663528626883,-11.528950600162364,-9.887764800832,20.95609198804412,0.0059580004416892,0.0005808332049512,0.5598663462846976,74937.00902574587,1614540.2920244008,0.0843090749476147,0.9602206192920628,0.0005807882225153135,0.0005807897014895437,4.498243588648299e-08,4.350346165628901e-08
1278,-1.3158958806351175,-6.756292758072519,-8.626590771734483,-13.083629377824249,-13.29315060709628,-12.37363146358534,-13.056080554707265,-12.594169763722928,-10.213195933092674,20.600489802045303,0.0059580007625184,0.0005679342629645,0.5725820957268223,74937.01306098905,1578685.1422420328,0.0843090749476147,0.9616101162571544,0.0005680822051147097,0.0005680891010198699,-1.4794215020977417e-07,-1.5483805536993175e-07
1279,-1.0544716781979648,-5.918384450772824,-6.404926609955721,-14.77875523281943,-11.582709668520494,-11.817220531149008,-16.186307218444327,-15.50816758626673,-11.256823982866155,21.26201526190774,0.0059580007647403,0.0005644965763277,0.5760690221022502,74937.01308893545,1569129.4151605165,0.0843090749476147,0.9656890931257324,0.0005642509182711092,0.0005642224237758159,2.456580565908355e-07,2.7415255188407983e-07
1280,-1.3220033941436258,-6.133020643756611,-7.43313453356115,-12.404995846675636,-14.431672795728089,-12.259339713538346,-13.3856956928128,-12.535327553729092,-11.65771038122505,20.477609888623405,0.0059580010779528,0.0005604218801798,0.5802575307081567,74937.01702837889,1557802.9946797283,0.0843090749476147,0.963109602149586,0.0005605840320596218,0.0005605818558736863,-1.6215187982181883e-07,-1.5997569388626325e-07
1281,-1.125549570875882,-5.829784614781069,-7.129537154132481,-12.614328748192388,-16.72492897237646,-13.039078471653408,-17.131721100480778,-14.091590333245426,-9.77677316586892,21.2083011822494,0.0059580003600786,0.0005752358727401,0.565314113715376,74937.00799928482,1598981.404712862,0.0843090749476147,0.963810148549836,0.0005752623440899081,0.0005752534793918217,-2.647134980811837e-08,-1.7606651721638333e-08
1282,-1.4734421675400635,-6.420175273095418,-7.742287325531792,-11.381906956038405,-12.35286768075574,-15.377995083367075,-12.19541721739766,-13.034996928607692,-9.271677576449308,19.997963149354927,0.0059580005621474,0.0005674821368596,0.5730382561790843,74937.0105408138,1577428.3686844648,0.0843090749476147,0.9629736523642132,0.0005673127154106182,0.000567284476883945,1.6942144898189192e-07,1.9765997565503006e-07
1283,-1.0604543005318954,-7.4882994849651485,-6.812664689108272,-9.902352433258311,-15.55265691037352,-16.856927592074143,-16.082799147742136,-11.219196965798773,-10.896455265579636,20.13849633709289,0.0059580004721819,0.0005779979714901,0.5626126436308673,74937.00940926887,1606659.2022015827,0.0843090749476147,0.9630574339508644,0.0005783678207457475,0.0005783877449200553,-3.69849255647532e-07,-3.8977342995533387e-07
1284,-1.35948141331971,-6.587035308331751,-8.640673558527622,-11.196840051618397,-15.749022021583215,-16.116305921544722,-13.927141144220949,-15.46961731298331,-10.539591558864728,21.175687420828908,0.0059580005194006,0.0005660552684945,0.5744827205371658,74937.01000316444,1573462.107032688,0.0843090749476147,0.9652602968784384,0.0005659249160746844,0.0005659372660606763,1.3035241981553935e-07,1.1800243382366522e-07
1285,-1.2246382040281794,-7.300323730594338,-6.871602986042081,-12.63304469424962,-14.388446641700794,-11.99796178369276,-13.181607328305564,-13.461860139710032,-13.312752797977772,20.776792662987816,0.0059580004859483,0.0005549689906552,0.5859588073496567,74937.00958241719,1542645.6142641362,0.0843090749476147,0.96479149331615,0.0005551117597472222,0.0005551090633746721,-1.427690920222319e-07,-1.400727194720815e-07
1286,-1.4276442644518277,-5.752279628563164,-8.37094770175793,-13.76640194997479,-14.390521727851176,-15.38587597853458,-14.03468856397211,-14.584211466832,-10.439474495266577,21.37378285478768,0.0059580005111721,0.0005648282561222,0.5757307047243082,74937.00989967005,1570051.38447589,0.0843090749476147,0.9633079316336496,0.0005650557837929679,0.0005650537734858754,-2.275276707678622e-07,-2.2551736367541157e-07
1287,-1.173126288514476,-6.490558801326306,-6.822506584939175,-11.72069103611079,-12.868472303351515,-12.044234814503668,-13.974914985669352,-10.976495808336452,-9.331866610000368,19.66907330952213,0.0059580004369774,0.0005713717878806,0.5691372426303298,74937.00896648338,1588240.4197891778,0.0843090749476147,0.9615976204010128,0.0005715151536078699,0.0005715269347449213,-1.4336572726984104e-07,-1.551468643212154e-07
1288,-1.469452157064706,-5.709636693723826,-6.107921868100038,-10.571047602631696,-11.63214119387768,-14.577485563216952,-16.642222042210886,-12.33255609000366,-9.317844403163818,19.670003482508008,0.005958001821468,0.0005728720981862,0.5676469114998169,74937.02637997371,1592410.8277794942,0.0843090749476147,0.9643499142642982,0.0005728599267043417,0.0005728725568782987,1.2171481858307652e-08,-4.5869209862672844e-10
1289,-1.3583876561224255,-7.072696987725064,-7.797419761535091,-10.574746314980167,-12.965261282882333,-12.13070578622061,-12.750833505978946,-13.495915861713724,-9.277852315761514,19.91055595670051,0.0059580018530048,0.0005657817485889,0.5747606397922718,74937.02677662944,1572701.8045835122,0.0843090749476147,0.9638392780534316,0.0005658020387379916,0.0005657996793281051,-2.0290149091591568e-08,-1.7930739205159092e-08
1290,-1.278001379767658,-6.62883585541427,-8.491106282281992,-14.46231981532609,-14.785045984419549,-12.772754991322545,-14.595726364396848,-12.664322445546468,-9.857808607585202,21.221916720315,0.0059580004416513,0.0005761690212794,0.564398557096467,74937.00902526952,1601575.274867352,0.0843090749476147,0.9607924415520838,0.0005763046241542071,0.0005763001556211324,-1.3560287480710812e-07,-1.3113434173240256e-07
1291,-1.2565874737477898,-8.286664693396808,-7.390850033704819,-14.439070553771767,-15.439546734069005,-17.3230785674212,-14.723866749943063,-14.359346955691237,-9.794059393218236,21.75696721503217,0.0059580000489034,0.0005761518193672,0.5644153522877763,74937.00408546567,1601527.458764346,0.0843090749476147,0.9621704819341572,0.0005761768286904001,0.0005761630593420585,-2.5009323200157925e-08,-1.1239974858517389e-08
1292,-1.2271068442870126,-7.517544889671907,-6.08877974719187,-9.942974045052896,-15.66486281955406,-15.58236632171605,-17.421062325707382,-12.986712342562738,-10.044050442759636,20.35210706431777,0.0059580003003865,0.000580227536233,0.5604507410999408,74937.00724850512,1612856.7165317067,0.0843090749476147,0.9646940371844872,0.0005802106727949739,0.000580233358696223,1.6863438026082193e-08,-5.8224632230397325e-09
1293,-1.175220756295983,-6.920751468930258,-8.621003607017668,-11.20024965273063,-11.389616911478011,-16.242208811946558,-16.765504139078573,-11.163268853976916,-13.047378743540582,20.424088607503727,0.0059580059512005,0.000565727381551,0.5748164680148775,74937.07832186356,1572550.6806938057,0.0843090749476147,0.9635924684423036,0.0005657060534845633,0.0005657160521591874,2.1328066436760752e-08,1.1329391812610161e-08
1294,-1.4690406190272125,-8.053015385542698,-6.9599118246118215,-10.770997792775711,-15.46246131336174,-16.043560791913638,-15.891059267710457,-12.736918114988626,-11.907517320707411,20.714802625453743,0.0059580007234411,0.0005687566312183,0.5717541905884012,74937.01256949225,1580971.076774239,0.0843090749476147,0.964257848836794,0.0005685427998882336,0.000568558162961257,2.138313300664111e-07,1.984682570429228e-07
1295,-0.9920154044034448,-8.053625454627987,-7.333405813096784,-12.910279997303094,-11.153176349646364,-12.483434174307243,-16.50911733726278,-15.170926311498809,-9.7846901794817,20.94160738267417,0.0059580021832431,0.0005711960902296,0.5693125572825969,74937.03093021501,1587752.033563631,0.0843090749476147,0.965068289832184,0.0005711762695293606,0.0005711404225624782,1.9820700239404042e-08,5.5667667121783726e-08
1296,-1.1014894655273346,-7.745530465310868,-6.995817010766608,-13.012319873069446,-16.09789559427784,-16.2266912051123,-16.85278070518004,-11.19703556888628,-9.895491944680082,20.98935125455886,0.0059580002633774,0.0005870730936437,0.5539156080891775,74937.00678302167,1631885.291631559,0.0843090749476147,0.960805131129984,0.0005869351202128269,0.0005869172711825179,1.3797343087311453e-07,1.558224611821141e-07
1297,-1.3822054172351024,-5.59085363847262,-8.026768372248194,-13.587195828012764,-11.696932151090952,-15.957624916119013,-16.581663437196664,-13.938244578926236,-12.883392094365014,21.293745432048155,0.0059580004426372,0.0005590681193696,0.5816625077837433,74937.00903766887,1554039.949875767,0.0843090749476147,0.9650246377054778,0.0005589759718030239,0.0005589787763412636,9.214756657607674e-08,8.934302833630507e-08
1298,-1.351223059252325,-7.333841332611858,-9.023559017808978,-10.261112200934154,-12.300503759883428,-12.338875363555474,-17.336682450082076,-14.57914738398522,-12.936239191251897,20.819985607327823,0.0059580015990244,0.0005635961729823,0.5769894733094058,74937.0235821792,1566626.5667218226,0.0843090749476147,0.9672062450812524,0.0005636560209123811,0.0005636334616042691,-5.984793008113713e-08,-3.728862196913842e-08
1299,-1.365021486275968,-7.482939496196758,-8.975999753593847,-14.594838892205646,-11.598634854129344,-16.207896479627394,-13.496986079410508,-10.593412202771484,-10.713866222358927,20.77777851300461,0.0059580004628478,0.0005822170076619,0.5585356691914826,74937.00929186854,1618386.8442077767,0.0843090749476147,0.9592972860501844,0.0005822007347318403,0.0005821876842822922,1.6272930059664167e-08,2.9323379607728434e-08
1300,-1.3861475853406957,-7.25047274919277,-8.07158272414023,-11.851817784978811,-16.005478624069177,-15.131265722461956,-13.858379478730573,-11.499364138147076,-11.478869734968873,20.68102176852621,0.0059580011046595,0.000571621777585,0.5688884351263039,74937.01736428308,1588935.3154097835,0.0843090749476147,0.961626292763173,0.000571365449941656,0.0005713427932950129,2.563276433440072e-07,2.7898428998712147e-07
1301,-0.9959038989416034,-8.139261323578758,-7.583344664042355,-11.98568297525939,-16.600081657944326,-16.670753436063357,-14.832293386584642,-11.716530984464898,-12.692464009351983,21.043149648261338,0.0059580007712485,0.0005703927175887,0.5701142058978064,74937.01317079275,1585518.9010787923,0.0843090749476147,0.96236818607751,0.0005705817856776419,0.0005705972872670816,-1.8906808894186833e-07,-2.0456967838157567e-07
1302,-1.353406310953568,-7.850470038999235,-8.686762400494043,-11.856235489024192,-11.760763581213723,-12.594165361739226,-12.870844208651036,-12.440497377976028,-11.175053451796057,20.258012579306783,0.0059580014995584,0.0005632338066131,0.5773606751704454,74937.02233114216,1565619.2980281578,0.0843090749476147,0.9626665998973378,0.0005632425533763769,0.0005632393818870374,-8.746763276883986e-09,-5.57527393739779e-09
1303,-1.0591720380857184,-7.615398890628711,-8.830843480171032,-13.364053265433334,-11.661067994965052,-12.474129162170048,-15.268312915669686,-12.421337555974215,-9.35744332152466,20.680643038400365,0.0059580007189723,0.0005760478514203,0.5645173159770113,74937.01251328574,1601238.459378902,0.0843090749476147,0.9613276127878838,0.0005760630543546236,0.0005760405514518705,-1.520293432355317e-08,7.299968429546298e-09
1304,-1.2427163485522033,-7.17450004504541,-6.211326350292179,-13.231439191188285,-11.903023528843605,-13.262107023236698,-15.490136553493986,-12.206928240404396,-12.426689177752465,20.52682284088713,0.0059580005151417,0.0005605830276067,0.5800906453746254,74937.00994959852,1558250.9356918037,0.0843090749476147,0.9637368289351572,0.0005606620172919377,0.0005606566299306523,-7.898968523766068e-08,-7.360232395228154e-08
1305,-1.2700543781794311,-8.285669524550833,-6.780099745983354,-11.0130219574736,-11.566239218226038,-11.850226744689834,-14.463339913705694,-12.387646800455904,-13.018950231251033,20.026539182836583,0.0059580036994433,0.0005583549869263,0.5824058861915542,74937.05000028982,1552057.6577935664,0.0843090749476147,0.9652499206745092,0.0005583208418334754,0.0005583265733487025,3.4145092824575465e-08,2.841357759741491e-08
1306,-1.3542061038151851,-7.12374287754106,-6.752495464611467,-13.733965699381685,-12.76279296095576,-17.01880497808804,-16.86356172158391,-11.255961321478036,-10.068404759882869,20.77421978742878,0.0059580001618415,0.0005805738870612,0.5601163755257813,74937.00550594943,1613819.466874828,0.0843090749476147,0.9612113090989316,0.0005806449961166563,0.0005806566461850272,-7.110905545632245e-08,-8.275912382715682e-08
1307,-1.1049505242552362,-6.721409452581351,-7.933166552684924,-14.662775927144814,-15.5996957501778,-13.914139741076024,-16.17047218422714,-15.450530711278905,-12.76515933708506,22.18025097633386,0.0059580001328878,0.0005582000441046,0.5825670248679459,74937.00514178239,1551626.9637036787,0.0843090749476147,0.964829058972171,0.00055838432576957,0.000558387501744577,-1.8428166497007174e-07,-1.8745763997703776e-07
1308,-1.2762844675755305,-6.7357179126616105,-8.814127529840732,-11.16338765961392,-15.910431755180904,-14.663894285597191,-14.612725533599376,-13.57059547016144,-9.327665680128256,20.81112437521956,0.0059580014354334,0.0005741503821518,0.566383051764785,74937.02152460659,1595964.069828083,0.0843090749476147,0.9628954875948788,0.0005739524879063605,0.0005739592845055423,1.9789424543948265e-07,1.910976462576961e-07
1309,-1.1410320324425098,-6.93047870496586,-6.570687218636152,-12.81195294285298,-15.412068380089682,-13.294998529714531,-12.53110660872245,-14.8789043148699,-12.696102995638796,21.051560321145217,0.0059580004926037,0.0005563079313001,0.5845485029582275,74937.0096661247,1546367.463499549,0.0843090749476147,0.9655944591176836,0.0005563795678568031,0.0005563778540376497,-7.163655670310715e-08,-6.992273754967415e-08
1310,-1.3447663960047933,-7.131115471760085,-6.954952100918037,-13.917557674462348,-11.232874692908505,-13.15999606867615,-11.997364083232164,-12.742680374057958,-12.565333240388112,20.49370420639711,0.005958000519546,0.0005594442613087,0.5812714386779916,74937.01000499279,1555085.5104788863,0.0843090749476147,0.9632053000641756,0.0005595027528526117,0.0005595030000226962,-5.849154391163094e-08,-5.8738713996160825e-08
1311,-1.4289441865903865,-5.845913940495162,-8.210128872982157,-14.042384590787108,-13.637973657115715,-15.810429867600975,-15.80906312032177,-15.149218565403087,-11.472783076153362,21.696102384732967,0.0059580002011461,0.0005612832469611,0.5793669173704542,74937.00600030468,1560197.3332999728,0.0843090749476147,0.9645961861189976,0.0005613694338041047,0.000561364922253986,-8.618684300466285e-08,-8.167529288603727e-08
1312,-1.3626653302891771,-6.239214776737259,-8.473544651498413,-12.166485701707725,-16.169675374614098,-12.992498351947718,-16.56484403804346,-11.60177253365942,-10.88249237055104,20.88621005180829,0.0059580006885667,0.0005744184799518,0.5661185978836772,74937.01213085809,1596709.3004669892,0.0843090749476147,0.9617429455603042,0.0005743348129766328,0.0005743269194754518,8.366697516726772e-08,9.156047634819014e-08
1313,-1.10852466290497,-7.15239486792137,-7.757317824485491,-11.138382215642032,-15.966689869651407,-16.27936420421402,-16.351429747281102,-13.0065522981867,-10.949480717777975,20.9292969543894,0.0059580007411773,0.0005721355600921,0.5683775165516476,74937.01279257101,1590363.4750811206,0.0843090749476147,0.9636426735565766,0.0005720665305068639,0.0005720595740433356,6.902958523606444e-08,7.598604876432949e-08
1314,-1.2460483671447362,-8.181451642684594,-6.65441128665174,-14.389694396343568,-14.13885447543958,-14.038997027904248,-13.596301401704604,-14.529756229168798,-9.570957204043268,21.241662589842623,0.0059580003174176,0.0005707629037299,0.5697443753923129,74937.00746271457,1586547.906368777,0.0843090749476147,0.9627110366688576,0.0005709977711775147,0.000570991602046119,-2.3486744761471324e-07,-2.2869831621898963e-07
1315,-1.0989976316561794,-7.897263295097236,-7.083125816080569,-14.237301929606438,-13.034253444256754,-14.982368383955164,-15.424415962960373,-12.335244797355603,-9.3685139608789,20.93753904066197,0.0059580002108249,0.0005782933895762,0.5623251989690309,74937.0061220399,1607480.3749565468,0.0843090749476147,0.9611282388093016,0.0005783770076122516,0.0005783660507784979,-8.361803605159545e-08,-7.266120229793265e-08
1316,-1.286299833661937,-8.352186055881731,-8.359107433962032,-13.418608363456826,-12.702172015819125,-14.117399944747037,-14.509600363086848,-14.35799711602814,-10.35582997917818,21.22491366160276,0.0059580010341195,0.0005663867433938,0.5741465819111287,74937.01647706317,1574383.506801386,0.0843090749476147,0.963153639687952,0.0005663656488201522,0.0005663767867018744,2.109457364774664e-08,9.956691925583003e-09
1317,-1.3715614198140362,-5.631038151734998,-8.910698138491517,-13.035457459757826,-14.328022756859983,-15.184228133169128,-12.492511959181652,-12.75186380452733,-10.615345788479312,20.798717029097475,0.0059580006051151,0.0005675677708166,0.5729518030397472,74937.0110812427,1577666.4051339603,0.0843090749476147,0.9617311154723284,0.0005676249804059429,0.0005676138946985066,-5.720958934287302e-08,-4.612388190654293e-08
1318,-1.448667534338995,-8.072987287601688,-8.643200511413932,-11.71823084591263,-13.732421528190551,-14.78991338055229,-11.694711683883012,-13.778032901559213,-9.296589369440603,20.54289863386923,0.005958002410973,0.0005702729322205,0.5702341933301612,74937.03379449777,1585185.9340552732,0.0843090749476147,0.962465286158442,0.000570230915305356,0.0005702202835162856,4.201691514399246e-08,5.2648704214428715e-08
1319,-1.1185219994134925,-8.181114582825979,-6.998410936009552,-10.13831206526022,-13.260707905104027,-16.241176788395443,-12.413913059601592,-10.982972013325735,-10.032688996363,19.56414967426397,0.0059580023377373,0.000573078195979,0.5674428407303563,74937.0328733737,1592983.7171869269,0.0843090749476147,0.9620140667285076,0.0005730718251127192,0.0005730716891838626,6.37086628081391e-09,6.506795137417587e-09
1320,-1.3971837991596412,-7.560621822332752,-6.738625097225927,-11.061921640837063,-13.00428272621331,-13.435009980459457,-12.985061405415331,-10.76604821341848,-10.44342648092707,19.617615901700724,0.0059580026597621,0.0005682941046275,0.5722198122473375,74937.03692365342,1579685.393017684,0.0843090749476147,0.9619043968243062,0.0005683481927095601,0.0005683461691603029,-5.408808206007476e-08,-5.206453280288091e-08
1321,-1.1984115431582265,-6.158456539492059,-8.505657876603962,-14.00724494594662,-13.23551250438255,-16.306529992864508,-12.795342899327522,-11.2123638640025,-9.592830581162351,20.61441691361982,0.0059580005536779,0.000581340705771,0.5593776079969585,74937.0104342889,1615950.9905084458,0.0843090749476147,0.9597209372261112,0.0005813715189003058,0.0005813571482713473,-3.0813129305788493e-08,-1.644250034727162e-08
1322,-1.1328328459038064,-6.804792199469668,-6.613024557943451,-13.979209188408207,-16.220021297875547,-14.730425492253794,-17.365257561270745,-15.186184491406268,-10.826688337621468,21.84695003088704,0.005958000067388,0.000570038547422,0.5704683219816508,74937.00431795676,1584534.4153443312,0.0843090749476147,0.9645916856918394,0.000570178298052368,0.0005702000860692944,-1.3975063036799577e-07,-1.6153864729434413e-07
1323,-1.3949142720928922,-5.872854904409945,-6.6083974284892,-11.535945506808403,-13.983094370744045,-11.832470188529786,-13.697264125122215,-14.836046945707018,-10.678021040838097,20.399976772823297,0.0059579999345367,0.0005597844915395,0.580918063381512,74937.00264701314,1556031.2474160527,0.0843090749476147,0.965993487035425,0.0005598469438937813,0.0005598470036369956,-6.245235428131192e-08,-6.251209749559387e-08
1324,-1.0095379566768543,-5.948762672072134,-6.362055773916901,-12.006407162707486,-15.517593503779146,-14.990198867604324,-13.892608331165691,-15.203721511927164,-12.212577696805583,20.978460061065512,0.0059580006303381,0.000558518117084,0.5822353290872442,74937.01139848561,1552511.110196475,0.0843090749476147,0.9666382359204398,0.0005582863537587796,0.0005582898748255552,2.3176332522036568e-07,2.2824225844476215e-07
1325,-1.0351175227202862,-6.411936604569736,-6.233766634247632,-12.689480661173274,-14.30171941158168,-12.888529564622283,-16.0605467712512,-12.119583867109409,-9.61213873854958,20.4148845456069,0.0059580006818195,0.0005731587620111,0.5673628416242229,74937.01204599492,1593207.6663409665,0.0843090749476147,0.9624479431369471,0.0005733654054009494,0.0005733704580914124,-2.0664338984941778e-07,-2.116960803123834e-07
1326,-1.3449678666615468,-7.664758802070182,-7.678157967717993,-10.677109132500023,-11.564159424980195,-13.079528820366304,-16.4013220347923,-15.444369464004328,-11.825761547096237,20.681475115210453,0.0059580041704108,0.0005650877158742,0.5754668884024119,74937.05592390354,1570772.6039588628,0.0843090749476147,0.967727811264618,0.0005651540516111467,0.0005651715687394301,-6.633573694666238e-08,-8.385286523005051e-08
1327,-1.3187782165837747,-6.880286585062565,-6.629309769665724,-12.184507660954797,-13.33879345582567,-14.394290307216664,-16.584866519372664,-13.51536112555387,-13.618851694280991,20.935363332436857,0.0059580007380257,0.000556952413817,0.5838721234538152,74937.01275293088,1548158.929590203,0.0843090749476147,0.9660797765197456,0.0005570240371816296,0.0005570072145227482,-7.16233646295885e-08,-5.480070574821576e-08
1328,-1.143222494990615,-7.706289851367744,-6.648617328995853,-14.09664087114871,-13.38639070547785,-14.185632433061496,-17.296073891735485,-13.14153701391557,-13.389319289527526,21.44367206526825,0.0059580006687353,0.0005603417530788,0.580340445912582,74937.01188142851,1557580.265620927,0.0843090749476147,0.9642069067693444,0.0005603770919033789,0.0005603698793863287,-3.5338824578971285e-08,-2.812630752878787e-08
1329,-1.4585543766948692,-7.322671126160396,-8.618224995124047,-12.823400307408953,-11.393876630254814,-13.82324047112229,-17.22996140753961,-11.05158845720612,-9.59442464509802,20.502557227157453,0.0059580011618577,0.0005816475398115,0.559082607523311,74937.01808369701,1616803.896156949,0.0843090749476147,0.9609554230585772,0.0005817464041495515,0.0005817159684275161,-9.886433805146068e-08,-6.842861601614667e-08
1330,-1.4497217837661738,-5.883730776240279,-8.403560835762857,-12.180195424793672,-12.50169651190996,-13.715132552660624,-15.44399868294336,-14.510808259234851,-13.628264160181946,21.06956743475102,0.0059580029757012,0.0005537717064702,0.587226049864593,74937.04089739193,1539317.5270590417,0.0843090749476147,0.9665919705947718,0.0005536628594924383,0.0005536677652307397,1.0884697776176316e-07,1.0394123946039138e-07
1331,-0.9982125765096704,-6.750063718217152,-8.69113830510207,-14.269983709737978,-15.12518953832016,-16.826274482122834,-11.97914361174916,-12.71019747024982,-13.621175577807664,21.46872721715241,0.0059580008458181,0.0005634335538238,0.5771558955551785,74937.01410869506,1566174.534741858,0.0843090749476147,0.9620535682486946,0.0005634323232257101,0.0005634726671190373,1.2305980899010235e-09,-3.9113295237304564e-08
1332,-1.2835999673269334,-6.710042877296587,-6.640433786568273,-13.620694637714866,-13.357854432030727,-17.233586527896424,-14.40300071426691,-14.96116591586699,-11.196833889334894,21.270184481132542,0.0059580001290831,0.0005621173441822,0.5785072138928333,74937.00509392914,1562515.870807001,0.0843090749476147,0.9648376705318022,0.0005622005587432488,0.0005622004751465164,-8.321456104883832e-08,-8.31309643164373e-08
1333,-1.014488759530757,-5.660569522872768,-8.468256391637802,-12.624804411945425,-12.188737353180212,-17.158976968411807,-14.921592472564956,-11.03732442674401,-12.606437195303284,20.55168018217822,0.0059580014292164,0.0005647646097056,0.5757957200532373,74937.02144641249,1569874.466725416,0.0843090749476147,0.962339000145225,0.0005647879218754133,0.0005647940255779014,-2.3312169813364918e-08,-2.9415872301462483e-08
1334,-1.006485593798378,-6.307598124647905,-7.724955652346977,-10.323409622267636,-12.605533931373152,-16.88648691134982,-13.21236967431128,-11.584781402638551,-12.344687209492443,19.884984992299284,0.0059580036971104,0.0005613973648557,0.5792496565474524,74937.04997094732,1560514.5464642744,0.0843090749476147,0.9639742796524228,0.0005614602236902968,0.0005614682184794825,-6.285883459686455e-08,-7.085362378257166e-08
1335,-1.4118520352775736,-7.09533167032092,-6.979305751603369,-12.659879604604615,-12.880435719418657,-13.522462543970471,-15.973537942831644,-14.953119528166216,-12.59569960060065,21.14296862922821,0.0059580006622162,0.0005576055924908,0.583188165059288,74937.01179943385,1549974.5683618293,0.0843090749476147,0.966426676514468,0.0005574962042503956,0.000557500202709408,1.0938824040443353e-07,1.0538978139197717e-07
1336,-1.0629792852000806,-6.417974562774511,-8.550110214485791,-11.301694453419458,-14.632031350672309,-15.97382988762582,-17.325266868455426,-15.53197213968178,-11.0124490219825,21.379380734936493,0.0059580005383146,0.0005677216756879,0.5727964706888554,74937.01024105589,1578094.2140365236,0.0843090749476147,0.9662442694934475,0.0005677622567915019,0.0005677895334636715,-4.0581103601848925e-08,-6.785777577149842e-08
1337,-1.2176154389779967,-8.318853118498307,-6.50804293502608,-14.41609782947906,-13.673313048585497,-12.17993828465863,-12.358575730593452,-15.065491426528816,-11.294771075630418,21.201779084040435,0.0059580005644082,0.0005621962023741,0.5784261311810072,74937.01056924964,1562735.0726829586,0.0843090749476147,0.9639810246851708,0.0005622171861613008,0.0005622460875574525,-2.0983787200890003e-08,-4.988518335251931e-08
1338,-1.1995337515814903,-5.761845826205383,-7.103775586284719,-13.275028663419125,-14.989770760570938,-16.775647759689484,-16.602473135449188,-14.116263690587717,-12.713949111937286,21.51831839628029,0.005958000545533,0.0005607977419374,0.579868548748362,74937.0103318456,1558847.7764632374,0.0843090749476147,0.965020165599386,0.000560788844642513,0.0005607842260530058,8.897294886955898e-09,1.3515884394218851e-08
1339,-1.118051017665163,-7.374334268462789,-9.06131581463079,-10.16825387874945,-13.76882927332385,-13.026335474127029,-12.03298844906031,-15.622736813819522,-12.715560295862328,20.67273124781347,0.0059580025970321,0.0005566459015211,0.5841939010543208,74937.03613466465,1547306.9182943006,0.0843090749476147,0.9674135630312516,0.0005567588866681911,0.0005567854115267525,-1.1298514709110266e-07,-1.3951000565253033e-07
1340,-1.3284344863278603,-8.362730673824613,-8.273477309842546,-14.002239525351886,-14.064227088339088,-14.01753525599946,-11.975745787190323,-14.837825988892313,-10.12807103690615,21.33082973030642,0.0059580002989662,0.0005677939467371,0.5727235283870431,74937.0072306416,1578295.1056519651,0.0843090749476147,0.962531371560666,0.000567986126179541,0.0005679892935905158,-1.9217944244103672e-07,-1.9534685341581533e-07
1341,-1.2957106588353346,-7.856217936918054,-7.99796165928303,-11.67271178266236,-16.49750263338184,-13.8530301938031,-14.320966884430812,-13.139186292872894,-11.251797977899038,20.97258155344572,0.0059580010266494,0.000567679597633,0.5728389984485516,74937.01638310876,1577977.249795206,0.0843090749476147,0.9630102348256908,0.0005677445441809912,0.0005677376383408417,-6.494654799116956e-08,-5.804070784165734e-08
1342,-1.162509657272704,-5.786083128808024,-6.655479128494055,-10.2761023483184,-16.220704236868134,-12.440168597864425,-12.894537239624473,-12.910734896286009,-12.84547701890686,20.11474632380865,0.0059580007926326,0.0005593671500203,0.5813516095410769,74937.01343975139,1554871.1644653918,0.0843090749476147,0.9655723086268372,0.000559540970013943,0.0005595481688443458,-1.7381999364298687e-07,-1.8101882404586867e-07
1343,-1.280215051454257,-6.114631081354515,-6.837011378894593,-10.976375437839692,-12.0171821733191,-15.49525118458709,-12.658024043060262,-14.474504556510643,-10.080045495252946,20.050411799565985,0.0059580028199537,0.0005618936534128,0.5787379106189683,74937.0389384706,1561894.0782559882,0.0843090749476147,0.965660755353562,0.0005617912065725919,0.0005617893577348543,1.0244684020815215e-07,1.0429567794578883e-07
1344,-1.0738275336011818,-6.618813765753443,-6.186211767224602,-12.074595680894252,-12.836615646207331,-14.650256104707433,-16.19952332620872,-11.786268175049605,-9.936897595628905,20.166076493785752,0.0059580003314902,0.0005715449169723,0.5689648277470604,74937.00763971267,1588721.6661984376,0.0843090749476147,0.9628447560681788,0.0005715451287968399,0.0005715510663368628,-2.1182453989639083e-10,-6.149364562804856e-09
1345,-1.2886432737513331,-7.558429331538968,-9.029092235074074,-12.749174610581992,-15.744243332890672,-15.641904997024316,-12.790791143599478,-11.279665639119209,-11.784300400121056,20.93028057612284,0.0059580006807223,0.0005742035226563,0.5663305274099625,74937.0120321957,1596111.7843267554,0.0843090749476147,0.9605250020041908,0.0005739155777466143,0.0005738772738859621,2.879449096857261e-07,3.2624877033791706e-07
1346,-1.1327427246456971,-7.506268876861937,-7.990992684733932,-10.611873157835417,-13.265352365719853,-15.945443913969912,-12.490480218106953,-14.801778623095672,-10.985184368977198,20.496401044699635,0.005958002068313,0.00056152917744,0.5791134468054555,74937.02948467695,1560880.945503641,0.0843090749476147,0.9656246080432088,0.0005614655717877861,0.0005614675052680815,6.360565221394388e-08,6.167217191858747e-08
1347,-1.0532813476364529,-8.127447531711915,-8.139982985375811,-11.996096638550055,-15.336987475959424,-12.667860642549009,-15.712549098539087,-12.702929578183287,-10.711558216154662,20.9157001800604,0.0059580010466551,0.0005696654582311,0.57084207772646,74937.01663473107,1583497.3404557304,0.0843090749476147,0.962541924918032,0.0005696005364820209,0.0005696032442674115,6.492174907911374e-08,6.221396368845562e-08
1348,-1.3138730635964475,-5.999772880162195,-6.795953467773483,-10.920610289878612,-15.826538860231556,-16.955870297811607,-17.052392650484602,-11.810082221180126,-10.405605810082534,20.47832430039934,0.00595800067353,0.0005791293695721,0.5615135414009818,74937.01194173329,1609804.1460067355,0.0843090749476147,0.9630810165217364,0.000579516979366589,0.0005795522922026669,-3.876097944890142e-07,-4.229226305669208e-07
1349,-0.998594544473652,-6.584978235385816,-8.00579926377942,-12.966313692065729,-15.636443108462869,-16.466499623417537,-15.081045168939266,-15.166179195584723,-9.842584184515538,21.51204372094477,0.0059579999874082,0.0005702653508267,0.5702414263698935,74937.00331200697,1585164.86007793,0.0843090749476147,0.964001738932542,0.0005700938483433512,0.0005700955135454734,1.7150248334874864e-07,1.6983728122661485e-07
1350,-1.079113913737356,-8.27319115971213,-6.123354069121216,-13.440228697612234,-12.554521853448245,-14.428061655355636,-16.81007597455671,-11.339320155090643,-11.574846340447586,20.673902840167827,0.0059579998460298,0.0005704266794,0.5700801298986886,74937.00153381338,1585613.3046222029,0.0843090749476147,0.962247361545217,0.0005705402815103867,0.0005705557886895206,-1.1360211038676741e-07,-1.2910928952065536e-07
1351,-1.0364070000904215,-7.973537324087081,-6.22290712711747,-13.892575290703714,-15.179839734144773,-11.67012031771647,-13.118632630891495,-10.567168290442028,-11.316275925012468,20.450855614319323,0.0059580010822389,0.0005768088965081,0.5637725400345285,74937.017082287,1603353.9340931163,0.0843090749476147,0.9602916481468532,0.0005764305720189645,0.000576437406437036,3.783244891355283e-07,3.714900710640118e-07
1352,-1.3411872495641393,-7.563875407439224,-6.451532822467691,-11.09072423484195,-16.072037290326026,-15.92988347407397,-12.29117649017437,-13.768831010195086,-12.081886221770423,20.59593237032793,0.0059580008452859,0.0005639972574288,0.5765790400860404,74937.01410200095,1567741.4599369436,0.0843090749476147,0.9648604291094808,0.0005640751424973529,0.0005640842143993292,-7.788506855297209e-08,-8.695697052924032e-08
1353,-1.3784060229949835,-7.577243864256095,-7.759674196196752,-10.889840035435835,-16.279936587826285,-16.344553789260257,-17.04096001817005,-14.145998026534006,-10.969710632837014,21.1930751694498,0.0059580002378182,0.0005732322363702,0.5672900561647578,74937.00646154932,1593411.9027933711,0.0843090749476147,0.9647996603469744,0.000573198225324373,0.0005731769600325569,3.401104582700671e-08,5.5276337643087904e-08
1354,-1.408076648075368,-7.677221503406985,-7.820105101427185,-13.561051173457928,-14.480340973474409,-14.464248818344563,-14.858860284336023,-15.683246383546525,-11.19269700832534,21.674472077769355,0.0059580001317308,0.0005614062476895,0.5792399714445581,74937.00512723015,1560539.2380504103,0.0843090749476147,0.9648211775769376,0.0005615894434516147,0.0005615870215436356,-1.8319576211469745e-07,-1.8077385413562633e-07
1355,-1.2514050710023945,-7.86519046901276,-8.92643151654556,-10.238436228546949,-11.638935483917155,-12.26555404847236,-12.355341708605597,-11.933810015177322,-12.346972752124827,19.819693995857705,0.005958010124601,0.0005600653022293,0.5806282869264271,74937.13081298902,1556811.8160359422,0.0843090749476147,0.9637737537442128,0.0005601642137950278,0.0005601731098459682,-9.89115657278744e-08,-1.0780761666826129e-07
1356,-1.2696418816942263,-7.232275702258529,-8.806832407851482,-13.71723601891554,-13.061105570533057,-16.304954524499,-13.818199134449838,-10.757018483005616,-11.272087536528296,20.79844554078075,0.0059580006082623,0.0005755661531751,0.5649897515695506,74937.01112082672,1599899.4842328352,0.0843090749476147,0.9600915349643722,0.000575634329665713,0.000575615785135812,-6.817649061301775e-08,-4.963196071196361e-08
1357,-1.0079898552534727,-7.53684689943615,-7.404768016754303,-12.943608638976176,-14.453916812441138,-16.34626863694415,-15.588342878749366,-12.26558617174264,-11.60045177606066,21.03772558773484,0.0059580006185126,0.0005678251232776,0.5726921289717068,74937.01124974951,1578381.766986558,0.0843090749476147,0.9624640537436738,0.0005677384549063895,0.0005677399247180846,8.666837121053522e-08,8.519855951543819e-08
1358,-1.0336586572074378,-6.574797415115698,-6.650798424385272,-10.977738191130245,-14.172360915768836,-11.713128208632774,-15.322679729327923,-11.837024389884746,-13.624086401913614,20.18624122790395,0.0059580012294401,0.0005571976465315,0.5836152230264179,74937.01893371719,1548840.6022205434,0.0843090749476147,0.9651665279800896,0.0005572801319831519,0.0005572684763261393,-8.248545165184893e-08,-7.0829794639269e-08
1359,-1.0400165159065928,-6.25170326394155,-8.58217660006321,-11.204469838115456,-12.356452153544534,-16.552503343403135,-12.6667418323767,-14.561209223971597,-13.50905047731396,20.721894513087783,0.0059580047840171,0.0005541521680422,0.5868231480779381,74937.06364156352,1540375.0949327345,0.0843090749476147,0.9667348753990568,0.0005540674278173599,0.0005540611238123775,8.474022484010382e-08,9.104422982251885e-08
1360,-1.2904977875985122,-8.202536072604365,-6.559845100131167,-11.346975745168931,-12.211168955532711,-16.931593790485156,-15.347625275236672,-12.84088017702522,-9.972260296609148,20.30002464369052,0.0059580015544547,0.0005718238111839,0.5686875030371477,74937.02302160214,1589496.9075896305,0.0843090749476147,0.9636785119504552,0.0005718197196883836,0.0005718185205791113,4.091495516304541e-09,5.2906047886842195e-09
1361,-0.9883477780675618,-6.651084738385677,-8.396385843184197,-9.933901763316,-16.139342405506554,-15.431332533034665,-12.662796466848285,-15.480161885306732,-9.339214972341916,20.60986108932654,0.0059580000676685,0.0005716320559752,0.5688780575486255,74937.00432148448,1588963.886219538,0.0843090749476147,0.9654287513682556,0.0005715727596125686,0.0005715858371007736,5.929636263143738e-08,4.621887442646938e-08
1362,-0.990990749535364,-7.637845074101926,-8.363963091308385,-12.309887880406457,-13.296040763412172,-14.877871161524554,-16.3847259406737,-14.04665855237952,-10.124609689260405,21.09727137539036,0.0059580009192715,0.0005689588715177,0.5715509848527929,74937.01503255796,1581533.243519112,0.0843090749476147,0.9637426021037534,0.0005689701175734173,0.0005689895370769072,-1.1246055717315656e-08,-3.066555920728641e-08
1363,-1.4750927626700914,-7.00033806593407,-7.395681082812765,-11.60521793062246,-13.029603131782196,-14.531504168425418,-13.33113957743291,-13.081471936712576,-9.578366677542755,20.223452974933185,0.0059580005008715,0.000567010404086,0.5735149950667074,74937.0097701143,1576117.094529314,0.0843090749476147,0.9631195596580916,0.0005669839417118997,0.0005669648933400648,2.6462374100246107e-08,4.551074593518636e-08
1364,-1.376657809133555,-6.29676286673655,-6.294649157728822,-14.28862725729269,-16.023127099689408,-12.534734487014044,-12.42547868440245,-11.570421839068375,-9.31372453308469,20.52780592728645,0.005958000325243,0.0005848257724106,0.5560441589004531,74937.00756113867,1625638.419639882,0.0843090749476147,0.960017707408992,0.0005846079226986464,0.0005846279350078211,2.178497119535239e-07,1.9783740277891284e-07
1365,-1.2924701342195066,-7.277606068467654,-6.539313586058258,-14.09297187840112,-12.328648705968387,-16.946817408151773,-14.501140948743975,-12.817929009252984,-12.40304507961031,21.01867628068409,0.0059580002719564,0.0005621762103744,0.5784466584671201,74937.0068909241,1562679.5009822291,0.0843090749476147,0.9632380662890248,0.0005621668370002596,0.0005621590613485148,9.373374140449545e-09,1.7149025885216003e-08
1366,-1.2462856711500585,-6.173395175681673,-7.408344516486513,-11.100031359660267,-15.242941736782065,-13.041684230210192,-12.030589101465436,-15.534343832835075,-13.424246773902436,20.782213118151954,0.0059580015329292,0.0005545188492121,0.5864346253677782,74937.02275086378,1541394.3574645778,0.0843090749476147,0.9678305272508884,0.0005544084921051933,0.0005544012701993951,1.1035710690665123e-07,1.175790127048602e-07
1367,-1.0562392336371402,-7.818617122092247,-8.921659920042302,-13.288699373952484,-13.678492026461774,-12.514119276668248,-14.19553832969686,-12.70487921646404,-12.87052063408021,21.14247091013121,0.0059580012440621,0.0005597623333654,0.5809412505344583,74937.01911762619,1555969.6544070742,0.0843090749476147,0.962665506909178,0.0005597902153045771,0.0005598002852912111,-2.7881939177170495e-08,-3.795192581111228e-08
1368,-1.1368763859241906,-6.611279861674581,-7.239470772700076,-12.921359568388818,-15.227593847695305,-16.35929453230424,-17.05962321066005,-14.804893383089691,-13.21924657659977,21.715225896387103,0.0059580002186645,0.0005594289547743,0.5812872988116295,74937.00622064341,1555042.9629519265,0.0843090749476147,0.9660011844094972,0.0005593970768853744,0.0005593983723255539,3.187788892567139e-08,3.0582448746173385e-08
1369,-1.3685443155878356,-7.51851561127628,-8.965130844347907,-11.898896768095462,-16.680168471844738,-17.06988078610395,-14.45597600209829,-12.954106998157416,-13.025964710954872,21.42384806408516,0.0059580005177548,0.0005653353891684,0.5752142475331613,74937.0099824644,1571461.060660927,0.0843090749476147,0.9631390077720008,0.0005655363782536594,0.0005656102423506735,-2.0098908525933816e-07,-2.7485318227350557e-07
1370,-1.2674939448948952,-6.634190580655095,-6.129737537688348,-12.763470709302393,-15.348443575026,-13.226338809052953,-17.231063443477726,-10.922270541041913,-13.575890511567168,20.774556219419686,0.0059580001382919,0.0005660673051498,0.5744704498196993,74937.00520975322,1573495.5652867516,0.0843090749476147,0.9632424969235612,0.0005660912382228979,0.0005660984460780645,-2.3933073097881334e-08,-3.114092826444689e-08
1371,-1.3884901699569223,-7.311027697624319,-8.775654817909508,-11.380034187314198,-14.305471636856014,-14.601694515799764,-11.824650891792988,-11.920960222199222,-11.980070301036896,20.375945533012644,0.0059580028356401,0.0005640397067047,0.5765359360076057,74937.03913576747,1567859.4560598608,0.0843090749476147,0.9622801489688037,0.0005638713226398217,0.0005638681545976459,1.6838406487825093e-07,1.7155210705406716e-07
1372,-1.1590586011287018,-7.44040288509185,-6.438369921558612,-10.198881315665712,-12.82167744420127,-16.102502372441933,-15.056531957700344,-12.799123569333815,-11.97415849360729,20.08416658320677,0.0059580019392263,0.0005633429537981,0.5772488759614197,74937.02786108332,1565922.69412598,0.0843090749476147,0.965540943768294,0.0005633106146598269,0.0005633198946642333,3.233913827309018e-08,2.3059133866677045e-08
1373,-1.3928327642171427,-7.568351784302004,-6.06835715941331,-11.506503139193228,-11.323355316167197,-16.74934038756332,-15.95406305396572,-10.838330898579516,-13.523858514209252,20.093650472599744,0.0059580006341934,0.0005644120791369,0.5761552454981284,74937.01144697599,1568894.5385765054,0.0843090749476147,0.964236145869339,0.0005644645235315667,0.000564476407567574,-5.244439466674158e-08,-6.432843067407344e-08
1374,-1.2549046112045288,-6.728728687481079,-7.09487122190006,-10.532208210754549,-14.393137484993783,-11.901516557776112,-12.31608091877037,-12.782852392578086,-9.565462826059465,19.77877772527789,0.0059580010020965,0.0005664072574017,0.5741257829734152,74937.0160742927,1574440.529526797,0.0843090749476147,0.9633482759870224,0.0005662540378215115,0.0005662590315741436,1.532195801884741e-07,1.482258275563612e-07
1375,-1.094189512721555,-5.728243409639757,-7.097218156511916,-12.483960032610495,-12.721363596084728,-13.681812435039983,-13.959340944188586,-11.573792109347725,-9.9640184800782,20.040190908679,0.005958000347275,0.0005677345213391,0.5727834829562737,74937.00783824766,1578129.9210540638,0.0843090749476147,0.9619911395380214,0.0005678853146618366,0.0005678959126087927,-1.5079332273658114e-07,-1.6139126969268516e-07
1376,-1.2445606816603263,-6.164376021321411,-7.115903495512775,-14.55516659458748,-13.592209494414604,-15.17765361476257,-13.95429103181846,-14.89428737361668,-12.09184291759922,21.475019773043662,0.0059580003970469,0.0005578198769357,0.5829640965617602,74937.008464255,1550570.214181108,0.0843090749476147,0.9645132437560316,0.0005579675003713885,0.0005579749859793114,-1.4762343568841974e-07,-1.5510904361132685e-07
1377,-1.471218904939716,-6.963561965095485,-6.387192516538608,-10.627386513223485,-15.44482531627034,-15.044626479590075,-13.84620693994382,-13.85872939906859,-9.919356690776745,20.32376325553312,0.005958000755593,0.0005697128767661,0.5707945233784668,74937.01297388422,1583629.149613157,0.0843090749476147,0.96465768344002,0.0005694710768918065,0.0005694731148875035,2.41799874293536e-07,2.397618785965295e-07
1378,-1.0280474064082523,-8.299976212336622,-8.029306353673798,-10.65613197485454,-11.203228513102506,-15.187220946400794,-17.106982295417453,-14.033373394935824,-10.807221233168155,20.572049005475783,0.0059580025054717,0.0005708688081206,0.5696389933967503,74937.03498305965,1586842.2884812425,0.0843090749476147,0.9654760852303748,0.0005711229625521712,0.0005711285611427619,-2.541544315711429e-07,-2.597530221618363e-07
1379,-1.3125700286427666,-6.623446555664638,-6.436837351188824,-13.312624040079587,-16.205327175313368,-14.031547797680089,-13.765412411061323,-15.833642142186228,-9.512071658997556,21.296617799977383,0.0059580002539582,0.0005702399970279,0.5702668185012796,74937.00666455086,1585094.3842005637,0.0843090749476147,0.9646729886988378,0.0005702685087713484,0.0005702625589579965,-2.851174344840543e-08,-2.2561930096550928e-08
1380,-1.3084201566922655,-7.958227579168856,-8.539550769792498,-13.929886558190251,-15.01607308542768,-12.262014010733113,-13.579819623465058,-13.977843310110888,-12.65961047964262,21.548409482406548,0.005958000952639,0.0005596718245141,0.5810351563987046,74937.01545223892,1555718.0672284549,0.0843090749476147,0.96306367743766,0.0005597858316400663,0.000559795493857803,-1.1400712596632695e-07,-1.2366934370306153e-07
1381,-1.2364686173929968,-5.750664715278431,-6.17843242453369,-13.602316839459643,-12.033665400385573,-15.398004159565613,-15.47127702877764,-15.280027719207748,-13.553894913917611,21.216548325980607,0.0059580003812156,0.0005547592399656,0.5861803389268834,74937.0082651367,1542062.5709106592,0.0843090749476147,0.967479992625961,0.0005547317549255369,0.0005547433593393351,2.7485040063010037e-08,1.5880626264854446e-08
1382,-1.0657823449953785,-7.551660636707751,-8.816833305052644,-10.692909501538324,-12.559868178279183,-13.186245880244137,-12.551933473484212,-11.410335157418537,-10.474241850652133,19.820656859625352,0.0059580037158908,0.0005669275744696,0.5735992514054089,74937.05020715795,1575886.8532967963,0.0843090749476147,0.9619511082962412,0.0005670140448236645,0.0005669946179641121,-8.64703540645606e-08,-6.704349451210762e-08
1383,-1.2372679549205805,-6.082598907607371,-8.828945479373452,-10.281726494534842,-11.29539212701403,-11.632903160403693,-15.380384911160895,-12.453310304895997,-13.645134129123688,20.08943758917804,0.0059580000045601,0.0005575121757346,0.5832857875085268,74937.0035277351,1549714.8980891022,0.0843090749476147,0.9659668666760955,0.0005575291466775649,0.0005575123468248805,-1.6970942964952482e-08,-1.7109028050635994e-10
1384,-1.2677870093518266,-5.616161239487168,-8.794997486376719,-12.585338261876576,-16.66341987026155,-15.830526981565418,-11.698136763922395,-11.181794143268512,-12.13911475081424,20.722295367072075,0.0059580010380147,0.0005742185329048,0.5663157742980023,74937.0165260554,1596153.5082688103,0.0843090749476147,0.9608100767143958,0.0005745712388703951,0.0005746422712590906,-3.5270596559513166e-07,-4.2373835429062364e-07
1385,-1.2622820347428378,-7.372031958683342,-6.365375088578643,-12.503468413427862,-12.92742100926653,-12.454029000187912,-13.924265968786372,-10.681648954641812,-13.417838966053134,20.13615126066527,0.0059580009496298,0.0005601871693985,0.5805006319429135,74937.01541439023,1557150.5698351143,0.0843090749476147,0.962948014631956,0.0005604220282190949,0.0005604258464821019,-2.3485882059493327e-07,-2.3867708360192016e-07
1386,-1.331297539424224,-6.153517529635472,-7.552888405078884,-10.774750669032311,-14.880149809528316,-15.95491853083339,-14.936380581953989,-12.580170500097466,-13.022674216704749,20.5638103784902,0.005958001118028,0.0005606321264657,0.5800399304246057,74937.0175324261,1558387.415640552,0.0843090749476147,0.9649148081880036,0.0005604476517964474,0.0005604512080734401,1.8447466925265808e-07,1.8091839225993413e-07
1387,-1.402592827483324,-5.578354437490269,-7.061002691550925,-10.538424439915705,-12.002245416957368,-13.87336621430019,-16.311696158057682,-14.967865466163396,-9.494593572463582,20.226257145952715,0.0059580016109818,0.000569968631557,0.5705385208637189,74937.02373257438,1584340.0704270282,0.0843090749476147,0.9666369456828932,0.0005700434084128613,0.0005700499502226241,-7.477685586129625e-08,-8.131866562413603e-08
1388,-1.2095352817614,-5.738518637627115,-6.4712787448995375,-11.92560516176599,-14.68003972238247,-15.92644488335094,-14.33276819735904,-15.597120329753258,-10.02859227003787,20.85656632066761,0.0059580004011556,0.0005658685576674,0.5746722565375644,74937.00851593325,1572943.1075147623,0.0843090749476147,0.9660907383170678,0.0005657478893242174,0.0005657345821112467,1.2066834318260125e-07,1.339755561532551e-07
1389,-1.2982619354424974,-8.183924861592363,-7.124659229005269,-10.346630086768323,-13.258210113635378,-16.448119455994345,-14.711894815519594,-12.791375684959185,-12.54359305276312,20.356277963464706,0.0059580021567435,0.0005626569447788,0.5779527075716908,74937.03059691629,1564015.7969430569,0.0843090749476147,0.9651549809406688,0.0005626432747678642,0.0005626470783476822,1.3670010935826378e-08,9.866431117857427e-09
1390,-1.150315768344269,-7.265866342737258,-8.077075017213463,-11.822844994420706,-13.572113886254083,-13.220895297089672,-14.48233348578437,-15.055535937360595,-12.193869597906843,21.02223290637172,0.005958001984721,0.0005565779884882,0.5842650936820215,74937.02843329543,1547118.1406433706,0.0843090749476147,0.9660612728587646,0.000556612065931488,0.0005565975436780892,-3.4077443287995265e-08,-1.9555189889261526e-08
1391,-1.4514010938606423,-7.345272800287522,-7.533395072970056,-12.675304513754227,-12.424747967927344,-11.911850123266593,-12.304099520751652,-11.838624295372238,-13.13093841948743,20.29232157114157,0.0059580008323991,0.0005583669061578,0.5823930334303938,74937.01393991623,1552090.7896451475,0.0843090749476147,0.963073073310063,0.0005584047162582912,0.0005584020940916322,-3.781010049117798e-08,-3.518793383224233e-08
1392,-1.2664578450362725,-5.679714687432002,-7.571740004731204,-11.91265843438588,-16.698000339853664,-13.353724985475,-14.090556823877916,-14.503404308241874,-10.30402608401743,20.94189235676997,0.0059580005448694,0.0005669906980875,0.5735349341729409,74937.01032349939,1576062.3178252105,0.0843090749476147,0.9642825398706693,0.0005671672070090322,0.0005671710955320342,-1.7650892153225559e-07,-1.803974445342216e-07
1393,-1.2488573563076826,-7.73553352541346,-6.317445371860713,-13.252930501854287,-14.869450647389996,-12.99480207188509,-14.688792719981535,-10.953237153010754,-13.637368509030187,20.717471476520068,0.0059580004611087,0.0005636673267291,0.576916472582826,74937.0092699959,1566824.3525751482,0.0843090749476147,0.9624806157094036,0.0005638608075639039,0.0005638689935963814,-1.9348083480394233e-07,-2.0166686728146851e-07
1394,-1.429147343666485,-6.466562971644424,-8.560342898111388,-11.224477259059045,-12.979680193473229,-14.588959844354813,-12.939883221550296,-11.300338867193252,-11.331543247526268,20.04397717839005,0.005958002713382,0.0005646188027236,0.5759445995642999,74937.03759806062,1569469.1675011872,0.0843090749476147,0.9621761639495504,0.0005644935567510353,0.0005644729222569639,1.252459725647071e-07,1.4588046663602076e-07
1395,-1.045216584099411,-8.155178265431177,-7.765075608432679,-11.170304675743674,-16.319653211338064,-15.53772895763063,-14.144432884374632,-10.875494919378458,-11.83565423987973,20.519798033162065,0.0059580014538959,0.0005742616866169,0.5662732769834367,74937.02175681965,1596273.462510958,0.0843090749476147,0.9616123185336152,0.000574328713177189,0.0005742970605012313,-6.702656028898663e-08,-3.537388433127314e-08
1396,-1.323088710216337,-8.224714996877092,-8.86147773349205,-11.030046557840036,-12.429617797974917,-11.774637376625716,-16.04773819336341,-12.09844981429896,-9.908262306438877,20.29157294953821,0.0059580069295105,0.0005730846143226,0.5674371415491997,74937.09062660033,1593001.5582371808,0.0843090749476147,0.9624519958024734,0.0005729215992131021,0.0005728952937093839,1.6301510949792708e-07,1.8932061321614603e-07
1397,-1.1779341926519264,-7.771822510327427,-8.434145685619486,-11.54564904404166,-12.437240189460574,-16.711320579267117,-14.1474967902568,-10.92937240049594,-10.774646841627938,20.228914645961275,0.0059580020553979,0.0005725326112411,0.5679835348886317,74937.02932223647,1591467.1569514005,0.0843090749476147,0.9614078814065816,0.0005724662834034714,0.0005724788269779035,6.632783762863543e-08,5.3784263196452776e-08
1398,-1.2876253471048302,-5.780370729672894,-7.053041244525475,-13.882443204177514,-16.541146356932863,-13.745645128029288,-11.93363941488713,-12.638102049000643,-13.768210651656975,21.08746007251804,0.0059580008067953,0.0005627029669346,0.5779052417649526,74937.01361788368,1564143.7245895243,0.0843090749476147,0.9629812882078174,0.0005627004289028448,0.0005626885326567165,2.5380317551391626e-09,1.4434277883514611e-08
1399,-1.231378457168325,-6.753582915897165,-8.545140873168403,-10.20191333147482,-11.790618215465113,-16.35586906256161,-16.855950450308423,-10.662354520245014,-13.201172665993273,20.137524055973778,0.0059580071099357,0.0005672708591104,0.5732526269699617,74937.09289590553,1576841.0805679837,0.0843090749476147,0.9638540774997292,0.0005673872306574713,0.0005674048705113885,-1.1637154707130459e-07,-1.3401140098849313e-07
1400,-1.01250432962239,-7.697365478132902,-7.197006670720257,-10.639851586916103,-13.71904343484412,-12.87482538426691,-16.04506357890621,-14.1811514644597,-12.400203126821149,20.630222992316178,0.005958001983639,0.0005603702491439,0.5803111264268851,74937.02841968594,1557659.476046244,0.0843090749476147,0.9665779502783224,0.0005604515726161166,0.0005604581867482097,-8.132347221665153e-08,-8.793760430969057e-08
1401,-1.258963505732002,-7.481475318480808,-7.746637546639831,-14.257228006167947,-15.384753021314168,-16.056131746112783,-16.47432402482741,-13.094149483237295,-9.736621741286656,21.58449667906008,0.0059580000999007,0.0005798484870985,0.5608170815478956,74937.00472688676,1611803.07480618,0.0843090749476147,0.9614916425352348,0.0005798119212728475,0.0005798110177895639,3.6565825652524336e-08,3.746930893604606e-08
1402,-1.223566613119542,-6.371533183544635,-6.572156311766197,-10.885602441091418,-15.7039751934024,-11.713627953771772,-15.357972263479892,-10.796430730905936,-9.541496794243663,19.83583541586076,0.0059580005773524,0.0005777120925133,0.5628910655980179,74937.0107320559,1605864.545279842,0.0843090749476147,0.9618320623918176,0.0005777033353229783,0.0005776824513887319,8.757190321636785e-09,2.964112456806285e-08
1403,-1.0979657801428366,-6.822213480759325,-8.61045880534014,-13.031171817208495,-15.759919166066332,-15.72039780501804,-13.658368161823152,-11.45386128876893,-13.76669610484574,21.145721366429903,0.0059580006860555,0.0005649250361661,0.5756320988535284,74937.01209927382,1570320.4036693743,0.0843090749476147,0.9619843574532088,0.0005646206691010138,0.0005646546313363489,3.043670650862418e-07,2.704048297511247e-07
1404,-1.007683332768836,-5.632152739872259,-7.506833116001469,-14.68497687553145,-15.11299164555747,-14.305363322532974,-16.333797020485648,-15.306976939697202,-13.07473305690706,22.01245256535397,0.0059580000787687,0.0005566583807973,0.584180434108725,74937.00446109711,1547341.6069004545,0.0843090749476147,0.965389608424194,0.0005568127613163157,0.0005568205152599261,-1.5438051901575049e-07,-1.6213446262609496e-07
1405,-1.426064342665797,-5.598007082908653,-6.575688890125431,-13.4775296385439,-15.497291604743692,-15.00637242069197,-13.554512134524558,-10.80890318352155,-11.259455184159435,20.505560753349105,0.005958000476349,0.0005750546524893,0.5654922809280466,74937.00946168104,1598477.667333252,0.0843090749476147,0.960943483093178,0.0005745989277963599,0.0005746012922615238,4.557246929401057e-07,4.5336022777618754e-07
1406,-1.3394441476833512,-7.382812706420944,-8.397616343128577,-14.393164982057035,-16.207834857891147,-16.542745810431267,-14.68136248001014,-15.710913153916422,-13.09313010281532,22.35911305954497,0.0059580003027802,0.0005579099093184,0.5828700072411754,74937.00727861236,1550820.4769214434,0.0843090749476147,0.9646480855648356,0.0005580986142572096,0.0005581332583247382,-1.887049388096156e-07,-2.2334900633819415e-07
1407,-1.3333858567399175,-7.84887823285562,-6.802595181749965,-14.431543652488305,-11.97152779345808,-15.548840843880566,-16.443187394753693,-12.27421872283467,-11.59788304848422,21.106485692907256,0.0059580002783547,0.0005693848217625,0.5711233219705981,74937.00697139905,1582717.256118048,0.0843090749476147,0.962290179876853,0.0005692777243662155,0.0005692707799870218,1.0709739628445535e-07,1.1404177547821078e-07
1408,-1.171624591127967,-7.414963780450795,-8.982974262129147,-11.58199753387724,-12.101863385927563,-16.630264020586004,-12.004856035457175,-13.844883338585833,-11.679224283045944,20.61833349081698,0.0059580055292905,0.0005606134600975,0.5800598878307143,74937.07301527177,1558335.5287937375,0.0843090749476147,0.9640889048644788,0.0005604809308638163,0.0005604987822521966,1.3252923368369668e-07,1.1467784530338511e-07
1409,-1.293502695801792,-8.268660111253624,-7.005902637200686,-10.401619000579052,-12.629901896834753,-13.986604806995016,-13.204327917693384,-11.707272230047868,-13.613652663062522,19.93700271204724,0.0059580035429193,0.0005580408036445,0.5827337643265931,74937.04803160155,1551184.3234814114,0.0843090749476147,0.964877854277375,0.0005581528579200767,0.0005581599454309743,-1.1205427557668332e-07,-1.1914178647430204e-07
1410,-1.0310637266077889,-8.192586712323138,-8.665672519083426,-12.384874725363243,-12.324251634473848,-13.91750204014632,-14.20470043182894,-11.650705024915029,-11.218573763562556,20.515746475616407,0.0059580018473529,0.0005672185582977,0.573304724575598,74937.0267055425,1576695.7001580698,0.0843090749476147,0.9617028712630964,0.000567276470202198,0.0005672785001947073,-5.791190449801545e-08,-5.994189700728268e-08
1411,-1.335854090331377,-6.704547787466941,-8.942783620424464,-14.210629626978667,-13.997188826621189,-15.163271686430392,-13.780117050016043,-14.194623902381416,-10.268976909562168,21.47135246934065,0.0059580001359829,0.0005680640069949,0.5724512294817845,74937.0051807112,1579045.7913286162,0.0843090749476147,0.9622230744338046,0.000568292327995944,0.0005683070593073534,-2.283210010440087e-07,-2.430523124534456e-07
1412,-1.314018819341002,-5.628325270578415,-7.70994983660396,-12.95193319122718,-15.229924120767317,-15.997254369260292,-17.428432030354585,-13.18742357562794,-12.767658183522611,21.436773318145978,0.0059580002452574,0.000563228650935,0.5773657778862625,74937.0065551163,1565604.9668054432,0.0843090749476147,0.9642133134556812,0.0005631527040217606,0.0005631486784547196,7.594691323932218e-08,7.997248028038251e-08
1413,-1.2116349099059025,-5.923459840749125,-6.4303613846885,-10.05594061409234,-12.623106293669323,-12.72326321387709,-14.953692544398509,-12.26876216613728,-12.142899971603898,19.68299244852164,0.0059580008605047,0.0005585352005763,0.582217554435029,74937.01429341588,1552558.5971279957,0.0843090749476147,0.965732513939476,0.0005586422759527922,0.0005586495734919591,-1.0707537649221575e-07,-1.1437291565913332e-07
1414,-1.3288263439047652,-5.7828671627919785,-9.044808974285544,-10.80450884317646,-14.101969186723696,-11.70746268205815,-13.993805645073785,-13.416734522226726,-9.641887240893755,20.290260127998,0.0059579802425682,0.0005661741307211,0.5743591819277173,74936.75497042581,1573792.5080022472,0.0843090749476147,0.963531047315576,0.0005661910513929996,0.0005661948556336575,-1.692067189964716e-08,-2.072491255748852e-08
1415,-1.1701902571649296,-5.879422926298592,-6.510365085957368,-14.794433087812145,-16.644178737688005,-13.727787200430049,-14.469902661355244,-13.58507119306516,-12.695495470494192,21.567628645716866,0.0059580002915485,0.0005642268230578,0.5763443683915381,74937.00713734447,1568379.582817092,0.0843090749476147,0.96323272382579,0.000564045977426622,0.0005640023493834544,1.8084563117805232e-07,2.2447367434557264e-07
1416,-1.2034305871535032,-8.205521588888212,-7.282780447778062,-14.724518911413298,-12.955041679817024,-15.816631127118626,-15.644838000589775,-10.734782886049292,-13.366636204890474,21.188047308768013,0.0059580003967339,0.0005696173504463,0.5708901955349155,74937.00846031877,1583363.6153927604,0.0843090749476147,0.9611855019462842,0.0005695553213853284,0.0005695538141609987,6.202906097162002e-08,6.35362853013393e-08
1417,-1.0385735808934289,-6.6007000556521,-6.33968593530759,-13.027627507707976,-16.464272559799756,-16.297692198566537,-16.405157875401837,-13.41418529702218,-10.924020831306706,21.270782093460348,0.0059580005340088,0.0005727858472032,0.5677322046327719,74937.01018689973,1592171.076184461,0.0843090749476147,0.9634681629428468,0.0005727056363862259,0.0005726882275140048,8.021081697407936e-08,9.761968919514991e-08
1418,-1.214292434587834,-7.715690460914352,-7.27649366387132,-10.058417533607424,-12.66950220581143,-13.537862579297812,-15.785490197941163,-13.402797785146788,-11.903798426717213,20.22543368956233,0.0059580010694552,0.0005625439178615,0.5780686721997997,74937.0169215002,1563701.6163650008,0.0843090749476147,0.9659842731114928,0.0005626587920562169,0.0005626762533382314,-1.1487419471689284e-07,-1.3233547673137391e-07
1419,-1.1607332755314634,-8.26602890585177,-8.678278123152538,-13.889126752841705,-16.580535679845745,-16.982582014804606,-12.779669969612886,-14.771155981104991,-12.584565308592603,22.018736567805952,0.0059580005182743,0.0005637563083009,0.5768254221526755,74937.0099889982,1567071.6943794931,0.0843090749476147,0.963109729491407,0.0005635994699364191,0.0005635771898348062,1.5683836448088153e-07,1.7911846609381353e-07
1420,-1.072872323972623,-5.859951406301358,-8.134898846254984,-14.784108487875756,-13.184597712447452,-13.136005167470543,-16.790373417120744,-14.859158420727926,-11.8467641364975,21.747274163075783,0.0059580001537817,0.0005622179219997,0.578403725603681,74937.00540457742,1562795.4466601147,0.0843090749476147,0.964367491725723,0.0005619922554633467,0.0005619857578837724,2.2566653635320254e-07,2.3216411592752017e-07
1421,-1.0718466541292857,-7.30140290043264,-8.567801640024912,-14.529786375024646,-13.818999359335235,-12.815230742710696,-15.37522335013879,-15.67309831782267,-12.22398991489085,21.952076738101844,0.0059580001474806,0.0005588074476151,0.5819337976932655,74937.00532532392,1553315.3613929516,0.0843090749476147,0.9647337186839658,0.0005586210024052968,0.00055863662379152,1.8644520980316132e-07,1.708238235799582e-07
1422,-1.4367062871081908,-7.600999546371508,-8.64748851312023,-12.855103686445585,-13.134275330377044,-12.433339465733534,-16.48890613668177,-11.913988314373736,-9.846412765086749,20.776080763133084,0.0059580013339063,0.0005760619375985,0.5645035994890724,74937.02024764553,1601277.614685398,0.0843090749476147,0.9613643940482506,0.0005760318131605097,0.0005760032977773873,3.012443799033267e-08,5.8639821112695285e-08
1423,-1.322879403986875,-7.635825664378027,-8.163557504727473,-12.092268205172772,-14.798991255174489,-15.011084090860953,-12.558149888199836,-10.679369235946654,-12.684335102592218,20.46371119861599,0.0059580011531395,0.000568558240993,0.5719537578693266,74937.01797404353,1580419.6120689774,0.0843090749476147,0.9613363892579028,0.0005681978970584501,0.0005682183283353229,3.603439345499244e-07,3.39912657677105e-07
1424,-1.1251844890513931,-6.093102426269059,-6.892180116153444,-14.21662086627266,-12.790404482772534,-16.753432894928068,-16.875666387762628,-13.681025864166353,-11.539952859783998,21.349138420750307,0.0059580001941197,0.0005656305636664,0.5749140249431199,74937.00591193001,1572281.5563144635,0.0843090749476147,0.9638795787725774,0.0005655647342627325,0.0005655657434046724,6.582940366753852e-08,6.482026172760502e-08
1425,-1.0587724512142702,-8.104500768684709,-6.573820831680514,-12.761329177881816,-15.036220037946984,-13.786101784237736,-14.247765549474128,-14.90713648116242,-12.669910917781342,21.26845517721364,0.0059580006772439,0.0005569904849471,0.5838322059895149,74937.01198844568,1548264.7557946818,0.0843090749476147,0.9656768314996844,0.0005572332337170934,0.0005572373337086717,-2.4274876999339813e-07,-2.46848761571738e-07
1426,-1.0894942713987177,-7.609666943227918,-7.151214650049178,-10.526505311137022,-16.357571564880324,-12.719970036383945,-15.290091304642669,-13.99741060057319,-12.811360556536554,20.808471932207905,0.0059580011534012,0.0005617472237347,0.5788885263428079,74937.01797733449,1561487.04812555,0.0843090749476147,0.9661107761920196,0.0005617624307698552,0.0005617557799899303,-1.520703515520659e-08,-8.556255230371401e-09
1427,-0.9988266945605976,-7.85815579400751,-7.122068089948665,-10.542672148394574,-14.075221266600652,-15.418139983947604,-16.086308330045934,-14.85636634884598,-10.402738522533625,20.723489177019623,0.0059580012578895,0.0005693487409162,0.5711596561294755,74937.0192915408,1582616.9622995374,0.0843090749476147,0.9660591788704054,0.000569255751703969,0.0005692565920846216,9.298921223104776e-08,9.214883157839405e-08
1428,-1.0482607344478203,-8.01435622403273,-7.617195612383465,-13.507015435292445,-14.349269997183557,-17.085801409019368,-16.885441288503984,-12.18547619293725,-12.171535408549897,21.41069058094728,0.0059580002778027,0.0005694526844185,0.5710552601424121,74937.00696445604,1582905.8937365871,0.0843090749476147,0.9623271840077134,0.0005694420189896703,0.0005694362237765859,1.0665428829708702e-08,1.6460641914079442e-08
1429,-1.106051857747259,-7.585097263046881,-7.673889583939059,-11.393197653248343,-14.935422080703267,-16.883603524166517,-15.244222344674792,-14.943898132675924,-12.409800455607725,21.2581932087495,0.0059580004742304,0.0005611648168595,0.5794892287455223,74937.00943503431,1559868.1335069942,0.0843090749476147,0.9661340075326268,0.0005611564873749504,0.0005611625555060504,8.329484549578908e-09,2.2613534496557577e-09
1430,-1.3918384469482543,-5.644642090499604,-8.010787213368442,-12.487366100690624,-14.04282819559626,-15.46804657436309,-13.199802654367732,-11.803842280644105,-9.248695390000409,20.3202042724709,0.0059580007197351,0.0005752603784971,0.5652900828493466,74937.01252288042,1599049.5232909448,0.0843090749476147,0.9611311037856844,0.0005750909321831329,0.0005750775865448287,1.694463139671797e-07,1.827919522713866e-07
1431,-1.2102957714742342,-8.0114824432029,-8.748872907833569,-13.703004102906831,-11.877890676621288,-17.239996343215864,-15.570856384600951,-15.740155030489763,-11.4163957519655,21.78448424352194,0.0059580009813863,0.0005639755343509,0.5766012683800356,74937.01581380978,1567681.0763634455,0.0843090749476147,0.964924110001553,0.0005639847181802217,0.0005639713285414856,-9.183829321698402e-09,4.2058094143872585e-09
1432,-1.268945127968894,-7.037057350234142,-7.631070244010239,-13.33384710041234,-11.24363209224273,-15.51617601302917,-14.745771834937765,-12.403571008613229,-13.595844140036029,20.82970299319616,0.0059580009069405,0.0005579925752965,0.5827837443434739,74937.01487746493,1551050.2632891275,0.0843090749476147,0.9639135343502632,0.000557995363490594,0.0005580114020781364,-2.7881940940083227e-09,-1.8826781636384522e-08
1433,-1.0779456289580325,-8.024495408095525,-6.386464933420914,-10.153743095577482,-15.803158190393772,-15.375144191566733,-15.841533997174713,-15.231718107555215,-11.900821460167116,20.86388926699764,0.0059580003197461,0.0005683976078585,0.5721152759571805,74937.007492001,1579973.100633682,0.0843090749476147,0.967451361842508,0.0005679821328908017,0.0005679422463221444,4.1547496769823045e-07,4.55361536355549e-07
1434,-1.109849837853461,-6.523627758012743,-8.902482616649234,-14.306838524765746,-11.669801303383544,-15.39152117012821,-15.962050708000827,-13.992389626572502,-12.325445307434345,21.5381613195676,0.0059580001474496,0.0005613399614364,0.5793083737264433,74937.00532493406,1560354.9823543185,0.0843090749476147,0.9637231446344248,0.0005614059833244017,0.0005614137992869036,-6.602188800167424e-08,-7.383785050356015e-08
1435,-1.3308022143075526,-6.842730448471656,-7.938250589301853,-12.757604816589437,-13.486971050777605,-13.531805873498042,-15.11447311809119,-11.338607645843789,-9.290051828451722,20.41447788270663,0.0059580007778651,0.0005772904383715,0.563302230844248,74937.0132540123,1604692.4745451342,0.0843090749476147,0.960861317206826,0.0005774948239443741,0.0005774951004774976,-2.0438557287415227e-07,-2.046621059975922e-07
1436,-1.1045238211653792,-5.796954306553754,-8.264986831382508,-10.53031046130146,-14.02261937081147,-13.66841854046364,-12.448182868316742,-12.033593347846864,-13.124270510746408,20.064251208901496,0.0059580055038244,0.0005562487413986,0.584611441776862,74937.07269497057,1546202.9335106348,0.0843090749476147,0.9643781376348062,0.0005562898814531971,0.0005563026131532791,-4.11400545970381e-08,-5.387175467904456e-08
1437,-1.0818954452422656,-7.948724562681376,-8.149462178623072,-11.28063959335964,-13.93463865037304,-16.318665759866985,-16.030859788977644,-15.65671278916471,-13.462989399822066,21.452132406776737,0.0059580002056584,0.0005588603815491,0.581878686822573,74937.00605705884,1553462.5016883102,0.0843090749476147,0.9676590098469968,0.000558801977521312,0.0005588258287056897,5.840402778805112e-08,3.4552843410366914e-08
1438,-1.134242620397783,-6.647975110819693,-8.950882084369528,-13.610498895978267,-12.396348662124051,-15.833625847254824,-16.636794813201277,-10.635706585858417,-9.207925541381126,20.725941550157216,0.0059580003062328,0.0005878971494912,0.5531391901600987,74937.0073220377,1634175.9171630228,0.0843090749476147,0.9598640888409378,0.0005879652533361183,0.0005879795593790998,-6.810384491832792e-08,-8.240988789976183e-08
1439,-1.0358095199480877,-7.857739647429691,-6.6393433129703325,-9.95527367780609,-14.810600325139092,-16.66234096424146,-16.788177194187806,-13.070227025343094,-10.96269438726178,20.438182016905,0.0059580003211031,0.0005739880674931,0.5665430569048646,74937.00750906946,1595512.884265358,0.0843090749476147,0.9650096940094534,0.0005739838491491568,0.0005740054610956094,4.2183439431407385e-09,-1.7393602509468628e-08
1440,-1.2819377604774314,-7.66175851473393,-6.431682425504681,-14.3381432301641,-16.65077396545803,-13.710924076129846,-12.090921528478306,-11.57895487182269,-10.92234400525126,20.87337911579626,0.0059580003703214,0.0005809513062475,0.5597525212817939,74937.00812811422,1614868.577838104,0.0843090749476147,0.9601660122872564,0.0005811485523861286,0.000581142353350942,-1.9724613862853388e-07,-1.9104710344199517e-07
1441,-1.0423388183159643,-7.114437572082219,-8.33768446613227,-10.447526985543185,-15.039834901231012,-14.290274992704598,-15.59646973855649,-14.53901181475473,-13.717328923373463,21.03287217249823,0.0059580003116469,0.0005573079060754,0.5834996239336904,74937.00739013319,1549147.0903390264,0.0843090749476147,0.9671757878181292,0.0005574478576988052,0.0005574605938912132,-1.399516234052052e-07,-1.526878158132107e-07
1442,-1.3567808969212924,-6.932448342968716,-7.369874840320344,-14.15514733113388,-16.42646189208575,-11.77106847363267,-15.09925076542326,-15.07880844911124,-11.949649996998367,21.77102932243272,0.0059579872622492,0.0005626353370252,0.577972736251761,74936.8432607678,1563955.733936125,0.0843090749476147,0.9642670237060544,0.0005624869726390149,0.0005625075640221036,1.4836438618512447e-07,1.2777300309636808e-07
1443,-1.0967047421646117,-6.632380908287119,-7.562136208182663,-11.367133028659095,-15.653921625901024,-11.816077484066684,-12.58369019502614,-12.842788797177988,-12.68659617558399,20.44249487528864,0.005958001984819,0.0005586961864852,0.5820499556998598,74937.02843452794,1553006.0891690438,0.0843090749476147,0.9641545425392448,0.0005586038775242484,0.0005586185068646034,9.230896095158841e-08,7.76796205965817e-08
1444,-1.3045464088809209,-7.97734298513612,-8.065450741622275,-12.022661120267054,-11.568594059387326,-15.84699704124004,-12.857199078388325,-13.276038995832216,-10.958072897345334,20.47271941435653,0.0059580029090877,0.0005634796619812,0.5771089680863597,74937.04005955727,1566302.70144648,0.0843090749476147,0.963385513848247,0.0005634116963275559,0.0005634113702014621,6.79656536440405e-08,6.829177973783577e-08
1445,-1.0277602502801904,-7.607552407572488,-7.017321005430533,-14.645974831838869,-12.80357112315479,-15.813224653100187,-12.995989884885343,-15.719834303686325,-12.724578466985282,21.615754663022987,0.0059580001308098,0.0005561798075203,0.5846831086064115,74937.00511564713,1546011.3182187795,0.0843090749476147,0.965393341734043,0.0005561617772726274,0.0005561684493312457,1.8030247672597317e-08,1.1358189054328123e-08
1446,-1.0805740450667116,-7.836489717749638,-8.064249026491236,-12.648271427309751,-12.831490423396335,-12.254909165210927,-16.366357107942,-14.794525281101096,-11.946799578055332,21.243869752784207,0.0059580007546238,0.0005610107783007,0.5796483819114923,74937.01296169408,1559439.9529940304,0.0843090749476147,0.9653670410148228,0.0005607709857560146,0.000560747862198627,2.3979254468533846e-07,2.629161020730039e-07
1447,-1.1237850603887782,-7.313170580849519,-6.863977197428891,-11.449559263754423,-15.488423434476127,-13.89281982118129,-14.11312255950851,-14.428769976812989,-11.798097694616418,20.829562931922336,0.0059580005220657,0.0005605081073707,0.5801681841191144,74937.01003668492,1558042.6801398073,0.0843090749476147,0.965500727905136,0.0005604889441519682,0.000560493371112281,1.916321873179829e-08,1.4736258419035739e-08
1448,-1.29718568227626,-6.501766513270059,-7.537654109485162,-11.52098734481967,-13.252682407846912,-14.332216830851907,-15.48497965960714,-14.937136526489825,-11.3881075034701,20.840866768186807,0.0059580015419628,0.0005603756306518,0.5803054889421405,74937.02286448509,1557674.4350072949,0.0843090749476147,0.9662291544565724,0.0005604555812568892,0.0005604648234963604,-7.995060508916244e-08,-8.919284456040781e-08
1449,-1.0061693161483682,-6.579858967962853,-7.363218831243901,-10.73387005999818,-15.958320419162051,-11.96061626667086,-14.836888525183422,-14.245412674546396,-11.509143845893016,20.6443878064638,0.0059580009158493,0.0005622233098871,0.5783982936278335,74937.0149895156,1562810.4233544115,0.0843090749476147,0.965648767882548,0.0005622179116091118,0.0005622162239121917,5.398277988142262e-09,7.08597490829254e-09
1450,-1.2005951856957715,-7.423200369690459,-8.693836640793425,-14.775444826465074,-16.69671501449634,-15.93437394624971,-13.978169185827316,-11.407381703821502,-9.644068174474684,21.44161448005931,0.0059580001108847,0.0005940943632426,0.5473691677512356,74937.00486503847,1651402.2933663232,0.0843090749476147,0.9588434105396526,0.0005938065969753784,0.0005937933526967209,2.8776626722162336e-07,3.010105458791344e-07
1451,-1.0379107907808192,-6.428892151153967,-6.898019991429765,-14.040426742322715,-12.68897281992588,-12.520183555230512,-14.215575005209432,-10.70405490333573,-13.665222850897916,20.530601602162143,0.0059580003680773,0.0005619968796767,0.5786312522185156,74937.00809988954,1562181.015987662,0.0843090749476147,0.9622161976898352,0.0005620636274671958,0.0005620738690895837,-6.674779049582139e-08,-7.698941288365822e-08
1452,-1.4023356911923086,-6.2190584844398575,-8.948859254656263,-12.959080627564836,-11.42790384524573,-13.768971517207806,-13.935570676290904,-15.1477425410915,-13.36030297136549,21.1886566897507,0.0059580018343227,0.0005542681930561,0.5866998726360817,74937.02654165476,1540697.609310713,0.0843090749476147,0.9662604106043038,0.0005542552786010086,0.0005542644551764981,1.2914455091374462e-08,3.73787960186809e-09
1453,-1.0878264410357112,-8.360689764704476,-7.591614103086433,-13.397639962651606,-13.715712438453354,-17.100832844765165,-12.238499973166544,-14.400848645278591,-12.58903089889382,21.31174173640409,0.0059580004789391,0.0005590242202185,0.5817081899947016,74937.00949425845,1553917.923539128,0.0843090749476147,0.964036250345922,0.0005590110818403231,0.0005590017053304209,1.3138378176852025e-08,2.2514888079134057e-08
1454,-1.234128297978824,-8.337127712886929,-7.928670457175698,-13.768861744907635,-16.44202801109164,-15.939164273588776,-14.570158929274283,-14.101523337001463,-13.249676150580926,21.932117098294512,0.005958000397518,0.0005610957234885,0.5795605759009503,74937.00847018091,1559676.0748739603,0.0843090749476147,0.9635368611630262,0.0005609708997900114,0.0005609616213749439,1.248236984885409e-07,1.341021135560505e-07
1455,-1.1528437018778166,-7.122128397569804,-6.5367834521454125,-12.443435275946651,-14.42330258852168,-16.61371511646361,-14.1586158468747,-15.770728966336426,-11.224897304447929,21.19911855492538,0.0059580002864007,0.000561904564545,0.5787263034723177,74937.00707259822,1561924.4078969664,0.0843090749476147,0.9662171900701534,0.0005619122833387416,0.0005619039037619852,-7.718793741651707e-09,6.607830147853724e-10
1456,-1.4207817672519063,-7.682414595649067,-6.626701163532088,-14.016710961051205,-14.4205998045643,-13.510851454676022,-14.551328827409137,-13.272366618804703,-10.30335120014614,21.056898096115003,0.0059580004028976,0.0005694757346932,0.5710321639185854,74937.0085378428,1582969.966514915,0.0843090749476147,0.9622939261003248,0.0005697548452338951,0.000569761926440762,-2.791105406951431e-07,-2.8619174756200523e-07
1457,-1.0025394173202846,-8.186606788941605,-7.929980819850339,-11.639482607437088,-15.773947447091544,-15.669946685124538,-15.52307896675911,-14.897777564726184,-13.172220814374228,21.51460849000992,0.0059580005201013,0.000559332734909,0.5813873395581136,74937.0100119773,1554775.5008851269,0.0843090749476147,0.9660403592021778,0.0005592157042028253,0.0005591920713842885,1.1703070617468964e-07,1.406635247115564e-07
1458,-1.2816758737348617,-5.836824024325751,-8.8107429604999,-10.108582882495371,-12.350693318267522,-15.231854820870794,-11.916609322245016,-14.16144703765741,-13.58734333634746,20.267647393407696,0.0059580021857824,0.0005543032661301,0.5866628016044232,74937.03096215363,1540795.1018277544,0.0843090749476147,0.9671558686592264,0.0005543085335223751,0.0005543077019087664,-5.267392275175656e-09,-4.435778666470394e-09
1459,-1.4573987844270055,-7.788182420866944,-8.139303824563125,-12.20476029157288,-16.671180924848663,-13.064644328070584,-17.235200352291702,-14.662888230429107,-9.868504235233337,21.525067931667586,0.0059580007821482,0.0005754926255189,0.5650619620662551,74937.01330788436,1599695.0996305244,0.0843090749476147,0.9638378010163998,0.0005754729741854398,0.0005754851315129205,1.9651333460122232e-08,7.494005979462835e-09
1460,-1.4065785749800914,-5.694971245091191,-6.348272060380147,-10.12481733002748,-12.595990760127624,-15.366446564395668,-15.525391627643046,-11.938867983176111,-11.42829931755012,19.733325715340406,0.0059580007560005,0.0005642091266061,0.5763625128607172,74937.01297901051,1568330.3920442236,0.0843090749476147,0.9649482299609502,0.0005641110051499489,0.0005640887720951453,9.81214561511512e-08,1.2035451095470957e-07
1461,-1.1819563613564434,-7.694889778126576,-7.064838279305494,-14.179652873412603,-12.84822989056091,-16.28233575710883,-17.280110781617182,-12.693519254890164,-9.415074073272107,21.17640212230192,0.005958000258643,0.0005808605435447,0.5598399699975126,74937.00672347475,1614616.2850295769,0.0843090749476147,0.9617833261819798,0.0005807956381856937,0.0005807871404119814,6.490535900632952e-08,7.340313271857017e-08
1462,-1.3889770857600203,-8.175444032232395,-6.093981516766156,-10.226781134396706,-11.873139757544628,-15.57683722265934,-16.711055983389528,-13.20109532997458,-13.375515394923962,20.28026423689828,0.0059580024540054,0.0005644716757575,0.5760946792759849,74937.03433574067,1569060.1991211856,0.0843090749476147,0.9671703989986894,0.0005644503284275792,0.0005644338144863311,2.1347329920797832e-08,3.786127116889911e-08
1463,-1.0629381720554103,-7.004897915683794,-7.405694582343628,-10.169498314493666,-13.554775409145384,-16.37229278611221,-11.74939587439491,-11.023660741341969,-12.707923758463142,19.730845738404515,0.0059580020583118,0.0005632510846836,0.5773430454962603,74937.02935888665,1565667.3258280563,0.0843090749476147,0.9633948225283858,0.0005632302671599395,0.000563230613062243,2.0817523660519692e-08,2.0471621357083178e-08
1464,-1.263530566619946,-8.35071087634161,-8.730989813674192,-14.363031261799426,-13.377279687496292,-11.56245631823322,-16.56133481110865,-10.91146088651446,-11.668172518161471,21.16347330271697,0.0059580002861894,0.0005766836116338,0.5638949069573294,74937.00706994055,1603005.6801093158,0.0843090749476147,0.9602863052023726,0.0005766460617357345,0.0005766491119778654,3.754989806549133e-08,3.4499655934567414e-08
1465,-1.0133970728297883,-7.597792807119029,-7.653123657085455,-12.4042385796688,-11.853079902716884,-12.490374263736165,-16.242598223201206,-11.014564350417489,-10.335270863689168,20.22317547248881,0.0059580007675079,0.0005731375748241,0.5673838275767612,74937.01312374462,1593148.772381832,0.0843090749476147,0.9616347413720904,0.0005731425258689284,0.0005731402627504711,-4.9510448283480654e-09,-2.6879263710644086e-09
1466,-1.0251483894080835,-6.9354078033707225,-7.971271543044287,-10.789148388555658,-13.164247833458532,-17.23677545149301,-13.941333070251046,-12.646083439776543,-10.541715227295054,20.27559122655753,0.0059580030995897,0.0005672776208243,0.5732452152573295,74937.04245560433,1576859.8760834422,0.0843090749476147,0.9634331290996024,0.0005673521962257584,0.0005673535380398069,-7.457540145844061e-08,-7.591721550687623e-08
1467,-1.0847062275203925,-6.452129212993075,-8.700127883977373,-10.368651882418613,-12.849919758250447,-11.697012747143509,-15.509702263507716,-14.541120522212662,-10.1442273710161,20.39410797023292,0.0059580024628942,0.0005656485393261,0.5748960832127843,74937.03444753918,1572331.523201068,0.0843090749476147,0.9656089833939668,0.0005656471114499762,0.0005656588744911069,1.4278761238705265e-09,-1.0335165006908516e-08
1468,-1.015551831002848,-7.008213399357643,-6.578561181925016,-11.034457633468572,-11.436074756940725,-15.841640379829922,-16.609255325446686,-11.829118599955327,-11.45940757616324,20.045765577825208,0.0059580021227277,0.0005673867658744,0.5731348022946428,74937.03016908056,1577163.2662472478,0.0843090749476147,0.9642422748818104,0.0005673315025512417,0.0005673009597969839,5.5263323158307245e-08,8.580607741611596e-08
1469,-1.457917416665661,-6.527251462802258,-7.032464118605752,-12.081233366595567,-11.444562717442944,-14.301397426788387,-12.14983988619377,-11.493284355696664,-9.718775341897205,19.684491870353256,0.0059580008097888,0.0005682501722764,0.5722637849639621,74937.01365553401,1579563.274394869,0.0843090749476147,0.9617952360121624,0.0005681989241745441,0.0005682009713880986,5.1248101855944084e-08,4.9200888301449e-08
1470,-1.10888624815244,-7.624699119145611,-8.210980646986727,-10.642198627197356,-15.69464069851664,-13.02418101758377,-11.84347348563606,-12.308154355025,-11.36368988801034,20.234456865646504,0.0059580029762805,0.0005660467462613,0.5744917251314677,74937.04090467752,1573438.4178069436,0.0843090749476147,0.9627219942726138,0.0005659520123033809,0.0005659503034374749,9.473395791914294e-08,9.644282382512831e-08
1471,-1.21510642530808,-7.814138709523887,-7.198987726583226,-11.608142593281574,-16.28679601355041,-17.248117512495778,-14.70279390083758,-13.20704663407714,-10.943942765377331,20.976035166265607,0.0059580005955548,0.0005720778830035,0.5684347997279745,74937.01096099742,1590203.150253343,0.0843090749476147,0.9632792334601102,0.0005724047254497469,0.000572409160142935,-3.2684244624691435e-07,-3.312771394349979e-07
1472,-1.098172192797663,-7.731306945064976,-6.234266204987832,-13.431839714008682,-13.435810441790805,-14.635822770665042,-15.10464886078689,-14.770703133286691,-13.513026339730647,21.33036150220844,0.0059580009060017,0.0005546595589254,0.5862857622075041,74937.01486565628,1541785.4878266328,0.0843090749476147,0.9662476360452472,0.0005547820639128415,0.0005547634365121663,-1.2250498744148085e-07,-1.038775867662732e-07
1473,-1.2090605913634744,-7.502701651614665,-8.38463448919953,-14.2222921301568,-13.846341655526324,-17.311814798747413,-12.812040887369289,-14.586042388186778,-12.55216927392392,21.675683823330385,0.0059580004251164,0.0005594635422693,0.5812513923266771,74937.0088173002,1555139.1057065057,0.0843090749476147,0.9635392332422188,0.0005594691613223723,0.0005594711326683789,-5.619053072229013e-09,-7.590399078803017e-09
1474,-1.369899395340087,-6.44592110659331,-8.060416458676109,-12.87700215759627,-12.002800761140293,-11.566431592393528,-15.266248249688324,-12.933883710268807,-10.410974331134003,20.546712488639823,0.0059580014386757,0.0005662953067612,0.5742393447339551,74937.02156538748,1574129.3406721265,0.0843090749476147,0.9629724836096496,0.0005661805968935013,0.0005661798592545473,1.1470986769864574e-07,1.1544750665268711e-07
1475,-1.2149037012071788,-6.215056201571784,-7.043983380739241,-10.52907079781284,-16.15172323459573,-12.65421980192999,-14.188943759341988,-13.900184797923853,-10.698725771679056,20.401230360732104,0.0059580008129453,0.0005652779644689,0.5752727243795124,74937.01369523566,1571301.4373984118,0.0843090749476147,0.965045141888424,0.0005653838821158274,0.0005653893198077494,-1.0591764692733079e-07,-1.113553388493952e-07
1476,-1.4041552010578937,-6.945646534585408,-8.463792976949126,-13.936505813729136,-13.445309251372754,-17.20217889332097,-13.037446845843498,-12.925432893385176,-11.500552138156486,21.190002489270125,0.0059580007631335,0.0005666135321161,0.5739167389087441,74937.01306872591,1575013.9107224366,0.0843090749476147,0.9618321493891502,0.0005666791829809148,0.0005666895891698313,-6.565086481478272e-08,-7.605705373131804e-08
1477,-1.0100693830883682,-7.691608327760346,-7.306974363351166,-13.165018990785224,-11.71675910782728,-12.609069107985029,-16.74882553401545,-14.080502870428086,-13.38520636955364,21.15515757048481,0.0059580022174519,0.0005584520452992,0.5823044474032676,74937.03136047821,1552327.4506571284,0.0843090749476147,0.9657570218776816,0.0005582757157404271,0.0005582639510025658,1.7632955877291013e-07,1.8809429663422736e-07
1478,-1.2393957907539024,-6.302289379474288,-6.7086892926509725,-12.736394378028448,-13.32448781061217,-14.67112556374518,-14.768542565118729,-12.153651295761623,-12.861355658190227,20.59864029554534,0.005958000860946,0.0005581550165593,0.5826141285733923,74937.01429896597,1551501.8007729186,0.0843090749476147,0.9638319551665424,0.0005583298014208342,0.0005583363236141432,-1.7478486153419195e-07,-1.8130705484317115e-07
1479,-1.1933377144977348,-6.657591628848624,-8.29497618523837,-14.18324823746184,-16.212062341831768,-11.953545346540878,-15.3706775622474,-10.721878383025668,-11.315019292791078,21.09674698469584,0.0059580004816058,0.0005803858071212,0.5602979320563424,74937.0095277986,1613296.661637938,0.0843090749476147,0.9599213162972002,0.0005802564708680565,0.0005802679340111354,1.2933625314346438e-07,1.1787311006449842e-07
1480,-1.0333676422674685,-6.94632052999222,-6.862595481763927,-10.880782298286244,-12.33215059976602,-12.777620830637549,-16.82045741253279,-13.698327370469832,-13.107794172033064,20.46321746040119,0.0059580010696396,0.0005596828650566,0.5810237117666381,74937.01692381977,1555748.7565908823,0.0843090749476147,0.9670328646225984,0.0005596679987918639,0.0005596564674084588,1.4866264736053923e-08,2.6397648141170127e-08
1481,-1.1594463433833244,-8.206509113008227,-8.440751901976375,-11.49286979417576,-12.179822817480035,-14.778275502232855,-14.35228392107824,-13.612513078524,-10.129352863301817,20.56807635187474,0.0059580034958641,0.000566830031491,0.573697927485927,74937.04743976262,1575615.7133761276,0.0843090749476147,0.9635888794551324,0.0005667905308635125,0.0005667840444480805,3.950062748745396e-08,4.5987042919461325e-08
1482,-1.297037452596623,-8.098108926092225,-8.340199839727855,-11.723747060630936,-16.720524903125504,-16.442615478040775,-12.525328522883685,-10.673818476649105,-9.772393469127032,20.47629447076086,0.0059580017362597,0.0005887573872434,0.5523311932718425,74937.02530826222,1636567.117424681,0.0843090749476147,0.959616621907138,0.0005894865950263299,0.0005895541385976723,-7.292077829299535e-07,-7.967513542723754e-07
1483,-1.19647051333375,-7.02721158455781,-6.309767532220711,-11.712978390742656,-15.504240141009062,-13.305730674082175,-16.335890139562842,-13.057038375238518,-9.560704936581256,20.5708174245226,0.005958000199596,0.0005746465732653,0.5658938198984227,74937.00598080858,1597343.330756121,0.0843090749476147,0.9634861109765984,0.0005745593809989181,0.0005745772815527347,8.719226638192069e-08,6.929171256523856e-08
1484,-1.3027626540329185,-5.876566900870115,-6.441064816226671,-11.870174048590776,-15.21659540428242,-16.49245647135565,-13.10665151534219,-13.632442774295964,-10.845779616168633,20.555392218007466,0.0059580000556513,0.0005651710341507,0.5753814562356643,74937.00417033765,1571004.203518242,0.0843090749476147,0.9641909696575536,0.0005651360482309195,0.0005651359659025647,3.498591978048828e-08,3.506824813534221e-08
1485,-1.0672004050823505,-7.283767852213732,-6.677099270037539,-13.148036463609063,-12.365252019639971,-15.715888897633992,-12.746711401544662,-12.52408079425114,-10.580871541927127,20.39991588690463,0.0059580003073348,0.0005659081142494,0.5746320737749951,74937.00733589748,1573053.062825398,0.0843090749476147,0.9623877088828569,0.0005658879297220378,0.00056589492223295,2.0184527362238427e-08,1.3192016450037057e-08
1486,-1.0507252595810883,-6.962198408571132,-8.584048829196634,-13.137124475752632,-14.114624893330111,-13.762259021003455,-15.963675018322334,-13.239695567175463,-10.756357935512751,21.19842873001668,0.0059580007204372,0.0005669228566371,0.5736035922189201,74937.01253171051,1575873.7391521162,0.0843090749476147,0.962666650881134,0.000567062329200983,0.0005670643770887959,-1.3947256388301046e-07,-1.415204516958977e-07
1487,-1.1807842088493343,-6.304933038102946,-6.47211585956193,-13.169404333514873,-14.998863067927262,-12.354358022170684,-16.257456989724055,-10.571750203993364,-11.686809460186783,20.52917240041591,0.005958000264995,0.0005720149759572,0.5684972657345251,74937.00680336729,1590028.2877281602,0.0843090749476147,0.9616141004481292,0.0005719273742175126,0.0005719009657062731,8.760173968733534e-08,1.1401025092690371e-07
1488,-1.130129980126474,-7.248324663603244,-9.083010098844726,-9.89790284869499,-13.939573725805072,-13.937012517049538,-12.308420421786751,-11.074254464663117,-10.598099185759391,19.766410815940816,0.0059580041284201,0.0005696693945884,0.570838576163473,74937.05539576313,1583508.282336312,0.0843090749476147,0.9618269357771108,0.0005694131643253953,0.0005693865841387892,2.562302630047548e-07,2.828104496108456e-07
1489,-1.4469162397332045,-6.851657659309137,-7.116202583964991,-14.48634024456836,-15.947745293760256,-17.15328064357545,-12.762194500509697,-15.54487941164374,-10.552918155600528,21.75190999465132,0.0059580001550066,0.0005690826497112,0.5714265598346339,74937.00541998366,1581877.309386922,0.0843090749476147,0.9635431322776684,0.000569058946223007,0.000569049997243729,2.37034881930831e-08,3.265246747107247e-08
1490,-1.4379846953702036,-7.522527087757496,-7.867549688711202,-11.115185438202936,-13.676502659170506,-14.895563611162196,-16.35761321012625,-10.787346803090246,-13.722254553293018,20.497033986844897,0.0059580017578021,0.0005638168221654,0.57676369207739,74937.02557921267,1567239.9045844418,0.0843090749476147,0.9634926378688482,0.0005637705373052875,0.0005637792506674744,4.6284860112460156e-08,3.757149792552126e-08
1491,-1.4169117566897795,-7.134819822784113,-7.482577391053612,-12.70882446486823,-16.611559256684593,-11.685134557322526,-15.73438879766658,-14.341528517340649,-9.278760649218732,21.198433272081363,0.0059580002505467,0.0005756783857156,0.5648795519806806,74937.00662164263,1600211.4566838592,0.0843090749476147,0.9632135423063908,0.0005756622364748072,0.0005756358777113356,1.6149240792827542e-08,4.250800426442488e-08
1492,-1.2020880133105294,-5.736847584128029,-9.065361939439974,-9.921966400677231,-15.065032089546154,-14.523555554314216,-13.528324291221484,-11.227849614253191,-11.333211551534813,20.01387068373018,0.0059580086335677,0.0005678658105178,0.572652251475332,74937.11205945261,1578494.8651843206,0.0843090749476147,0.9625566514008496,0.0005674714626551141,0.0005674559124263424,3.9434786268583745e-07,4.0989809145758165e-07
1493,-1.0261097872275442,-6.5782430869721065,-6.926544697303015,-10.308386240879264,-15.875842742604338,-14.87679646422093,-12.115481142765372,-14.650676124829229,-11.65946086987942,20.416509270442933,0.0059580005937212,0.0005620894381561,0.5785360026875971,74937.0109379345,1562438.3005112114,0.0843090749476147,0.9662017399950662,0.000561894214214177,0.0005618760765849287,1.9522394192309118e-07,2.133615711713251e-07
1494,-1.2691881429266725,-5.838527278625737,-7.856090937937226,-13.661023192477796,-15.351020628099493,-12.526411128890356,-12.278794694771102,-11.888986839564623,-10.44037795213523,20.620869480825057,0.0059580002030875,0.0005737324392914,0.5667954650152152,74937.0060247226,1594802.3153310777,0.0843090749476147,0.9607282029537332,0.0005734802250389682,0.0005734821134317362,2.52214252431833e-07,2.5032585966382973e-07
1495,-1.1232232704160556,-8.036586401992425,-6.674773438516621,-12.25629332969288,-13.712536920003034,-16.096235673850387,-12.399911031928156,-12.926851360951336,-13.738369203833152,20.680054845085813,0.0059580013334117,0.0005569471180229,0.583877762788098,74937.02024142424,1548144.2088875568,0.0843090749476147,0.9646221989160648,0.0005568937184353821,0.0005568949038235931,5.339958751788068e-08,5.2214199306897455e-08
1496,-1.3939759824912967,-7.360507574851358,-8.900126882015192,-10.0666919610862,-12.566859626736116,-16.140807987039956,-12.006629341963531,-12.438527823296152,-10.394311035280836,19.934167366898187,0.0059580028748388,0.0005671778993952,0.5733459710020017,74937.0396287904,1576582.6807306854,0.0843090749476147,0.9629945052911356,0.0005671483565282301,0.0005671510307121939,2.9542866969932934e-08,2.686868300614577e-08
1497,-1.0127026872238634,-7.272605010617307,-8.492948372647476,-13.29783174483779,-14.233150455546363,-15.092289636088708,-12.129541894194489,-11.56248414209806,-13.337818425285636,20.862759268571605,0.0059580011607366,0.0005633088300379,0.577283731028353,74937.01806959516,1565827.8404137546,0.0843090749476147,0.9617344256911716,0.0005634806143268354,0.0005634835968382168,-1.7178428893542715e-07,-1.747668003168482e-07
1498,-1.29645114099566,-8.338135888500146,-6.422674677136365,-12.207860839648834,-14.64716803113996,-15.862504819499849,-14.518616869859336,-10.97804368508266,-9.81217514096756,20.32523456385181,0.0059580008258824,0.0005802889406323,0.5603915100579722,74937.01385795265,1613027.402153675,0.0843090749476147,0.9610080403070465,0.0005800461534527471,0.0005800262618567206,2.4278717955289377e-07,2.6267877557936865e-07
1499,-1.1134609646650548,-5.993012541236402,-7.501765676393231,-13.396965241146775,-12.940075602992682,-14.944620097609423,-16.26405599748398,-14.995178731675985,-13.48763281680294,21.47953404406407,0.0059580002194451,0.0005546981386118,0.5862448842454819,74937.00623046086,1541892.7276634206,0.0843090749476147,0.966521663201106,0.0005546381245163352,0.0005546406951685906,6.001409546489006e-08,5.744344320948291e-08
1500,-1.3066973572381322,-5.886615762367342,-7.874712428928747,-14.502900292053502,-12.315801457180694,-12.6907481248466,-14.000958562421012,-12.886091565960704,-10.83922599906142,20.85961922364369,0.0059579998197097,0.0005665198742038,0.5740114833433384,74937.00120277226,1574753.5701087564,0.0843090749476147,0.9620729909933036,0.0005664068457916737,0.000566419562330919,1.1302841212632031e-07,1.0031187288098414e-07
1501,-1.1076959814857807,-6.043418515507119,-8.63902677886576,-10.917973406874136,-15.975595359735085,-14.391227857653174,-13.752247057751418,-14.263344424742703,-10.886525035462128,20.81644361480444,0.0059580012870811,0.0005639551194823,0.5766221854106206,74937.01965869906,1567624.329215228,0.0843090749476147,0.964525220864281,0.0005638860907677178,0.0005638892685661096,6.902871458225497e-08,6.585091619042138e-08
1502,-1.2732513542946786,-7.010939695376701,-6.968095165370447,-12.77422391471886,-12.318806620979682,-15.511210824762324,-13.803907791326123,-13.813378004472382,-11.684236386549928,20.726550504894853,0.0059580003964461,0.000558905016712,0.5818322448881383,74937.00845669933,1553586.5739148597,0.0843090749476147,0.9644927184093156,0.0005588656215542137,0.0005588587961574175,3.939515778633891e-08,4.62205545824837e-08
1503,-1.047816336257051,-6.768670102697858,-6.657680586166252,-11.7691439513779,-12.006637442224736,-15.363886523296063,-14.583679019020426,-15.040346219153095,-9.811192625865242,20.501797647799496,0.0059579982889687,0.0005654476924586,0.5750996818097026,74936.98194981088,1571773.2297747408,0.0843090749476147,0.9658017197068872,0.0005653778311271104,0.000565376360364086,6.986133148953293e-08,7.133209451392307e-08
1504,-1.0216640616204389,-7.414136502809391,-8.040252972249375,-12.270430193785728,-16.480076067602724,-16.863736413782746,-16.090224283891402,-10.99447070522978,-12.634952687490154,21.111075855126145,0.0059580007517127,0.0005740743631405,0.5664579547841534,74937.01292507978,1595752.7600138856,0.0843090749476147,0.961723930756027,0.0005742316734075933,0.000574214042089428,-1.5731026709324587e-07,-1.3967894892791526e-07
1505,-1.0638879283613036,-6.144616127448819,-7.636490722609615,-14.029356644803164,-13.1652390406174,-14.24185550400794,-13.06124470792199,-15.80110286401311,-12.75602216606221,21.4397644489616,0.0059580003528391,0.0005538585638376,0.5871335720250964,74937.00790822935,1539558.964218875,0.0843090749476147,0.9659875107872684,0.0005538399316033574,0.0005538472989691668,1.86322342426732e-08,1.1264868433240663e-08
1506,-1.248647704420694,-6.603356019494486,-7.049850216386992,-11.740714261542193,-11.899961795970622,-16.91561745320962,-15.159664187336013,-10.744960300377624,-9.96812588050009,19.937892431638254,0.0059580004270366,0.0005749670400027,0.5655784426455954,74937.0088414525,1598234.1311707254,0.0843090749476147,0.9617377317323572,0.0005750482570598527,0.0005750615381197098,-8.121705715271633e-08,-9.44981170098412e-08
1507,-1.2211261196190293,-6.203465104084886,-7.2124147581584355,-11.83375234285585,-11.834649102466347,-15.21213673646802,-13.463237496116909,-13.469460516455772,-12.136626239326418,20.34683122304093,0.0059580007439337,0.0005563754556869,0.584477596338676,74937.01282723912,1546555.1608321185,0.0843090749476147,0.9651805682492788,0.0005563030020544814,0.0005563024064731778,7.245363241857074e-08,7.304921372224688e-08
1508,-1.238948605434131,-7.673507794037178,-8.430080599346597,-10.496072794918486,-15.300943748320956,-12.8818475471139,-15.766435977257805,-13.884634066456645,-13.080244093717967,20.9370919713752,0.005958000041744,0.0005596303906221,0.5810780417978183,74937.00399541811,1555602.8935649295,0.0843090749476147,0.9658584879646815,0.0005596711350285367,0.0005596990036511111,-4.074440643675372e-08,-6.861302901111244e-08
1509,-1.2068659463286275,-7.89098886361111,-6.683347938835937,-11.6233978951463,-16.692902315970535,-16.62034698464469,-14.486272683070364,-10.68482063811797,-12.280553410370509,20.57291349795175,0.0059580010674016,0.0005758734740926,0.564688304139247,74937.0168956706,1600753.7432518576,0.0843090749476147,0.9617959802922408,0.0005765818843478156,0.0005765908608176666,-7.084102552156303e-07,-7.173867250665888e-07
1510,-0.9845598327691928,-6.18330912113493,-8.479957227207498,-12.790950589507576,-12.46226476296431,-12.728924875582834,-15.82741733450148,-12.253977371109343,-12.168191825362332,20.72593565046111,0.0059580009193059,0.0005612247923621,0.5794273663336645,74937.01503299127,1560034.847228967,0.0843090749476147,0.9631733542836958,0.0005611549262535256,0.000561148489510393,6.98661085744021e-08,7.630285170704115e-08
1511,-1.241326355396374,-6.134516548063205,-6.219606174147763,-10.463228438766642,-13.752635010951304,-14.101659612901155,-14.079393209778004,-10.974015252778631,-9.840189753206843,19.491143073219604,0.0059580009338051,0.0005705442094194,0.5699628515684417,74937.01521535542,1585940.002459484,0.0843090749476147,0.9626594515033432,0.0005700146286962372,0.000570019419843135,5.295807231627892e-07,5.247895762649493e-07
1512,-1.354628975294656,-5.80547737323323,-7.560372053869582,-10.96537439906752,-11.222321107154809,-15.135506759212891,-13.575889868867238,-15.480990122387556,-11.872528881649894,20.414679583377,0.0059580049252029,0.0005582861547964,0.5824778718401936,74937.06541733413,1551866.3253315955,0.0843090749476147,0.9678158109770734,0.0005582695594472807,0.0005582623533748338,1.6595349119322318e-08,2.3801421566299608e-08
1513,-1.3061112661874772,-6.670706532118652,-7.754218681190306,-10.007172080191005,-12.66202073880114,-14.48091100866356,-16.982409035273484,-14.773782518853118,-11.927987802311913,20.57408614003588,0.0059580005678641,0.000565377181665,0.575171735140029,74937.01061271579,1571577.2311364925,0.0843090749476147,0.9675281893481136,0.0005655250018697251,0.0005655416444046863,-1.478202047250311e-07,-1.6446273968628421e-07
1514,-1.1704664528529465,-6.116884384019467,-8.88938162324648,-13.359269331444038,-15.706344512248526,-13.35696104280203,-14.824922051115308,-12.658923778568743,-10.066213420133078,21.13989630188785,0.0059580006967392,0.0005739933661791,0.5665378805727225,74937.01223364878,1595527.613006692,0.0843090749476147,0.961331935769076,0.0005739605692875302,0.0005739785899863088,3.279689156983779e-08,1.4776192791251044e-08
1515,-1.1844203273064606,-6.864482479392805,-8.809313577859541,-11.55331877231838,-12.267658565951924,-14.813719238588298,-11.742565571109155,-13.686022719384493,-12.971428865994456,20.52638060275504,0.0059580033207317,0.0005551556341609,0.5857622258604717,74937.04523702778,1543164.4266486992,0.0843090749476147,0.9649460131119508,0.000555116587267785,0.0005551113594098244,3.904689311500561e-08,4.427475107555718e-08
1516,-1.3181208934979147,-7.869139370771431,-6.215995090555494,-12.529951627292997,-13.725717620648474,-12.115257633071865,-17.45441506311128,-14.14091278944581,-12.76304151796683,21.09065920517492,0.0059580004488343,0.0005615589140535,0.5790825445090408,74937.0091156134,1560963.60427776,0.0843090749476147,0.965970930315046,0.0005614689872963619,0.000561461525021588,8.992675713803688e-08,9.738903191194598e-08
1517,-1.3402645800926145,-7.418581675083431,-8.310140875485729,-10.111589494068236,-12.024916591790298,-11.856103921377434,-11.92293236182728,-13.802621692862292,-9.848989134627264,19.79243264631612,0.0059580082003563,0.0005636035800241,0.5769828492710888,74937.10661071852,1566647.156053248,0.0843090749476147,0.9645043785888104,0.0005635700541035051,0.000563571918386736,3.3525920594920135e-08,3.166163736398331e-08
1518,-1.473633918837879,-7.974144731683532,-8.009309176732785,-10.304726243965629,-13.9943188783519,-13.125247340669157,-14.262509147745916,-11.076410492632666,-9.87977724219438,19.880415120161143,0.0059580029812452,0.000573474713873,0.567050585325742,74937.04096712149,1594085.9167698806,0.0843090749476147,0.9617971308289952,0.000573405842121136,0.0005734027662528568,6.887175186404138e-08,7.194762014319563e-08
1519,-1.140193254614632,-6.110476769620695,-9.053221606144325,-11.1799713270168,-12.254874085713444,-12.857398944448036,-16.450978707942173,-15.382517458925143,-10.816614764407966,20.88429542738718,0.0059580057677783,0.0005651563464677,0.5753972371328855,74937.07601486317,1570963.3762106171,0.0843090749476147,0.9663641283859428,0.0005651038642029327,0.0005651035579595956,5.248226476735167e-08,5.2788508104464546e-08
1520,-1.196771654393374,-6.885256335176033,-6.8662608904559495,-10.735979676033462,-11.352723499657142,-13.908096540214366,-13.36790891887241,-14.452778369765824,-10.835448110280463,20.023200463563384,0.0059580032536552,0.0005601615515571,0.5805275166950578,74937.04439336981,1557079.3599992872,0.0843090749476147,0.9663294206858608,0.0005602424404442806,0.000560247741604124,-8.088888718061661e-08,-8.619004702396099e-08
1521,-1.3682955928654963,-7.253189595061782,-7.540626319966328,-14.345073864388524,-15.362787423033865,-12.358127069939489,-15.030557702834852,-11.769973893231764,-11.512403940872836,21.167683399719813,0.0059580002969677,0.0005723072611792,0.5682069309035571,74937.00720550508,1590840.752070316,0.0843090749476147,0.9609952401247016,0.0005722597630717727,0.0005722573066252544,4.749810742724764e-08,4.995455394555658e-08
1522,-1.3373336208269972,-6.183789553019016,-8.54673550655846,-10.996713405482472,-14.464754969003012,-11.794640016255896,-15.945654267033676,-13.98450292187387,-12.298897989885631,20.81412779323767,0.0059580016489102,0.0005589761102931,0.5817584277831699,74937.02420962033,1553784.1925257111,0.0843090749476147,0.9656256071158676,0.0005589967699701927,0.0005590051937935636,-2.065967709267199e-08,-2.908350046351097e-08
1523,-1.0428538430290688,-6.7972293338677625,-6.397323773473389,-12.330994785334534,-12.900341646624096,-13.00650721123517,-14.909867471411564,-12.259560966051843,-13.192941629269452,20.41411472942459,0.0059580004216733,0.0005561820652797,0.5846807779654464,74937.00877399459,1546017.5941057364,0.0843090749476147,0.9646085926095934,0.0005563282838978247,0.000556330116563098,-1.462186181247103e-07,-1.480512833980461e-07
1524,-1.0082223004436863,-8.198035693904183,-9.078048997085348,-11.965177380631957,-11.694546096172967,-12.438501778266913,-14.881473097042,-11.72331242304493,-10.900050329244396,20.381039213216926,0.005958002331857,0.0005686508089532,0.5718608219412573,74937.03279941334,1580676.9229460978,0.0843090749476147,0.9619442393004436,0.000568671701123564,0.0005686748534088342,-2.0892170364051645e-08,-2.4044455634213494e-08
1525,-1.295101783694783,-7.3202462109185475,-6.938145744012957,-12.938078993183966,-11.842099613632511,-16.222256100434606,-14.65197186257891,-13.37621384823786,-10.241550727820286,20.65887819842524,0.0059580003924473,0.0005671436490063,0.5733802376085213,74937.0084064043,1576487.475028902,0.0843090749476147,0.9633678300233954,0.0005671275257216,0.000567136362191069,1.6123284699975232e-08,7.28681523096391e-09
1526,-0.997528129260754,-5.966960340562837,-8.822620621136487,-14.768175506579142,-14.028951382648858,-12.821819497690576,-11.98890464195956,-11.955066585640887,-10.655343389986628,20.883388187887977,0.0059580004362204,0.0005754773216895,0.5650769397036144,74937.00895696234,1599652.559622577,0.0843090749476147,0.9600668670987632,0.0005753905338851641,0.0005753691348943962,8.678780433592562e-08,1.0818679510387307e-07
1527,-1.02553303362087,-7.877226217724783,-6.12844604633402,-10.189666732194793,-16.43232016373963,-15.578932836626583,-15.77131329334063,-14.276059561980556,-9.39004869296883,20.54964594966586,0.0059580000039444,0.0005793179808889,0.5613306321333492,74937.00351999141,1610328.428309877,0.0843090749476147,0.9651080783141466,0.0005794584561834834,0.0005794514637499674,-1.4047529458334918e-07,-1.3348286106735358e-07
1528,-1.4104934159294902,-5.652047139464887,-7.381215038717357,-11.685223494109255,-13.960749014592093,-13.456327069364043,-15.940537528061355,-15.091878752338426,-11.165403773020094,20.889293831582684,0.0059580005984725,0.0005613021192015,0.5793474957040233,74937.01099769404,1560249.7924092684,0.0843090749476147,0.9663416993842188,0.0005613654778563294,0.0005613592542858478,-6.335865482937596e-08,-5.713508434781762e-08
1529,-1.3399350821420652,-6.316343670238291,-8.940287726453331,-10.936828500920416,-11.712219084316706,-12.933980923465889,-12.97967774985105,-12.110789669870789,-10.035949182824474,19.832798881351334,0.0059580012529859,0.0005653580603336,0.5751912875994235,74937.01922986537,1571524.079629759,0.0843090749476147,0.9626268722749678,0.0005654527107834311,0.0005654597858806871,-9.465044983111154e-08,-1.0172554708710955e-07
1530,-1.277359814067028,-7.331428448193775,-8.12623394314919,-14.631429301449424,-16.16655756209298,-13.902813476268683,-16.050764163011007,-12.712488246053638,-10.663608538947836,21.67752860473248,0.0059580001195896,0.0005770405459502,0.5635460803728775,74937.0049745244,1603997.8493423653,0.0843090749476147,0.9610469484495612,0.0005769526118529282,0.0005769580018511744,8.793409727182299e-08,8.254409902559018e-08
1531,-1.0782059894154306,-6.581624971673783,-8.461714896712849,-10.2345014226723,-11.313358906422993,-14.936586747554252,-16.777013965199746,-15.029104976922383,-12.85737020251227,20.685472270831884,0.0059580013721228,0.0005634774862062,0.5771109731840678,74937.0207283151,1566296.653451407,0.0843090749476147,0.9681876954785764,0.000563842438737561,0.0005638703194064471,-3.649525313609552e-07,-3.928332002470702e-07
1532,-1.4392461964587773,-7.278631472041455,-7.13730646000333,-12.692641818768497,-13.786689430860704,-14.09406607957229,-16.328734471877425,-11.617480936817138,-10.458643095494534,20.627654631161853,0.0059580006725314,0.000572578445668,0.5679378705508271,74937.01192917384,1591594.562768432,0.0843090749476147,0.9619266018641304,0.000572755589257071,0.0005727616352714924,-1.7714358907093986e-07,-1.8318960349236572e-07
1533,-1.2000247318960002,-6.876083988990625,-6.181398949453586,-13.159818202171213,-13.519743497513934,-11.582072432744646,-13.4405696262949,-12.224879877088805,-12.422411192677096,20.40230966880428,0.0059580004528761,0.0005590935502513,0.5816360518316854,74937.00916644992,1554110.6400202492,0.0843090749476147,0.9633421055741012,0.0005592657990723628,0.0005592630684202397,-1.7224882106281827e-07,-1.695181689396726e-07
1534,-1.1737623600269962,-7.550144723748517,-8.193382595938274,-13.61542231829135,-13.613167032938083,-16.097631177701643,-13.913857917303137,-13.761247309558165,-13.475750839429356,21.45605047135324,0.0059580003074403,0.0005560179584957,0.5848533276616272,74937.00733722394,1545561.4269778812,0.0843090749476147,0.963993096203846,0.0005560287800211178,0.0005560251284618264,-1.0821525417729558e-08,-7.1699661263529765e-09
1535,-1.1940928524848693,-8.144177686800226,-8.249479358366148,-13.263807696088053,-15.68832910442585,-13.66017214041458,-12.27254796021211,-12.082407412002848,-13.630987138885525,21.11624197539472,0.0059580009112375,0.0005635411586854,0.5770457005439014,74937.01493150946,1566473.6436480314,0.0843090749476147,0.9620352557297096,0.0005635431645781903,0.0005635275203663428,-2.0058927903019927e-09,1.3638319057212786e-08
1536,-0.99284783918385,-6.7811154745430535,-7.773802858372066,-11.0489584258891,-12.659767988096068,-16.99608001717108,-12.50062981074035,-13.501762749337503,-13.746746162194452,20.476024890151194,0.0059580031217786,0.0005551225554637,0.5857971009753463,74937.04273468636,1543072.4778950005,0.0843090749476147,0.9660549237579448,0.0005551495611462165,0.0005551338150161457,-2.7005682516514744e-08,-1.1259552445681657e-08
1537,-0.9995214332522652,-7.591274724338101,-7.689670693689208,-11.2203669151213,-11.32042935023313,-15.080046105802994,-17.184662402431606,-11.415471899654744,-10.50508272082244,20.161145848779487,0.0059580032280509,0.0005739339516022,0.5665968905819779,74937.04407133114,1595362.4584881987,0.0843090749476147,0.962825515895654,0.000573864803281719,0.0005738584120513142,6.914832048100783e-08,7.553955088583728e-08
1538,-1.2892466575365351,-6.198752767482011,-9.057779990874346,-10.405633783132547,-13.570232968129066,-16.387762414358235,-17.267118643611973,-13.47221887048471,-13.371275726880896,20.94439307237641,0.0059580006350805,0.0005622729905154,0.5783471473381504,74937.01145813316,1562948.5204455978,0.0843090749476147,0.9660788127621736,0.0005623339393980621,0.0005623552175864977,-6.094888266208309e-08,-8.222707109770046e-08
1539,-1.367691164225634,-6.337975689139844,-6.225826884357019,-11.233853661432269,-11.46637880814238,-16.129691524898735,-13.8768848270154,-11.727526618664603,-9.886531582482489,19.641158502308155,0.0059580009066297,0.0005679988685215,0.5725169896344247,74937.01487355569,1578864.7261123725,0.0843090749476147,0.9631466691662156,0.0005679684367857071,0.0005679613102224382,3.0431735792879784e-08,3.755829906175283e-08
1540,-1.3098238675089775,-7.958720777346627,-6.67094835172998,-10.507838423970217,-16.400605440744517,-13.634768650993212,-11.702831227681006,-15.329181285289796,-9.98628232540739,20.49256091408662,0.0059580010028712,0.0005692717238996,0.5712368918895306,74937.01608403711,1582402.8783329532,0.0843090749476147,0.9654957869892702,0.0005693851484867667,0.0005693766570044745,-1.1342458716668505e-07,-1.0493310487452029e-07
1541,-1.3629513147655483,-5.79183477689787,-8.966300728248397,-14.591377398892776,-11.941442385014556,-16.987781188802593,-15.226219124506365,-14.981544160505152,-10.187011434919755,21.6095983557062,0.0059580003071613,0.0005691949605595,0.57131383054299,74937.00733371482,1582189.4995100338,0.0843090749476147,0.963391805667079,0.0005691678899377813,0.0005691814759070047,2.7070621718642413e-08,1.348465249531583e-08
1542,-0.9952938831107424,-8.2529802784438,-8.229492689925086,-12.668369299902984,-15.155278874503498,-15.321406842154277,-17.17313104657803,-14.546853920206972,-10.203424634109089,21.603781729795124,0.005958000330884,0.000572061581466,0.5684509600379686,74937.00763208883,1590157.8369192958,0.0843090749476147,0.9637292098288526,0.0005722199940795853,0.0005722262667916326,-1.584126135852201e-07,-1.6468532563259503e-07
1543,-1.0316700343398155,-6.836628479578286,-6.227264955174926,-13.997972146031032,-11.460014068127936,-15.12438758696441,-12.534436533534802,-11.70462465556803,-11.398779150418658,20.275463783905234,0.0059580003132607,0.0005657061786458,0.5748371964415407,74937.00741043076,1572491.7430425505,0.0843090749476147,0.9619532227850424,0.0005655995568610809,0.0005655649596663218,1.0662178471913288e-07,1.4121897947815681e-07
1544,-1.1925833741816083,-7.658212037869669,-8.074449075101324,-14.254170000534158,-11.252068529965133,-15.443832572912914,-14.412268813176455,-11.1834906657172,-11.609835127394428,20.76522180989868,0.0059580011790841,0.0005716796431086,0.5688308627877483,74937.01830036192,1589096.1640294136,0.0843090749476147,0.9608693187912656,0.0005716243414199064,0.000571632917420257,5.530168869355683e-08,4.6725688342933065e-08
1545,-0.9902455746995916,-8.05083032819583,-6.9908684255310405,-13.94453090427694,-14.749449850500117,-15.058893870565784,-16.62892076258839,-11.514383397300502,-10.518024138432876,21.117751020565272,0.0059580003249078,0.0005786946956693,0.5619352607333419,74937.00755692313,1608595.8842821042,0.0843090749476147,0.9609857168368612,0.0005788899757451407,0.0005788902166286579,-1.9528007584070084e-07,-1.9552095935793535e-07
1546,-1.3679903894998633,-7.0026359046186695,-8.641881371042537,-13.00814640030524,-16.42791369794757,-14.371029559061686,-13.262008584001023,-13.91246606198938,-11.05403560975812,21.36400251923009,0.0059580004489665,0.0005671061963325,0.5734181127902548,74937.00911727638,1576383.367945507,0.0843090749476147,0.9625574893574876,0.0005670738553840056,0.0005670639592562542,3.2340948494442336e-08,4.2237076245798394e-08
1547,-1.3807979295640758,-7.863035547185073,-8.327488429654743,-11.405379219536783,-13.383323686125394,-13.022204294914834,-13.491618953449944,-12.343338518725233,-13.087988488018867,20.49561348921517,0.0059580031148767,0.0005576105565699,0.5831833333859086,74937.0426478782,1549988.3669976173,0.0843090749476147,0.9638318017507908,0.0005576508490518728,0.0005576490473774657,-4.0292481972756776e-08,-3.849080756565277e-08
1548,-1.3124089837409842,-7.649808333414436,-6.301275117489466,-12.420142921970028,-14.289404937006545,-15.050268662134789,-16.48586227416147,-13.3923192079652,-10.208673189663598,20.855859091839463,0.0059580006850294,0.0005709346205788,0.56957306924133,74937.01208636766,1587025.227170992,0.0843090749476147,0.9637254329554976,0.000571037802748207,0.0005710389297575533,-1.031821694070503e-07,-1.0430917875335708e-07
1549,-0.9915232535219723,-7.2313434349538115,-8.395248133354578,-12.155895030674962,-11.720339207617986,-17.277365159359736,-13.666395694635249,-14.823317443173623,-11.0509688698865,20.91477226259408,0.0059580024007125,0.0005622241467028,0.5783976489623821,74937.03366544671,1562812.7494482622,0.0843090749476147,0.964939707431048,0.0005621848298229874,0.0005621825371451734,3.931687981260923e-08,4.1609557626591347e-08
1550,-1.289862281603059,-6.460780636570113,-8.335281788978948,-12.473643667746243,-14.08997037229013,-16.89727514634302,-15.39363086661788,-13.677702178836617,-11.811525569601882,21.212850573902777,0.0059580011699019,0.0005622603937125,0.5783601824213691,74937.01818487314,1562913.505150958,0.0843090749476147,0.9639724862187632,0.0005622627950963499,0.0005622705515047857,-2.4013838499084214e-09,-1.0157792285688666e-08
1551,-1.444980696948269,-6.75224071528875,-7.499501390748158,-12.9152184378138,-11.553399499090409,-15.781218101893684,-14.259902686798004,-13.565348446665134,-12.497629322271823,20.813080488927504,0.0059580015908098,0.000557688971349,0.5831011101925458,74937.02347885972,1550206.336320344,0.0843090749476147,0.964611311951445,0.0005576475694923179,0.0005576543350121694,4.140185668214877e-08,3.46363368306608e-08
1552,-1.4042066144425855,-6.129320200216633,-8.729439202833062,-9.988373657603304,-12.037144622358207,-13.744379392228792,-15.967894390253846,-11.619754469273476,-11.961602190444111,19.97963703981923,0.0059580149710552,0.0005636760065734,0.5769096963313264,74937.19176947657,1566848.479912016,0.0843090749476147,0.9641460059033624,0.0005637654751628015,0.0005637658697775099,-8.946858940153939e-08,-8.986320410996236e-08
1553,-1.3378037725304388,-5.91028229528905,-7.688879007284314,-14.36871925688896,-12.763531304445769,-14.321196183177644,-13.44617172155786,-13.270800974851907,-11.05210052373944,20.96013791806175,0.005958000366555,0.0005639182288836,0.5766597734381005,74937.0080807418,1567521.784530213,0.0843090749476147,0.9624725980434268,0.0005640149709760208,0.000564017359653035,-9.674209242081875e-08,-9.913076943503501e-08
1554,-1.0595081484269664,-5.93979470169174,-8.19232579526089,-12.845481047759934,-15.290137589275114,-16.339502976818867,-16.299569852131604,-13.725299724436212,-11.999967679616828,21.451617461746213,0.0059580005463334,0.0005633679186528,0.5772230935722591,74937.01034191261,1565992.0888566133,0.0843090749476147,0.9639890639524878,0.0005632392844649085,0.0005632419095116954,1.286341878915017e-07,1.2600914110468073e-07
1555,-1.1877024569277952,-6.082019750542401,-7.402382807677389,-9.979347079530095,-16.18915105049013,-14.912401994605936,-14.15589057121279,-11.202477892956242,-11.889577065994846,20.03822168881473,0.0059580003144526,0.0005689531245733,0.571556671006664,74937.00742542266,1581517.268755265,0.0843090749476147,0.9632433835430092,0.0005691596589020283,0.0005691901608156351,-2.065343287282811e-07,-2.3703624233513323e-07
1556,-1.1938981518723182,-8.343473134230594,-8.105225277694407,-12.58773291823763,-14.958920434571873,-16.42842853491245,-13.255293600909038,-13.793147664517802,-12.29405657532814,21.277186118928192,0.0059580008659379,0.000561555057729,0.5790865820091878,74937.01436175256,1560952.8848642274,0.0843090749476147,0.963506191539182,0.0005614609158394545,0.0005614590206971848,9.41418895455395e-08,9.603703181521647e-08
1557,-1.1072556406392453,-7.121712758521334,-6.808162426269934,-11.29772785711374,-13.209431675821577,-11.703441722537145,-12.972975696288692,-14.964702742227008,-11.534010871971368,20.37600901747384,0.005958001824053,0.0005573183239301,0.5834889388496688,74937.02641248622,1549176.048818054,0.0843090749476147,0.9665228312034506,0.0005572939057342353,0.0005572882430120741,2.441819586470901e-08,3.008091802589926e-08
1558,-1.3613530122973951,-8.055642012308748,-8.093038300294783,-10.236613065340254,-16.087572821198677,-16.086800813585267,-17.093068801545787,-13.637451960848017,-10.327574722112946,20.94570935236625,0.0059580003111171,0.0005777780511003,0.5628267687697651,74937.00738346936,1606047.8901634952,0.0843090749476147,0.964240654575937,0.0005776742039891557,0.0005776593523022014,1.0384711114435567e-07,1.1869879809861105e-07
1559,-1.261909037641631,-7.58388887727966,-7.8234055831206675,-13.29445481210374,-12.491694302635846,-15.694809133256816,-15.38403197697721,-10.968548402009354,-13.011999389229628,20.80797138149952,0.0059580006450848,0.000565401716144,0.5751467878921315,74937.01158396262,1571645.4295531071,0.0843090749476147,0.9619972664252904,0.0005653727332859406,0.0005653603120545801,2.8982858059378204e-08,4.140408941990647e-08
1560,-1.4257398618789567,-5.739430764014237,-8.217443781485358,-13.487640274084503,-13.055329912338117,-15.704005668416167,-12.592176705344151,-15.198071554814662,-10.336915585779622,21.1037032494902,0.0059580003236507,0.0005625436950928,0.5780687925750561,74937.00754111202,1563700.9971355577,0.0843090749476147,0.964127701113286,0.0005625508191143194,0.0005625227411403102,-7.124021519401558e-09,2.0953952489799477e-08
1561,-1.1583037697170826,-6.003718371187309,-8.39215629480159,-12.981981288082126,-11.960003888764737,-11.96539864358699,-12.218019403334711,-13.447993675861026,-12.954589401628848,20.58171090900124,0.0059580019109728,0.0005551041221295,0.5858163749534487,74937.02750572366,1543021.2388118142,0.0843090749476147,0.9643348000246844,0.0005550348443285427,0.0005550370928296129,6.927780095737027e-08,6.702929988714e-08
1562,-1.3618676135310197,-7.166977074362426,-6.642863607236384,-12.43632864993616,-13.775038701408477,-17.055036587953786,-13.052180860433086,-11.965846418708184,-12.418565679770383,20.513069069918004,0.0059580005394296,0.0005631485209441,0.5774479736069686,74937.01025507989,1565382.2297134155,0.0843090749476147,0.9629955868106116,0.0005633001782953004,0.0005633185171896622,-1.516573512003747e-07,-1.6999624556223326e-07
1563,-1.0032182512072458,-6.521279559564866,-6.914708003915623,-11.17231838447326,-13.610329556509312,-17.260183123029748,-15.613538111587651,-15.332059726724356,-11.488408306998094,20.899685407894868,0.0059580016215187,0.0005638788040867,0.5767002740537805,74937.02386510232,1567412.1955423008,0.0843090749476147,0.9670503654186696,0.0005639086538245319,0.0005639323802567983,-2.984973783187912e-08,-5.3576170098361235e-08
1564,-1.4370720913860295,-5.88915612338375,-6.319815649514549,-13.744856652527163,-14.892632414939651,-16.821234616575353,-14.75369692608569,-13.980018337471424,-10.123208404543208,21.13880837575351,0.0059580002284753,0.0005702874026848,0.5702194108970838,74937.006344039,1585226.157560936,0.0843090749476147,0.96336158834059,0.0005703704107979037,0.0005703557051084064,-8.300811310361922e-08,-6.830242360632635e-08
1565,-1.275822608945652,-7.22559716720256,-8.472057650899842,-14.609011067130313,-11.934033651771,-11.93023197247786,-11.977003363179314,-12.519873150757109,-9.624825929719758,20.63709054816695,0.0059580004631272,0.0005767806726878,0.5638000394441112,74937.00929538302,1603275.480425853,0.0843090749476147,0.9604099633944538,0.0005765361631920222,0.000576505254093188,2.4450949577786273e-07,2.7541859461209083e-07
1566,-1.4613218914527517,-6.227009090406925,-8.983943854320968,-12.990957586092383,-16.683917525465912,-16.818339458768598,-13.380282382865005,-11.264704276062782,-13.134507833826005,21.20026393145585,0.0059580006466328,0.0005717380355443,0.568772691021155,74937.01160343301,1589258.4773052856,0.0843090749476147,0.9611668678750246,0.0005720325343375786,0.0005721156857587146,-2.944987932785659e-07,-3.776502144145098e-07
1567,-1.4435356360177678,-7.78602073834249,-7.573622880767705,-12.380283589266297,-12.738162824923345,-12.081728840947749,-11.675933577469351,-15.460478010226076,-13.654884488157904,20.893109539136727,0.0059580007616341,0.0005540073393213,0.5869759610933294,74937.01304986705,1539972.5149779627,0.0843090749476147,0.9670373256190962,0.0005537091731174924,0.0005537165034131934,2.9816620380758267e-07,2.9083590810663473e-07
1568,-1.460745899098789,-6.455423044154239,-8.656846145853933,-10.561148982960898,-11.713007570670346,-13.286441269410725,-16.378288942263,-13.933837899535447,-10.339510156036596,20.384088983010194,0.0059580066388375,0.0005676643775422,0.5728551666876323,74937.08697064774,1577934.942555142,0.0843090749476147,0.9651903812065348,0.0005677246244987112,0.0005677272637305264,-6.024695651119915e-08,-6.288618832638905e-08
1569,-1.0571839757595742,-6.292822914929358,-7.330471285678008,-12.962715655961007,-14.084581737477007,-13.169797436962828,-14.421613157688675,-10.946161305291838,-9.387395051693677,20.25254663193087,0.0059580005663716,0.0005774096317516,0.5631859196359333,74937.01059394429,1605023.796021086,0.0843090749476147,0.96060774986282,0.0005776273910055555,0.0005776306774218724,-2.17759253955444e-07,-2.2104567027237017e-07
1570,-1.2406472633762644,-6.57326769851123,-6.187624915275811,-10.474383006726235,-15.57081351776696,-14.086820060606131,-15.823921444507834,-10.926700546468629,-11.509867533158284,19.99382441007115,0.0059580004006569,0.0005713477593739,0.5691611729674234,74937.0085096609,1588173.6278222266,0.0843090749476147,0.963254686955914,0.000571148412845464,0.0005711397635408202,1.993465284359265e-07,2.0799583307974136e-07
1571,-1.133288802295357,-7.648818831804368,-6.11682880045773,-14.680617555438314,-12.8853612581255,-12.835880280360112,-15.552769597925778,-14.720572611536822,-13.10137757727916,21.47208056261213,0.0059580005047872,0.0005574823311759,0.5833170869053304,74937.00981936415,1549631.9392600777,0.0843090749476147,0.9653619125795024,0.0005573410939483438,0.0005573317786943196,1.412372275561187e-07,1.5055248158031814e-07
1572,-1.069064966592145,-6.247219689010758,-7.487792139852203,-10.58553953239034,-16.13078928621542,-16.026693704317843,-12.21464995404769,-13.127045893141188,-9.39990166708767,20.21248044053501,0.0059580017512799,0.0005737290148624,0.5667990689846625,74937.02549717981,1594792.7964562674,0.0843090749476147,0.9630131440966956,0.0005740622789803539,0.0005740834118894377,-3.332641179538921e-07,-3.543970270377013e-07
1573,-1.4053114867445966,-5.600817604098954,-7.457617845449285,-13.4230819369304,-13.683252013343932,-16.07721708814095,-11.88096201067675,-10.88414004125726,-9.86411077378741,20.210076334589232,0.0059580008343184,0.0005782730552087,0.5623450608193966,74937.01396405672,1607423.8515769783,0.0843090749476147,0.9601120437857396,0.000578233436518744,0.0005782129477479794,3.961868995600113e-08,6.01074607206294e-08
1574,-1.2840834992163692,-7.6903347101265425,-8.47587579169814,-11.363230701101712,-15.979768520065148,-13.365809869642238,-15.459762130809782,-12.036029429737823,-10.569344091840968,20.742436250775143,0.005958002188254,0.0005733694380528,0.5671545877175745,74937.03099324102,1593793.2818931153,0.0843090749476147,0.962024181516511,0.0005732371596047527,0.0005732231095604836,1.3227844804729848e-07,1.4632849231637803e-07
1575,-1.3605159373363895,-7.050510076256144,-7.799128048434329,-10.091870546626218,-12.392207255220375,-14.034606220701152,-11.68912454227294,-10.759470771396549,-11.489022829681106,19.410305861144728,0.0059580061444811,0.000563877835737,0.5767019211198303,74937.0807528583,1567409.5038236743,0.0843090749476147,0.9626147621391828,0.0005636511883476565,0.0005636445678308373,2.266473893435027e-07,2.332679061626229e-07
1576,-1.1290145100099522,-5.716164704188689,-7.328067087250812,-13.756568643755369,-12.721869593759145,-15.30106828531929,-14.215027464953804,-14.656148114394144,-11.838833390023716,21.14554486380388,0.0059580003977278,0.0005573547738718,0.5834505702691103,74937.00847281952,1549277.368610167,0.0843090749476147,0.9648977095400972,0.0005574108897233807,0.0005574175115299115,-5.611585158073022e-08,-6.27376581114605e-08
1577,-1.3984905588532042,-8.266636978030169,-8.57499154652118,-11.975639722685855,-15.59255348235154,-13.779045308229245,-13.877414762348732,-14.632970974566025,-11.940957215355075,21.326662161133232,0.0059580190262972,0.0005605132689639,0.5801655443181389,74937.24277445975,1558057.0278047116,0.0843090749476147,0.9643795823725728,0.0005605884729715491,0.0005605992024290911,-7.520400764908682e-08,-8.593346519114066e-08
1578,-1.3529740844669838,-5.58561921752921,-7.605434728746929,-13.985609800630131,-14.908311073760558,-12.030885963929672,-16.375084273342374,-13.465422328338787,-13.0178061317121,21.42869777536792,0.0059580001248668,0.0005589180095325,0.5818186796137128,74937.00504089825,1553622.6900183242,0.0843090749476147,0.9640616675469276,0.0005589701387068681,0.0005589681935691871,-5.2129174368093466e-08,-5.0184036687068306e-08
1579,-1.3775690528492284,-7.486794129637723,-6.204809494493106,-14.044701172393673,-11.57231203257888,-11.585910700184348,-14.795926816326292,-10.890588840520726,-9.342126127294389,20.11200546624576,0.005958000633351,0.0005796653747403,0.560994315201175,74937.01143638093,1611294.0779415255,0.0843090749476147,0.960557642825382,0.0005795140683821676,0.0005795138852922878,1.5130635813243119e-07,1.514894480122769e-07
1580,-1.04956393160245,-7.703364745986231,-7.5682782243722,-10.94537042721181,-15.354411122868507,-17.299186474245964,-12.523234498309655,-13.716740181614894,-10.163731211204444,20.576900621784613,0.005958001307783,0.0005704970390443,0.5700100314438333,74937.01991907816,1585808.883111283,0.0843090749476147,0.9635339712468544,0.0005707050583406135,0.0005706979231280591,-2.0801929631348443e-07,-2.008840837591135e-07
1581,-1.0286311679527282,-7.3774910419555235,-8.528791518909797,-10.66040605804518,-16.17158027428865,-13.71875214517611,-15.647297871438994,-11.25253989922711,-9.74458234170924,20.400541305492208,0.005958003102542,0.0005803583268826,0.5603248321576378,74937.04249273782,1613220.274902393,0.0843090749476147,0.9614513694435246,0.0005803365021313416,0.0005803354308025478,2.182475125839592e-08,2.2896080052194588e-08
1582,-1.1885145845090967,-7.218021821488547,-8.923507192777027,-9.9659452968165,-12.758450345879698,-13.704949633212074,-13.966023805129046,-11.56569464315319,-9.532546546412377,19.776885496152182,0.005958004667873,0.0005713915833699,0.5691181314539162,74937.06218075595,1588295.445250639,0.0843090749476147,0.962255222987724,0.0005714505047362272,0.0005714810243250633,-5.892136632724629e-08,-8.94409551633257e-08
1583,-1.091904218092139,-5.587165567345421,-7.152573828650222,-14.079165327043382,-14.653225162382956,-15.86389450263188,-14.986282892146408,-11.74169027533558,-12.777843094930605,21.07826004638645,0.0059580005106416,0.0005648126025868,0.5757466607732621,74937.00989299733,1570007.872391163,0.0843090749476147,0.9622946047571158,0.000564734440668287,0.0005647391800959702,7.816191851302973e-08,7.34224908298213e-08
1584,-1.4431369902564015,-6.376161994487212,-8.262881597503776,-14.32535504006083,-14.007567847211128,-11.628517154649687,-17.29775618562259,-11.700237140603388,-9.441385090177608,21.053024355580387,0.0059580003827848,0.0005837528322011,0.5570661785197728,74937.00828487336,1622655.971004883,0.0843090749476147,0.9605807020016556,0.0005837570537951683,0.0005837285699127593,-4.221594068244683e-09,2.4262288340730354e-08
1585,-1.3953126055249223,-6.012960198868846,-7.435091354061402,-12.23104945188912,-16.57337953179661,-13.833306846208114,-16.916306507505002,-11.724443450723513,-12.37789236152352,20.980327680528504,0.0059580003421707,0.000569086929953,0.571422288921837,74937.00777404821,1581889.207161979,0.0843090749476147,0.9629041368224592,0.0005691608253958445,0.0005691640260231646,-7.389544284450416e-08,-7.70960701645387e-08
1586,-1.2569666862940243,-7.750406266255173,-7.362976540106322,-11.385788657126712,-15.739760951535668,-15.154911483897443,-12.127064486220146,-12.331129601986714,-11.43099043406603,20.440857511485824,0.0059580005502938,0.0005679674316249,0.5725486269838317,74937.01039172511,1578777.3410664713,0.0843090749476147,0.9625858632329392,0.0005677005826761102,0.00056769477552619,2.668489487898072e-07,2.7265609871002933e-07
1587,-1.4377232624237906,-7.148037406919234,-6.944323110807892,-14.395590132501932,-15.787430697495946,-13.41083717800729,-14.129334053380772,-12.904795564293217,-12.391812900496111,21.360018770178986,0.0059580000539218,0.0005650426041596,0.5755122359204635,74937.00414858453,1570647.2070630386,0.0843090749476147,0.9623651170198664,0.0005649404645494022,0.0005649423679735158,1.0213961019783953e-07,1.0023618608420194e-07
1588,-1.1989296934834608,-6.37829201245377,-6.3022495862938985,-11.427595456019832,-14.057375171980947,-14.38451078515555,-13.213481795469583,-14.564572243036306,-13.633055792773522,20.60635958771387,0.0059580015781597,0.0005533544708875,0.5876686182340227,74937.02331975338,1538157.7385796704,0.0843090749476147,0.9675233593800782,0.0005534781110503554,0.000553446176598661,-1.236401628553277e-07,-9.170571116097308e-08
1589,-1.053519223587682,-6.649205441909138,-8.885921451309153,-14.473912747694577,-13.095616454139323,-16.84975439672419,-12.116256224658278,-14.722120854221302,-9.883001748738938,21.384703872969794,0.0059580004215133,0.0005699141636538,0.5705928775664375,74937.00877198327,1584188.6661621842,0.0843090749476147,0.9622918657161664,0.0005698796114622869,0.0005698713692596333,3.4552191513102445e-08,4.2794394166669435e-08
1590,-1.012943610151489,-6.481578749410584,-6.502545688486481,-13.1031798336938,-13.411594638979954,-15.797511635933304,-12.203424133142942,-11.400637047185215,-11.40885444765954,20.242409910786897,0.0059580004581631,0.0005666745166386,0.5738549309302785,74937.00923294696,1575183.42921409,0.0843090749476147,0.9617781671854884,0.0005666331400872958,0.0005666371319786591,4.137655130423846e-08,3.7384659940984354e-08
1591,-1.0186946004717554,-5.954022543192563,-6.66404673409429,-10.081262256908367,-12.794006190738669,-16.123552429971316,-14.710100091078036,-15.459100758149514,-10.169728721190868,20.24125718711575,0.0059580013675845,0.0005670042453752,0.5735213496417947,74937.02067123448,1576099.9751797486,0.0843090749476147,0.9675799032574538,0.000566905437070658,0.000566891699009142,9.880830454203106e-08,1.1254636605800231e-07
1592,-1.1733043498797908,-6.361628147858552,-8.821133357180527,-10.442822260952784,-16.22988572886827,-16.977188400292476,-16.544322312354577,-13.89514953011414,-12.615911200591675,21.196311733705027,0.0059580001374874,0.0005661449108495,0.5743917027600534,74937.00519963443,1573711.2856139257,0.0843090749476147,0.9654675099810076,0.0005662875940584996,0.000566283372227245,-1.426832089996416e-07,-1.384613777450413e-07
1593,-1.1999796775141671,-7.983709452070983,-7.17558082337263,-11.647578154668192,-16.139947702848062,-16.247678397719525,-14.828046663668696,-12.828085416024871,-10.873087152782908,20.87934401573961,0.0059580008032653,0.0005721390232775,0.568374085019357,74937.01357348548,1590373.101686943,0.0843090749476147,0.962944378972446,0.0005721047256251804,0.000572086223855793,3.429765231956032e-08,5.279942170695155e-08
1594,-1.0648919981182925,-6.966294708818976,-7.609452137624606,-12.126712620199305,-15.40175437865864,-16.49737003446964,-16.409458484878897,-13.377782572549956,-13.79169330428981,21.36725036843368,0.0059580006905817,0.000559641834113,0.5810662549006985,74937.01215620247,1555634.703001727,0.0843090749476147,0.9651189445391036,0.0005594843245555358,0.0005594922493907099,1.5750955746412706e-07,1.495847222900788e-07
1595,-1.1114307349567614,-7.093907447371362,-8.181817657744933,-13.920580365592798,-13.270896009460063,-12.351140059229948,-17.176911160103266,-11.061848621765058,-11.357245576010223,20.96062944975197,0.0059580003164924,0.0005740718646247,0.5664603580939394,74937.00745107816,1595745.8148970967,0.0843090749476147,0.9610658744323634,0.0005741106026199221,0.0005740870715162645,-3.873799522217253e-08,-1.520689156455507e-08
1596,-1.092676949413789,-5.912156543023308,-8.876125486807416,-13.113541710919442,-14.813911647501286,-16.843379439867384,-17.34772195635839,-11.111675007149309,-10.273115882397205,21.093292195360405,0.005958000148975,0.0005830538579633,0.5577339654833822,74937.00534412076,1620713.034443525,0.0843090749476147,0.9607683213247498,0.0005830651108952062,0.0005830856520139992,-1.1252931906278497e-08,-3.179405069927109e-08
1597,-1.1555257570297524,-6.237838300722988,-9.077618870509342,-12.026226481723866,-15.813349162099056,-15.120207131487993,-17.118783126866525,-13.68930411195549,-10.782228805658107,21.388683320996066,0.0059580009774347,0.0005703301885469,0.5701767408578644,74937.01576410854,1585345.089291524,0.0843090749476147,0.9634910979703778,0.0005702743255992371,0.0005702623871465768,5.5862947662870324e-08,6.780140032313503e-08
1598,-1.127448134145888,-7.870759306942181,-8.385653682551391,-13.373280652407267,-12.087696663086057,-14.244536322557366,-16.695531847347702,-10.920502218366623,-12.460073207576656,20.8827839891364,0.0059580004152129,0.000569102315568,0.5714068510943794,74937.00869273867,1581931.9745091498,0.0843090749476147,0.9616384886512664,0.000569145389626905,0.0005691555873603911,-4.307405890497697e-08,-5.32717923910778e-08
1599,-1.145796062013354,-7.511012360159106,-9.074849662267065,-11.42533410603185,-16.534331241383892,-16.722717264703867,-15.28372992254372,-11.779816771652271,-11.529165279173553,21.047392562698203,0.0059580020988077,0.0005747705255016,0.565772052493351,74937.02986822528,1597687.880410135,0.0843090749476147,0.9617871170418212,0.0005749779541486764,0.00057499944472943,-2.0742864707639069e-07,-2.2891922783004233e-07
1600,-1.030843681013812,-6.17046470364709,-6.703590462394741,-13.273131743269833,-12.479699807498555,-15.506749211174949,-17.056069656508758,-13.62819232861113,-12.796542543253684,21.102665438569705,0.0059580002834914,0.0005596817162949,0.5810247893354784,74937.00703600614,1555745.5633814507,0.0843090749476147,0.9652801552329724,0.0005596274213089704,0.0005596185086150839,5.429498592965463e-08,6.320767981617733e-08
1601,-1.2317529690428894,-6.035016590368211,-8.537957459366263,-12.858173639231357,-15.152583333135183,-15.660568498358268,-13.52240348159448,-12.81094947642703,-11.12137100005968,20.991385270797995,0.005958000339738,0.0005668779592351,0.5736489673171808,74937.00774345045,1575748.937980434,0.0843090749476147,0.9621870978832202,0.0005666114212837546,0.0005666066875735797,2.6653795134543024e-07,2.712716615203576e-07
1602,-1.22057748766558,-6.021171749088181,-8.25613799713577,-14.047122027391474,-11.867877582365509,-14.72190277515739,-13.357027916544329,-13.482104535272628,-11.745504532844738,20.96446907760859,0.0059580003781411,0.0005604422005444,0.5802363896549376,74937.00822646641,1557859.479135289,0.0843090749476147,0.9631059481663684,0.0005605335579390059,0.0005605360525546462,-9.135739460590375e-08,-9.385201024626408e-08
1603,-1.4165697059435256,-6.883862794276119,-8.362138566831417,-12.60580900721401,-12.321302311125237,-15.553812546750176,-11.86291499174113,-13.219647624143278,-10.902249885131075,20.54141508217916,0.0059580008523655,0.0005631276750604,0.5774693950961725,74937.01419104476,1565324.2844742006,0.0843090749476147,0.962767333640216,0.0005631051720020973,0.0005631082182757041,2.2503058302717795e-08,1.9456784695870942e-08
1604,-1.0204387205441812,-6.75866764318086,-7.2050926850996735,-13.58830706804206,-14.716986599147615,-13.48995700045614,-13.83897901719913,-14.939878059490702,-12.863379582806438,21.395081145860427,0.005958000638403,0.0005546653109446,0.5862796427778622,74937.01149992237,1541801.4766968624,0.0843090749476147,0.9653045095489194,0.0005548566932638023,0.000554859986055026,-1.913823192023099e-07,-1.9467511042602342e-07
1605,-1.3363081969620672,-7.39474937763686,-8.31582344029785,-10.141098249445308,-11.199992141993688,-17.125114023177623,-15.411425999077874,-14.887408128245813,-13.44261326242788,20.6904903484534,0.0059580016800455,0.0005623765409321,0.5782408083781491,74937.02460122542,1563236.359223823,0.0843090749476147,0.9681748159202112,0.000562720783471065,0.0005627339558953476,-3.442425389650356e-07,-3.57414963247666e-07
1606,-1.002778845786946,-7.6345250666339215,-7.77811870170407,-11.81060543595593,-15.165968747028964,-16.874114472845516,-15.273749710291687,-11.13045256178983,-13.582814562733992,20.85016030986821,0.0059580003155314,0.0005660763634967,0.5744612827844833,74937.00743899043,1573520.7447460345,0.0843090749476147,0.9628236931161768,0.0005659994311760146,0.0005659869647587192,7.693232068539321e-08,8.93987379807764e-08
1607,-1.4663441991010706,-5.895528416390597,-6.408531649652753,-11.249039401930508,-13.924867664324472,-12.225758232942866,-12.476590332262194,-13.423371032760397,-13.744011357216138,20.188287619966104,0.0059580016782413,0.0005525340332594,0.588541240754845,74937.02457853308,1535877.1706019435,0.0843090749476147,0.9666039788450412,0.000552627152140884,0.0005526568958132316,-9.311888148392199e-08,-1.2286255383160607e-07
1608,-1.2121040701337351,-6.034301715697897,-6.480390677894965,-10.5151127045432,-15.468382081912518,-13.719699789272823,-13.78957749703686,-11.020221563639916,-11.00094572189013,19.77415863213276,0.005958000927567,0.0005689972434632,0.5715124418820916,74937.01513689471,1581639.9058992148,0.0843090749476147,0.962795736474504,0.0005688128735319032,0.0005688279674934262,1.8436993129682805e-07,1.692759697737847e-07
1609,-1.322038839931464,-7.55413084752217,-6.813514704294121,-10.398198968900394,-14.434731814956285,-14.90326469304955,-16.89835859550109,-12.641560068361342,-10.216110273355898,20.33773378899893,0.0059580006879104,0.000574274800506,0.5662602366124498,74937.0121226037,1596309.9151486005,0.0843090749476147,0.9640749955707436,0.0005739923635456683,0.00057398326962868,2.824369603316281e-07,2.9153087731999695e-07
1610,-1.080351981665543,-6.208670838798774,-8.018539133441447,-13.862877101466832,-13.97255513747642,-17.0312569359733,-17.29425889238,-14.531382280934087,-13.340214606799009,21.90103971742945,0.0059580001541442,0.0005586341023677,0.5821143738579267,74937.00540913612,1552833.5141364837,0.0843090749476147,0.9651889010822472,0.0005585364129940236,0.0005585563353081384,9.768937367631708e-08,7.776705956150445e-08
1611,-1.3244063625175078,-8.305040795063746,-8.90935565850598,-13.75269342462123,-15.482540529887414,-14.451853538420378,-13.964721442656838,-11.870083649287936,-10.590287616337683,21.253287995584223,0.0059580005523879,0.0005779971471371,0.5626134574028488,74937.0104180631,1606656.91075019,0.0843090749476147,0.960098428854606,0.0005781252410064591,0.0005781251584665572,-1.280938693590727e-07,-1.2801132945718455e-07
1612,-0.9901279009257016,-7.172273693020289,-8.280283226844695,-11.274285744318568,-16.01954979771854,-16.648195763377288,-17.43380590605512,-11.68668068238377,-10.322554413011565,20.88368996300511,0.0059580009514866,0.0005818926374494,0.5588470880462522,74937.01543774527,1617485.193315205,0.0843090749476147,0.9620350599020494,0.0005819721448231421,0.0005819685276121803,-7.95073737421383e-08,-7.58901627802809e-08
1613,-1.2859964310114038,-7.467551968519213,-8.342481483565523,-13.775111753966687,-11.4158725820674,-11.99244019899108,-15.628454988134724,-15.67792394086816,-9.59930787123988,21.26722205834684,0.00595800108481,0.0005711744231177,0.5693339963199808,74937.01711462572,1587691.805558591,0.0843090749476147,0.964487916037027,0.0005710810032086285,0.0005710562445355176,9.341990907143615e-08,1.1817858218236832e-07
1614,-1.0265684324340565,-7.540269886572592,-8.108507035522795,-13.155996114582194,-15.680552374252208,-16.76544904344762,-17.13675192003087,-15.702625827249822,-9.226743843407352,21.89117733560769,0.0059580001882341,0.000577783210154,0.562821725850724,74937.00583790398,1606062.2307691805,0.0843090749476147,0.9641901897484918,0.0005776699277403345,0.0005776620935865646,1.1328241366552298e-07,1.2111656743545376e-07
1615,-1.3473285732943192,-8.324806134514176,-8.085158377299305,-11.764989208975908,-14.356001903958054,-11.785698045119371,-14.304679675650934,-12.30050619611309,-10.345199708397928,20.497169217673942,0.0059580022859734,0.0005692674590523,0.5712413560234447,74937.03222231078,1582391.0233496707,0.0843090749476147,0.9620974249890756,0.0005692832021040848,0.0005692749332889534,-1.5743051784834587e-08,-7.474236653421187e-09
1616,-1.255242898312214,-6.291623297114741,-8.256112715198057,-13.214384390404852,-13.58251877927604,-14.23842796582202,-14.603261719703529,-14.34734520442777,-11.805624045653463,21.22982916933709,0.0059580002669266,0.0005580608931563,0.5827123060169707,74937.0068276615,1551240.1662360895,0.0843090749476147,0.964308524892638,0.0005581982786985358,0.0005581972801247721,-1.3738554223582077e-07,-1.3638696847210422e-07
1617,-1.3234959476196857,-8.09573036315212,-6.6969338147706345,-10.114743177939683,-13.920726422135084,-11.950213114490408,-12.026441347753082,-12.788301269645922,-10.41307326727495,19.70043326511403,0.0059580012744897,0.000564130288303,0.5764431358874991,74937.01950033024,1568111.2454531393,0.0843090749476147,0.9639869394225457,0.0005641669246615366,0.0005641732421193748,-3.6636358536636625e-08,-4.295381637485149e-08
1618,-1.4107639356171977,-6.38537567875296,-8.933293465507042,-14.25444782151716,-11.912676599492393,-15.589082490196416,-15.607314529954513,-13.048244335882623,-10.19113898489133,21.207549590505145,0.0059579994423138,0.0005725968319392,0.5679194579829798,74936.99645605877,1591645.6710304855,0.0843090749476147,0.9618187383396058,0.000572569640338221,0.0005725453935311008,2.7191600978997664e-08,5.143840809925578e-08
1619,-1.00884554469542,-6.644895028992968,-6.08784564036317,-10.454343375356856,-15.904607769018344,-12.898487385866986,-12.434608975887596,-11.953879457159632,-9.344853114553237,19.65624692760484,0.0059580007760844,0.0005731888289264,0.5673330937782259,74937.013231616,1593291.2432539477,0.0843090749476147,0.9626542192753328,0.000573327286561085,0.0005733359209886253,-1.3845763468492596e-07,-1.470920622252854e-07
1620,-1.456645451209087,-6.973124021710165,-7.647051949401423,-14.087607615027256,-12.136787861224455,-13.628224155268072,-15.33837817456991,-13.366593707867183,-13.055436948832352,21.212664851089794,0.0059580006972334,0.0005580257692676,0.5827490468856827,74937.01223986359,1551142.5324696205,0.0843090749476147,0.963951836946838,0.0005579550658687302,0.0005579551059616868,7.070339886976716e-08,7.066330591325165e-08
1621,-1.063649251035411,-5.901252665617424,-6.210249758241942,-14.717881856453642,-11.77313444930246,-12.138887545071338,-13.651927506802956,-14.871875217947489,-9.371682272279244,20.7701419485648,0.0059580008371792,0.0005686926759872,0.5718185064917074,74937.01400003882,1580793.3006130576,0.0843090749476147,0.9639003475443972,0.0005684250397970141,0.0005684314208323391,2.6763619018590253e-07,2.612551548608795e-07
1622,-1.0859549165146354,-6.784495719180175,-7.948360853573511,-12.559392084075997,-11.748396314567774,-16.99937449725945,-14.345712416900213,-14.75284369136575,-13.361337027561436,21.13140960954506,0.0059580007409824,0.0005552729915406,0.5856380441949435,74937.01279011965,1543490.64459994,0.0843090749476147,0.9663248512069648,0.0005552905027231604,0.0005553127869621698,-1.7511182560307585e-08,-3.979542156971969e-08
1623,-1.338860614517339,-7.497966330253048,-6.287945785016481,-13.429067564574634,-13.50941925828773,-14.360197130268295,-15.988101083145024,-15.116241511772229,-12.18362789624795,21.365032114635618,0.0059580002600132,0.0005593311315127,0.5813889681117956,74937.0067407078,1554771.0439294877,0.0843090749476147,0.9659059465275476,0.0005594333509194401,0.0005594422143527689,-1.0221940674015172e-07,-1.1108284006891046e-07
1624,-1.203808736206324,-7.447774313816279,-8.260647771401892,-11.70288876876613,-14.33123199532064,-12.401979392229972,-12.904141366805485,-11.681518000151373,-11.85660366430428,20.33929597077824,0.0059580021229263,0.0005632967918131,0.5772962080142707,74937.03017157906,1565794.377796868,0.0843090749476147,0.9622201595466824,0.0005633882806138131,0.0005633824508320587,-9.148880071303649e-08,-8.56590189586906e-08
1625,-1.075600420948502,-7.557866088343937,-6.094936617414167,-11.55501583705172,-14.992779056694053,-14.526650343583176,-15.839659042046115,-11.79485610921848,-10.637468204772045,20.35633628010811,0.0059580008726316,0.0005724079158495,0.5681070972886004,74937.0144459426,1591120.541550849,0.0843090749476147,0.9629066941618027,0.0005719896627849567,0.0005719795366309713,4.182530645433554e-07,4.283792185286661e-07
1626,-1.3085198427497144,-6.761961663442934,-6.474156283541065,-14.100519898463029,-13.832571533477472,-14.37258380946897,-13.270849368110664,-11.502053080999342,-11.92507405920175,20.65309141588068,0.0059580008054295,0.0005666697907127,0.5738597669507202,74937.01360070505,1575170.2925722632,0.0843090749476147,0.9615811067609572,0.00056690661694884,0.0005669109103292718,-2.368262361400822e-07,-2.411196165718558e-07
1627,-1.2708759847745117,-8.345383382173965,-7.961634404290007,-12.78115733373859,-15.304216434181832,-13.880325933657316,-12.377377356899071,-11.665421374231716,-12.485899863417856,20.79528247001304,0.0059580014435509,0.0005670804445747,0.573444295938479,74937.02162670462,1576311.7858626095,0.0843090749476147,0.9614955381051346,0.0005670260526257807,0.000567013897168259,5.4391948919375356e-08,6.654740644109446e-08
1628,-1.05994543701321,-7.364704223600039,-7.41312265310784,-10.374705952670956,-12.528816304809808,-16.22126188034984,-15.063038968037022,-12.029419514011911,-13.163150810885694,20.19796808285588,0.0059580011602444,0.0005608126084612,0.5798532668113688,74937.01806340458,1558889.100894149,0.0843090749476147,0.9650546424784422,0.0005607733085707717,0.0005607618950518666,3.929989042831747e-08,5.0713409333372726e-08
1629,-1.3673753104216155,-6.5415006322722,-7.376980113817083,-12.236655311168349,-13.49111382573924,-12.46264015669628,-14.855123819932942,-12.846904036957582,-10.834485845469835,20.49111570244689,0.0059580003210083,0.0005629303839396,0.577671704449328,74937.00750787604,1564775.8749459228,0.0843090749476147,0.963408560381304,0.00056303351994731,0.0005630267900343906,-1.0313600771008104e-07,-9.640609479060099e-08
1630,-1.3112963766681545,-7.1272298607545785,-6.777296942165093,-10.6185680774713,-13.793581732444231,-16.56274949126982,-14.331634909085484,-15.26214005734436,-13.096698994234425,20.77356275740528,0.0059580005595844,0.0005591734159277,0.5815529934831731,74937.01050857821,1554332.642397886,0.0843090749476147,0.9681560325124232,0.000559105206452816,0.0005590812635835174,6.820947488403971e-08,9.215234418255558e-08
1631,-1.0249491514497275,-8.31130008657323,-8.464645457459659,-11.980637925108384,-13.959383633039238,-16.577295399598007,-14.228845750652752,-13.50022185496946,-9.993793542120828,20.934555028627205,0.0059580006003648,0.0005705498593277,0.569957159626421,74937.01102149457,1585955.707492388,0.0843090749476147,0.9627160218950138,0.0005704072787815239,0.0005704160434788178,1.4258054617608679e-07,1.3381584888219264e-07
1632,-1.2195785696834285,-8.354052749241513,-6.847449934355437,-13.77996987160536,-13.950372992922514,-17.300678621937752,-14.748896036237468,-15.360114941866502,-13.550642515240607,21.80441909317239,0.005958000263971,0.0005562129389456,0.5846483009249834,74937.0067904869,1546103.4135408136,0.0843090749476147,0.9659170724282384,0.0005561700552748335,0.0005561523625688638,4.288367076656259e-08,6.057637673623825e-08
1633,-1.2702863518544931,-6.070691959946792,-8.104409477870739,-14.57567988985422,-13.247812252964438,-13.505559861408043,-15.147975912291376,-11.963689820892304,-11.87991711042478,21.09586551794313,0.0059580004920416,0.0005667724556041,0.573755772998211,74937.00965905568,1575455.6698584824,0.0843090749476147,0.9615903521300744,0.0005668081956760011,0.0005668156707805595,-3.574007190112333e-08,-4.321517645946779e-08
1634,-1.2796508762224152,-5.913991733592802,-8.732984485926282,-14.195019367271252,-11.256986672138003,-12.98936094748912,-15.067020880244216,-13.847325927164649,-12.058961100468416,21.16115851797691,0.0059580021393413,0.0005610872768574,0.5795695547857954,74937.03037803898,1559652.5957991567,0.0843090749476147,0.9637268682544078,0.0005610774612909634,0.0005610855401660893,9.81556643657542e-09,1.736691310726124e-09
1635,-1.346193994856726,-5.73539624464412,-9.092255980386714,-11.716913728064071,-11.612520014339246,-13.18880878127614,-15.020073902816527,-15.28608842074026,-11.98221590246961,20.888379369258374,0.0059580068817275,0.0005586048581284,0.5821458348833964,74937.0900256071,1552752.2240133642,0.0843090749476147,0.9665764216921724,0.0005585239388791153,0.0005585241302066363,8.091924928472355e-08,8.072792176373137e-08
1636,-1.196063214928748,-7.472580419802203,-7.390108173513773,-12.41183408319954,-16.199210259110508,-16.588247295687783,-12.554037499084554,-12.597348388823605,-12.012008148030034,20.91400034669324,0.0059580009422998,0.0005680305117067,0.5724851016628412,74937.01532219697,1578952.6845779633,0.0843090749476147,0.9624604150888892,0.0005681138443703344,0.0005681541417209075,-8.333266363438376e-08,-1.2363001420756352e-07
1637,-1.088344267165826,-7.256803940274491,-8.496470634785437,-13.017176703727792,-15.855214847472304,-11.757941770264225,-12.920052655714288,-11.101774728700986,-10.30661552138163,20.59229703140905,0.0059580007108735,0.0005789718291458,0.5616663366417385,74937.0124114234,1609366.2313631703,0.0843090749476147,0.9599243707275984,0.0005789635465926788,0.0005789630562867838,8.282553121217312e-09,8.772859016277154e-09
1638,-1.440020361466928,-7.962073310904911,-7.33937154725456,-12.290093320085724,-14.84471991842372,-17.21095744607171,-12.73063457653977,-14.95722830645351,-9.783066717241734,21.04978065952587,0.0059580005764101,0.0005696654217563,0.570842046694613,74937.01072020365,1583497.2390668597,0.0843090749476147,0.963882627219706,0.0005697561200324462,0.0005697776117117695,-9.069827614611396e-08,-1.1218995546946001e-07
1639,-1.0634021843458008,-6.4494034907335696,-8.613818818200327,-11.334380597561184,-11.431798626952798,-11.645153616634078,-15.804595583228316,-10.939883339602254,-13.60263972673656,20.125830421465785,0.0059580084691136,0.0005602204582513,0.5804672369159753,74937.1099910244,1557243.102758076,0.0843090749476147,0.9638512640469484,0.000560147305552583,0.0005601378267577151,7.315269871701734e-08,8.263149358495297e-08
1640,-1.2578654787428745,-6.630372002203991,-8.754717851138794,-10.13670072076038,-14.488684924591356,-14.514376797409112,-13.24705868097615,-12.284006806172483,-11.652772448006049,20.20489861224943,0.0059580010058319,0.0005630558994947,0.577543030337248,74937.01612127526,1565124.77015246,0.0843090749476147,0.963560014585519,0.0005627373270127762,0.000562749497455521,3.185724819237566e-07,3.064020391790141e-07
1641,-1.2492808966435536,-7.073902124010632,-8.250921931084768,-9.895376749082502,-15.981386301299368,-12.44955230745028,-17.181294189862502,-15.569382275155796,-10.329740786735174,20.9545308667285,0.0059580002700032,0.0005735487122763,0.5669770382890299,74937.00686635752,1594291.6099063226,0.0843090749476147,0.9666809618089016,0.0005734969058514397,0.0005735070950240059,5.1806424860309855e-08,4.1617252294085666e-08
1642,-1.3132266135373798,-6.209262548420325,-8.578602119694537,-12.188106370890138,-16.68143884383444,-12.640372607274164,-15.688330178632006,-15.82354319210405,-11.463771119343171,21.623099770274763,0.0059580002988381,0.0005629627696896,0.5776384693092244,74937.00722902994,1564865.897516841,0.0843090749476147,0.9657108657450648,0.0005629692731299313,0.0005629795589024141,-6.5034403312928465e-09,-1.678921281405947e-08
1643,-1.004643832728766,-8.256669749365006,-7.905267901619437,-14.76225699451055,-12.21304951332742,-13.463975394194454,-15.312243070247574,-14.370617067851333,-12.339186594577946,21.609741963851505,0.0059580007824186,0.0005610612854164,0.5795962056287327,74937.01331128523,1559580.3474696197,0.0843090749476147,0.9637149879097788,0.0005608870240841603,0.0005609005190756951,1.742613322397316e-07,1.607663407048954e-07
1644,-1.170686628880978,-6.615224692098114,-6.878937877811107,-12.01843685384801,-12.771213553779305,-14.36586655495557,-17.18936468817602,-12.51733407754596,-12.248994432650884,20.623337964038058,0.0059580011722881,0.0005627426662416,0.5778645259708206,74937.01821488561,1564254.0766321607,0.0843090749476147,0.9645292835497762,0.0005628280118116264,0.00056282456055607,-8.534557002640771e-08,-8.189431447000114e-08
1645,-1.386574875873434,-6.55475243828419,-7.426613668274728,-11.27209635591836,-15.139001718508212,-15.128216149326336,-14.105517522620676,-14.533382860151011,-13.230995154503772,20.95999997696952,0.0059580004873069,0.0005563077608046,0.5845486813292946,74937.0095995039,1546366.9895738654,0.0843090749476147,0.9665189182205448,0.0005562105257744336,0.0005562288863001866,9.723503016645374e-08,7.887450441336399e-08
1646,-1.3610521233289157,-8.049677094306285,-6.145872562782733,-10.664414900360248,-15.983622426101988,-12.504817319990748,-15.035675461839928,-15.105739457433232,-10.53172785136382,20.67613740469572,0.0059580004324397,0.0005689680616122,0.5715416829868879,74937.0089094104,1581558.7891967015,0.0843090749476147,0.9662428207508058,0.0005688911426108184,0.0005688934255819375,7.691900138161699e-08,7.463603026250116e-08
1647,-1.154255915261581,-7.399981263176617,-7.165766048786644,-14.234468127400238,-13.44240081234469,-15.592577281462496,-16.3880499210384,-15.62506099300539,-9.808074100658343,21.66784954710449,0.0059580002049991,0.0005703682805367,0.5701385507851265,74937.00604876579,1585450.9734794656,0.0843090749476147,0.9644307256576936,0.0005704165853126153,0.000570405193821704,-4.8304775915331e-08,-3.691328500396267e-08
1648,-1.14879764683723,-6.732295202556639,-8.524112417626425,-10.899735080004689,-16.31007399798136,-12.093034045829414,-17.446118080028835,-14.175280561987565,-9.288699854837024,20.971824887430884,0.0059580001638234,0.0005777651390047,0.5628393261457622,74937.00553087678,1606011.9984505312,0.0843090749476147,0.9641006073583048,0.0005778338655696542,0.0005778422041032602,-6.872656495412934e-08,-7.70650985601343e-08
1649,-1.4680967835710357,-8.332262235459845,-8.19988418580084,-13.447660660200338,-13.9026213769203,-12.107158034103168,-13.248925079160763,-15.77677011451998,-9.60035009794305,21.32331274755227,0.0059580004885662,0.0005680468873874,0.5724685326423353,74937.00961534385,1578998.2040076775,0.0843090749476147,0.9638683113244632,0.0005679635962138267,0.0005679441588842772,8.329117357332248e-08,1.0272850312282363e-07
1650,-1.0372380217994366,-6.582934922981266,-8.247973540384377,-11.122503638112596,-15.624419460251229,-13.309055720574024,-13.409052473997033,-11.93609164377268,-10.607916624177356,20.3115668667564,0.0059580020550304,0.0005689415155403,0.5715685838690153,74937.02931761507,1581484.9991614458,0.0843090749476147,0.9621753535979044,0.0005687597820157799,0.0005687828500814796,1.8173352452012688e-07,1.5866545882042057e-07
1651,-1.2852510031237503,-8.082054957537059,-6.400074866389264,-13.963592164835212,-15.308502192203791,-14.128088166098545,-13.275424368100138,-13.546401919912531,-10.074557089640871,21.07234120789576,0.0059580002613869,0.0005718305225017,0.5686806434759253,74937.0067579857,1589515.5630194277,0.0843090749476147,0.9621121614874428,0.0005719300283315909,0.0005719453406316279,-9.950582989092654e-08,-1.1481812992790528e-07
1652,-1.1649267885534895,-8.109229522517271,-7.784187125848512,-10.40687212964527,-11.495347542237244,-14.207678164037404,-12.877426996202722,-12.29036094020847,-11.6196069920836,19.84384055143313,0.0059580072984655,0.0005613090132671,0.5793413573226072,74937.09526714741,1560268.9558222496,0.0843090749476147,0.964035425154756,0.0005613185259696794,0.0005613174573033676,-9.512702579318223e-09,-8.44403626751658e-09
1653,-1.1292734235829225,-7.54753183427455,-8.290325557907735,-14.4048805007712,-13.108810904737192,-13.648245882237422,-13.598527093031656,-12.161683677451656,-11.672323220465035,21.04841619608621,0.0059580004238471,0.0005673972851476,0.573123931517489,74937.00880133553,1577192.5066387248,0.0843090749476147,0.9611863922410656,0.0005674831958245809,0.0005674904311248069,-8.591067698091124e-08,-9.31459772069397e-08
1654,-1.0746484285787132,-8.083944434967375,-7.937421389711843,-10.53457588351012,-14.69210381208124,-11.985075408985232,-12.092962893930853,-12.407423706136829,-13.50028589992126,20.236772641910125,0.0059580025264281,0.0005580051660444,0.5827708321060329,74937.03524664034,1551085.2617526744,0.0843090749476147,0.9644896985638288,0.000557949014638229,0.0005579772746524533,5.615140617103512e-08,2.7891391946683816e-08
1655,-1.4608862281698167,-6.416331895758638,-6.621662674662288,-10.36031005527147,-11.539521680739508,-11.624613406025556,-12.352676116647466,-12.605593377809836,-10.824755811642984,19.38258402678509,0.005958002605339,0.0005588456022367,0.5818944268221393,74937.03623914458,1553421.4196786098,0.0843090749476147,0.964785693632033,0.0005587862111827515,0.0005587918607490546,5.939105394850777e-08,5.374148764544784e-08
1656,-1.408319126914202,-5.81724726588422,-6.288536355001044,-14.600269473473224,-11.502178406557322,-15.250044087483426,-17.240566158845006,-15.35183943598713,-10.196758978303093,21.33871025111329,0.0059580003317866,0.0005707019449107,0.5698052339912443,74937.00764344056,1586378.4593245036,0.0843090749476147,0.9651934276386404,0.0005707269000958692,0.0005707190436448071,-2.4955185169185656e-08,-1.7098734107095538e-08
1657,-1.3375876193485556,-5.707932999863121,-7.862964661869255,-12.05138446858161,-12.368739452855742,-14.550116866982506,-11.959270839286,-10.859394691956435,-9.302611498342785,19.685643053224243,0.0059580013514799,0.0005733237335061,0.5671996809779366,74937.02046867815,1593666.2371036313,0.0843090749476147,0.9607569915114884,0.000573294316121474,0.0005733038685665908,2.9417384626016264e-08,1.9864939509203587e-08
1658,-1.1892631061925063,-5.658289020194362,-6.390277485849071,-10.205486919858728,-14.718544829371556,-16.622753186079127,-11.723681503219746,-10.8463685118022,-10.236772187295262,19.41353385769338,0.0059580005974586,0.0005725910097539,0.5679253978324672,74937.01098494197,1591629.487119626,0.0843090749476147,0.9622540480475046,0.0005729129377198543,0.0005729352083110181,-3.2192796595436213e-07,-3.441985571181168e-07
1659,-1.316194290204202,-5.756158441945461,-6.907055229083104,-14.302959617394135,-11.20907019980094,-13.319459185885222,-17.112422579450204,-11.551095100182302,-12.473587359793372,20.74657149037455,0.0059580014766456,0.0005663660553676,0.5741676181106056,74937.0220429547,1574326.0003577902,0.0843090749476147,0.9628101322868612,0.0005663034402718458,0.000566318044702448,6.261509575427888e-08,4.801066515202658e-08
1660,-1.1537890592567432,-6.57247362910084,-8.833876340438355,-13.88115825547668,-11.16043902271365,-14.67692930924882,-16.615538086087234,-15.358938162800255,-13.409486442005337,21.707964056948484,0.0059580004788223,0.0005581532263392,0.5826159411992002,74937.00949278969,1551496.824503532,0.0843090749476147,0.9661591113322534,0.0005582102090396183,0.0005582309449007866,-5.6982700418232654e-08,-7.771856158655423e-08
1661,-1.1865972169537542,-5.804499525867012,-6.644096276546389,-13.452060450313486,-12.53149313761929,-15.156435876063677,-11.786510423369007,-15.403045059521084,-11.563968714757706,20.82659132234082,0.0059580003326193,0.0005567279721504,0.5841074485106412,74937.00765391458,1547535.0497728067,0.0843090749476147,0.9657234537853704,0.0005567731153955763,0.0005567734895252262,-4.514324517630383e-08,-4.551737482619885e-08
1662,-1.4549497695771851,-5.692759248702369,-8.246593577240954,-10.545558573423826,-12.03948531184705,-13.212289700604511,-15.799963766106126,-14.280209029961764,-9.957437985041514,20.27374755217672,0.0059580039705723,0.0005664421286585,0.5740908677430013,74937.05341042618,1574537.4610529686,0.0843090749476147,0.9655869966742104,0.0005664485899418156,0.0005664267395514438,-6.4612833155673274e-09,1.538910705616535e-08
1663,-1.4203737024414602,-6.68601904442232,-7.842624200170825,-11.325279547574704,-12.239473835830657,-13.224572640903636,-13.450157241228291,-10.823286261376037,-9.905577838927798,19.6930340890905,0.0059580026467912,0.0005697900393819,0.5707174964695297,74937.03676051139,1583843.6383014445,0.0843090749476147,0.961502745507436,0.0005698383907051314,0.0005698573981122223,-4.8351323231354305e-08,-6.735873032232779e-08
1664,-1.4441066699807013,-7.528713674838765,-6.467197610114541,-10.872302151770093,-13.908528311957136,-15.315359155643222,-13.32274128948686,-14.681274530670326,-9.615724272538156,20.346316151090104,0.0059580016287678,0.000567462187762,0.5730585551891446,74937.02395627824,1577372.916238627,0.0843090749476147,0.965262437505942,0.0005673142477661803,0.000567311679923917,1.4793999581971806e-07,1.505078380829774e-07
1665,-1.1476790504113672,-6.031232967638622,-7.247833733075164,-13.257984398313088,-14.55343132130665,-14.749758328003562,-13.70790903546009,-12.89809491153562,-9.866681266178157,20.72607326419153,0.005958000361518,0.0005697539961945,0.5707532722283595,74937.00801738884,1583743.449163311,0.0843090749476147,0.962149496958032,0.0005698881310994655,0.0005698886403834241,-1.3413490496550374e-07,-1.3464418892404195e-07
1666,-1.0921970227558142,-8.22719464144248,-8.409773656210481,-12.328941183911958,-14.962772317412025,-16.65192105188155,-15.239444189811842,-10.96967924548212,-11.091397708080128,20.86578502394662,0.005958001314136,0.0005774043697562,0.5631911580815823,74937.0199989829,1605009.1692686116,0.0843090749476147,0.9608172990199014,0.0005772527749002969,0.000577249582070678,1.515948559031345e-07,1.5478768552209914e-07
1667,-1.359093493265732,-6.413619723733218,-8.307043644054367,-11.87356977239322,-16.23815885006515,-15.91192679648872,-12.510653470316637,-12.416191411121757,-11.76979475747206,20.76822620525041,0.0059580014225464,0.0005677503279837,0.5727676912399885,74937.02136251936,1578173.8587358086,0.0843090749476147,0.962344685999663,0.0005677314776297805,0.000567720766887183,1.885035391950736e-08,2.9561096517036548e-08
1668,-1.2629164497626657,-5.671479910469028,-6.782844104327734,-12.276672201960272,-16.638654584607732,-15.615918357140604,-14.625027703427016,-13.242644103749395,-11.875600474900612,20.96080941128798,0.0059580004001883,0.0005655635058867,0.5749822212261141,74937.00850376596,1572095.1560084713,0.0843090749476147,0.9639557598464934,0.0005656471065344103,0.0005656402601129837,-8.36006477102861e-08,-7.675422628375395e-08
1669,-1.0902264127887031,-7.9705939613703185,-9.093628216179198,-13.140137321087527,-15.220752161860773,-12.059577912485684,-12.110240045145506,-11.009716687966204,-11.906766657499446,20.72866791872012,0.0059580009333354,0.0005733825445561,0.5671414443909509,74937.01520944707,1593829.7140003326,0.0843090749476147,0.960117442686503,0.0005734249807301903,0.0005734191439972341,-4.243617409034617e-08,-3.6599441134124895e-08
1670,-1.2649077221521228,-7.521684455113462,-7.791739516578414,-12.450814297126373,-14.033976672228764,-12.312134698558404,-12.140667546802426,-15.76254426119442,-12.179851946341373,21.063840716137246,0.0059580010910052,0.0005561952152609,0.584667053031107,74937.01719254596,1546054.14706844,0.0843090749476147,0.966056817700388,0.0005561619485378287,0.0005561663075258573,3.3266723071341195e-08,2.8907735042738372e-08
1671,-1.2437477340113523,-8.074708539428702,-6.212837828865084,-12.18998001763241,-11.4805548056861,-14.805495203557705,-16.227158384135585,-12.532226752545991,-11.988500814476604,20.44911701415758,0.0059580019399778,0.0005639349852362,0.576642867415041,74937.02787053544,1567568.362112627,0.0843090749476147,0.9643743353286216,0.0005639117696472445,0.00056390917186927,2.3215588955470372e-08,2.581336692997465e-08
1672,-1.1841948433519516,-6.50079021583529,-8.486298679851574,-10.581727738121277,-15.536162179727302,-15.509423349912016,-14.340569772829545,-15.499687160512735,-10.15067878157615,20.94432640303153,0.0059580003294398,0.0005676939918475,0.5728243732308804,74937.00761392461,1578017.2613494596,0.0843090749476147,0.965749448064396,0.0005674676876776914,0.0005674574031953811,2.263041698086785e-07,2.365886521189407e-07
1673,-1.1465221996313446,-7.9401960225341135,-7.66769798387512,-10.988650842802388,-13.776949904892035,-11.896870824462829,-12.47423561955434,-14.297895811547718,-13.029045231500586,20.514333144349976,0.0059580019505362,0.0005551309339368,0.5857880869303432,74937.02800333391,1543095.7675109424,0.0843090749476147,0.966182572616508,0.000555130923521101,0.000555119290552249,1.041569901074485e-11,1.164338455099563e-08
1674,-1.3170393685336954,-6.295136204023447,-7.975848493407535,-11.955522819260954,-15.225201404532664,-15.873454403102295,-14.598010568615884,-11.881328066871646,-13.0056853036032,20.814686975117507,0.0059580009997878,0.0005626787141988,0.5779301788795015,74937.0160452557,1564076.3093334355,0.0843090749476147,0.9631698733312324,0.0005624063557319724,0.000562392507363651,2.723584668275648e-07,2.8620683514900096e-07
1675,-1.2043737426080487,-6.462322174356077,-8.260758650103892,-10.48380020671782,-12.82764534652865,-13.799426771197394,-13.154583110116212,-15.06284966919524,-12.421312422253946,20.49437915186579,0.0059580022965691,0.0005556795085551,0.585209839682761,74937.03235557892,1544620.63870786,0.0843090749476147,0.9672606937576228,0.000555804733398895,0.0005558092282247508,-1.2522484379496636e-07,-1.297196696507753e-07
1676,-1.226217880240922,-6.393669402772227,-7.138412832434888,-13.648296491616078,-16.477331757088,-13.66208995937841,-11.732661866459186,-13.67077852120437,-13.456748761035056,21.211642893067925,0.0059580003144113,0.0005602081308885,0.5804788183292336,74937.00742490299,1557208.836425143,0.0843090749476147,0.9637445655280792,0.00056018208618198,0.0005601552955918791,2.604470652003716e-08,5.283529662088518e-08
1677,-1.3845662028379035,-8.150479185738979,-6.847994448321008,-11.042800399635514,-15.98969150164891,-13.74058596416039,-13.525342649071565,-11.641442562910978,-12.206589302942636,20.34957067784592,0.0059580013594035,0.0005671092361029,0.5734151706381995,74937.02056833776,1576391.8175859388,0.0843090749476147,0.9629219624142552,0.0005670641225999142,0.000567074890919261,4.5113502985822534e-08,3.434518363904394e-08
1678,-1.1770596707944043,-6.470353575909715,-6.929571226101604,-10.10158807271242,-12.171313418764134,-14.06513626861539,-16.091128594367596,-11.25071044009668,-11.102997928854068,19.66997726349851,0.0059580012834892,0.0005668014897302,0.5737264969611766,74937.01961352148,1575536.375930497,0.0843090749476147,0.9639411038054632,0.0005667648399772088,0.00056676544594558,3.6649752991235914e-08,3.604378461994316e-08
1679,-1.46535897258087,-6.148968110356831,-7.858076411538335,-13.771859703697528,-16.520184262470003,-12.369887737911611,-12.767602042417897,-11.510003325547292,-10.849575729739785,20.811815809956386,0.0059580002360955,0.0005774866215277,0.5631107895877938,74937.00643988201,1605237.8042674188,0.0843090749476147,0.9603106309237416,0.0005775686344697826,0.0005775784122246805,-8.201294208261701e-08,-9.179069698057006e-08
1680,-1.081506324352253,-6.122434527716971,-8.495531830828037,-11.628843901805052,-14.354102565525675,-15.24204904364759,-13.232586106757386,-12.221725678569488,-9.585062405109037,20.334333570581663,0.0059580008951156,0.0005717900588744,0.5687209777994209,74937.01472873628,1589403.0863976914,0.0843090749476147,0.9618321985279276,0.0005714224027073043,0.0005714324502501006,3.67656167095734e-07,3.5760862429937926e-07
1681,-1.0608191447238324,-5.947596933658666,-8.600487818064058,-14.495933418851322,-13.428377494441431,-12.870807077755895,-11.85599178664416,-14.362088792763055,-10.808102921068686,21.137909668164728,0.0059580005460796,0.0005643541250914,0.5762143986289581,74937.01033872025,1568733.4438926475,0.0843090749476147,0.9626129775759672,0.0005643709102652794,0.0005643763915780081,-1.6785173879399658e-08,-2.226648660808364e-08
1682,-1.183363517211526,-5.814075862768226,-6.549208755059137,-9.92642407040363,-14.900468109382937,-12.62803349637035,-13.313185749396023,-13.194868281906848,-9.228174472834752,19.700334957157505,0.0059580007566146,0.0005681507070993,0.5723639625482009,74937.01298673394,1579286.7913448776,0.0843090749476147,0.9644369328974598,0.0005679782957317343,0.0005679785925136067,1.7241136756576854e-07,1.7211458569336199e-07
1683,-1.3234198031730726,-7.938010701758569,-6.989609743745094,-11.789173825496404,-13.811881005690068,-13.749029576256795,-17.394993475371386,-12.635321026485151,-12.539486827002149,20.83913207957124,0.0059580010924782,0.0005638153473352,0.5767651041677869,74937.0172110732,1567235.8050033683,0.0843090749476147,0.9644518762509192,0.0005639239102172091,0.0005639300546480628,-1.0856288200908944e-07,-1.1470731286274561e-07
1684,-1.446716519059078,-6.82824621448694,-7.232755222381805,-13.84196687880861,-11.768094738021055,-14.99862584352742,-15.155076986923888,-11.034142804486386,-12.36663608853345,20.63265515564304,0.0059580006295176,0.0005663349845572,0.5741989961801172,74937.01138816524,1574239.632920859,0.0843090749476147,0.9618628102483232,0.0005663615480814244,0.0005663598900250267,-2.6563524224330025e-08,-2.4905467826638085e-08
1685,-1.4300765475451458,-7.065285129998178,-6.992745522727799,-10.754743322305805,-15.827805571179908,-16.736711937253766,-13.089169513417431,-10.753687821957726,-11.878366923909798,20.114401252683624,0.0059580016357227,0.0005727658415647,0.5677521919331,74937.0240437542,1592115.466572209,0.0843090749476147,0.9621293129478184,0.0005732827214881975,0.000573311715171261,-5.168799234974483e-07,-5.458736065610224e-07
1686,-1.4243880808369749,-8.058984583300285,-6.650162084109001,-10.991767686872114,-16.22523393994748,-12.168058028353286,-12.40662142598411,-12.08692776581932,-10.614145920022397,20.107953456001628,0.0059580019555231,0.0005708138093643,0.5696938000800571,74937.02806605685,1586689.4086058356,0.0843090749476147,0.9624461303412498,0.0005710137055446045,0.0005710151007271515,-1.9989618030454275e-07,-2.012913628515094e-07
1687,-1.382779666817627,-6.1125412564526656,-6.823923290344693,-11.562175079258614,-12.355195983528208,-12.9969783837258,-14.773795036307206,-13.004118109504004,-12.30452055754972,20.23604914106582,0.0059580005501407,0.0005565550296068,0.5842889846231113,74937.01038979946,1547054.3219106165,0.0843090749476147,0.9653204397318496,0.0005565829894844477,0.0005565910748396663,-2.7959877647735012e-08,-3.6045232866305406e-08
1688,-1.4112036948616058,-5.842223153440669,-6.198111046660393,-10.030767289324174,-16.083468557317673,-11.751379539284464,-14.437629912367036,-13.20810482619399,-11.279954169870368,20.02825052683082,0.0059580009991348,0.0005645870739482,0.575976718030525,74937.01603704221,1569380.9711206844,0.0843090749476147,0.9655054222393008,0.0005646729448425336,0.0005646812448432325,-8.587089433368267e-08,-9.417089503257082e-08
1689,-1.1912122351058954,-7.068002063515562,-8.07056728049669,-13.77704630915824,-12.757714493611587,-15.609161804727384,-15.636030513423536,-11.060517184227784,-13.032025711865918,20.986440167089125,0.0059580003952616,0.0005657685625372,0.5747738244725398,74937.00844180059,1572665.1513556638,0.0843090749476147,0.9618039777283665,0.0005657526200658619,0.0005657400831885734,1.594247133807937e-08,2.8479348626554365e-08
1690,-1.3717872080140163,-6.055012625809381,-8.23154730626857,-14.34135747024002,-16.158322343752705,-14.316036563334295,-13.62022664062417,-12.495948293388816,-9.305225211289242,21.174690978968894,0.0059580002517629,0.0005833081889933,0.5574907996213004,74937.00663693926,1621419.997633566,0.0843090749476147,0.960276421084678,0.0005830234438179882,0.0005830100205197987,2.847451753117819e-07,2.981684735013472e-07
1691,-1.1662249919666523,-7.420595437191537,-8.132765675282043,-12.25533765035654,-13.23818910641439,-12.902265701986604,-17.16193072785268,-10.8128420652605,-12.721301589888602,20.65795915585297,0.0059580013910577,0.000566601515706,0.5739290011901759,74937.02096646944,1574980.508743917,0.0843090749476147,0.962416011234202,0.0005666600897233796,0.000566664458855531,-5.85740173796815e-08,-6.294314953102231e-08
1692,-1.2532472525464184,-5.994456971094108,-8.827132612423572,-12.778990511091536,-11.259341140706235,-17.327116465375756,-13.493250709679286,-13.512347171873351,-13.155413769237656,20.91123422620656,0.0059580045938506,0.0005570388037682,0.5837821386875303,74937.06124973633,1548399.067474745,0.0843090749476147,0.9645386671190056,0.0005571588087676917,0.0005571721610786115,-1.200049994916439e-07,-1.3335731041143589e-07
1693,-1.1599224059163868,-7.875781475620683,-8.890816999983308,-12.9795646524711,-14.091277283401851,-13.570012857459748,-12.81593369341562,-13.044009017358144,-9.35335340035956,20.82575389694672,0.0059580014188591,0.0005734527881403,0.5670720432151014,74937.02131614291,1594024.969877439,0.0843090749476147,0.9612002068739518,0.000573678740723301,0.0005736729535580389,-2.2595258300105083e-07,-2.201654177388544e-07
1694,-1.3826732273112716,-6.166683368746176,-8.770491042546848,-14.638711534863818,-16.25627297028621,-12.580430950945193,-12.710723910049172,-15.256274581158603,-9.988814943317983,21.70597109965008,0.0059580001324274,0.0005716966474876,0.56881379376033,74937.00513599202,1589143.431050191,0.0843090749476147,0.9624597456279292,0.0005714813636228923,0.0005714502892380998,2.1528386470769708e-07,2.463582495002394e-07
1695,-1.1802608537332218,-8.28216426966286,-8.716365638088934,-11.088126801182929,-15.508958616847886,-12.884064018634716,-16.82493165859424,-12.625115070354632,-10.36416894738675,20.88193849877333,0.0059580019686037,0.0005742396178204,0.5662951130055757,74937.02823057873,1596212.1179445032,0.0843090749476147,0.962699575620856,0.0005741963721762226,0.0005742155779889044,4.3245644177443074e-08,2.403983149557639e-08
1696,-1.202711442473468,-6.057921642988503,-8.630870284925788,-12.222048239495791,-14.50086111413157,-14.702313747903933,-14.51276057254192,-15.60896468122972,-12.413700019260403,21.39988080473888,0.0059580008272407,0.0005555133103511,0.5853847059335805,74937.01387503665,1544158.6580662415,0.0843090749476147,0.9662638839057918,0.0005556927520289555,0.0005556991647868867,-1.794416778555302e-07,-1.8585443578675743e-07
1697,-1.0888379161268873,-5.620634348579069,-8.937373328852956,-10.29029185184134,-12.345339309443926,-15.947317611350154,-12.1081608087418,-13.827662280171795,-10.846954068377688,20.10287671713637,0.0059580030780141,0.0005606208513587,0.5800518823114641,74937.0421842363,1558356.0742600353,0.0843090749476147,0.9649020034132918,0.0005605408339135349,0.0005605554981475121,8.001744516506273e-08,6.535321118788465e-08
1698,-1.021558953785244,-7.93411903628515,-8.299921097151488,-11.530414447910925,-15.210754418363434,-17.28180946047727,-16.659039427727897,-15.72333457030517,-12.480084666861885,21.715003965190096,0.0059580004966532,0.0005636208961687,0.5769640035834857,74937.0097170581,1566695.2896876023,0.0843090749476147,0.9666308783894296,0.0005636073992728266,0.0005636281366865226,1.3496895873393693e-08,-7.24051782256558e-09
1699,-1.2112909937365002,-6.8080380989216085,-6.723781884979633,-12.026838037579347,-14.673066722651315,-13.375369969029446,-13.981570033471854,-14.819389884431256,-13.169164752110634,20.95599821152572,0.0059580007039599,0.0005542387442378,0.5867308792644437,74937.0123244668,1540615.7505200903,0.0843090749476147,0.9667016170352644,0.0005544230682476066,0.000554425792593494,-1.8432400980658483e-07,-1.8704835569392352e-07
1700,-1.462000595439521,-6.551416731253108,-6.745460057648016,-11.398803934611786,-15.816849254787275,-15.484936039065348,-15.630332178390384,-11.824767438969538,-13.068554346243982,20.654768770453146,0.0059580012102071,0.0005649854842395,0.5755705876469192,74937.01869181363,1570488.4309948185,0.0843090749476147,0.9639808216395758,0.0005647749860576213,0.0005647563203689295,2.104981818787247e-07,2.2916387057046132e-07
1701,-1.088580222729974,-6.567413986218159,-7.462979483592871,-14.400709483357383,-11.428631753832452,-12.163062975265376,-16.182046799411964,-13.738125664966033,-9.373968019495024,20.930279308264407,0.0059580015990283,0.0005743256225706,0.566210258133928,74937.02358222925,1596451.1850868706,0.0843090749476147,0.9627815103083048,0.0005741831655471969,0.0005741695653471235,1.4245702340313048e-07,1.560572234764624e-07
1702,-0.9956329008204028,-8.246343505046214,-7.579797555818267,-11.120840272912565,-14.661357280371613,-14.98585175731329,-16.689851602027925,-11.475376968073387,-12.926139212954013,20.69438481715612,0.0059580019175124,0.0005664147659135,0.5741183045582557,74937.02758797642,1574461.4009140253,0.0843090749476147,0.9634882145605156,0.0005662460110900278,0.0005662151203643412,1.687548234722159e-07,1.9964554915882261e-07
1703,-1.078329917582496,-5.808930727641293,-7.39311510840542,-14.134841281475008,-15.114659479893168,-11.641140453573705,-15.33502763997928,-15.344511609822243,-10.741633366588012,21.496279456000863,0.0059580002055038,0.0005641527452345,0.5764200345867657,74937.00605511341,1568173.668917191,0.0843090749476147,0.9645227719254904,0.0005642325152825856,0.000564252689587166,-7.977004808556922e-08,-9.99443526659852e-08
1704,-1.0147748472228455,-6.600000830373481,-7.05889873063837,-14.659061847113064,-16.384191553792753,-14.265051314077787,-17.28769750716762,-13.646772043546804,-10.389135344376063,21.75589668664588,0.0059580000588582,0.000576544918576,0.5640305246597794,74937.00421067238,1602620.1554387975,0.0843090749476147,0.962426699956178,0.0005764068033565276,0.0005763832431617411,1.381152194724223e-07,1.616754142588512e-07
1705,-1.1128103643220948,-8.291797650618127,-6.439815847887889,-13.554306250430155,-13.7983952080859,-16.559639678300694,-12.90780942360824,-12.374116846534411,-13.260689656991389,20.929923441762668,0.0059579997462443,0.0005614221884738,0.5792234685354956,74937.0002787573,1560583.5485999018,0.0843090749476147,0.9630068562749482,0.0005614595815746487,0.0005614580493165898,-3.739310084867938e-08,-3.586084278974725e-08
1706,-1.1446279998683229,-7.292605349061795,-6.602824823796032,-14.737158983003896,-16.16002892870062,-15.539997554641696,-12.438428153183022,-15.441080688519332,-11.713292178406371,21.750493255625063,0.0059580001731609,0.0005642959514975,0.5762737467979431,74937.00564831999,1568571.7389305823,0.0843090749476147,0.963949943823618,0.0005641717102623885,0.0005641787713610775,1.2424123511142315e-07,1.171801364224876e-07
1707,-1.475777662102279,-6.3139847834726215,-7.593652028553937,-11.11823061275314,-12.062754221940208,-14.020228777079287,-12.32255106805848,-12.881820294323749,-10.634439086774533,19.900700505486,0.0059580011579788,0.000560515370152,0.5801607595729777,74937.0180349089,1558062.8684708772,0.0843090749476147,0.9638610543427022,0.0005605136494471267,0.000560506312516008,1.7207048732918728e-09,9.057635992040965e-09
1708,-1.2688394308449271,-8.069423837570257,-6.888548346525697,-11.944445921429136,-16.06882497511616,-16.65303900365905,-12.388037383251962,-14.870790874077226,-11.6358239337284,21.102275953884337,0.0059580002990796,0.0005645207072842,0.5760443299693443,74937.00723206691,1569196.4919069484,0.0843090749476147,0.964836565744258,0.0005645204787539863,0.0005645134875610467,2.2853021363310189e-10,7.219723153302146e-09
1709,-1.4563055934646318,-8.194387921361468,-8.402792128526677,-11.370225173489017,-16.008565804273182,-17.189825409947154,-15.449998277844283,-13.339570097164152,-10.139030330040017,21.13173950774166,0.0059580008145362,0.0005764900176468,0.5640843463506489,74937.01371524476,1602467.5474929137,0.0843090749476147,0.9627825907326316,0.0005765605004172791,0.0005765509180016115,-7.048277047910171e-08,-6.090035481150832e-08
1710,-1.080745802391242,-7.0967128600316,-7.16890716269581,-13.041861254852382,-13.180493541588715,-14.005585612094302,-14.563131343200467,-14.022664666525424,-12.16498489217758,20.993225017695075,0.0059579999481093,0.0005570667563948,0.5837521627602564,74937.00281772333,1548476.7673059108,0.0843090749476147,0.9646876826160552,0.0005571894692780942,0.000557196250900519,-1.227128832941406e-07,-1.2949450571900483e-07
1711,-1.1757495656342467,-5.672542615497562,-7.704090546468427,-12.457579600753949,-13.104199723421557,-13.478747485736363,-14.083763566282666,-13.549180371488166,-11.313610417087949,20.606657880424027,0.0059580010812687,0.0005583933933764,0.5823654442850499,74937.01707008539,1552164.4160858097,0.0843090749476147,0.9641887804835594,0.0005585175086253809,0.0005585193041409792,-1.2411524898082397e-07,-1.2591076457911347e-07
1712,-1.095011863773617,-7.606071944512134,-6.078229120445126,-10.10270706889452,-12.801623400994732,-16.468830704871642,-13.669900252596204,-12.023195910595708,-10.22389153103918,19.64349069740231,0.0059580026738779,0.0005689430320587,0.5715671494037299,74937.03710119627,1581489.2146230745,0.0843090749476147,0.9638255339269454,0.0005689753360024558,0.0005689920058620776,-3.2303943755759325e-08,-4.897380337755882e-08
1713,-1.1572722213545992,-6.893533675504811,-8.5728983649587,-14.651342093341269,-11.65048378233316,-13.010051846071544,-12.574500060713635,-13.786451333524372,-13.156987697240922,21.196927969669773,0.0059580007751822,0.0005586057235047,0.5821440380520833,74937.01322026874,1552754.6294974356,0.0843090749476147,0.9634265227385508,0.0005584961115242859,0.0005585023392084513,1.0961198041413434e-07,1.0338429624879002e-07
1714,-1.4624279387039565,-6.63868873836807,-8.951994497420419,-13.65085034993424,-12.05308177584154,-16.52947879361931,-11.917735390225875,-15.21302336361884,-11.383605299517264,21.2575312868416,0.0059580008133934,0.0005608513802989,0.5798131307354678,74937.01370087215,1558996.8748534918,0.0843090749476147,0.9640982099038702,0.0005608450572728095,0.0005608503365509996,6.323026090562789e-09,1.043747900391842e-09
1715,-1.1013125813487976,-6.342312208436425,-8.862590618682832,-14.243970120319698,-12.6931819421428,-12.54740725359468,-15.218397829281896,-14.207960589313036,-11.468303466928583,21.39247143498028,0.0059580007417575,0.000562506388262,0.5781071923970373,74937.01279986765,1563597.2954515198,0.0843090749476147,0.9633907712645516,0.0005623577218393907,0.0005623614687325242,1.4866642260931602e-07,1.4491952947577342e-07
1716,-1.427139860287716,-6.102025792972077,-7.896093440249722,-11.265555672641888,-11.624888288251231,-11.673614393881724,-14.684805465725134,-14.99968871668827,-11.622511985204008,20.45763418602698,0.0059580074641767,0.0005592923985533,0.5814302858961572,74937.09735138762,1554663.3780400215,0.0843090749476147,0.966848591670972,0.0005590520222381014,0.0005590417821923574,2.403763151986047e-07,2.5061636094267804e-07
1717,-1.2179230021411254,-6.503489832779537,-8.146250576293786,-12.296843680428854,-15.57634308287476,-15.144367767108667,-12.151943922473862,-12.412382822884007,-9.4665392161167,20.53032920615068,0.0059580003843933,0.000576136092165,0.5644308072143718,74937.00830510471,1601483.7419083845,0.0843090749476147,0.9612002900283844,0.0005757400686273389,0.000575702971807916,3.960235376611332e-07,4.331203570839869e-07
1718,-1.0875942614863046,-5.616718577625354,-8.668409220275446,-12.55445992384788,-11.515404842511757,-16.57229356459535,-13.059217160766863,-12.066578830679346,-13.444790394540698,20.524647639523664,0.0059580017054547,0.0005576979031427,0.5830917883844867,74937.02492081147,1550231.164000135,0.0843090749476147,0.963611763656534,0.0005576798852312559,0.0005576623754273168,1.8017911444095924e-08,3.552771538311954e-08
1719,-1.0274869255083146,-8.334801508507743,-8.081521665765653,-14.447173386838829,-15.09947615530296,-12.297075005318153,-15.843000759369902,-12.743755686741595,-12.984013016798922,21.66281019622314,0.0059580003500232,0.0005637290732552,0.5768532654779427,74937.00787281232,1566995.9892058943,0.0843090749476147,0.9622439549150068,0.0005638075844145331,0.000563812149646894,-7.851115933310386e-08,-8.307639169397463e-08
1720,-1.345718833469857,-6.3185217419175865,-6.870349186726973,-14.589115521941038,-14.975832581397484,-15.959502791733074,-13.191402784117276,-14.747331683642232,-13.694892537315514,21.67710732476793,0.0059580003254271,0.000555342485329,0.5855646980543666,74937.0075634537,1543683.816272139,0.0843090749476147,0.9648923854100764,0.0005555525680081592,0.0005555180574965733,-2.1008267915925433e-07,-1.7557216757334813e-07
1721,-1.4049298574277798,-6.855990568061444,-6.712221282433919,-12.372541122158314,-13.965372522413194,-16.74126688224506,-12.967796960257523,-14.524245260843768,-13.202809625720658,20.978185640700705,0.0059580007707197,0.0005555330590424,0.5853638877140014,74937.01316414142,1544213.5534431771,0.0843090749476147,0.9660105829923928,0.0005555796611761027,0.000555588219548366,-4.660213370278124e-08,-5.5160505966047116e-08
1722,-1.1923365063119569,-7.765566324751311,-7.734722096230974,-12.201541806232957,-11.629901950117963,-17.022961877327564,-12.806117832374875,-15.686135451152056,-9.2397974767868,20.77961506353244,0.0059580021191581,0.0005688305684811,0.5716800741917161,74937.03012418318,1581176.599958758,0.0843090749476147,0.9649675737760136,0.0005687859463486439,0.0005687883900943848,4.4622132456054175e-08,4.217838671513249e-08
1723,-1.2054865075103152,-6.232791924730252,-8.607231660444251,-13.00444356536173,-13.143793549001014,-16.533679035864807,-16.12599442498671,-14.66730170257187,-9.215934648983312,21.271443527609406,0.0059580000400095,0.0005731257278986,0.5673954518907137,74937.00397360262,1593115.8415191371,0.0843090749476147,0.9636472102990108,0.0005729922046711085,0.0005729868545662495,1.335232274914241e-07,1.3887333235045214e-07
1724,-1.164487261370755,-7.7340644008473,-7.771511036692419,-10.243301594558549,-12.160145673761113,-15.753384650058468,-15.832056784452195,-15.774430174912268,-9.968817872447731,20.63191006953774,0.0059580012718694,0.0005715843424793,0.5689257176175289,74937.01946737293,1588831.2571603958,0.0843090749476147,0.9670414271273996,0.0005716241473104968,0.0005716436770894024,-3.9804831196768586e-08,-5.933461010238297e-08
1725,-1.2719604172844257,-6.969399132730847,-6.276588408382732,-10.990884240709129,-12.130833378268685,-15.853450586417187,-16.453313338135143,-10.792655742052386,-10.10765908492982,19.78272449487936,0.0059580007325222,0.0005751658876511,0.5653829530737224,74937.01268371113,1598786.867373958,0.0843090749476147,0.962644885746236,0.0005751017856060575,0.0005751060692368643,6.410204504247834e-08,5.981841423564026e-08
1726,-1.266819570156876,-7.11837738829211,-6.97784175711431,-11.728818011963494,-15.730692683412451,-14.25912590769324,-14.31156483241408,-11.098812440482057,-13.045475986949862,20.49687656289037,0.0059580006062418,0.0005652404383981,0.5753108865502563,74937.01109541312,1571197.1262935111,0.0843090749476147,0.962804828670372,0.0005650771202515946,0.0005650764420185881,1.633181465054154e-07,1.6399637951184775e-07
1727,-1.4181347686656616,-6.041744661962604,-7.007739297112128,-12.984876329735892,-15.547529733512723,-13.617486912285,-15.896189699594508,-14.679742770459494,-12.130723388749576,21.372146066532853,0.0059580003162625,0.0005597854125741,0.580917163405174,74937.0074481861,1556033.8076131549,0.0843090749476147,0.9653220024325104,0.0005599363899622189,0.0005599390366581726,-1.5097738811887477e-07,-1.5362408407252996e-07
1728,-1.2707230727750225,-6.628194789088228,-8.585434331543288,-14.816427112302051,-12.415952745456604,-14.108251350305633,-14.185471144738267,-11.10832480469214,-12.232268947207563,20.98135130890516,0.0059580001893269,0.0005705354756415,0.5699714697499729,74937.005851648,1585915.7252035367,0.0843090749476147,0.9605931243597784,0.0005704989401848797,0.0005704983408518702,3.6535456620257097e-08,3.713478962980195e-08
1729,-1.2640954227085306,-7.78082161274606,-7.035272113982113,-13.465390883194472,-12.442472651634144,-12.23697902789409,-15.84862273259778,-10.958541009118225,-13.593139687571236,20.671426503611265,0.005958000974013,0.0005627261505237,0.5778814571452776,74937.01572107157,1564208.1679414704,0.0843090749476147,0.9626469873338894,0.0005627270959535836,0.0005627488258226153,-9.454298835779792e-10,-2.267529891533237e-08
1730,-1.3748701270913248,-6.685083525202114,-7.446468810424137,-10.708845436208488,-11.550184972326672,-16.503984528860748,-13.068127226981757,-15.669359174277478,-11.546006575747583,20.45517526098561,0.0059580036845782,0.0005606891109686,0.579981354001163,74937.04981332336,1558545.8152899782,0.0843090749476147,0.9676489101965488,0.000560736853518925,0.0005607433267953568,-4.7742550324920106e-08,-5.421582675673147e-08
1731,-1.195375722697544,-5.8826127629310125,-6.231177600161363,-10.333867075533377,-12.059517691349312,-14.979761606571651,-14.314618028497176,-15.050764012356666,-10.76533877734489,20.054784023446075,0.0059580021971914,0.0005625765808122,0.5780352739015695,74937.03110565046,1563792.40946974,0.0843090749476147,0.9676622825241992,0.0005624817806566642,0.0005624820314778529,9.480015553575867e-08,9.454933434707019e-08
1732,-1.1811595334811384,-8.082518677815125,-8.714292569848016,-11.595894777674983,-15.041562020219864,-13.949454962569488,-12.619354677858365,-15.365066264050492,-13.474059673646156,21.29265133364431,0.005958001193012,0.0005546682624401,0.5862766049338366,74937.01847554099,1541809.6809597362,0.0843090749476147,0.966266340584474,0.0005548495834457486,0.0005548550552885792,-1.8132100564863425e-07,-1.8679284847925373e-07
1733,-1.3990357457541374,-5.604991856206008,-8.349419966791691,-10.687696989943689,-11.93972961536847,-13.390765302647525,-11.712531210791123,-12.291931988306484,-9.517481479321445,19.559432559055768,0.0059580020948747,0.0005647080279761,0.5758535092358934,74937.02981875787,1569717.1866639743,0.0843090749476147,0.9628312232372824,0.0005647480898738662,0.0005647292961404724,-4.0061897766188737e-08,-2.126816437244064e-08
1734,-1.2357439445538534,-6.598761822106049,-8.855966502068364,-14.14390731104065,-12.563330396314242,-15.359434232976431,-12.652603060738569,-14.001389907995671,-13.529575426876702,21.380346107079188,0.005958000539026,0.0005555348861005,0.5853619284082405,74937.01025000369,1544218.6321111585,0.0843090749476147,0.963894066207394,0.0005555906491447447,0.000555604767379876,-5.576304424464995e-08,-6.988127937597455e-08
1735,-0.992422815357212,-7.87961329553653,-8.11396122616744,-11.612863874365706,-14.3725553390554,-14.139052452515944,-14.87017240319375,-12.616643690714035,-12.81700464965308,20.82178155705552,0.0059580011635852,0.0005592988521022,0.5814226546978597,74937.0181054236,1554681.3169502702,0.0843090749476147,0.963864350406976,0.0005594531673044117,0.0005594665194946556,-1.5431520221170173e-07,-1.6766739245567194e-07
1736,-1.0272345775622005,-6.831932766546559,-7.722811939550336,-12.599985477557103,-13.101661868337947,-12.38911430806825,-17.179342395489332,-14.73199673566652,-9.45930471579832,21.01003506604408,0.0059580004217768,0.0005718326700199,0.5686785307585057,74937.00877529624,1589521.5324691446,0.0843090749476147,0.9645279426181266,0.0005717327062771812,0.0005717456836358364,9.996374271880812e-08,8.698638406356551e-08
1737,-1.0172193455836842,-7.412663047428764,-7.680738488026471,-13.690283399780537,-13.495958305889692,-15.419089216434225,-16.812595792514447,-12.216664227775816,-10.768908125963897,21.13941343446185,0.0059580003927247,0.0005725007079256,0.5680149487088,74937.00840989273,1591378.4754025156,0.0843090749476147,0.961898880772938,0.0005725502284722525,0.0005725558405318713,-4.9520546652561705e-08,-5.5132606271339826e-08
1738,-1.0164429046471704,-5.970159898693956,-9.02311322766749,-10.499279399340915,-11.227958520690592,-14.81827422079064,-14.4090841083286,-12.460894569902148,-12.501444260751851,20.11915728424396,0.0059580087512682,0.0005588214738879,0.5819204518082962,74937.11353983569,1553354.350181026,0.0843090749476147,0.9648259896711132,0.0005588419165916136,0.0005588491892945933,-2.044270371362976e-08,-2.7715406693295565e-08
1739,-1.3105270100856834,-5.787893469757964,-7.576736238860782,-13.67921536982977,-13.40052465464267,-13.781787718908856,-15.856054667672296,-14.25908708723501,-13.17122188558903,21.36778968019116,0.005958000420067,0.000555124306967,0.585794854243329,74937.00875379231,1543077.3465432313,0.0843090749476147,0.965283664309832,0.0005551205492956229,0.0005551069390477309,3.7576713771830805e-09,1.736791926910345e-08
1740,-1.1376903688360342,-7.928869541735506,-8.449151079099762,-9.961593785859325,-14.599662959599565,-14.491112470994317,-15.579549090035623,-12.668514887712725,-10.064278329765754,20.37127243979482,0.0059580006380804,0.0005726661591147,0.5678508763957761,74937.01149586534,1591838.3795692134,0.0843090749476147,0.9634240984657936,0.0005724974226329354,0.0005724714722546362,1.6873648176461437e-07,1.9468686006385294e-07
1741,-1.436386012675279,-6.544250859068837,-6.667222939342421,-14.21396547665471,-12.200794703237202,-13.99569000063878,-16.83025882518821,-11.14866176101306,-12.540159893574565,20.808445730090767,0.005958000809451,0.0005671943053551,0.573329088983128,74937.0136512863,1576628.2843273298,0.0843090749476147,0.9622742714426028,0.0005672192622309472,0.0005672166817418739,-2.4956875847273637e-08,-2.23763867739828e-08
1742,-1.250745948877006,-6.532035158491084,-8.594299340630618,-12.899904003418598,-12.85417290723502,-16.831847895210853,-16.674169494904206,-13.26285892172011,-11.226335523857507,21.213744057400653,0.0059580005872668,0.0005672512712622,0.5732714806469554,74937.01085675397,1576786.632285962,0.0843090749476147,0.9633186421538456,0.0005671179891861656,0.000567123736410525,1.3328207603443935e-07,1.2753485167504158e-07
1743,-1.222557722994316,-8.221439338114445,-7.702264914844175,-14.467801508627812,-13.795102958065666,-16.001357134571368,-16.1958305622063,-14.272581278958182,-12.52337760073162,21.88872984487339,0.0059580002952377,0.0005611927624261,0.5794603459620516,74937.0071837453,1559945.8137134768,0.0843090749476147,0.9637445675865968,0.0005612458089840144,0.0005612597013051892,-5.304655791439194e-08,-6.693887908922926e-08
1744,-1.113224257812523,-7.441527663975651,-8.418307629761953,-13.365382252539176,-15.473848004801514,-12.003436737618006,-13.036816854840788,-14.07881470759881,-10.10103796216217,21.160160400575585,0.0059580002878459,0.0005689544294024,0.5715553563810374,74937.00709077546,1581520.8957847217,0.0843090749476147,0.9622954051811552,0.0005689587132993296,0.000568964331818074,-4.283896929573906e-09,-9.902415674012573e-09
1745,-1.0905121390577743,-6.022103483522794,-8.284363171937366,-10.823827375118654,-12.646118091320805,-17.17797303782927,-14.178475630282826,-13.553305150532882,-10.14904963382339,20.35067631568292,0.0059580041310744,0.0005662749861517,0.5742603404011075,74937.0554291487,1574072.8555355652,0.0843090749476147,0.9642736890581748,0.0005663913705348214,0.0005663980733002916,-1.1638438312145272e-07,-1.230871485916052e-07
1746,-1.1611447202409833,-6.714344258814104,-6.706747702471667,-11.696210992301044,-14.157467180483897,-15.270692927947117,-13.811383175645286,-14.325777662507106,-11.296939007869316,20.654803065581813,0.0059580010476849,0.0005601703719007,0.5805180534031918,74937.0166476829,1557103.877881655,0.0843090749476147,0.9653413339513558,0.0005601313765771626,0.0005601327902044366,3.8995323537404335e-08,3.7581696263463624e-08
1747,-1.4677846788052376,-7.811002969337563,-7.119287566464042,-14.55034358542427,-14.181115655567654,-14.619563450708638,-15.075313231705548,-11.613406787081312,-13.001576586136968,21.26101417649716,0.0059580004233338,0.0005660312572061,0.5745070764452948,74937.00879488062,1573395.3629272468,0.0843090749476147,0.9616771294025488,0.0005662710759779002,0.0005662926567994676,-2.3981877180021937e-07,-2.613995933676075e-07
1748,-1.1972209416339,-5.7669038695194805,-7.888102123660787,-13.57344638317288,-12.029276202734405,-13.97871554173723,-12.979094623857986,-11.566940187397543,-9.817640228254158,20.24888072148879,0.0059580004167759,0.0005718437867915,0.5686674748042219,74937.0087123974,1589552.4337253263,0.0843090749476147,0.9609229401804736,0.0005719643686875115,0.0005719776726174291,-1.205818960115651e-07,-1.338858259291361e-07
1749,-1.3417259555478729,-5.848797401661931,-6.150165453561106,-11.830802663801736,-14.97252421040878,-13.449953833005411,-12.647042930647803,-11.582984080839854,-12.922675573399443,20.10369651979937,0.0059580009140896,0.0005600802667503,0.5806114270357606,74937.01496738267,1556853.4128692616,0.0843090749476147,0.9636733324850736,0.0005598876200732664,0.0005598814810557154,1.926466770336326e-07,1.987856945846701e-07
1750,-1.2512879824088352,-6.972450499746873,-6.322644164564435,-10.984280509700236,-11.67664542640978,-15.980348170769693,-16.308297300804703,-13.380877420765035,-13.787017667901914,20.439154697273093,0.0059580020716337,0.0005598035068493,0.5808986434029867,74937.0295264442,1556084.104214745,0.0843090749476147,0.967275963242953,0.000559783760127046,0.0005597814090649023,1.9746722254099583e-08,2.209778439778761e-08
1751,-1.1837645791021894,-7.212257517973674,-7.782381746467686,-11.286760809152453,-11.663511455295064,-15.332216848251504,-13.863469905023194,-14.77888764207834,-10.735727477737264,20.51261775142201,0.0059580048916258,0.0005620443880193,0.5785830007496013,74937.06499501629,1562313.074783028,0.0843090749476147,0.9656839048617956,0.0005619806886941771,0.000561974037585761,6.369932512289168e-08,7.035043353897583e-08
1752,-1.243842880726791,-7.160000194519355,-8.70183014618344,-13.124062957012884,-14.47671982381522,-13.474296907261198,-12.63879019728622,-14.826255445948972,-10.138066238599883,21.17327384202567,0.0059580009125237,0.0005649776779878,0.5755784971229374,74937.01494768752,1570466.7319809354,0.0843090749476147,0.9632058160408244,0.0005651960723194524,0.0005652043986616012,-2.1839433165236379e-07,-2.2672067380110662e-07
1753,-1.4603723958041583,-7.914741527083372,-8.19088532354451,-11.902936993409686,-11.28491801042388,-12.022742871634655,-16.771251426108204,-12.370635504693553,-13.089464440452664,20.62607849810409,0.0059580048549249,0.0005624772930495,0.5781376947804234,74937.06453340905,1563516.4195778852,0.0843090749476147,0.9643693539193108,0.0005622875774354115,0.0005623077125801104,1.8971561408843464e-07,1.6958046938951934e-07
1754,-0.98670344491728,-8.021885685144397,-6.175266810083718,-13.80240819035538,-13.085720062741911,-14.26069023344098,-11.947479864378334,-12.29841478148867,-11.665629415307253,20.520089101486047,0.0059579999656187,0.0005642896052164,0.5762801977472778,74937.00303794899,1568554.0981922622,0.0843090749476147,0.9621600728885332,0.0005644685507035967,0.0005644778498015395,-1.7894548719665695e-07,-1.8824458513950083e-07
1755,-1.189163871493051,-7.512728967530985,-7.316944016776461,-10.264788402075084,-13.11952722602194,-14.34852793562763,-14.011208905848704,-12.482419429473753,-12.07589791964632,20.059203061663336,0.0059580032052065,0.0005601482984803,0.5805412448617807,74937.0437840044,1557042.5204621465,0.0843090749476147,0.9647361141691744,0.000560171520730864,0.0005601607584976624,-2.3222250563909724e-08,-1.2460017362390767e-08
1756,-1.2783849569800227,-7.00073076383995,-8.692314888477767,-12.122772062096804,-16.451748478671835,-16.686045509709754,-13.797244995586908,-13.539052298566874,-12.633872456967657,21.36433220347465,0.005958000653318,0.0005632430051074,0.5773511231106866,74937.01168751628,1565644.8670546622,0.0843090749476147,0.963528073820536,0.0005632690648612099,0.0005633177643355715,-2.605975380984022e-08,-7.47592281715153e-08
1757,-1.3824551818864064,-7.843769366382775,-6.946047283645196,-11.06318403108522,-14.776552460065554,-16.25104327480873,-15.130118614510192,-10.643487225877966,-12.328747876176047,20.310212132057828,0.0059580011182751,0.000570662521831,0.5698447106808604,74937.01753553482,1586268.8751097603,0.0843090749476147,0.962497314412426,0.0005705233329815349,0.0005704915226735732,1.3918884946505748e-07,1.709991574267919e-07
1758,-1.409573357695741,-8.244245790659127,-7.779773507706122,-11.54843776648562,-11.643855709749523,-15.444233882830332,-13.605262263754966,-13.355156959348424,-11.229333602242614,20.434937315576573,0.0059580041286345,0.0005626842157347,0.5779249835251359,74937.05539846004,1564091.6019361003,0.0843090749476147,0.9640627133714464,0.0005625482934794431,0.0005625414150625194,1.3592225525692943e-07,1.428006721806421e-07
1759,-0.9858491728661664,-7.51589938031979,-8.393133350188181,-12.670150487555214,-16.361194346241657,-16.64604762188238,-14.17677118456903,-15.5287717199555,-9.514639087322417,21.60611444373518,0.0059580003581181,0.0005731651951774,0.5673564273459379,74937.00797462619,1593225.5485938033,0.0843090749476147,0.963759569346051,0.0005729886987235437,0.0005729890093178319,1.7649645385627542e-07,1.7618585956813947e-07
1760,-1.4522210263853232,-6.898816182380313,-6.694054710860144,-12.935458117562783,-16.247723403221823,-15.181547822326326,-16.133870111980304,-14.36674359201195,-12.994299088461968,21.55990481492846,0.0059580001453512,0.0005607861847227,0.5798804408072136,74937.00529854128,1558815.6509086464,0.0843090749476147,0.9652933842234788,0.0005607421572884558,0.0005607333981019967,4.4027434244154826e-08,5.278662070331338e-08
1761,-1.200857086703072,-6.045223275832919,-8.079414144439532,-11.246116449471575,-16.666465615674753,-16.07224134908544,-13.10833226410811,-15.547465097408198,-12.98348253897232,21.271045984711588,0.0059580002289685,0.0005591087125468,0.5816202458374522,74937.0063502425,1554152.7866069393,0.0843090749476147,0.9667593845772396,0.0005591230247758371,0.000559122110543488,-1.4312229037116361e-08,-1.3397996688003025e-08
1762,-1.096653870851571,-5.593215108723576,-8.123122168157513,-12.107459262738317,-11.691262236819943,-17.276326907464753,-17.262431947983544,-15.593844951543566,-10.012106825867264,21.10975534850653,0.0059580023431872,0.0005719728395835,0.5685394435335837,74937.03294191913,1589911.16137855,0.0843090749476147,0.9661015339844548,0.000572049913001637,0.0005720569810837961,-7.707341813704104e-08,-8.414150029609387e-08
1763,-1.2705167234231929,-6.123824232615284,-6.335929911480003,-10.60588747543753,-14.8639658994481,-15.68683712636205,-14.49734187243955,-13.308494761274892,-13.072001805199228,20.40436293046602,0.0059580004998283,0.0005595353673549,0.5811767905825557,74937.00975699257,1555338.757678263,0.0843090749476147,0.9663180330722604,0.000559293178642043,0.00055928430383972,2.4218871285698867e-07,2.5106351517992665e-07
1764,-1.129398233273336,-6.438042735558819,-6.456515717920638,-10.799413539420367,-13.672214182965291,-12.398388777598994,-16.88266259047127,-13.659269409868235,-11.329004553219589,20.3505443515103,0.0059580009639874,0.0005642497101746,0.5763210882589311,74937.01559497407,1568443.202065978,0.0843090749476147,0.9659942465604088,0.0005643759331094444,0.0005643769456342265,-1.262229348444454e-07,-1.2723545962656235e-07
1765,-1.340921154972624,-6.914227496481656,-6.548577034649041,-14.372392191702808,-13.463341174720258,-13.82699492699392,-12.78166858177082,-11.668335849281751,-10.885158429428936,20.57740053842551,0.0059580004834937,0.000570828324421,0.5696791027482191,74937.0095515438,1586729.7560645912,0.0843090749476147,0.9610006306608808,0.0005709177878865621,0.0005709104936604268,-8.946346556203567e-08,-8.216923942671629e-08
1766,-1.0139171458987055,-6.41927459281082,-6.800910723592503,-14.11840598794237,-16.505240932003588,-15.13304288071049,-16.25270587800655,-13.89258149717821,-12.750469833440077,21.75361129890276,0.0059580005434379,0.0005631474145675,0.5774491086615325,74937.01030549486,1565379.15432197,0.0843090749476147,0.9640073718168526,0.0005630757394941507,0.0005630665659352094,7.167507334925136e-08,8.084863229059196e-08
1767,-1.361800752980322,-7.067340937126938,-8.79003988505057,-10.369509729439583,-14.244037851509866,-14.32425856181444,-16.986101048032555,-10.60308109605726,-11.814732998934351,20.33370224507012,0.0059580033887551,0.0005719732292603,0.5685392058553197,74937.04609259557,1589912.244561878,0.0843090749476147,0.9624341452704528,0.0005720046683241897,0.0005719844150699807,-3.143906388968377e-08,-1.1185809680640604e-08
1768,-1.0769753700999083,-8.238291973870602,-8.319808982948874,-13.055353019876106,-11.406172648441231,-15.644655908573387,-12.758747811641127,-11.792729363600625,-10.422757599083347,20.432049051752223,0.0059580004828504,0.0005716802278703,0.568830181232937,74937.00954345278,1589097.7894898653,0.0843090749476147,0.9610631352725256,0.0005716727377636185,0.0005716751680584315,7.490106681477642e-09,5.059811868427487e-09
1769,-1.157987843142787,-6.676762056007843,-8.800307028063973,-13.350496123036509,-14.505450973617943,-13.387106833936013,-14.93036646278822,-13.909893008665298,-12.031304253751095,21.40726737049102,0.0059580007598911,0.0005594907539666,0.5812231712546952,74937.01302794427,1555214.7459787533,0.0843090749476147,0.9635053874882912,0.0005596424661390672,0.0005596498273043883,-1.5171217246714996e-07,-1.5907333778821756e-07
1770,-0.9905783070921316,-6.031959596403386,-8.684584880867282,-12.472563615346434,-11.51405741962598,-16.752817332776992,-14.01337793922444,-10.56892464563871,-13.32428273321821,20.363278355062164,0.0059580014103755,0.000563595739681,0.5769898895041409,74937.02120944012,1566625.3622753485,0.0843090749476147,0.9622998528387516,0.0005636212835598252,0.0005636405611806874,-2.5543878825183032e-08,-4.482149968743684e-08
1771,-1.2884583779998204,-7.034816775899399,-8.93087416046962,-11.974450237869458,-14.186220601621514,-14.250596186810828,-12.96716532892599,-13.713683414322858,-9.910086039549164,20.748924848229382,0.0059580022705131,0.0005666339064264,0.5738963205258605,74937.032027858,1575070.5451307788,0.0843090749476147,0.9627687208218316,0.0005667923460617877,0.0005667977296628453,-1.5843963538776738e-07,-1.638232364453403e-07
1772,-1.0369275558951123,-5.594686020309592,-6.594061912824397,-14.390839882829162,-14.460523779059177,-13.904465147126526,-14.79930981674394,-13.889070689076688,-10.622048385514312,21.147775618727227,0.005958000132202,0.000565546147978,0.5749998299549718,74937.00513315771,1572046.906282512,0.0843090749476147,0.9632763201146222,0.0005657620886010397,0.000565773342822889,-2.1594062303976862e-07,-2.2719484488902594e-07
1773,-1.1744646972508392,-6.688083513040013,-8.67693168021775,-12.698709226474818,-16.447995939389006,-13.80329153197676,-12.86080076464864,-15.22194486928294,-11.347554289304888,21.447323097731093,0.0059580002786704,0.0005622176721624,0.5784040008200255,74937.00697536998,1562794.7521881708,0.0843090749476147,0.9641793555977354,0.0005622224090075443,0.0005622377441913193,-4.736845144316486e-09,-2.0072028919277014e-08
1774,-1.2928901706041085,-8.188748387928356,-8.388216865803983,-12.72976978399122,-15.29655127839212,-14.659879776890792,-12.21213543043931,-11.89411956722924,-12.80364171931717,20.91616652414449,0.0059580011204135,0.0005658003739806,0.5747416134358612,74937.01756243009,1572753.5775282534,0.0843090749476147,0.9617077393749108,0.0005657064306847665,0.0005656974574742688,9.394329583353473e-08,1.0291650633120243e-07
1775,-1.0987735033828545,-7.769089952364623,-7.387548178711292,-12.754131546903212,-13.37486575378822,-15.44905993242133,-13.72765532040363,-15.764642415635045,-12.214233713368731,21.310571854215645,0.0059580002765671,0.0005566636523878,0.5841749310258414,74937.00694891493,1547356.2603245669,0.0843090749476147,0.966244859279342,0.0005566931459654648,0.000556698820624339,-2.9493577664765208e-08,-3.516823653896672e-08
1776,-1.2050621305269864,-7.669047235291658,-8.41361409383862,-10.008627558400866,-13.142575733028494,-13.28831667313397,-16.551822808973796,-15.239949932736288,-9.754495408596483,20.62373480238128,0.0059580003157428,0.0005722169045086,0.5682966570602693,74937.00744165001,1590589.587907888,0.0843090749476147,0.9662393462539116,0.0005723720093279195,0.0005724002626279243,-1.5510481931951207e-07,-1.8335811932429676e-07
1777,-1.259092494497275,-7.710428643490594,-6.854932934490746,-9.990109965476536,-11.422615766369676,-15.62177978794031,-15.388339994538097,-11.557834724298672,-11.067848211278813,19.69326419636953,0.0059580018793059,0.0005683964133239,0.5721167029422102,74937.02710743192,1579969.780189477,0.0843090749476147,0.9640408546941364,0.0005683113152004219,0.0005683177292964001,8.50981234781301e-08,7.868402749993363e-08
1778,-1.4006251215731396,-7.660701695046771,-8.74819637609745,-12.164642537341244,-13.542267493875354,-12.397373934818578,-13.805648812247444,-14.028064410662877,-11.7331410123565,20.931764318086007,0.0059580015630569,0.0005592040407414,0.5815212916423984,74937.023129797,1554417.770099338,0.0843090749476147,0.9640579761038196,0.0005591150803474471,0.0005591141169692208,8.896039395292574e-08,8.992377217929403e-08
1779,-1.360681872062492,-7.246128561204973,-6.658426254897002,-10.242989792887345,-12.015690217055653,-14.858197932232414,-16.10077899334262,-14.139085574392285,-11.602010837174603,20.261319720013137,0.005958001531556,0.0005647606964446,0.5757997246122079,74937.02273359324,1569863.5890457209,0.0843090749476147,0.9668961154431284,0.0005647344172865432,0.0005647408015208227,2.6279158056780917e-08,1.989492377731019e-08
1780,-1.233552237062307,-5.873923424395884,-7.222568820741166,-12.287080070565413,-13.22685772582266,-13.256438894266935,-12.549560809052908,-15.4089071792294,-9.204590162206772,20.524381325254065,0.0059580003023901,0.000564097596684,0.5764764018921267,74937.00727370553,1568020.3726592946,0.0843090749476147,0.9650460380720212,0.0005642348142111896,0.0005642543239985304,-1.3721752718960905e-07,-1.5672731453039625e-07
1781,-1.179122529799321,-6.570952974973142,-6.668805118615333,-11.588362113431923,-11.98550923588259,-13.016543934447451,-16.428165536755568,-15.634078114798983,-11.471539396256407,20.72403611978311,0.0059580018440791,0.0005635174597961,0.5770701038946772,74937.02666436553,1566407.767917544,0.0843090749476147,0.9677394733491697,0.0005633863076420146,0.0005633781394306086,1.3115215408534067e-07,1.393203654914254e-07
1782,-1.223234275700383,-6.080513184938592,-8.633363729055613,-9.900031976821158,-12.371199990739274,-12.42486326439804,-16.104645942998747,-13.45933576773537,-13.207299302976692,20.316566166387023,0.0059580050032872,0.0005586890741612,0.5820578077433796,74937.0663994428,1552986.319063613,0.0843090749476147,0.9668680334133112,0.0005587732367975261,0.0005587831398081198,-8.416263632608605e-08,-9.406564691982842e-08
1783,-1.3427956220089567,-6.305168110564479,-7.416213224138239,-9.950372925058044,-12.627382929222591,-12.78903267193231,-14.888507212206507,-10.64879377710767,-12.269268639855714,19.573850657194285,0.0059580037941559,0.0005618072910435,0.5788270175712085,74937.0511915413,1561654.01704083,0.0843090749476147,0.9637957443282512,0.0005618701580946507,0.0005618664372832311,-6.286705115071244e-08,-5.9146239731106866e-08
1784,-1.2615695739363777,-6.854159554002035,-7.537207207843083,-10.815433736732253,-14.072279449406874,-13.577165552835694,-12.31050656498543,-14.946158369273965,-12.532609269700584,20.54132841956422,0.0059580015844211,0.0005552831636987,0.585627440325478,74937.02339850561,1543518.9201168993,0.0843090749476147,0.9668331703387696,0.0005554437849497357,0.000555456193259023,-1.6062125103566676e-07,-1.7302956032295286e-07
1785,-1.163062348349147,-7.6819715114798015,-8.504406766120375,-14.408556359924244,-13.38102649320412,-11.944923571809817,-12.983768175451978,-13.174576579687669,-9.653899108148812,21.004942855214846,0.005958000427104,0.0005743415043703,0.566194434127269,74937.00884229991,1596495.3316773928,0.0843090749476147,0.9609489201314338,0.0005743311641654881,0.0005743343939188169,1.0340204811853416e-08,7.110451483139345e-09
1786,-1.24966726413748,-7.315941708105859,-6.595858239953486,-13.96113522737039,-14.804359891893707,-15.149496938300704,-14.138019481568382,-14.975279776792233,-12.832436577595422,21.56338630007937,0.0059580005961308,0.0005564673302452,0.5843810754492602,74937.01096824137,1546810.5442620688,0.0843090749476147,0.9651483581379132,0.0005567939178373921,0.0005567954625436816,-3.2658759219206246e-07,-3.2813229848159195e-07
1787,-1.3733365197829688,-5.887538567833219,-6.458272355408559,-14.082329735851436,-12.381792272101974,-13.597631826355345,-13.740799422118494,-12.264649519217466,-12.55730080378517,20.60508455281958,0.0059580003540068,0.0005592724614386,0.581449972061588,74937.00792291612,1554607.9589029176,0.0843090749476147,0.9631466524620008,0.000559360884047136,0.0005593747689197816,-8.842260853603266e-08,-1.0230748118166336e-07
1788,-1.4407879017252674,-6.9194764484937314,-8.203887811461888,-11.056492151857382,-16.072836202448528,-15.34199022732092,-12.460912803655084,-12.62778026426856,-13.78384209874378,20.729936591651043,0.0059580023156287,0.0005604735316639,0.58020423678447,74937.03259530167,1557946.5701526315,0.0843090749476147,0.9642172512131651,0.0005603419942320326,0.0005603404799792098,1.3153743186734932e-07,1.3305168469019898e-07
1789,-1.1026148630873318,-6.19358721402735,-8.110523275839112,-14.15138583660348,-13.53683685510113,-17.166833901872398,-14.024222254165348,-14.765446664207628,-10.179096245351026,21.440747130781688,0.0059580000609891,0.0005672037003825,0.5733194844630084,74937.00423747432,1576654.3996565526,0.0843090749476147,0.9632706927319524,0.0005671880265446537,0.0005671847617363014,1.5673837846326075e-08,1.8938646198594228e-08
1790,-1.444382560911829,-5.6419466154745415,-7.162138922642271,-14.013819733530402,-12.192633406774544,-14.95329912834868,-14.58786220281322,-13.719735400211594,-10.421073539489369,20.88237551064681,0.0059580001123245,0.0005649578817455,0.5755985495537121,74937.00488314747,1570411.7044264986,0.0843090749476147,0.9633290121356156,0.0005650326678644589,0.0005650270672076046,-7.478611895885522e-08,-6.918546210455193e-08
1791,-1.293920988958842,-7.57991765595629,-8.70606786774901,-10.435568098657464,-15.682565134899823,-12.893480963849177,-13.201327229898428,-13.58279146959352,-9.687438001822157,20.470489764113537,0.0059580021012568,0.0005701868779435,0.5703202102775189,74937.02989902915,1584946.7292433805,0.0843090749476147,0.963244996298405,0.0005701189598283936,0.0005701292998027413,6.79181151063725e-08,5.7578140758712815e-08
1792,-1.0688213377439646,-6.819860456448346,-6.4777953870330505,-9.914652248586954,-11.534480254701773,-12.134002765149727,-16.241516407572362,-12.589852785452225,-13.301591169804611,19.812262316409697,0.0059580038601617,0.0005601858547926,0.5805024195921004,74937.0520217323,1557146.9156291522,0.0843090749476147,0.967085305063193,0.0005602589667835428,0.0005602662472595638,-7.311199094273482e-08,-8.039246696372581e-08
1793,-1.334892137931863,-6.171872029398323,-6.7416928923088975,-9.946354004055038,-13.255094200182096,-12.895755914731351,-12.131753218636,-12.689715887309733,-10.057603105832603,19.46566026482797,0.0059580020719303,0.0005620808076588,0.5785451011568009,74937.02953017438,1562414.3103439785,0.0843090749476147,0.9643174394601308,0.0005621274062050728,0.0005621276237710172,-4.6598546272732036e-08,-4.681611221715905e-08
1794,-1.363138982610689,-8.293146622476048,-6.809786774979216,-12.259970705757334,-14.57668377238895,-15.453406033225136,-12.567946142649532,-14.18661864651792,-11.024401136208809,20.82785115372854,0.0059580009766746,0.0005636106447672,0.5769745675946663,74937.01575454761,1566666.793898083,0.0843090749476147,0.9639991666757164,0.0005635100917927225,0.0005635080687614111,1.0055297447746255e-07,1.0257600578894403e-07
1795,-1.3960724498234274,-7.827587799587492,-7.490931577787524,-10.608924381553674,-15.471252268021551,-14.464787493347256,-16.144077465639786,-11.942003555484208,-11.514847155436936,20.52826833949243,0.0059580014277183,0.000570442740123,0.5700643063899566,74937.02142756936,1585657.948564968,0.0843090749476147,0.9633475838975918,0.00057014367127222,0.0005701251224236672,2.9906885077994085e-07,3.17617699332768e-07
1796,-1.1785439856768138,-7.724508069568551,-7.344848834237014,-11.356833063361766,-12.110959921597065,-13.895643041545927,-16.371140610342422,-11.005166917212222,-12.889524050756371,20.236238634980484,0.0059580023458005,0.0005636219076195,0.5769632367921428,74937.03297478895,1566698.101214345,0.0843090749476147,0.9635598535655544,0.0005636367176314588,0.0005636453671128037,-1.4810011958769562e-08,-2.3459493303686074e-08
1797,-1.414275062847263,-5.965028733913572,-6.418146922846153,-11.818467555010765,-15.033617773227494,-16.487257912933792,-13.885385283941034,-13.651644495470164,-13.780236797195608,20.82152639036391,0.0059580005155291,0.0005567679012956,0.5840655855796185,74937.00995447092,1547646.0406962477,0.0843090749476147,0.9661071792552072,0.0005566877921930139,0.0005566656586047686,8.010910258608207e-08,1.0224269083138667e-07
1798,-1.1761427316570443,-7.722641780655964,-8.44524608805102,-11.161155766471976,-11.88993537274836,-16.040324177430477,-12.229510200176565,-13.5086761303777,-13.34860082426156,20.499787983032224,0.0059580080968205,0.0005564356422241,0.5844154585162317,74937.1053084922,1546722.461166376,0.0843090749476147,0.9653283961560504,0.0005563518613847585,0.0005563536091333848,8.37808393415419e-08,8.203309071527082e-08
1799,-1.2778393568309396,-7.991867679328723,-7.507274920006807,-11.78471119180232,-15.107044991966015,-14.5534565072059,-13.88875772615696,-11.083182955889288,-11.57193371412583,20.44572710610251,0.0059580011404638,0.0005704634117024,0.5700436080472011,74937.01781461366,1585715.409291469,0.0843090749476147,0.9616373653702716,0.0005700730232411672,0.0005700569807981087,3.9038846123286806e-07,4.064309042913026e-07
1800,-1.0528933086706154,-7.462066731750633,-8.930423867260084,-13.4379873638991,-13.757596676210582,-13.249384684048753,-14.446605715956167,-12.009849431432931,-10.674983044148233,20.932207039260582,0.0059580009147234,0.0005708714770005,0.5696361021449684,74937.0149753539,1586849.7071586635,0.0843090749476147,0.9610005570009106,0.0005710794204701834,0.0005710887033589546,-2.0794346968335334e-07,-2.1722635845460546e-07
1801,-1.0052167997732495,-8.063673194157271,-6.773955235453654,-11.008120493635287,-11.764155415975203,-17.081438242282047,-15.670441972624834,-15.072611161173404,-13.615161120685451,20.852848426148007,0.0059580029977914,0.0005610596595301,0.579598208500936,74937.04117523266,1559575.8279986673,0.0843090749476147,0.9683641753689054,0.0005610551913880624,0.0005610186197902654,4.468142037567999e-09,4.103973983457347e-08
1802,-1.1788320124542486,-7.6638452715643055,-7.439773856596389,-13.079164710844491,-14.795920211431325,-14.07634306805597,-15.602532435251556,-12.114076674787505,-13.584806146093175,21.153892123795988,0.0059580006912939,0.0005599980485871,0.5806966390553829,74937.01216515942,1556624.8712912349,0.0843090749476147,0.9632407311435592,0.0005602562844626554,0.000560260237588457,-2.5823587555546656e-07,-2.6218900135699646e-07
1803,-1.2650892671421394,-8.214244440697408,-7.271098164887631,-11.835051357062426,-15.4469546847114,-12.322450270146994,-17.44186005399011,-10.56379126555042,-9.99806413028393,20.489231441764456,0.0059580009808019,0.0005838702793782,0.5569542069182604,74937.01580645972,1622982.4385655716,0.0843090749476147,0.9610270490419864,0.000583793562595908,0.0005838035387195335,7.67167822920533e-08,6.674065866651459e-08
1804,-1.4427640381127234,-7.150163746670121,-7.672340004331517,-12.664030777641177,-12.169211254271769,-12.20499980455875,-13.511069059365388,-14.258597553106547,-9.44632321255407,20.530313689264705,0.0059580003552718,0.0005664848044526,0.5740470964549165,74937.00793882676,1574656.086828057,0.0843090749476147,0.9636316789812156,0.0005664346402142377,0.0005664344018680056,5.016423836230483e-08,5.040258459448714e-08
1805,-1.373624587803712,-6.414483659125642,-7.789376262910515,-13.24896265370639,-12.943427257054372,-15.63455505255336,-15.503990315842834,-15.304118635298964,-12.020409133618202,21.433302564913973,0.0059580003848109,0.000558335514396,0.5824257121670124,74937.00831035632,1552003.530060258,0.0843090749476147,0.965711470586107,0.0005583324671912473,0.0005583373781305671,3.0472047527407495e-09,-1.8637345670664135e-09
1806,-1.452712882708585,-7.064143600479485,-8.159220948870919,-12.338610748238874,-15.071411211088662,-16.008210522322372,-12.424204922199864,-12.01849526964078,-13.457462621773464,20.835641256199505,0.0059580013003307,0.0005620935220194,0.5785319022816965,74937.01982534642,1562449.6524136,0.0843090749476147,0.9627765092632178,0.0005618693720833742,0.000561857206248229,2.2414993602578367e-07,2.3631577117095952e-07
1807,-1.312699634020145,-6.373564596840037,-7.8356274922550195,-14.07674569126524,-13.373542654424808,-12.287721244888406,-12.740237460783604,-13.028104840602008,-9.954306069899054,20.728378915469285,0.0059580003562896,0.0005694795339621,0.5710283475908625,74937.00795162813,1582980.5273309972,0.0843090749476147,0.9616025582629452,0.0005695546235014773,0.0005695703907693889,-7.508953937731145e-08,-9.085680728886276e-08
1808,-1.1955706931521526,-8.331868759417983,-8.423319664648794,-11.815651961993783,-13.32991538630051,-15.229772447405356,-15.043183019303992,-15.64458282130972,-13.323882826962992,21.44799678633492,0.0059580014854487,0.0005562568049542,0.5846023757615932,74937.02215367634,1546225.3477516265,0.0843090749476147,0.967004143368846,0.0005562932321390148,0.0005562834170636267,-3.642718481489029e-08,-2.6612109426706054e-08
1809,-1.322514660996113,-8.088905201260182,-6.876989938004563,-14.80549017713051,-12.181186841627378,-13.724426303620502,-14.407033521179017,-10.855813216910557,-10.464963729179736,20.64420224386853,0.0059580002541584,0.0005791488705773,0.5614945749260264,74937.00666706957,1609858.3528914065,0.0843090749476147,0.960029659071642,0.0005789023165054518,0.0005788960782300469,2.4655407184815976e-07,2.527923472530865e-07
1810,-1.1952667218101447,-6.916064995952077,-7.829337833907506,-13.79427464266863,-13.83872877745532,-14.118988303797572,-17.15923812895044,-12.928194068276298,-10.91005145646232,21.30011056726884,0.0059580004356313,0.0005696042871194,0.5709032939437019,74937.00894955239,1583327.303302691,0.0843090749476147,0.962556177647892,0.0005697277010497272,0.0005697338513533604,-1.2341393032717397e-07,-1.2956423396041482e-07
1811,-1.347425700735364,-6.366795361373463,-7.915444747595949,-11.25739289883647,-15.374228770246573,-16.173670568960357,-15.560240189266782,-12.553099319820165,-13.494615030265637,20.90712334633489,0.0059580011339078,0.000561019155506,0.5796397818818518,74937.01773215481,1559463.239085982,0.0843090749476147,0.9646116356362352,0.0005608518562566834,0.0005608430072235553,1.672992493165432e-07,1.7614828244465197e-07
1812,-1.2480579028648238,-7.880547145441267,-6.909477964564222,-11.575497238003758,-16.559085256029984,-16.810769024218775,-13.334166643241998,-15.524572470139628,-12.839677757929294,21.342745863970748,0.0059580005317522,0.0005618563667187,0.5787759842066027,74937.0101585169,1561790.4325458594,0.0843090749476147,0.9665326460861936,0.0005619682689890652,0.0005619646445570748,-1.1190227036520558e-07,-1.0827783837477709e-07
1813,-1.349054135743858,-6.81520530825758,-7.285448432635752,-11.954207565378422,-14.101422671027931,-15.530756852304464,-14.629811913218449,-14.791912974517722,-9.259116951094429,20.82369664834444,0.005958000746495,0.0005694860938765,0.5710218260077805,74937.01285945385,1582998.7619052927,0.0843090749476147,0.9644743201185432,0.0005694501820457581,0.0005694398151979624,3.5911830741888924e-08,4.627867853756844e-08
1814,-1.365937815234131,-5.757795954972705,-7.715433967078829,-14.278586399215056,-12.361028564937651,-14.326310037937894,-14.275598500584284,-13.224132678508544,-13.318142812100964,21.12675472401543,0.0059580007553102,0.0005561166708003,0.5847495804524757,74937.012970328,1545835.817270514,0.0843090749476147,0.9638980575928882,0.0005561454512320295,0.000556140339768129,-2.878043172944815e-08,-2.366896782897681e-08
1815,-1.430387530578907,-5.606160143594616,-8.77331221747962,-10.670636128365766,-15.14792527836674,-17.113444316214927,-12.646492787085538,-12.769096886121575,-11.612115134207896,20.47812653797343,0.0059580044100597,0.0005649173725534,0.575640447520496,74937.05893809824,1570299.1011482473,0.0843090749476147,0.9634936171436478,0.0005651112638693742,0.0005651163664542679,-1.9389131597426397e-07,-1.9899390086793901e-07
1816,-1.2017912371567612,-7.405083720087407,-8.906336180139679,-10.45921710815739,-13.45795622423922,-13.76661605963004,-14.826913496267611,-13.08732453607815,-11.235521272542872,20.464226044839585,0.0059580051048474,0.0005630029599785,0.5775979331328169,74937.06767682024,1564977.6143404336,0.0843090749476147,0.9641135635005575,0.0005631768105942369,0.0005631855151861374,-1.7385061573693163e-07,-1.8255520763739864e-07
1817,-1.0953449153126884,-7.297645893152691,-8.787392114628961,-10.521767194813473,-12.127796787198973,-12.693950175421412,-17.084902690117676,-13.943141264189116,-11.910035433414096,20.64043346450057,0.0059580027369553,0.0005645020636984,0.5760637083247336,74937.03789455451,1569144.668388161,0.0843090749476147,0.965877009820663,0.0005646161429512705,0.000564605287856834,-1.1407925287049408e-07,-1.0322415843399754e-07
1818,-1.286553622653343,-6.464969835391557,-7.43052895407551,-14.740372209730369,-12.817387281962557,-17.30682789676098,-13.235498841875897,-12.213168415182864,-12.995720033404384,21.13555042229317,0.005958000425389,0.0005638386322523,0.5767411885620011,74937.00882072934,1567300.5300165787,0.0843090749476147,0.962128524567872,0.0005637928854181135,0.0005637886814173757,4.5746834186457044e-08,4.99508349242634e-08
1819,-1.2452238559794817,-6.354495858434273,-6.66026991946427,-12.569922127715357,-11.769316041068793,-13.760736737211854,-14.77072486664111,-12.189612492377153,-11.144348999399174,20.21341858235668,0.0059580010159983,0.0005623323043305,0.5782861997638395,74937.01624914343,1563113.394876963,0.0843090749476147,0.963362139308639,0.0005624592560666241,0.0005624622934316762,-1.269517361241878e-07,-1.299891011762597e-07
1820,-1.0168760414204443,-8.34154444392963,-7.024612908547027,-14.206566021216856,-16.707973447115204,-17.24510726262765,-16.6862300006875,-14.240293560195052,-10.610704166932807,22.00232969395856,0.0059580000290028,0.000576799744434,0.5637813359109218,74937.00383516507,1603328.4941007255,0.0843090749476147,0.9627619598089532,0.0005766501735955188,0.0005766393723999662,1.4957083848126263e-07,1.6037203403381373e-07
1821,-1.0110597106504375,-8.14141906147914,-8.851711415861976,-13.301161870953408,-16.631701678068982,-12.601415727680951,-14.399795815629185,-12.45122341651863,-13.329997939656252,21.508167562035013,0.0059580003949296,0.0005642797154786,0.576290360097069,74937.0084376245,1568526.607718311,0.0843090749476147,0.9620892041359036,0.0005642437684245982,0.0005642262065297619,3.594705400174463e-08,5.350894883811904e-08
1822,-1.233072615786423,-7.676541001639505,-7.303943899055982,-13.71216027529299,-11.801553052963854,-15.47037814000662,-15.881341805169418,-11.265980117753877,-12.810040213473824,20.832968205724868,0.0059580009281582,0.0005657025856316,0.5748409364634011,74937.01514433071,1572481.7555520737,0.0843090749476147,0.9622639977919782,0.0005656341329254307,0.0005656204782050684,6.845270616930455e-08,8.210742653163607e-08
1823,-1.1241082987163629,-5.897411759608712,-8.813866716095475,-14.758935586024124,-13.0333893882427,-14.211742621601427,-15.231698270248204,-11.862310451443651,-13.71559935824635,21.35813097232525,0.0059580006411974,0.0005617610058349,0.5788742493925666,74937.01153506954,1561525.3581873488,0.0843090749476147,0.9621442235454644,0.0005617643798691988,0.0005617744842938493,-3.374034298806415e-09,-1.3478458949314244e-08
1824,-1.1597395660483754,-6.596078333620411,-7.25781472705759,-13.479169969202584,-16.387194498538435,-16.555837168165077,-16.27696398024866,-12.322277653228277,-12.101805170927651,21.417539196123435,0.0059580003825025,0.0005711047096651,0.5694033929468476,74937.00828132276,1587498.023286484,0.0843090749476147,0.9623980795863816,0.0005709589957418782,0.0005709670262523681,1.4571392322187005e-07,1.3768341273188468e-07
1825,-1.0234779152470992,-6.106669007610339,-6.173813153467812,-11.327760505502477,-12.275526872862802,-14.56768185110108,-13.30748275290637,-12.81319095078049,-12.895436286705037,20.00524530236444,0.0059579999408202,0.0005545194321027,0.5864337738669511,74937.0027260442,1541395.9777239903,0.0843090749476147,0.9657967753546935,0.0005544474602487383,0.0005544516503238565,7.197185396170657e-08,6.778177884356369e-08
1826,-1.4408531866308452,-7.24925460207701,-6.775193044215756,-10.50522128198736,-14.815491516955118,-14.174744531969758,-13.904150831949408,-11.129796500378344,-12.831480199382575,20.02732498262225,0.0059580011446504,0.0005636171057804,0.5769679778584003,74937.01786727093,1566684.753556916,0.0843090749476147,0.963664487770648,0.0005632019146123458,0.000563182189478414,4.151911680542889e-07,4.349163019860044e-07
1827,-1.4120814672506743,-7.737688156475016,-8.738921823484391,-13.629259834058791,-13.88001455513632,-11.589994945531815,-13.096614951887092,-14.609505560602202,-10.24932021239784,21.209847098748057,0.0059580009743366,0.0005665778063347,0.5739529579681474,74937.01572514175,1574914.603876598,0.0843090749476147,0.9627959138916898,0.0005665536586708725,0.0005665455902770891,2.4147663827507257e-08,3.2216057610891594e-08
1828,-1.252589617838736,-6.299756697301923,-7.071599389631048,-14.319704132130118,-15.850071648985947,-14.652663946382477,-16.245856880681156,-13.165063960448276,-11.58907656200521,21.53586385574472,0.0059580005240624,0.0005683435433236,0.5721697287157462,74937.01006179902,1579822.817610592,0.0843090749476147,0.9626816021643556,0.0005683699205251253,0.0005683657102795127,-2.637720152530703e-08,-2.2166955912657736e-08
1829,-1.135832459581846,-8.247567825859226,-8.486715032235418,-12.359178387326873,-13.39297572607363,-17.339692249680105,-14.728382835237994,-14.842972035690863,-10.175785427816912,21.28621005405407,0.0059580010062277,0.0005683594345821,0.5721538003761855,74937.01612625373,1579866.990493634,0.0843090749476147,0.963977666931202,0.0005682858636627636,0.0005682975447754408,7.357091933639457e-08,6.188980665911177e-08
1830,-1.1138625609861876,-7.8205435337228995,-6.1201819656126855,-11.864186180155722,-15.316603716522437,-11.923256237399327,-14.063830253193643,-11.308069168627725,-12.00663444882417,20.23301056732236,0.0059580013305454,0.0005660912669917,0.5744463057272191,74937.02020537284,1573562.17194571,0.0843090749476147,0.9626637667514072,0.0005660124395873924,0.0005660175055783595,7.882740430764732e-08,7.376141334053746e-08
1831,-1.2633030390718742,-7.417170465228434,-8.9189528787259,-11.806470937521087,-13.882880987539092,-16.23828328903779,-13.124412295480196,-13.259344071909773,-10.227505154174926,20.7500674400974,0.0059580024517634,0.0005681953149925,0.5723192716338839,74937.03430754185,1579410.7877699742,0.0843090749476147,0.962532072751104,0.0005680777040918107,0.0005680880122261543,1.1761090068930068e-07,1.0730276634569012e-07
1832,-1.058381714803688,-8.284278433651897,-8.314993036961065,-9.913508528374011,-12.493636196110652,-14.58863394497627,-16.76392939330143,-10.99987632623769,-10.163662926301797,19.95849435875497,0.0059580038514996,0.0005770458272351,0.5635414521189138,74937.05191278462,1604012.5297137662,0.0843090749476147,0.9624836690662416,0.0005770628164454836,0.0005770196596924398,-1.698921038367166e-08,2.616754266016822e-08
1833,-1.4148696878889122,-5.890173425218647,-6.762058122571907,-10.011023390334916,-12.048478951712756,-15.654165411753228,-12.049231360243398,-11.648354777589276,-9.698458723452656,19.24044113878753,0.0059580017875006,0.0005663874002229,0.5741460249837783,74937.02595274676,1574385.3325873064,0.0843090749476147,0.9632446496149664,0.0005662516170915538,0.0005662326996240552,1.3578313134618696e-07,1.547005988448199e-07
1834,-1.2572552231838765,-7.846806298666786,-8.54759188710781,-13.596958355495012,-13.823383823066738,-13.811688238562702,-13.348658357642709,-10.941337103060604,-11.0234260240462,20.72279332370393,0.0059580009209465,0.0005746579780848,0.5658826917840749,74937.01505362567,1597375.032698274,0.0843090749476147,0.9600268094275538,0.0005749702805144435,0.0005749742929052442,-3.1230242964353644e-07,-3.1631482044422454e-07
1835,-1.2642635109396525,-5.843945192264677,-7.708175978895635,-11.893334816872436,-11.732681152808608,-12.280090424963111,-14.63633725790864,-11.776420916583447,-10.656177707375578,19.97211839214546,0.005958001547261,0.0005639919041867,0.57658461470179,74937.022931123,1567726.579546041,0.0843090749476147,0.9628664584038452,0.0005639804020010193,0.0005639830543541655,1.1502185680691349e-08,8.849832534548255e-09
1836,-0.9930065197541162,-7.352771163902254,-6.075427806033818,-10.343086091580576,-14.923226843364478,-12.530611732794268,-12.685072498837425,-11.77390930669106,-12.645541393981992,19.792918951716143,0.0059580011251971,0.0005606783776719,0.5799920831014779,74937.01762259587,1558515.979977747,0.0843090749476147,0.9644710288447784,0.0005604964784484899,0.0005605132004656996,1.8189922341017416e-07,1.651772062004472e-07
1837,-1.3882966026146613,-6.024186982936122,-6.760143540120727,-11.02136149257023,-12.097340851799588,-17.230287606216773,-13.561072597258333,-11.988650452971864,-11.494960020923688,19.89976378842061,0.0059580006945721,0.0005626578970589,0.577951516650294,74937.01220639194,1564018.4439931742,0.0843090749476147,0.9639763602246098,0.0005628837826033425,0.0005628676213201004,-2.2588554444253565e-07,-2.0972426120042208e-07
1838,-1.2875391423693745,-5.956969616975318,-8.227581331107848,-10.59484174133278,-15.266757817721182,-15.766105477439856,-11.763459908639176,-14.308759523764891,-10.010749253583803,20.41228366832329,0.005958002383666,0.0005666407889335,0.5738893662406607,74937.03345104356,1575089.676414905,0.0843090749476147,0.9643088718299946,0.0005664577467720142,0.0005664206316664732,1.830421614858451e-07,2.2015726702676128e-07
1839,-1.248288223381913,-7.901043707381043,-6.166977943696711,-14.492717107032275,-14.905503125305897,-15.740334811738537,-13.005999426169613,-14.22822254857856,-13.243927691543057,21.507456980316924,0.0059580003650242,0.0005585625598424,0.5821889638862145,74937.00806148803,1552634.6475966077,0.0843090749476147,0.9641352658579874,0.0005588169873858419,0.0005587950799619037,-2.5442754344193533e-07,-2.32520119503748e-07
1840,-1.0141650618792253,-6.927845285518411,-6.3595736525270254,-12.673181149059182,-14.514568143947322,-14.61245130112303,-16.421546413457577,-13.57556004022466,-12.150933039976293,21.040687470419808,0.0059580007212236,0.0005613707738695,0.5792766604163206,74937.01254160225,1560440.6315808585,0.0843090749476147,0.9648201458008764,0.0005615981581429662,0.0005616115311139065,-2.2738427346623378e-07,-2.4075724440648667e-07
1841,-1.342115678573678,-8.339406734178578,-8.269880207649148,-11.84243682594881,-15.51515645789226,-13.255500976630362,-11.950230961986216,-11.390317740346854,-13.753773961646257,20.61557911148624,0.0059580024871367,0.0005639765138284,0.5766004855607925,74937.034752451,1567683.7990140328,0.0843090749476147,0.9623496681496287,0.0005638864225561878,0.0005639159461304,9.009127221212658e-08,6.056769800001464e-08
1842,-1.4007373439420705,-6.169339223121867,-6.504733449852507,-10.306578908897306,-13.52500667512691,-13.964212034956656,-13.40579174320619,-11.01685659894175,-10.94129140814931,19.500537953744715,0.0059580005761059,0.000564981382748,0.5755746741245338,74937.01071637796,1570477.0300914887,0.0843090749476147,0.9631553895342442,0.0005645946395124323,0.0005645877520586518,3.867432355676064e-07,3.9363068934819383e-07
1843,-1.3270365640359227,-6.365059734910899,-7.656981801616936,-10.181008584059748,-13.42983328441196,-15.706600939024614,-13.617665198063897,-12.352640171945318,-11.593667424662623,20.010869101768787,0.0059580018833905,0.0005619880648098,0.5786405488869314,74937.027158806,1562156.5133288158,0.0843090749476147,0.9642950323494628,0.0005618815996993622,0.0005618701159949033,1.0646511043783686e-07,1.1794881489676692e-07
1844,-0.9999897771433842,-7.793571183309294,-6.352806121216601,-12.63870551274102,-14.25144171560063,-11.864295185269828,-12.798978116484538,-15.37671311719674,-13.701957878205253,21.01900580217747,0.0059580008751287,0.0005536306603936,0.5873753442620208,74937.01447734945,1538925.4617091245,0.0843090749476147,0.9672107683646296,0.0005535784554852391,0.0005535833371282744,5.220490836084675e-08,4.732326532562187e-08
1845,-1.1028990491257389,-5.676616027194516,-6.483697453580808,-12.796341385816593,-14.122143724257407,-15.10671685786578,-12.457525650154334,-12.498057034200334,-12.554838599826,20.457223656305004,0.0059580001969087,0.0005584980889285,0.5822561449413426,74937.0059470091,1552455.4379934545,0.0843090749476147,0.9636826124534038,0.000558420593625864,0.000558420905929317,7.749530263605631e-08,7.718299918299271e-08
1846,-1.1380227690258045,-6.201850536397824,-7.309059168814044,-11.836303738005636,-16.144904659270075,-16.757282327574007,-15.598684088514757,-14.216713158415194,-12.720518970733904,21.27712265124641,0.0059580007744807,0.0005619884695048,0.5786399706547994,74937.01321144606,1562157.638258499,0.0843090749476147,0.9655178572497984,0.000561969130528993,0.000561968923576076,1.9338975806924667e-08,1.9545928723967675e-08
1847,-1.011394263169411,-5.687273254374215,-9.005996017348304,-10.783723383510909,-16.515059700508473,-12.18649211408389,-16.725291108554785,-15.00698124400105,-13.05408395018151,21.312377761394583,0.005958000031409,0.0005604560221551,0.5802220295834802,74937.00386542885,1557897.8990243326,0.0843090749476147,0.9668665662896636,0.0005604204088160204,0.0005603932938472981,3.5613339079620596e-08,6.27283078018714e-08
1848,-1.0874832497863194,-6.589447344846177,-6.203015135115112,-13.348527533969502,-11.881178602027736,-13.513961750602506,-17.064499133614586,-14.023719916031167,-11.199063847378458,20.868477787712685,0.0059580000044984,0.0005647611723184,0.5757990180681403,74937.00352696024,1569864.9118304104,0.0843090749476147,0.965035196028007,0.000564771466815282,0.0005647757788440264,-1.0294496882007863e-08,-1.4606525626384773e-08
1849,-0.9872028935566262,-7.191830562004666,-6.546935707185725,-12.563408673893983,-15.894334325765785,-16.163217126701028,-16.57497199810009,-14.605580323998735,-12.791291232832096,21.517352556230577,0.005958000586297,0.0005623444593241,0.5782736376327137,74937.01084455715,1563147.182075654,0.0843090749476147,0.9657988737512168,0.0005620788614976645,0.0005620979243184906,2.655978264355435e-07,2.4653500560944605e-07
1850,-1.164653080727622,-6.881474852154262,-7.297523529810896,-11.59823299759768,-12.750519592469605,-12.009987581850895,-16.435420139422504,-11.169405635108756,-13.602118055699508,20.299159258632177,0.0059580009794984,0.0005598904487207,0.5808082796027144,74937.01579006421,1556325.776270273,0.0843090749476147,0.9641397855513943,0.0005598714613574524,0.0005598718159165282,1.8987363247543847e-08,1.8632804171759762e-08
1851,-1.3255205052169945,-7.053339855842562,-7.449341153518649,-11.7584121855351,-16.29610463950489,-12.414822065662385,-14.035896206542686,-15.645189308167325,-11.738341295534893,21.19494302377935,0.0059580003359292,0.0005607549411133,0.5799127778574164,74937.00769554549,1558728.8031426857,0.0843090749476147,0.9661557877881812,0.0005607560288294466,0.0005607643532501985,-1.0877161465364799e-09,-9.412136898426932e-09
1852,-1.3135014867739974,-8.27769407599346,-7.767959250737666,-14.539024314819503,-11.895032570574678,-14.8565284630764,-12.711179600586586,-12.17763204264779,-13.54619106430863,21.04211811547781,0.0059580009094705,0.0005621721864268,0.5784508917475735,74937.01490928557,1562668.3156273563,0.0843090749476147,0.9621847397790684,0.000562173783069043,0.0005621616922516778,-1.596642243005715e-09,1.0494175122204713e-08
1853,-1.0576754632127374,-6.375498492008386,-6.6081754692616,-14.604889917658054,-11.815856209506954,-15.439445693433363,-16.29028290549504,-12.86714873623318,-12.297678095657744,21.1178259736972,0.0059580004064858,0.0005632451615471,0.5773488767867342,74937.00858297411,1565650.861303461,0.0843090749476147,0.9634725536457248,0.0005631527167798305,0.0005631587184002825,9.244476726949415e-08,8.644314681747166e-08
1854,-1.0943030747449365,-6.780257377305282,-8.46591728721818,-13.316439846551436,-11.753120380642844,-12.491608556071412,-14.240642940444737,-12.94500156595812,-12.80823026902114,20.82686166741696,0.00595800161523,0.0005579063697545,0.5828738977798457,74937.02378600571,1550810.6380065542,0.0843090749476147,0.9636170463954284,0.0005578574949478882,0.0005578577290540681,4.8874806611804225e-08,4.864070043183316e-08
1855,-1.18989076049945,-5.724140810995347,-7.597449175287714,-13.339789348115197,-12.727661951237437,-16.024460168767945,-15.293203946240158,-10.663355314983129,-13.44779692804965,20.65720308795406,0.0059580006962484,0.0005634942636946,0.5770936920733823,74937.01222747573,1566343.2897849637,0.0843090749476147,0.9623715615504916,0.0005634921539853756,0.0005634953419360534,2.109709224375547e-09,-1.0782414533710288e-09
1856,-1.0837349685098434,-6.255124207368219,-8.415612220888338,-11.015670200807422,-15.459280776655712,-14.826793142275314,-12.853957862667595,-13.509146172929755,-11.000105300571146,20.582874069820583,0.0059580019359693,0.000563809936426,0.5767707618909151,74937.02782011875,1567220.7643154736,0.0843090749476147,0.9637857015455464,0.0005634650127645821,0.0005634396222810522,3.449236614178541e-07,3.703141449477648e-07
1857,-1.1339052049208052,-7.448736027307301,-8.697802963825273,-14.653189880257994,-12.676042215874627,-15.387923892183684,-14.530906927992827,-15.579937002041133,-10.383259410035944,21.76580880542017,0.0059580003533663,0.0005663528181868,0.5741808755661545,74937.00791486054,1574289.2050066586,0.0843090749476147,0.9636170757644944,0.0005663519724035074,0.000566366751965885,8.45783292577687e-10,-1.3933779084967374e-08
1858,-1.0003702513630213,-6.38746227402327,-7.314932747118533,-10.353079703119926,-13.940767912898629,-12.232297901580374,-13.645050943031892,-12.770262739733836,-12.957409708013154,20.06774272897515,0.0059580014553712,0.0005553182187239,0.5855904529742312,74937.02177537553,1543616.3624636475,0.0843090749476147,0.9656563032281342,0.0005554251483424216,0.0005554225528447824,-1.0692961852163535e-07,-1.0433412088244835e-07
1859,-1.056420901286732,-6.996705711783891,-7.525134154412574,-14.487616444018494,-13.100575216107147,-13.690488928683408,-15.789779437284114,-14.266074002322645,-9.556739006395404,21.31968979995741,0.0059580000584182,0.0005718366126138,0.5686745579160378,74937.00420513874,1589532.4916853732,0.0843090749476147,0.962846446382928,0.0005718221541658796,0.0005718386670309614,1.4458447920363306e-08,-2.0544171613467305e-09
1860,-1.34304479360365,-7.281773233907044,-6.698439151007206,-13.83543394981794,-13.89802343185109,-15.475085372284656,-13.891724476562976,-11.924474048020652,-13.5810794022159,20.97369108668001,0.0059580002199887,0.0005604839997774,0.5801930942458772,74937.00623729812,1557975.668336089,0.0843090749476147,0.9628590881923303,0.0005606027064812266,0.000560601443526556,-1.1870670382654967e-07,-1.1744374915590924e-07
1861,-1.4385405055434135,-7.4309206344635506,-6.868824482930126,-10.340935122138475,-15.94199390406178,-14.45457360856989,-15.63297586730203,-10.95058615482512,-9.836287338645032,20.050071711832747,0.0059580010517893,0.0005808878190782,0.5598137945498483,74937.01669930677,1614692.10274703,0.0843090749476147,0.962002324304754,0.000580774364646445,0.0005807588645089244,1.1345443175496579e-07,1.2895456927557603e-07
1862,-0.9991426889857196,-6.48655776265903,-6.207285902847611,-14.050206051579458,-14.605426976636409,-15.047086744314656,-16.558503979474462,-11.489947236243813,-12.340709209199924,21.02360945167247,0.0059580003369027,0.0005682867357288,0.5722268975025568,74937.00770778951,1579664.909712396,0.0843090749476147,0.9623237063800096,0.0005684633499395508,0.0005684732312166491,-1.7661421075078863e-07,-1.8649548784910232e-07
1863,-1.225439577433893,-7.439570664633183,-8.292359815409506,-14.634155345410647,-12.744839156199037,-13.458840078685109,-14.530210279657156,-11.439098912344376,-10.715992147753342,20.93826890162132,0.0059580005417968,0.0005755969941837,0.5649594694529255,74937.01028485304,1599985.212890384,0.0843090749476147,0.9602561546820289,0.0005756095326640967,0.0005756105555536653,-1.2538480396637706e-08,-1.356136996525769e-08
1864,-1.1071686615418508,-6.272198654270472,-7.192129156933736,-12.352465310238085,-11.67316984204624,-12.698609739652456,-13.335287601477743,-14.624258680746852,-13.33516028057564,20.607257687640125,0.0059580011065538,0.0005527590498516,0.5883015733109802,74937.01738810926,1536502.6485381755,0.0843090749476147,0.9669290321271202,0.0005526524586987743,0.0005526496084950092,1.0659115282562678e-07,1.09441356590796e-07
1865,-1.3361920889776615,-5.870739834913788,-6.416495308469173,-12.03146534596361,-11.728032909888958,-13.111524577843262,-15.306092146214995,-11.819702306748988,-9.504791377280611,19.84034100236181,0.0059580005612543,0.0005692146083026,0.5712941468867053,74937.01052958175,1582244.1142818034,0.0843090749476147,0.9628526560686074,0.000569308068028791,0.0005693212068451117,-9.345972619098121e-08,-1.0659854251171205e-07
1866,-1.278845997224201,-6.483972633169162,-7.690710348671672,-10.195526692236008,-13.020637275229667,-15.966222828402492,-13.715578471896984,-15.447777412537691,-11.91305766585754,20.530360845959464,0.005958000611139,0.0005600371427263,0.5806560910348024,74937.01115700837,1556733.5411512023,0.0843090749476147,0.9677537696116916,0.0005599562327072886,0.0005599648836921445,8.091001901138536e-08,7.225903415550294e-08
1867,-1.1207009795310168,-5.653467708579216,-8.153893208555068,-14.754387112034737,-15.672546936248654,-16.483088891696735,-13.266202259191846,-13.87435902490257,-13.126583851163783,21.763623335482364,0.0059580001844858,0.0005609691285366,0.5796913353286427,74937.00579075946,1559324.1792715304,0.0843090749476147,0.963068236416763,0.0005608501534946835,0.0005608661956294667,1.1897504191647063e-07,1.0293290713335977e-07
1868,-1.1470303101285797,-7.84701133574166,-9.020061605000766,-13.015973370140609,-12.066600335093396,-13.362374506242272,-17.459146175586554,-12.603174579189163,-12.408352973618928,21.19966294454755,0.0059580012574858,0.0005656165599329,0.5749284127837178,74937.01928646334,1572242.630179172,0.0843090749476147,0.9631204194917236,0.0005654685445073009,0.0005654423912402643,1.4801542559911111e-07,1.741686926356274e-07
1869,-1.4722720983819355,-6.679445581369352,-6.500485473380019,-10.797975026227007,-13.365323859806654,-12.583522553745892,-12.313988589793963,-12.921906599433653,-9.49969753002322,19.69404753225795,0.0059580018221986,0.0005647015512769,0.57586007430705,74937.02638916235,1569699.1834029756,0.0843090749476147,0.9637074957635936,0.0005647875488583632,0.0005647815811459603,-8.599758146321957e-08,-8.002986906030865e-08
1870,-1.4351634621276863,-7.903543516250493,-6.34128915874396,-9.971403796236812,-16.305763919485823,-17.185999219282124,-15.976804056768673,-12.837693156354325,-13.732498330844289,20.69245579660254,0.005958000493175,0.0005687389438674,0.5717719385641837,74937.00967331017,1580921.9112989318,0.0843090749476147,0.9660529437348016,0.0005691568063095718,0.0005691654141792304,-4.178624421717755e-07,-4.2647031183037313e-07
1871,-1.066231590874784,-5.602052389255208,-6.205186445975119,-12.478005371880958,-16.64677503562692,-13.454353028328503,-17.05424770136174,-12.203141423512688,-9.911494268165969,20.7090017235179,0.005958000056913,0.0005788579088949,0.5617767810686808,74937.00418620599,1609049.567588452,0.0843090749476147,0.962627928045228,0.0005790884410659203,0.0005791135265378908,-2.3053217102029372e-07,-2.556176429907922e-07
1872,-1.435624732976598,-6.242756993207048,-8.928334720617972,-10.273470793252216,-12.61195491517709,-13.50443309097691,-16.17553120327137,-14.863872520241964,-11.679639447729617,20.67759892930741,0.0059580018937288,0.000562637801582,0.5779723335713695,74937.02728883653,1563962.584657176,0.0843090749476147,0.9668155431782632,0.0005627566969757672,0.0005627578719422955,-1.1889539376717505e-07,-1.2007036029543575e-07
1873,-1.3498414052534289,-5.607235192984492,-8.167868228455198,-10.145627796299372,-11.818480534262749,-13.472096500706586,-17.47207510695648,-15.415998754996162,-11.125663528983155,20.539486240112133,0.0059580021744678,0.0005689554977922,0.571554554586323,74937.03081984447,1581523.8655844128,0.0843090749476147,0.9678902884919556,0.0005692342654158377,0.0005692609065228878,-2.787676236376546e-07,-3.0540873068778205e-07
1874,-1.1054659286811366,-7.239075325297112,-6.738340435993014,-13.787056521166416,-14.834635704774776,-16.348988597028402,-11.868434223733232,-13.400304067455169,-9.426493104364472,20.846027147785616,0.0059580001402515,0.0005753059518028,0.5652452204936166,74937.0052343997,1599176.2032700588,0.0843090749476147,0.9616524858199104,0.0005751744894825304,0.0005751780377134601,1.314623202696352e-07,1.279140893398591e-07
1875,-1.307094515272823,-6.287739171229791,-6.297552811934358,-13.144459978939643,-12.777250891832209,-17.336172830494142,-14.905030584387497,-10.786936725809934,-9.946783587751977,20.24775467483584,0.005958000160816,0.0005777278041887,0.5628756983894192,74937.00549305115,1605908.2189761326,0.0843090749476147,0.9611242793245216,0.000577999845198083,0.0005780073653791533,-2.7204100938300977e-07,-2.7956119045332174e-07
1876,-1.2575660122671846,-6.774380044865348,-6.461282498927934,-13.607988857810492,-12.709420525543363,-14.71650313028678,-14.075643359662278,-15.58819139773838,-9.48585747175063,21.002705794829275,0.0059580004612136,0.0005664613316533,0.574070898901868,74937.00927131521,1574590.839559198,0.0843090749476147,0.9649039971091794,0.0005666072651555957,0.0005666096375758464,-1.4593350229576054e-07,-1.4830592254646332e-07
1877,-0.9979071091991872,-6.4253100369369935,-7.438536626131944,-10.257652382436165,-16.524717342670197,-17.122632461000965,-14.539631173180732,-11.516549641838152,-12.105721940180398,20.361377097094486,0.0059580002641338,0.0005713885361948,0.5691205355395096,74937.00679253519,1588286.9750273875,0.0843090749476147,0.9632805756455868,0.000572303151537898,0.0005723547937705348,-9.146153430980618e-07,-9.662575757348607e-07
1878,-1.0649847522572986,-6.967316876671164,-8.25881702550408,-10.563680260022004,-11.578555171213573,-11.724541006279594,-15.604783417306592,-12.55355214435839,-9.972824610018444,19.93430468913749,0.0059580069497337,0.0005681217288575,0.5723940496462245,74937.09088095784,1579206.2406142943,0.0843090749476147,0.9637683317640764,0.0005680544889273681,0.00056802943988883,6.723993013183112e-08,9.228896866999518e-08
1879,-1.0736747533144704,-6.893135629576701,-7.556150142069204,-13.074201385178933,-13.857583802000498,-15.085492309794752,-12.962937080893443,-12.816467962071831,-11.282563810283404,20.74734980994572,0.0059580005669422,0.0005631610379959,0.577435143007409,74937.01060112045,1565417.0233243622,0.0843090749476147,0.9625453811115174,0.0005632632133675321,0.0005632655324545775,-1.0217537163212647e-07,-1.0449445867746418e-07
1880,-1.183597747884835,-6.222036631403968,-8.825800895207532,-12.803873382958018,-13.45609174180198,-16.11252341435949,-15.86636169444597,-11.28336361599315,-12.369660492441067,20.90898822047292,0.0059580013102383,0.0005666567795675,0.5738730164199931,74937.01994995937,1575134.1255316725,0.0843090749476147,0.962000808189977,0.000566602295781142,0.0005666009335516327,5.448378635796239e-08,5.5846015867278e-08
1881,-1.3063005051952372,-7.864515773280628,-7.181015960469424,-11.10941025579559,-12.67347637295496,-14.715863586576551,-15.419698935007862,-12.27934975659514,-11.93733373172396,20.32841863990255,0.0059580018725235,0.0005629022087399,0.5777008445707029,74937.02702212612,1564697.5564291438,0.0843090749476147,0.9641229732842616,0.0005628277626534407,0.0005628285132198691,7.44460864593021e-08,7.369552003095702e-08
1882,-1.0408637113665322,-7.756070475698972,-7.980379157821501,-11.017040156097137,-15.01764660612124,-16.460322871955643,-16.02515715637187,-12.903756116386448,-12.359214894506149,20.936870520605392,0.0059580012267637,0.0005652601507951,0.5752909135267058,74937.0189000541,1571251.9207836604,0.0843090749476147,0.9642672980694768,0.0005651355232759187,0.000565124145692417,1.246275191812583e-07,1.36005102683006e-07
1883,-1.4129873574486755,-6.5881619745323565,-7.100730191627597,-11.33875730780712,-12.967609535993592,-11.736225677815336,-13.935388265142194,-14.010072716169216,-11.189296671111912,20.281355013769,0.0059580010441233,0.0005586489070112,0.5820990777877594,74937.01660288732,1552874.666558884,0.0843090749476147,0.9654126351791168,0.0005586185613408132,0.0005586189655373751,3.0345670386775804e-08,2.994147382492148e-08
1884,-1.1526040068633772,-6.639939559992195,-6.778313282254276,-11.793938187122222,-15.679228648200738,-13.773684911927838,-14.86240950312784,-12.172069446012763,-12.355927248027005,20.599601995151893,0.0059580015929981,0.0005630795247632,0.5775188835923163,74937.02350638367,1565190.441239365,0.0843090749476147,0.9636353927465264,0.0005629741460612045,0.0005629753747619225,1.0537870199546235e-07,1.0415000127746935e-07
1885,-1.3094985524944351,-8.264292337140354,-6.254663978025215,-10.819027990213735,-12.052288462812104,-15.477926155211106,-13.41159469330774,-14.107858405323302,-10.392776849846816,20.11683038225704,0.0059580026293812,0.0005646584330104,0.5759041649838769,74937.03654153731,1569579.32768873,0.0843090749476147,0.965430495684184,0.0005645776596637577,0.0005645566847695607,8.077334664232522e-08,1.0174824083926046e-07
1886,-1.4439543569865785,-8.312959306435522,-7.635172622617599,-10.001061165399088,-14.894995670839442,-14.58513870276886,-13.22980109228162,-14.268915478848909,-11.914200079510112,20.522129025185425,0.005958000017744,0.0005623823523638,0.5782345910775474,74937.00369355714,1563252.513242867,0.0843090749476147,0.9658060691500866,0.0005621267312085661,0.0005621153725112237,2.556211552339144e-07,2.669798525763156e-07
1887,-1.4383572079496076,-6.235570376080467,-6.772034329276362,-11.106969856693606,-13.560569611423515,-16.452624872598413,-14.757365630330249,-10.655580952409476,-11.725754206703336,19.97360537531269,0.0059580009585214,0.0005679320347839,0.5725843704059221,74937.01552622512,1578678.9485752843,0.0843090749476147,0.9627134216526886,0.000567957349152279,0.0005679436854829564,-2.5314368379053195e-08,-1.1650699056442275e-08
1888,-1.0954525062454823,-7.628779264897373,-6.725714627303063,-12.836859930512835,-12.773123938006856,-14.705959565176643,-13.815200135740476,-12.137173481584886,-12.05733221062828,20.50592347360744,0.0059580009251417,0.0005611336491498,0.5795214817895403,74937.01510639081,1559781.4967193285,0.0843090749476147,0.9629999246399502,0.0005612488030675821,0.0005612458910039817,-1.1515391778213306e-07,-1.1224185418167582e-07
1889,-1.236805757082746,-5.9742438077584055,-6.432797969691912,-11.631278963013123,-14.904496585308443,-16.859552777714665,-11.682082420239292,-14.619173357318624,-12.301768379320556,20.61995370258063,0.0059580008350298,0.0005590017582905,0.5817316164698114,74937.01397300378,1553855.486186041,0.0843090749476147,0.9660206719215352,0.0005590273915943916,0.0005590245022389655,-2.563330389160172e-08,-2.27439484654611e-08
1890,-1.055370993203471,-7.523685169979752,-6.632434367078959,-11.471934786824251,-15.06688574090767,-14.284684991039333,-16.41845219175019,-13.96728540789984,-10.624384253527367,20.826620995521417,0.0059580004259877,0.0005684055565038,0.5721072907372826,74937.00882825935,1579995.1954588075,0.0843090749476147,0.9648348917473722,0.0005684616525082548,0.0005684591301879718,-5.609600445483434e-08,-5.3573684171857525e-08
1891,-1.276754244408171,-7.433037932247648,-8.051435123945168,-12.517030263436496,-12.244425065533624,-12.9559321915224,-13.660776088653368,-13.92992027345567,-11.841930208116803,20.747755715091504,0.0059580007595016,0.0005580925062012,0.5826793706472655,74937.01302304529,1551328.0409208147,0.0843090749476147,0.9643769482583638,0.000558021008811153,0.0005580166625825644,7.14973900470435e-08,7.584361863565738e-08
1892,-1.071172118439924,-7.779385491144586,-7.878705999567966,-11.685682604119965,-16.133595155910818,-14.771149704623944,-11.780680777153254,-10.74192888513264,-10.38511072305431,20.221957631947767,0.0059580009678118,0.0005803274982405,0.5603542970419838,74937.01564307633,1613134.580619824,0.0843090749476147,0.9602278095858812,0.0005803300222668627,0.000580322321421582,-2.5240263626987586e-09,5.176818917984605e-09
1893,-1.255973266012171,-6.986503450256931,-6.733686795132408,-10.831065170717402,-13.618155924977994,-13.622135795835906,-12.595224833799662,-12.716229406270813,-11.757517213013344,19.986249241980964,0.0059580010443476,0.0005585255549171,0.582227636200044,74937.0166057078,1552531.7851184218,0.0843090749476147,0.9644984878408914,0.0005586476529993956,0.0005586531631020324,-1.2209808229551e-07,-1.2760818493236844e-07
1894,-1.1990402079168685,-6.715100442261219,-8.155677859805502,-13.181042408533113,-14.162469070378457,-13.22793771429188,-14.13396822459872,-12.734562545957608,-12.240587835421795,20.97075964623756,0.005958000487204,0.0005600065372171,0.5806878069659464,74937.00959821038,1556648.467110244,0.0843090749476147,0.9628403384853276,0.0005602058984918976,0.000560204118182391,-1.9936127479761034e-07,-1.9758096529102348e-07
1895,-1.0708613203597328,-6.937748887017894,-7.451724099247013,-14.296401470176876,-15.898597940758805,-13.69651588865859,-15.888389963560677,-15.24939987284323,-12.621207910283896,21.988372446996127,0.0059580001825945,0.000558840095283,0.5818998060259624,74937.00576697096,1553406.1120161298,0.0843090749476147,0.964862563495402,0.0005590650156222342,0.0005590695637080402,-2.2492033923413382e-07,-2.2946842504021226e-07
1896,-1.2430873390518309,-6.098510373850713,-6.832498954096192,-14.808646239312916,-12.9180554775308,-15.49034995581558,-16.577874408730132,-11.179894755518516,-12.108504740793457,21.035669107846704,0.0059580003856891,0.0005709810485296,0.5695267128559608,74937.00832140211,1587154.2828045278,0.0843090749476147,0.961600894459968,0.0005708591544661637,0.0005708586057865391,1.2189406343630308e-07,1.224427430608242e-07
1897,-1.2265266606675425,-8.14276164539149,-7.53193697547679,-10.384684775271696,-16.346090367457517,-13.204900990478334,-15.863024214645506,-12.907617224234787,-9.551945809324849,20.5216227430044,0.0059580007603939,0.0005775354840785,0.5630632217658242,74937.0130342679,1605373.6273512002,0.0843090749476147,0.9632229415602032,0.0005776525928067185,0.0005776584294477623,-1.1710872821859338e-07,-1.2294536926233442e-07
1898,-1.2310525209172534,-6.860443295894171,-6.446862445515392,-12.332879358069068,-16.033203715828137,-13.351295698665089,-16.942581576247992,-15.01314782401694,-9.732131281887114,21.188332764792715,0.005958000403478,0.0005734847827591,0.5670402614067461,74937.00854514258,1594113.9052220196,0.0843090749476147,0.9650043832105358,0.0005735060364449814,0.0005735118398662906,-2.1253685881334958e-08,-2.7057107190604085e-08
1899,-1.2392060851037592,-8.117173325226515,-6.256368127056696,-12.23236652346158,-15.583492851532355,-16.702138053747415,-15.360075006297349,-14.088840236863485,-9.851113135703734,21.04021023124245,0.0059580002706848,0.0005744847740466,0.5660532096718662,74937.00687493083,1596893.5779603722,0.0843090749476147,0.9638168209404848,0.0005744014251663803,0.0005744161977334055,8.334888021974997e-08,6.857631319452748e-08
1900,-1.3729062809170391,-7.758612110311594,-7.686266677067673,-10.549046402810188,-12.570377387831083,-16.560604936500646,-15.427160498885478,-11.40971074494026,-12.564826688933108,20.22649364002835,0.0059580025233121,0.0005653715223193,0.575177775749993,74937.03520744813,1571561.4998705687,0.0843090749476147,0.9637707156147568,0.0005653445030396068,0.0005653520193389728,2.701927969317626e-08,1.9502980327175574e-08
1901,-1.3555291450394031,-7.113094878106165,-6.342732134336773,-11.68060077211664,-14.874177163146348,-13.593125467481222,-12.900015609361525,-14.704808337448153,-11.772405641005092,20.651852720542603,0.0059580013728403,0.0005585025238938,0.5822516937315175,74937.02073733968,1552467.7658531447,0.0843090749476147,0.9658548118184708,0.0005586348489498171,0.0005586464793189182,-1.3232505601716918e-07,-1.4395542511822738e-07
1902,-1.0001337128861334,-7.800163927490129,-6.413790883392483,-10.267951839554776,-11.533357741825355,-15.433418362849425,-14.664051452891105,-10.732707448126696,-12.171698712761147,19.574737812941454,0.0059580028832893,0.0005649033665957,0.5756544984165666,74937.03973507728,1570260.1688304413,0.0843090749476147,0.9638393217014374,0.0005647601222158071,0.0005647878035371487,1.4324437989292425e-07,1.1556305855135729e-07
1903,-1.0044091230323553,-5.854494085710952,-7.45318328910494,-12.0542669675995,-16.19434603087492,-14.76786328140216,-17.10318612645931,-10.91626343574821,-13.757059890375125,20.89372211407872,0.0059580007264477,0.0005670299064397,0.5734953022353948,74937.01260730888,1576171.3051625823,0.0843090749476147,0.9631976552583206,0.0005668570294523051,0.000566866823280107,1.7287698739491993e-07,1.630831595929999e-07
1904,-1.1696572080502534,-8.279498137694763,-8.454860939171597,-10.084852387733063,-16.71172903124927,-11.996230158342511,-12.87152524270441,-15.283664741254684,-10.172718124046998,20.74182819673,0.0059579992506861,0.000569297926768,0.5712103477966474,74936.99404585225,1582475.71436637,0.0843090749476147,0.9651615142608282,0.0005694316046998846,0.0005694258002001697,-1.3367793188460032e-07,-1.278734321697372e-07
1905,-1.4559900010522753,-7.435860139909564,-6.113409613460167,-12.799985566283848,-12.579105944484663,-17.227434004675207,-14.02750483176672,-11.708567568788188,-12.688398552327456,20.486123789296915,0.0059580006220494,0.0005629520338574,0.5776495322253126,74937.0112942346,1564836.055156676,0.0843090749476147,0.9632022720319232,0.0005631448423613251,0.0005631580842809985,-1.9280850392514644e-07,-2.060504235985557e-07
1906,-1.3502782061198575,-6.5529585066308425,-7.559339539382932,-13.654745155116537,-13.000781424648777,-15.357094773323537,-14.040776514220305,-15.820540109065766,-10.661344715179842,21.35024370635226,0.0059580004119899,0.0005616099018165,0.5790299650585619,74937.0086522022,1561105.3348075168,0.0843090749476147,0.9651526848712852,0.0005616989775713156,0.0005616901105519279,-8.907575481560681e-08,-8.020873542788094e-08
1907,-1.3712029614663193,-6.604087299699044,-6.096667967079751,-10.302167185298986,-13.666691347686264,-12.963336709372562,-16.43981366692995,-15.691195784217646,-10.348683021067185,20.42945399949368,0.0059580005343251,0.0005696718078831,0.5708356414009826,74937.01019087771,1583514.990564073,0.0843090749476147,0.9679536063004544,0.0005697326566019717,0.0005697351809849469,-6.084871887162679e-08,-6.337310184685151e-08
1908,-1.1143940995778896,-5.781918534959717,-7.831201598362899,-13.35557825469752,-14.17762143202338,-12.122775850460066,-13.393624560126666,-14.833344068490902,-13.762551347539771,21.24203577401828,0.0059580003094894,0.000551758520594,0.5893682495080189,74937.00736299726,1533721.48040612,0.0843090749476147,0.9659719492400272,0.0005517113425174156,0.000551714855686698,4.717807658449237e-08,4.3664907302095116e-08
1909,-1.2790409225885613,-5.850977905498592,-8.265797527747234,-11.698807215654838,-13.913812371218306,-15.689069721586186,-16.250464870683224,-12.199519179629764,-10.51037106858195,20.621522905700065,0.0059580013525417,0.000570325109523,0.5701818724071697,74937.0204820326,1585330.971144277,0.0843090749476147,0.9628037300532636,0.0005701305418911696,0.0005701321198310236,1.94567631830447e-07,1.929896919764711e-07
1910,-1.4455732897604991,-7.0129890669629305,-8.451814786910967,-14.290311401040128,-13.389505701968234,-13.315173618125684,-17.315121414037886,-14.749962277119083,-11.941913713637131,21.84242713843234,0.005958000224362,0.0005631812327097,0.5774143873715296,74937.00629230369,1565473.1585088486,0.0843090749476147,0.9642219022487656,0.0005629472454454263,0.0005629461398020508,2.3398726427367907e-07,2.3509290764914433e-07
1911,-1.3093704878611545,-7.0822369331191535,-7.903308932166885,-10.93050155133725,-14.709925780984682,-13.345637838361457,-14.465020717034076,-13.955686363281046,-13.094804867742733,20.781912100547363,0.0059580019705601,0.0005560488716194,0.5848210580465291,74937.02825518549,1545647.356093601,0.0843090749476147,0.9659550934406992,0.000556240127887489,0.0005562423071689629,-1.9125626808896932e-07,-1.9343554956289047e-07
1912,-1.466875044523359,-5.828156256579344,-9.035464765743727,-11.000525627341547,-11.417286483624665,-13.129879452926431,-12.17973602933899,-10.609883302438137,-10.269690191406555,19.47892174307961,0.005958000149322,0.0005680885740661,0.5724264756693435,74937.00534848502,1579114.0803415647,0.0843090749476147,0.9613754624740486,0.000568382607981611,0.0005683884068788042,-2.9403391551099164e-07,-2.99832812704153e-07
1913,-1.0041409851390517,-7.647105520012664,-6.131879976910712,-11.578845783859284,-14.197910166361606,-14.556776563088237,-16.79966024860521,-11.994853107883843,-11.066032670933744,20.43459754353514,0.0059580008301166,0.000569981713633,0.5705253138470616,74937.01391120891,1584376.4346338932,0.0843090749476147,0.9635105524833852,0.000570004438117495,0.000570003357015179,-2.2724484494986673e-08,-2.164338217891873e-08
1914,-1.2132283180857293,-6.730347284792708,-6.781725456586177,-11.998700489810926,-13.600734806461425,-13.50855497646154,-12.56872559333538,-14.799083877883554,-12.65065960015443,20.66245754840229,0.0059579998800177,0.0005538459853876,0.5871468365795607,74937.00196129785,1539523.9999396943,0.0843090749476147,0.9664272392751888,0.000553993714654591,0.0005539998002833901,-1.4772926699090864e-07,-1.5381489579008485e-07
1915,-1.4027910601521838,-8.147296661313892,-8.363682192279683,-9.98323203847292,-12.290020565279857,-14.137542113432024,-17.00565934183517,-15.387887392731624,-10.822688883741977,20.73153013008798,0.005958000960081,0.0005713082230979,0.5692006408282828,74937.01554584183,1588063.7289561648,0.0843090749476147,0.967028487635395,0.0005714608044138204,0.0005714737049298221,-1.5258131592032174e-07,-1.6548183192201336e-07
1916,-1.2740511744789933,-5.662025838306496,-7.0471538067303605,-11.27878514406677,-13.148235707144051,-12.011507731554442,-16.625882192557825,-14.245736489387916,-10.418207463025206,20.43785075536269,0.0059580017529263,0.0005653740690302,0.5751750733211319,74937.02551788797,1571568.578954856,0.0843090749476147,0.9657680230490396,0.0005653443060961617,0.0005653314617280292,2.9762934038233928e-08,4.260730217080233e-08
1917,-1.3841976393338502,-6.422601540606986,-6.133860290077814,-13.661915056012353,-15.321057850103909,-14.95810082499047,-11.887465556746683,-11.528531223390972,-13.321587182359051,20.64333921221918,0.0059580002879133,0.0005658126181111,0.5747290556240937,74937.00709162255,1572787.612500388,0.0843090749476147,0.9623127752485544,0.0005653523405697162,0.0005653217705154416,4.602775413838425e-07,4.908475956583907e-07
1918,-1.2091398312859132,-8.105684581082114,-7.662571239317296,-14.48035889081054,-15.21781172095313,-15.193719860301348,-13.237696038161529,-12.700038919701395,-12.627732558212443,21.46319778852272,0.005958000542969,0.0005655573764881,0.5749884734383567,74937.01029959646,1572078.1181377007,0.0843090749476147,0.9617185123658104,0.0005657954222269173,0.0005658052338723263,-2.3804573881730864e-07,-2.4785738422631893e-07
1919,-1.0071531709060295,-7.4601000683545085,-8.355796924858966,-10.602619795821829,-11.517238178077598,-11.65040589183105,-17.00255033735438,-14.03092032726193,-10.057923943580846,20.35924856751701,0.0059580082561207,0.0005712686396098,0.5692411266427624,74937.10731209756,1587953.6988547577,0.0843090749476147,0.965203047778232,0.0005713385207542006,0.0005713686978499165,-6.988114440061033e-08,-1.0005824011645372e-07
1920,-0.996415692873259,-8.131811621532675,-7.728040858566457,-13.24938870069896,-15.926788505669276,-15.903516593078264,-16.87014402164294,-14.33609062094262,-13.135365029083056,21.935859123838743,0.005958000038354,0.0005609247541689,0.5797371729787585,74937.00395277995,1559200.831976605,0.0843090749476147,0.9646087079837772,0.0005610319088860305,0.0005610466815231559,-1.0715471713044177e-07,-1.2192735425583991e-07
1921,-1.017716119184503,-7.21385461199102,-6.455090860799352,-14.17534393500008,-12.278075094965525,-13.673092744488669,-16.456624922023604,-10.667390292038114,-11.77682583503429,20.62250483612869,0.0059580002996192,0.0005714819109864,0.569027551658168,74937.00723885378,1588546.5286513923,0.0843090749476147,0.9614576173919356,0.0005715317046016037,0.0005715423478022852,-4.979361520373107e-08,-6.043681588518979e-08
1922,-1.2448901310705756,-7.454592793810288,-8.981077992269867,-11.253305813855317,-12.418320422557612,-13.793999878162944,-12.442409533870578,-15.18113289713028,-10.049616825353532,20.598224015844995,0.00595800644535,0.0005633250983799,0.5772678276077162,74937.08453704971,1565873.0614744024,0.0843090749476147,0.9649015028412988,0.0005633353975331036,0.0005633413197750685,-1.0299153203668573e-08,-1.6221395168509317e-08
1923,-1.1626638151443427,-6.070906009705947,-6.880009085381165,-12.956121451846135,-16.701570677945842,-13.708592591796153,-12.669667269581666,-15.831845910835495,-10.739429456320176,21.257876046094413,0.0059580002318466,0.0005645351343199,0.5760295990590074,74937.00638644194,1569236.5946939397,0.0843090749476147,0.9651635856451706,0.0005645983081590766,0.0005645916998025655,-6.317383917657689e-08,-5.6565482665481975e-08
1924,-1.4521280504300933,-6.614341718235936,-8.172646294381867,-11.482304637279498,-13.689632781899192,-11.57501420832078,-15.577005627957954,-15.492858600014229,-10.947748074806452,20.93239181957231,0.0059580010076873,0.0005625756744648,0.5780360320496521,74937.01614461128,1563789.8900986344,0.0843090749476147,0.9662753519097994,0.0005623921732588853,0.0005623934962289219,1.8350120591472448e-07,1.8217823587814326e-07
1925,-1.3366952547782804,-7.823424242152243,-7.057563295887215,-11.497770528281103,-16.028266596738906,-14.871115147364335,-13.719718121596673,-15.58947494793724,-10.665725583566378,21.09031958446897,0.0059580010691446,0.0005660716196644,0.5744662059186996,74937.01691759311,1573507.5583297757,0.0843090749476147,0.9656336285829942,0.000565963101916672,0.000565961416639988,1.0851774772801127e-07,1.1020302441194958e-07
1926,-1.4092225652276875,-7.142638208309279,-6.972851871994674,-10.697717202236076,-13.326994589893449,-13.543626476335923,-12.959644528604686,-15.265059951586313,-11.860732296093229,20.43138500496117,0.0059580015050981,0.0005576067085478,0.5831871215563454,74937.02240081805,1549977.6706622264,0.0843090749476147,0.9672754561702576,0.000557693853187941,0.0005576951693681317,-8.714464014107897e-08,-8.846082033173944e-08
1927,-1.428036612894202,-7.229046105881402,-7.971009267143247,-14.28556637423064,-13.283775476911265,-15.638220661190529,-12.260521214524625,-15.223230460399996,-12.314726814451497,21.516951191125827,0.0059580002977567,0.0005576187642734,0.5831743357790159,74937.00721542907,1550011.1819260004,0.0843090749476147,0.9643173122040531,0.0005577134312978719,0.0005577186813354427,-9.466702447196839e-08,-9.991706204277341e-08
1928,-1.3602774990707405,-7.513661659511085,-6.820903041791978,-12.512170423799992,-14.047212653222095,-13.199050901162057,-16.460823843613866,-13.968953959789143,-12.230362836403696,21.08404017705237,0.0059580011167871,0.0005604175498862,0.5802620199766616,74937.01751681957,1557790.9577757693,0.0843090749476147,0.965130515508192,0.0005604918758108185,0.0005604969906437319,-7.432592461853807e-08,-7.944075753197732e-08
1929,-1.064081498209018,-7.615604714227725,-7.952350364868813,-14.516187343214217,-13.501126608934657,-14.9399348743278,-12.467715598188397,-11.961522331150288,-12.6199757984928,21.062702745711828,0.0059580005629681,0.0005658369335444,0.5747043978713766,74937.01055113606,1572855.2020362949,0.0843090749476147,0.9612640713969756,0.0005659831102144073,0.0005659794288303826,-1.4617667000731312e-07,-1.4249528598265018e-07
1930,-1.089544094244875,-7.346665761361264,-7.079895498321033,-13.599257713850683,-12.64928302925076,-14.571098614996805,-14.38760393944406,-12.575910723586183,-9.637633825246157,20.64533045611445,0.0059580004479795,0.000571655190781,0.5688550895997448,74937.009104863,1589028.1939688204,0.0843090749476147,0.9618199064934554,0.0005717823254964364,0.0005717952974265277,-1.2713471543644543e-07,-1.4010664552773118e-07
1931,-1.0692317586271356,-6.482715988964123,-6.524483322198417,-11.978256705989615,-16.034962363674396,-16.714980500826467,-16.203995652976694,-13.34729595514002,-9.916994449172456,20.89439078752815,0.0059580003585171,0.0005761953556582,0.5643727500650901,74937.00797964493,1601648.4764599432,0.0843090749476147,0.9635584364026948,0.0005762459483261248,0.0005762488711155381,-5.0592667924856394e-08,-5.351545733812968e-08
1932,-1.3914959796319593,-6.398320900822804,-8.500949251201451,-13.10070780588973,-15.815774547267631,-14.646954252080914,-14.956301029175672,-12.687155859013329,-13.626777430071682,21.410505724438163,0.0059580009810226,0.0005594449680106,0.5812707719379043,74937.01580923494,1555087.474896003,0.0843090749476147,0.9632572850970124,0.0005594884401494252,0.0005594727616732102,-4.347213882513294e-08,-2.779366261012467e-08
1933,-1.268278113864377,-7.944372877556344,-6.263422831020423,-10.61444931267174,-14.474083124792092,-13.88075210996474,-15.514809134508008,-12.684942415741308,-12.919109959157591,20.38446311432593,0.0059580012958693,0.0005613298491088,0.5793189774339829,74937.01976923336,1560326.873148099,0.0843090749476147,0.9654966918032034,0.00056139175200303,0.0005613771607803943,-6.190289422996088e-08,-4.731167159422161e-08
1934,-1.1354979447377958,-8.317721888878374,-7.658992852344771,-11.96183167131801,-13.635448764200865,-16.829889124262348,-13.743823043844374,-11.468920585097838,-13.104508232328586,20.62966174368337,0.005958002124847,0.0005637030840962,0.5768801186868736,74937.03019573582,1566923.7472195283,0.0843090749476147,0.9627392513169734,0.0005636634854254105,0.0005636622801948478,3.959867078944662e-08,4.080390135214988e-08
1935,-1.4298125907838464,-5.7869475458118895,-7.751203151061624,-13.826391441682771,-15.726372174450612,-14.34294265625993,-16.47833289536175,-14.444085442626504,-11.80741334011481,21.711747512412494,0.0059580002790116,0.0005628801372316,0.5777232654500377,74937.00697966106,1564636.2043247034,0.0843090749476147,0.9641459848537012,0.0005631221151164448,0.0005631149334086297,-2.419778848448224e-07,-2.3479617702968497e-07
1936,-1.0913638147973486,-8.320943250097697,-6.368384350268085,-10.502556269159175,-13.843936256900784,-13.642425521918156,-17.226666463207987,-14.766353253439185,-9.545054282164832,20.54684335466404,0.0059580007588256,0.0005754993244918,0.5650553812692837,74937.01301454291,1599713.7207451514,0.0843090749476147,0.96598597486085,0.0005757310774467134,0.0005757123278056844,-2.3175295491343045e-07,-2.1300331388442433e-07
1937,-1.0245626898883755,-6.512669311483991,-7.585278694909986,-12.453790981673098,-11.262351468794702,-16.202253037271305,-13.898188127942047,-11.957006035012846,-13.349612287512766,20.41927412197688,0.0059580016627895,0.0005578404655533,0.5829427664524429,74937.02438418851,1550627.4442989132,0.0843090749476147,0.96395660605335,0.0005578229651744834,0.000557802439162594,1.750037881655727e-08,3.802639070597455e-08
1938,-1.4726373868861424,-7.532173184580676,-7.543368020045999,-12.613043427327252,-14.337088281208992,-12.759771458980058,-13.483222097552742,-11.682144730623294,-9.419050922125413,20.357703534676062,0.0059580009062975,0.0005754055581306,0.5651474819795098,74937.01486937715,1599453.0786762026,0.0843090749476147,0.9608808538955256,0.0005755464735096964,0.0005755622446821514,-1.4091537909645142e-07,-1.5668655155146646e-07
1939,-1.2889468821798309,-7.379421023524647,-6.759542553367426,-10.22187341951463,-16.433438711361557,-14.205183914175912,-13.943052564060864,-12.633320398023985,-9.336454616753551,20.12950106133418,0.005958001545528,0.0005766774095145,0.5639011503889405,74937.02290932613,1602988.4400970903,0.0843090749476147,0.9630826595898688,0.0005769336738923103,0.0005769291904035162,-2.5626437781024487e-07,-2.517808890161507e-07
1940,-1.473790155149945,-6.508513952486633,-6.22023986087439,-14.682349052650228,-11.887812917921025,-17.10514515628431,-16.93198185566901,-14.199664548730835,-12.12812323812147,21.458220204095472,0.005958000434011,0.0005643728041451,0.5761953113967534,74937.00892917292,1568785.3660012584,0.0843090749476147,0.9646712025722564,0.000564361293954591,0.000564401068458186,1.1510190508936917e-08,-2.8264313086073627e-08
1941,-1.071774927246539,-6.578634648825925,-6.271625620390465,-13.20766149527137,-15.737215515992457,-16.500585987781914,-14.915757288622014,-13.771198127723036,-12.6770969733359,21.29074511910956,0.0059580002103339,0.0005616548025697,0.5789836458762382,74937.00611586415,1561230.1452945203,0.0843090749476147,0.96454000456471,0.0005615047391526874,0.0005615095422920908,1.500634170126117e-07,1.4526027760925885e-07
1942,-1.074826296666204,-8.24267022309689,-6.89521595319619,-12.410828002498915,-15.196325401306378,-13.012140549119856,-15.958263031113509,-14.688283043131705,-13.277023706834084,21.388653264589458,0.0059580004096998,0.0005574962434201,0.5833025163414823,74937.0086233982,1549670.6110830044,0.0843090749476147,0.9660799081821662,0.000557604898732719,0.0005576153366642187,-1.0865531261891343e-07,-1.1909324411862009e-07
1943,-1.137395758676356,-6.268269638606853,-7.134905365175329,-12.863935056722816,-11.48421723908116,-15.026863374684384,-13.60875963907029,-15.708067955048229,-12.977851280953244,20.99060503300126,0.005958001506683,0.0005543460244912,0.5866174502590495,74937.02242075201,1540913.9571139922,0.0843090749476147,0.9674730286289496,0.0005543546747663533,0.0005543560158492795,-8.650275153294917e-09,-9.991358079428081e-09
1944,-1.1850440071125203,-7.312313065428245,-8.801516480554325,-12.707496569236458,-12.403044981604316,-16.853841088816566,-16.93633973276277,-12.620545285481542,-10.688702090516356,21.073916435856336,0.005958000125219,0.0005726191894254,0.5678973816327061,74937.00504532881,1591707.8180669546,0.0843090749476147,0.9624883798339332,0.0005724867340852031,0.0005724869435574707,1.3245534019688116e-07,1.322458679292246e-07
1945,-1.2083326325580066,-7.326561333635496,-8.295715037988595,-11.807200817938703,-12.505449154072329,-11.76797280591702,-17.3505198070049,-14.42117944705295,-11.843484961280302,20.99559124112887,0.0059580035325179,0.0005639334587363,0.576644659518422,74937.04790077759,1567564.1189056232,0.0843090749476147,0.9656421282865344,0.0005637143505802015,0.0005637182026638543,2.1910815609853078e-07,2.152560724457157e-07
1946,-1.4158889997240662,-6.95835829717747,-8.597600736693813,-11.037900949218756,-11.974714439770082,-15.570794421337444,-17.19043809535962,-13.383716489348018,-10.157598812371877,20.62568787613304,0.0059580035890226,0.0005723764214331,0.5681387453310685,74937.048611468,1591032.996617635,0.0843090749476147,0.964161647497933,0.0005723489603041923,0.0005723486471848535,2.74611289077277e-08,2.7774248246453283e-08
1947,-1.174308005837349,-7.643674780480495,-8.281254548926677,-12.547620249702728,-15.031151979027838,-15.406088265305488,-16.914150127206252,-14.698198049301332,-9.714329626727205,21.49756354426117,0.005958000423572,0.000573253705151,0.5672688372558392,74937.00879787652,1593471.579498118,0.0843090749476147,0.963808293737024,0.0005734079582043897,0.0005734174321266785,-1.542530533896972e-07,-1.6372697567851313e-07
1948,-1.191976815561313,-6.051168704958447,-7.01059544019949,-12.13990810451258,-12.56238490320903,-16.280586943691883,-11.87210267535033,-14.226106297969896,-9.797437205521948,20.31156126077948,0.0059580011736567,0.0005637084772657,0.5768744613539186,74937.0182320983,1566938.7385964384,0.0843090749476147,0.9641902409303804,0.000563688988787988,0.0005636731403167835,1.9488477711921033e-08,3.533694891647704e-08
1949,-1.0312777219480218,-7.561392017013242,-6.284041718815239,-10.645108908939124,-11.44951975239956,-17.18737636552338,-14.030441526876428,-15.327217591908298,-9.360878165924309,20.20206560573351,0.0059580026296144,0.0005706724768462,0.569834986926638,74937.03654447038,1586296.5470352508,0.0843090749476147,0.9665549922157968,0.0005708026914889778,0.000570802617802703,-1.302146427777139e-07,-1.3014095650296705e-07
1950,-1.4364379165729162,-6.478342235713166,-8.382492083111996,-12.941873694077058,-15.627120335754384,-13.404379010010135,-12.695623753817834,-13.88783102167786,-9.844368888332514,20.98941911938269,0.0059580006923682,0.0005695974345296,0.570910199145506,74937.01217867175,1583308.2551796306,0.0843090749476147,0.9623314355589908,0.0005695673287494863,0.0005695585328636383,3.010578011376514e-08,3.890166596178576e-08
1951,-1.29872955445601,-6.840545484908293,-8.596269838041875,-10.044008492259172,-14.447728563827612,-16.32578291860168,-12.54428675111199,-14.73618339095665,-12.52810593141299,20.64913427613211,0.0059580004314418,0.0005592138456066,0.581510929982674,74937.00889685823,1554445.0246532834,0.0843090749476147,0.9664785710356186,0.0005591802625917883,0.0005591841079784039,3.358301481164432e-08,2.9737628196068247e-08
1952,-1.2190877362077204,-7.1820185885365095,-9.018396174734626,-10.17610251910862,-16.462071123053175,-15.370792019271317,-17.462091240080404,-10.716418598079116,-13.481448322907053,20.78952917891376,0.0059580004308154,0.0005728339772886,0.5676844884548528,74937.00888897962,1592304.8632363789,0.0843090749476147,0.9630660157133788,0.0005729467922973732,0.0005729854880028437,-1.1281500877317191e-07,-1.515107142436743e-07
1953,-1.4752948944369753,-5.663365081503436,-8.435736651733396,-13.370548675719895,-11.990040220136777,-14.356928497447733,-15.468180939230225,-11.260998306126773,-13.799649750199702,20.77697652291997,0.0059580008779278,0.0005599743345439,0.5807212579425601,74937.01451255563,1556558.953437531,0.0843090749476147,0.9629291952949304,0.0005600595586771985,0.0005600612740221854,-8.522413329843832e-08,-8.693947828536733e-08
1954,-1.04009064582471,-7.363967746193202,-6.143453093349723,-13.481738108387184,-14.72615906304604,-16.583987021966234,-11.87784562636108,-11.315486182280914,-12.376294861687864,20.555827889835072,0.0059580004800148,0.0005696326347346,0.570874889473501,74937.0095077876,1583406.1010823678,0.0843090749476147,0.9615977591337348,0.0005695346495175052,0.0005695367713545942,9.7985217094765e-08,9.586338000581313e-08
1955,-1.040790588633583,-5.877201541551633,-8.378273682876209,-11.03138408099086,-15.770923598585057,-12.876349001110562,-12.034653894219606,-13.301790582672936,-10.211794553997535,20.325968954723862,0.0059580022245269,0.0005661112947413,0.5744261123901245,74937.0314494645,1573617.8430203565,0.0843090749476147,0.9631555049301944,0.0005659768037750722,0.0005659422706114402,1.3449096622790077e-07,1.690241298598445e-07
1956,-1.149395933891854,-7.501184823026978,-8.581992933980677,-13.782950243994383,-11.446064444978456,-12.83895411689948,-14.784811347042638,-12.54310838360458,-11.930360219425417,20.909086804785087,0.0059580016453345,0.0005642144887475,0.5763571643146128,74937.02416464651,1568345.2971722472,0.0843090749476147,0.9623872964256892,0.0005642094778773385,0.0005642182240434135,5.0108701615120266e-09,-3.735295913505007e-09
1957,-1.359167208999459,-7.453032328407467,-7.447868503497681,-14.380653094165275,-15.795973325851309,-11.907992474026525,-16.71461471388084,-13.233094966898411,-11.265979619012109,21.595224475077053,0.0059580001665603,0.0005707842638904,0.5697230325089119,74937.00556530085,1586607.281141694,0.0843090749476147,0.962299157168316,0.0005707380837546655,0.0005707494328307691,4.6180135734527616e-08,3.48310596309364e-08
1958,-1.178734892506888,-7.26043895627711,-8.399650341714487,-11.15431870330644,-11.927745790239085,-14.224406138955374,-13.42294376463649,-13.155306634489069,-11.976543212270991,20.332258179692904,0.0059580048684172,0.0005583282729986,0.582433923555654,74937.06470310946,1551983.4011698673,0.0843090749476147,0.9644776221363404,0.0005583409088463773,0.0005583393542401884,-1.2635847777288899e-08,-1.1081241588391244e-08
1959,-1.3025244695080809,-8.2631825134059,-7.143347784576344,-12.26777327345675,-14.582390415966923,-17.244319125515243,-17.2480179027591,-11.243209968991334,-13.605780271047422,21.074297072489887,0.005958000872212,0.00056852666196,0.5719854868069216,74937.0144406645,1580331.831926963,0.0843090749476147,0.9630924014709104,0.0005685717046064464,0.0005685685498256911,-4.504264644632824e-08,-4.1887865691119484e-08
1960,-1.366487138382201,-8.294549588322024,-6.749080930634761,-14.72119891068674,-11.736546410784076,-12.826386119324384,-14.245081177306965,-15.069012854030785,-10.998304111489148,21.281109831289942,0.0059580010335932,0.0005645952732009,0.5759683584891602,74937.01647044401,1569403.762558458,0.0843090749476147,0.9641449795818042,0.000564448556520003,0.0005644387045577764,1.467166808970504e-07,1.5656864312365345e-07
1961,-1.2528161749974849,-6.90022907223954,-6.374027160089348,-11.910062733615415,-16.0509699430354,-12.687628320085327,-16.135721992321148,-13.089997825504629,-13.391594794316434,20.92994344407333,0.0059580009911948,0.0005603764434934,0.5803045667263298,74937.01593717704,1557676.6944606972,0.0843090749476147,0.9652557820876836,0.00056034564361313,0.0005603363180546486,3.079988027002243e-08,4.012543875137921e-08
1962,-1.1258923564586298,-8.187036450014494,-7.233928799252768,-12.92325792629308,-11.58650283292818,-12.329323490440888,-14.194315081891736,-12.486122561613326,-10.592386930846269,20.382628214830664,0.0059580005969974,0.0005664152583589,0.5741176145469057,74937.01097914173,1574462.7697631817,0.0843090749476147,0.9625230779079555,0.0005664293276836398,0.000566429944492566,-1.4069324739745745e-08,-1.4686133665946233e-08
1963,-1.135109813917603,-7.806480098286876,-6.8255677243936805,-11.732995306028805,-15.57693492406102,-14.449244259574282,-13.971175693713796,-13.81042913724597,-10.428983107339032,20.747242539026228,0.0059580010741965,0.0005674953945515,0.5730249428674901,74937.01698113329,1577465.221050267,0.0843090749476147,0.9638391802325916,0.0005673245473683916,0.0005673200044765632,1.70847183108354e-07,1.75390074936806e-07
1964,-1.083497812677267,-7.28576011556554,-6.768431452143562,-12.88003364945816,-12.165386934656675,-16.904748487220303,-13.583503032593988,-14.416274248500123,-11.146530253036904,20.821006289531773,0.0059580001734604,0.0005613363843109,0.5793120691724156,74937.00565208618,1560345.0390294015,0.0843090749476147,0.9647201434994072,0.000561295983774574,0.0005612917082273508,4.040053632598222e-08,4.4676083549213125e-08
1965,-1.1502589970228074,-5.831919110463508,-7.286857059526248,-11.259516711870267,-16.18135281430825,-13.240308411193304,-11.778969040010168,-14.392997558268837,-11.558891285918207,20.54146882637905,0.0059580010921737,0.0005605709129691,0.5801032661324361,74937.01720724255,1558217.2606705828,0.0843090749476147,0.9651331137456576,0.0005606003221442557,0.000560598652286912,-2.940917515569484e-08,-2.773931781204029e-08
1966,-1.1427804905840682,-6.748719438653636,-7.027031487378698,-14.490999542754976,-11.835839151424414,-15.207196581924975,-16.233428747224195,-14.126582982894616,-13.196387627254234,21.451575625858656,0.0059580000265884,0.0005579982248396,0.5827777146887816,74937.00380479783,1551065.967306964,0.0843090749476147,0.9649582606138336,0.0005579913756638532,0.0005580014367515165,6.849175746849977e-09,-3.2119119164472285e-09
1967,-1.2921123000594374,-6.939217519240337,-8.87822915809687,-12.833613643972347,-15.645480405758033,-16.73447880883391,-14.27316282661299,-14.192549654943244,-10.16646139696431,21.442891428736857,0.0059580006459445,0.0005709136482872,0.5695939866823767,74937.01159477564,1586966.9305559646,0.0843090749476147,0.9627035483631736,0.0005707659648987527,0.0005707648099307743,1.4768338844732293e-07,1.4883835642567553e-07
1968,-1.1121703073159672,-6.9028391074423325,-6.1934718380024325,-12.482254674158982,-15.621784224950204,-12.643292769521754,-12.774183037422295,-14.350916887898434,-9.43569307930468,20.595571109820177,0.0059580006374618,0.0005690404425638,0.571469013379274,74937.01148808475,1581759.986307621,0.0843090749476147,0.963743622079168,0.0005690234898541509,0.0005690535996529661,1.6952709649053696e-08,-1.3157089166098736e-08
1969,-1.0260602349931391,-6.006064132417805,-6.924514075889748,-12.228165094776358,-14.284289482818547,-16.4341664347519,-12.21869116340067,-12.32447663847347,-13.461214584463711,20.495037279976128,0.0059580010554657,0.0005580238217488,0.5827511332542075,74937.01674554609,1551137.118957467,0.0843090749476147,0.9640676007100668,0.0005579723320890497,0.0005579791808775548,5.1489659750290906e-08,4.464087124522037e-08
1970,-1.0118075912841644,-6.809272375889234,-7.748736523877127,-10.060981434515844,-12.149249445838612,-13.251271191520264,-13.521380268899057,-12.349895392649,-9.976153630938056,19.63498561083137,0.0059580031919023,0.0005644174068153,0.5761501780262877,74937.04361667103,1568909.347907708,0.0843090749476147,0.9637394572460658,0.0005644748424730534,0.0005644858042840762,-5.743565775339233e-08,-6.83974687761945e-08
1971,-1.4428887489106172,-7.693596178214221,-9.041087779524632,-13.86698192827147,-11.687109337435007,-14.43552281301558,-13.62099294691872,-11.657403135528725,-12.064571781580606,20.864117815854147,0.0059580009587892,0.0005676311984905,0.5728878318471644,74937.01552959348,1577842.714846069,0.0843090749476147,0.9611498902621528,0.0005677673028179503,0.0005677829197696405,-1.3610432745029752e-07,-1.517212791404647e-07
1972,-1.1204171218801358,-8.159332327103439,-7.531068857683559,-13.666921533420783,-11.388660216337948,-14.170981986635452,-15.325431275377756,-13.825473528522608,-11.133697260861046,21.04257347072089,0.0059580010976436,0.0005646709020292,0.5758912258299443,74937.0172760411,1569613.987782281,0.0843090749476147,0.9635865256723436,0.0005647243900378395,0.0005647372354977,-5.348800863954218e-08,-6.633346849994719e-08
1973,-1.147231048579329,-6.495207332641094,-9.084572596844945,-12.859663932457238,-12.598821960504804,-12.713840759169583,-12.067601653760054,-12.861494511161078,-13.77553798584704,20.73755223039068,0.005958001150303,0.0005552682297428,0.5856431267856506,74937.0179383671,1543477.4082451726,0.0843090749476147,0.9637867625905614,0.000555295586788285,0.0005552963843963006,-2.7357045484966043e-08,-2.8154653500624995e-08
1974,-1.3704381062805238,-7.798374843260365,-8.407783518780032,-12.129253015247262,-14.914429010640166,-15.756086537850884,-17.109405853862313,-15.742677958281009,-13.393658414735668,21.899431838014834,0.0059580004375235,0.0005589137263621,0.5818231841118685,74937.0089733512,1553610.7841026057,0.0843090749476147,0.96689329172503,0.0005590488589922449,0.0005590690361191666,-1.3513263014488814e-07,-1.553097570666231e-07
1975,-1.2810187301052502,-6.211082885748473,-8.303548142744491,-13.85064927390083,-11.232595631873195,-16.05806458071092,-15.792039976644324,-11.34996429227001,-12.382743052203606,20.837680012693568,0.0059580007073465,0.0005671320659837,0.5733919937012562,74937.01236706272,1576455.2777361912,0.0843090749476147,0.9619959409618845,0.0005671388534186302,0.0005671296320481915,-6.787434930180698e-09,2.4339355084342096e-09
1976,-1.1875083389750685,-7.967518245094148,-7.163555175164115,-13.955666483804652,-14.378607219720683,-13.161672768609456,-16.571315036708665,-15.772062667982643,-10.722541173318069,21.75094951296381,0.005958000252128,0.0005662895570666,0.5742450036018931,74937.00664153109,1574113.358263457,0.0843090749476147,0.9649495964374152,0.000566295624810755,0.000566308248333372,-6.067744154998264e-09,-1.8691266772080488e-08
1977,-1.4483231170696842,-8.039506164563395,-8.94954127770588,-11.451373074860218,-13.14774430891172,-14.404106711188296,-11.98730720692336,-11.946121221007912,-9.759589098242518,20.17803923130068,0.0059580017336956,0.0005721113729479,0.5684016878710912,74937.02527601237,1590296.2421499994,0.0843090749476147,0.961231747621516,0.0005721038720180757,0.0005720947049141445,7.500929824315328e-09,1.666803375551841e-08
1978,-0.9889544121331796,-6.7297932601710135,-7.000148679744186,-10.289870168744931,-11.158596911961892,-11.571677764880214,-16.151028997828277,-13.953929881715144,-11.920503101202062,20.028608600846617,0.0059580051205168,0.0005626157092922,0.577995498425013,74937.06787390303,1563901.1747863952,0.0843090749476147,0.9671584944806104,0.0005626510095034465,0.0005626749174693301,-3.530021124649625e-08,-5.920817713010989e-08
1979,-0.98877883008873,-7.389229024538931,-8.761223335610524,-14.328468830590436,-15.602132127765936,-16.342458123813934,-16.528507469700696,-15.572785821079329,-11.327180880559164,22.321726190062737,0.0059579999829859,0.0005653489446074,0.5752003781107853,74937.0032563857,1571498.7406732473,0.0843090749476147,0.9639683564081676,0.0005655918620597834,0.0005656004686188373,-2.4291745238339425e-07,-2.5152401143726383e-07
1980,-1.4287376536629277,-7.878157151514998,-6.272342080467245,-10.884879464091425,-13.816155615953589,-15.220535490043002,-17.146768371725447,-13.441417854517494,-10.670549732442554,20.540350334056065,0.005958001169138,0.0005714643057949,0.5690452063510574,74937.01817526518,1588497.5915541444,0.0843090749476147,0.9650228397026592,0.0005714015224713407,0.0005714022240798567,6.278332355922917e-08,6.2081715043261e-08
1981,-1.2931396691035355,-6.949363897692347,-6.316271119920911,-14.187306368185723,-16.512059490547724,-14.045099567094468,-13.98289805002658,-12.65204134480862,-12.602850957313349,21.26374891251348,0.0059580003103527,0.0005666417899531,0.5738880528583067,74937.00737385522,1575092.458945897,0.0843090749476147,0.9625011656112272,0.0005665907119636065,0.0005666207141541563,5.107798949348808e-08,2.107579894373296e-08
1982,-0.9949225395821972,-6.151282184025913,-7.601449459234375,-13.151562918963725,-12.069638897313126,-12.631118380742596,-15.02565300355663,-14.06597279220327,-9.506950953309918,20.66765120684955,0.0059580006519741,0.000567379965796,0.5731414591220645,74937.01167061314,1577144.364089942,0.0843090749476147,0.9636812010334304,0.0005673608373848948,0.0005673521176216342,1.9128411105290635e-08,2.7848174365802635e-08
1983,-1.3240932050835852,-6.014720034369651,-7.514925275416874,-14.497432871329735,-13.83066992167251,-16.694177897782765,-13.89692655148454,-11.928480985819917,-12.951116201668338,21.157498838980203,0.0059580000933253,0.0005643843971398,0.576183426374328,74937.00464418392,1568817.5910132325,0.0843090749476147,0.9619999985641974,0.0005643977440183141,0.0005643902308605139,-1.3346878514073138e-08,-5.83372071385601e-09
1984,-1.146625026933522,-8.29582108318169,-7.958285184631842,-12.726602934907117,-11.750412047466572,-16.970741972229398,-16.11155909849649,-12.15125764925891,-13.56147105996162,21.0225201424701,0.0059580013164556,0.00056234599152,0.578272168341201,74937.0200281583,1563151.4411160296,0.0843090749476147,0.9636533655621782,0.0005622519377005722,0.0005622409728748271,9.405381942782613e-08,1.050186451728892e-07
1985,-1.4331289137668493,-6.673971145537201,-8.943010323964447,-13.077936490210147,-16.264856088864402,-12.573860107683734,-14.209693841200934,-14.471264844712206,-11.86780067558708,21.55050146617418,0.0059579999708535,0.0005616146825988,0.5790249717201111,74937.00310378903,1561118.6239334971,0.0843090749476147,0.9635977058924036,0.0005615487087127503,0.0005615245329427458,6.59738860496516e-08,9.014965605415835e-08
1986,-1.179717286515853,-8.342100714542491,-6.688886929677272,-14.169611820397506,-14.20979825596998,-12.38628736997061,-16.098961069557586,-15.130735699638546,-11.089688916942464,21.58503521305261,0.0059580001316669,0.0005650406665988,0.5755142206536896,74937.005126427,1570641.8212310856,0.0843090749476147,0.9644568870868692,0.0005650410029842179,0.0005650556510333522,-3.3638541789299953e-10,-1.498443455221713e-08
1987,-1.207392973719721,-8.152243680794928,-8.35630034634727,-13.572470046287837,-13.00644498160432,-11.905303922713632,-14.899106839015742,-11.281577395729414,-12.924936780500408,20.880703892636507,0.0059580007198159,0.0005649632798267,0.5755931378884491,74937.01252389642,1570426.7094562058,0.0843090749476147,0.9616567043154346,0.0005649652081181093,0.0005649671591207465,-1.928291409251763e-09,-3.879294046475572e-09
1988,-1.0103226865590564,-8.025787928177618,-7.109250685595672,-11.373864161833929,-12.988458286040894,-17.010105811613613,-13.420529285654034,-13.298051990593384,-10.373922429867044,20.390274757098112,0.0059580026021142,0.0005667098125631,0.5738194997203699,74937.03619858525,1575281.5411880305,0.0843090749476147,0.963713248656772,0.0005667209566699626,0.0005667161053038095,-1.114410686257547e-08,-6.292740709480486e-09
1989,-1.1687369126699454,-7.098546772666117,-7.985036929130269,-13.202012513072113,-12.548648385560451,-16.979181294509303,-15.521195724544285,-13.921854520211047,-12.317632096146813,21.299854488069336,0.0059580002114651,0.0005602350168535,0.5804509458097609,74937.0061300919,1557283.5712601284,0.0843090749476147,0.9643355700453838,0.0005601664415590201,0.0005601701046412101,6.857529447990094e-08,6.491221228989517e-08
1990,-1.0935926772840288,-7.966665909956199,-7.919863946249203,-14.421769467426074,-14.366579819414108,-15.168536683208966,-16.363579208980056,-15.189909784392947,-10.819029713434452,21.95466225789496,0.0059580001409889,0.0005666545120166,0.5738751439234888,74937.00524367443,1575127.822427275,0.0843090749476147,0.9637624674351608,0.0005667998277488231,0.0005667940719798036,-1.4531573222314152e-07,-1.395599632036471e-07
1991,-1.1846754434359912,-6.1457726087162605,-9.090320741874743,-11.102632314081651,-12.945989923764856,-13.774946430795586,-13.578359475003676,-11.991920309043188,-11.96596536641382,20.24340078517601,0.0059580038952137,0.000559864018281,0.5808361251657977,74937.05246259984,1556252.307657374,0.0843090749476147,0.9632130950930082,0.0005599532852557265,0.000559946491142879,-8.92669747264976e-08,-8.247286187909163e-08
1992,-1.136360007649087,-6.343034483119428,-6.602070840271122,-13.402041736345527,-14.666263532210834,-16.802350605824,-14.254620231238109,-15.397502680212751,-12.893608884112142,21.49394361656819,0.0059580003659117,0.0005563451201271,0.5845094102355616,74937.00807265125,1546470.8371689045,0.0843090749476147,0.9662126925621516,0.000556403102749066,0.0005564207039381483,-5.798262196602972e-08,-7.558381104832111e-08
1993,-1.1506976975827437,-7.438052949213776,-8.519029719648652,-14.235615294111255,-11.4505482507292,-12.065653889826532,-16.236952728347312,-15.001784865047991,-12.415663603625246,21.560615417584565,0.005958000612453,0.0005616888774687,0.5789485804007287,74937.01117353533,1561324.8631873135,0.0843090749476147,0.9649055132155206,0.0005615646454026251,0.0005615680103159635,1.2423206607490786e-07,1.2086715273649032e-07
1994,-1.4269591505888852,-6.142508880377646,-6.321367775401124,-10.765565095276584,-15.281388988330736,-13.964511040069835,-13.781635500357588,-11.604712274746326,-10.37720558249348,19.8707680140406,0.0059580011934574,0.0005698337299965,0.5706735292878397,74937.01848114365,1583965.0849700463,0.0843090749476147,0.962907861070176,0.0005695318573465069,0.0005695346429558325,3.0187264999314255e-07,2.990870406675795e-07
1995,-1.4313119684187725,-6.770011079549299,-8.144315860148335,-13.732904694805072,-12.208554997522794,-14.81053599666857,-13.195159193677243,-13.531153993052833,-10.559278163068024,20.88229951900716,0.0059580005712039,0.0005650211929116,0.5755341196752857,74937.01065472228,1570587.690282177,0.0843090749476147,0.9625504510445504,0.0005651288687280996,0.0005651289521509068,-1.0767581649960903e-07,-1.077592393067912e-07
1996,-1.425380428668011,-5.696818637508224,-7.335830862237844,-13.80920981236901,-12.893409502113991,-13.922594377909206,-14.454404422680575,-11.331922096089162,-9.326272918699733,20.38864095934997,0.0059580004599597,0.0005770647623627,0.5635224795588886,74937.00925554395,1604065.1636303954,0.0843090749476147,0.9606927971596656,0.0005772136948408553,0.000577234112748381,-1.4893247815539988e-07,-1.6935038568103179e-07
1997,-1.127032039020536,-7.40180062376312,-7.95129222227129,-11.464630087984313,-12.223455945017156,-14.109127351619811,-15.21513180205358,-12.64460210619063,-13.41880500499,20.564722555027213,0.0059580034821191,0.0005568491425362,0.5839808097697702,74937.04726688433,1547871.8667253754,0.0843090749476147,0.964987863036562,0.0005568699908350609,0.0005568688462227974,-2.0848298860941597e-08,-1.9703686597464035e-08
1998,-1.1032798432666775,-8.048844902052704,-8.046756943776542,-14.66587574920894,-11.383338709520787,-16.718288188274173,-17.210536023340822,-11.394190119776532,-13.106662254657142,21.367690802724933,0.0059580011004607,0.0005703793954204,0.5701275691261708,74937.01731147243,1585481.86948807,0.0843090749476147,0.9617944427771732,0.0005703209516399186,0.0005703143701661277,5.8443780481375746e-08,6.502525427224543e-08
1999,-1.1114083288322751,-6.957119915960157,-7.853861711079839,-11.55052688078269,-11.656703359705752,-12.644549767769558,-16.722343852061503,-11.08763862335414,-10.667405397173363,20.066527296100386,0.0059580017034726,0.0005707520655922,0.5697553932145345,74937.02489588129,1586517.779630319,0.0843090749476147,0.9624525854274992,0.0005707478897542166,0.000570743428628623,4.175837983342798e-09,8.636963576952837e-09
2000,-1.4541571615483515,-6.326910256395271,-7.01344599081815,-10.821420006049513,-12.306460437841846,-14.090593470300822,-17.398590611226457,-13.841146739830474,-10.566924126634664,20.380050958134905,0.0059580020029943,0.0005687642331218,0.5717467329064768,74937.02866312912,1580992.2077623191,0.0843090749476147,0.9657312814458447,0.0005689170375860173,0.0005689124806751765,-1.5280446421725435e-07,-1.4824755337650587e-07
