Sample,Twist_0.13R,Twist_0.19R,Twist_0.47R,Twist_0.50R,Twist_0.74R,Twist_0.82R,Twist_0.85R,Twist_0.86R,Twist_0.93R,Twist_1.00R
1,0.0,0.7504520879028882,-8.416877756879503,-8.627717195839823,-14.055394736058119,-14.696188354695774,-15.011951244703273,-15.47152227940398,-13.123572128610554,-10.804256227265352
2,0.0,-0.7209007718757912,-8.202741596048464,-5.723853529977697,-11.51528773024016,-13.859645523226542,-13.496886828397654,-12.86045447744357,-14.119109169574031,-11.938127634512208
3,0.0,-1.1256552623439853,-7.271263328798243,-6.387516175480171,-13.43070905193626,-14.527941396048789,-14.689786242242644,-13.517556766994147,-14.718389277415703,-11.304933442007455
4,0.0,-0.8040876075315744,-8.402308578984133,-8.841366097906485,-11.859489524311815,-12.107935019464868,-15.026651650716275,-13.888740919412069,-12.226939111622551,-13.226378942718169
5,0.0,-1.0742598430106711,-7.678951409852451,-9.454453818698102,-10.679339627989364,-12.078874303837743,-13.135665356392115,-12.759400530204005,-12.110624733282764,-9.751664519602791
6,0.0,-0.6656095287149939,-6.138774956758059,-9.03257665620786,-12.31936499100795,-15.306279504967218,-15.44439981640495,-14.4360147245395,-13.679573848755004,-12.343329701713184
7,0.0,-2.507410330757253,-6.075561458062044,-8.250917831551076,-11.971137482391907,-14.440279593996255,-13.294229060147071,-13.625336805923581,-12.648942192412285,-10.937130472212964
8,0.0,0.5484700022851681,-5.145269436640001,-6.231107158801317,-13.74311841432149,-12.538607900196125,-14.804061635669136,-16.458873434778464,-12.470429169345639,-12.07081705728745
9,0.0,0.28429319385346385,-7.19646787897173,-7.576116605483378,-13.396562767784044,-15.696587187515533,-13.321323833029453,-13.605114064304683,-11.885567796418211,-10.657328627080656
10,0.0,-2.40081277372288,-5.581628040769331,-8.024333945839816,-10.810045424146267,-13.888180095721552,-13.547444718701193,-15.648923754460501,-13.620322543558066,-12.107002089550207
11,0.0,-3.2003046242054265,-8.787392640750154,-7.266892312551148,-13.100762042452192,-15.814603024178295,-15.893260565186237,-14.344723625221107,-12.920175299838633,-11.24423601180424
12,0.0,-2.673923795329099,-5.021817161381415,-7.679399414267621,-12.804531739922918,-13.355938352754695,-13.00155750180793,-13.307433780378318,-14.160898723004287,-11.132544483123691
13,0.0,0.2778072180756932,-8.025805204793087,-5.862911552579668,-13.39440472672959,-13.7326119132483,-13.863158439137884,-15.740353545565878,-14.963713228568183,-10.04751703905967
14,0.0,0.4685610740880981,-5.26886418607955,-8.469254617681404,-14.287168195937825,-14.64129969320311,-14.810168888642279,-16.524831614804338,-11.354083228347722,-10.72298798163849
15,0.0,-0.3266597224246657,-8.182289048377731,-7.6402068059354455,-12.391175289144355,-15.346341185937073,-16.315850240236752,-13.6751621222794,-11.792693739609069,-11.689181830982962
16,0.0,-0.7960456077420592,-5.595917118426483,-6.460964606873886,-11.6895654704545,-14.094165459999845,-14.444973316661676,-15.448981413988708,-14.289875652909949,-10.045143456104752
17,0.0,-0.6789469788021139,-7.6265339513261825,-8.564663137994685,-12.363041344804943,-12.96687782292061,-15.45204322415976,-16.205652583848387,-12.009792321543678,-10.146280498177997
18,0.0,-0.275108072287078,-6.60621715148227,-7.4393444801860795,-12.670562467567677,-13.735318845269383,-13.923453989228573,-14.559537294983834,-14.194215481891911,-11.335832023690275
19,0.0,-0.64046042798179,-7.780074825112352,-9.319109704938784,-11.082741844567725,-13.961659579486264,-16.001616502944128,-13.908634277785644,-12.043905798790139,-12.72258183567628
20,0.0,0.3029698857415366,-7.160511930181134,-6.2758720871400975,-10.898329215635163,-12.694089821238784,-13.606870194120006,-15.98998475112811,-14.307783354532509,-13.113497216038914
21,0.0,-2.965781584981757,-6.8397868932793955,-5.745037716720773,-11.59463185810366,-13.969544024864222,-13.187323322526336,-13.530747315457747,-12.966188933336122,-10.395493579222698
22,0.0,-0.20652492103184583,-5.3258736263010675,-5.934481941150011,-12.280245515864824,-12.53566222534425,-13.256306568633248,-16.172358536616315,-13.69519876558304,-9.975749124081675
23,0.0,-2.722392869331429,-7.100620647345799,-9.035554809676482,-11.261943652852121,-13.235001482372404,-14.058287795005102,-12.744027872575415,-13.028459312059997,-11.762263644435572
24,0.0,-1.5993553173472257,-8.286243665009255,-6.765012659863242,-11.653388524871286,-12.615162233218442,-13.274399551303318,-15.493608249052363,-13.149430814259231,-11.46147796800783
25,0.0,-2.8702621155031145,-8.4662475076073,-9.443855125102013,-13.11279515638765,-15.15460189738356,-13.220977168090702,-12.653325728425528,-13.001911246514092,-12.578572892453764
26,0.0,-1.2358496168586242,-6.038049718982771,-9.279110396084654,-10.911267950223362,-12.0802117948075,-15.982280679194128,-13.622838228638631,-14.571932463824286,-11.36919208510647
27,0.0,-1.3398660464432004,-5.717608721831226,-7.43093476320311,-13.825569526898503,-14.438035673567953,-14.72021828799353,-14.639658857229765,-14.19759363417665,-9.516465281483933
28,0.0,-1.5910615391811982,-8.303212031641399,-6.145735477907552,-11.295206214314677,-15.562825143138546,-15.442748368086814,-14.120851764172746,-12.17330386205116,-9.825734981263505
29,0.0,-0.7509077937641528,-5.046495679125902,-6.308473324725995,-12.011492028560486,-15.395633137526847,-13.852210556159708,-14.44613311771391,-12.411188867327512,-10.022292346488385
30,0.0,-1.6836493283809126,-8.766620669347848,-6.182287743865943,-10.625841940944975,-12.06833106344547,-16.078569440164674,-15.890307226790382,-13.99423098012733,-12.174042296032674
31,0.0,0.3118892091816714,-5.616349282941871,-7.334106763865254,-11.921182287632222,-15.6353614290536,-16.168787260913664,-14.704635982193903,-11.637009052474044,-11.993750009884469
32,0.0,0.7442977367463555,-6.782086950124025,-5.608362996819193,-10.440473489742208,-14.044498775151665,-14.837142465303485,-13.882832524851406,-12.366098508239855,-11.582747228276919
33,0.0,-1.1810475058974355,-5.294203343805807,-5.6716669171075775,-13.06010392373293,-12.993849683738036,-14.60819822628316,-14.891687149903195,-14.173805306287855,-13.093959141361173
34,0.0,-1.4696040517605473,-8.333558955081541,-7.341284966551991,-10.853557992709156,-13.412269104416826,-14.195072136071895,-12.68502844574038,-13.529715144288245,-12.830925598731188
35,0.0,0.2832298210077995,-5.955279126542474,-7.982532926635002,-13.440279536821908,-14.814955754548047,-14.246833778737189,-16.256465139881055,-13.84473502362023,-11.022732784899652
36,0.0,-0.042654991128825426,-8.844758928159452,-6.171371486690912,-10.986593752949142,-14.92389771585343,-13.487832696039076,-13.224961820856599,-15.058656722410008,-11.53107086957966
37,0.0,-0.5056971209775476,-5.47130517468112,-9.285608783655894,-12.811065444552131,-13.641265835258535,-14.858576311228365,-15.105469786324619,-13.42240480918625,-10.991389596257637
38,0.0,0.47427856186334827,-7.970264205674602,-7.3572287594810835,-11.014190191496459,-12.885451431256541,-13.476168986437646,-13.421871879645401,-13.260274815860075,-13.405917760491818
39,0.0,-3.13360176835217,-8.115187364008932,-5.597565248209259,-12.359590229677966,-12.789892054125634,-13.810506766707677,-15.931180151790715,-12.630190098395127,-11.117232331400048
40,0.0,-0.6343425826081859,-8.239129901222944,-8.215144861028067,-13.712931970305963,-15.571045263551026,-12.793527846780012,-14.451598489433023,-14.30098430643115,-12.553199186883045
41,0.0,-0.35786247247138014,-5.500239467177002,-7.2102342071318,-12.066175418023821,-15.599315726570081,-13.43083721660158,-15.403548642832282,-14.787342462826617,-10.452667275516657
42,0.0,-3.167796733094723,-7.3095250642941405,-6.90654106988182,-11.116728384035543,-13.050628879960408,-14.136315223297249,-16.426295566745083,-11.343872254926751,-10.808875808074397
43,0.0,0.4772333603544454,-7.975459371417354,-6.437105986130506,-11.169872279973676,-13.119560602987818,-15.640958739128248,-13.52475271894696,-12.701973263089847,-10.005435520472007
44,0.0,0.35009761067999223,-8.078236957154433,-8.497701067358381,-10.635274147767982,-12.04824384335667,-12.865176515999938,-12.96937219273021,-14.054024605371776,-13.178908635923683
45,0.0,-1.0436507990223927,-7.526590718050687,-5.796917096163597,-11.060884628254136,-15.372603854782884,-12.93783688379103,-16.47556258807086,-13.228221176821991,-10.881994069315676
46,0.0,-2.1017584000486154,-8.818567816875728,-5.721673793159322,-10.894212839063742,-12.483998209460948,-14.423331369472212,-13.279300250031117,-13.968180881453968,-10.597794066797793
47,0.0,0.2719420009935911,-6.644481656116081,-7.252286043750333,-14.327553535881384,-14.934396408454425,-14.127821276454261,-14.877312538078654,-13.236072325420988,-11.778010859668257
48,0.0,-2.624103315834029,-6.875211850355295,-8.143602963621719,-12.354477105641255,-15.753698817685846,-15.496114463880305,-14.643601927707282,-13.449855590860343,-13.319544216798208
49,0.0,-2.809396241567957,-7.15967596043731,-8.536080302599094,-13.424403564221437,-15.09024984735861,-16.247009061980386,-14.279490376256657,-13.441260023689152,-11.189702262199525
50,0.0,-0.9403104259848822,-7.2034692421838695,-7.9943860829817375,-11.572541517502636,-14.789419809394563,-14.315960409569797,-13.305223087211953,-11.886109000629983,-11.775232617939855
51,0.0,-2.4440847011031606,-6.381768291422732,-8.909419156570202,-10.788346255692844,-13.802183442011648,-13.84236706645776,-14.319960054359107,-15.130917121284917,-12.653568161896683
52,0.0,-0.051272816684215794,-8.207144826299917,-8.95829026050933,-14.171892048907116,-13.50660268526503,-15.045156034431614,-12.937399551889179,-15.02929846631049,-11.459881188819391
53,0.0,-2.27429687797984,-5.789016705476894,-9.194808068781482,-11.976948337458964,-13.252238435052394,-15.546268189219745,-16.21055615109156,-14.04460940920752,-13.068855806427363
54,0.0,-1.2872219750940732,-6.449269258234835,-9.06082362179317,-12.962817566218856,-12.612435257053393,-14.867176612496817,-14.766634081822634,-14.636072119668555,-10.516836800088313
55,0.0,-1.4749482653501802,-6.376451185736407,-8.803144915866245,-10.931131543800863,-14.92940400436222,-14.623295896964402,-13.737304866113043,-12.150632428303647,-9.875574864443973
56,0.0,-0.06909828876719937,-7.342862836390359,-9.367252024961882,-13.2127213146689,-14.177025478489213,-13.917473411376964,-13.459772805773447,-15.169842114394589,-11.389007265850367
57,0.0,-2.955040550229481,-8.911599740821526,-7.242628901383489,-11.14367476472469,-12.498988283293034,-14.25223171344867,-14.416144118294145,-14.449683986422079,-11.328111135833813
58,0.0,-2.3205612228722674,-5.632668260081003,-8.298345988890384,-13.250627786739603,-14.181485385133449,-14.482029365687119,-15.577654346849041,-11.681713096047147,-11.686744523146384
59,0.0,-0.7483072257981211,-7.549201680815889,-6.088239345111729,-13.982729838722156,-12.255916858361802,-14.489990928945167,-15.769544209782708,-11.758621923019842,-12.363375330098332
60,0.0,-2.595410812730968,-5.960775683390327,-8.837281777269173,-11.548021455289952,-13.424418115317204,-15.849050176605934,-13.082327502608516,-11.360331813735753,-10.683672608581102
61,0.0,-0.09197826600536718,-7.033111938856056,-7.535678139461764,-11.089980643328651,-13.688283191777137,-12.902896491226509,-16.25878514543168,-13.904160098567292,-9.67751066034559
62,0.0,-2.766867558054645,-6.51093865386838,-6.8703013459476265,-13.376361853304461,-14.105814207244311,-12.632089298177949,-12.842465704569888,-14.660584118660628,-12.318980395084804
63,0.0,0.1468271096539704,-7.584986579951701,-6.970168230669113,-13.42248733490811,-14.737687176769525,-13.393275177400955,-15.567298298100267,-14.011340406510701,-12.185525806038079
64,0.0,-0.19011621696344294,-4.974733216769865,-8.629079054870523,-13.524676912966594,-14.433688957746574,-14.716965145017173,-14.019537255178918,-11.627704031033762,-13.187009582965807
65,0.0,-3.1478191044877426,-5.385174247881073,-6.043700548597668,-12.196681181591183,-13.128997633917063,-13.657062822082008,-14.45220995943179,-13.478797105013403,-9.961834675345104
66,0.0,-1.4272616644807294,-5.450355013164874,-5.754677711271219,-13.660383206019326,-13.932049646263597,-15.075854920917008,-14.262896414656513,-13.34061507014484,-12.043196954383117
67,0.0,-0.9520146289125861,-8.3685560442132,-8.237406066931397,-10.827267539546138,-12.389963611895084,-13.017240715419316,-13.334955011747255,-12.013522865126367,-9.791806655743928
68,0.0,-1.8974413918934367,-6.211926422447098,-9.425564010341477,-11.391733602876524,-15.098228208142366,-14.351464827005987,-13.966880177399055,-13.079106207604822,-10.589308204818964
69,0.0,-2.649939630233411,-5.309969156162863,-9.088576456490976,-12.647467506994875,-14.01549996707587,-14.116692985722626,-14.854247739549727,-13.50208189392057,-12.803554686255058
70,0.0,-3.144979399483634,-7.439971080338989,-5.812929946912387,-12.651955833958148,-15.314823152004388,-14.23958736430112,-12.790169638544624,-13.871110923420275,-9.809604119573972
71,0.0,-2.6618494033344398,-8.015645166181233,-8.634073941454403,-13.936745404682613,-13.930097396944628,-15.956218564582228,-13.829350611257334,-14.551426516392622,-11.753547441365503
72,0.0,-1.037730913096111,-8.957478862936952,-6.485601743184214,-11.942097927419645,-13.554469070300883,-15.06924379554675,-13.645716250609249,-13.14000900024988,-13.457029258684233
73,0.0,-0.30335457479872874,-7.322059214578257,-8.280802711115108,-13.455791269762766,-13.847343225617712,-14.66447531672672,-13.611705562259264,-12.902696062846818,-11.599706689342288
74,0.0,-0.7165978873022376,-7.305180640501765,-8.992793880135496,-10.68854965010151,-14.827773115124343,-14.592375187363878,-14.534169623182471,-11.40268385387709,-12.797435278295284
75,0.0,-2.9516148632119528,-7.709997486740132,-9.092592724114022,-12.566815883902262,-14.660273642556058,-15.599149743859245,-14.301995160074526,-11.80940176202024,-13.269190425680828
76,0.0,0.05121526181415614,-8.10983059752057,-5.844993833192261,-12.158268733826626,-15.504730756926397,-14.690134333337696,-16.380403958075377,-12.194035337562,-12.218906559833
77,0.0,-0.6332690805299035,-7.486686584924757,-8.61684076354301,-10.50391841854569,-15.71550392624315,-14.473081713273888,-15.464569081750222,-11.565793993597545,-9.872470194233761
78,0.0,-2.640650685461033,-6.0918181296288445,-8.77105908411057,-11.127484635898835,-12.759181489588327,-12.803306878418018,-15.294598766583029,-14.036482744123253,-9.832644984694337
79,0.0,0.7676891168718329,-5.673748628730581,-6.602566493866501,-12.577122978788829,-13.477583948850283,-13.85556764821875,-14.148876772517168,-14.870952514617173,-9.82198940349787
80,0.0,0.06665080504604193,-8.963629276886234,-5.739805107938439,-10.475575179672457,-13.602370358689907,-15.457124341467475,-14.878203788314629,-14.091305844253128,-10.231910698856376
81,0.0,-1.0650254641285999,-6.930865944985735,-6.862071685502837,-10.41591954904466,-15.86820600536826,-14.65008215818661,-15.746492133223008,-14.512131060867835,-11.202910235684824
82,0.0,-2.5210321756025142,-8.536625139898057,-7.73810192096515,-13.898223200736497,-13.792769008755979,-15.348121056901652,-13.36139637945122,-13.290414041083048,-10.262604143137567
83,0.0,-2.0847882515543565,-7.1408332192661375,-6.798003321415349,-10.358224140741997,-14.835725529127481,-13.882002466125023,-15.019016334711624,-13.414979004013013,-12.324666188322022
84,0.0,-3.098862654040293,-6.957561162275052,-7.367682407412429,-12.52652069708683,-13.292644980881935,-14.612484965706056,-14.868959726801101,-11.839366516715316,-10.280456505750927
85,0.0,-2.15666147148411,-8.891860769235176,-6.078097138579694,-12.780921539210478,-14.229423116083193,-13.994300908023114,-16.04209474804001,-14.276276410743277,-11.615837646387062
86,0.0,-0.5380185195636424,-7.742376643949622,-8.414062567025804,-12.768221258935124,-14.367240298573256,-12.912483277817477,-14.68513842410086,-14.225180390765532,-11.00569887066618
87,0.0,-1.4160094827858238,-8.093706738918684,-7.417238238172854,-11.77032548697221,-14.52954587477627,-14.723710983083581,-12.970508526967508,-14.773837587361804,-11.166908914860597
88,0.0,-2.161206848908667,-6.547969299067235,-7.1267230721572785,-13.46362631869164,-12.690636798235657,-14.241598427044483,-13.277201467837726,-11.95243271139045,-12.122828052187579
89,0.0,0.059364728731273075,-6.2241562167861595,-8.860059669540199,-13.392692957310814,-14.422038068295635,-12.884330975515162,-14.1194503666417,-14.089416182471366,-10.807477160772915
90,0.0,0.19336569365774015,-5.621780038914235,-5.771187661096057,-12.948252052683493,-15.10428743732291,-14.301386190853858,-14.578345887872883,-13.669014585403163,-11.863983548951857
91,0.0,-0.7340080152094663,-8.720033159603794,-6.8219861691638615,-12.991169277668268,-12.978253819951036,-14.847794604399507,-15.243760760600255,-14.727072400826222,-12.019243584059721
92,0.0,-2.6265463743830018,-7.500101039392743,-9.111189135217781,-14.168589510386406,-15.37132724209332,-13.155672490353684,-15.072036321087827,-11.535191427549371,-13.150462561079374
93,0.0,-1.8437477769958075,-6.954507329013123,-6.057221540266472,-13.31910708168018,-12.170792333000119,-13.639355241527198,-16.015451539269428,-13.297133875590639,-10.38951684447437
94,0.0,-0.873966834151986,-7.872838544775801,-9.531029166103771,-12.872024939755882,-13.76959205711262,-15.979040460134092,-13.32081592286072,-14.058188143926177,-11.60977931284335
95,0.0,-1.0227900144800812,-8.633365163196418,-5.890298748312736,-12.551923099259081,-15.000356883523644,-12.578399083985797,-15.929717965721114,-11.229825165488283,-9.818424294815047
96,0.0,-1.5329396017763497,-8.683466989809125,-7.521756731467622,-11.138758105390075,-12.735034038973698,-12.697483432821038,-15.133462271953304,-11.577565920260051,-12.617139867637283
97,0.0,-1.5822092301936095,-8.545807946581755,-9.551731145078643,-10.939596194871637,-12.300199724954322,-13.848408794734162,-15.973487200730213,-13.750046280189164,-12.967958449267414
98,0.0,-1.3907542893607112,-6.4914386250673815,-8.105775142176975,-10.6487892597763,-12.748638264977199,-14.619217482257795,-14.039161978747495,-11.786818279955249,-11.185203549511735
99,0.0,-0.723870762739133,-5.260935280513253,-5.680393484361501,-10.580754411965765,-12.648788213965187,-13.142262217386051,-15.428325743001107,-13.843369124146786,-11.908678955508417
100,0.0,-1.6479097967837117,-5.232487193490718,-6.69819784901021,-12.137507009126,-14.573762072103836,-12.482556226713742,-15.22240417620329,-13.69237153226974,-13.053044024602734
101,0.0,-1.1469368332824934,-5.858518879679709,-6.678090346233979,-11.804962982680653,-12.091918664695271,-14.415305038401504,-12.846991013113257,-12.850221384148059,-10.0845048725811
102,0.0,-1.0505895478991492,-8.477529607105213,-6.739753421594529,-14.045803283707132,-15.137969137216501,-14.671964733366208,-15.245905998265535,-11.676143644281005,-10.258275587071855
103,0.0,-2.426608933052952,-7.257105796508128,-7.1121939557774105,-12.571691593915604,-15.217233512358154,-12.921084728804605,-12.780330622646735,-13.1085065109488,-10.854320624049965
104,0.0,-2.0597038663155898,-7.847168455720121,-8.555470258855038,-11.40459206572582,-12.972742505274176,-13.084809709928852,-15.569520029943487,-11.387544705975348,-12.164413627055028
105,0.0,-0.8098830777134762,-5.602241310674887,-8.255792244164848,-12.5342007912913,-13.440529079622301,-14.753692957072134,-12.766358984144691,-14.82282713586262,-12.678899718599888
106,0.0,-0.1544905179460465,-6.515420490402671,-5.631702669298804,-13.88974915027971,-13.632678644291472,-13.145061700788574,-15.35849681280773,-11.4344895930031,-10.106322508125704
107,0.0,-0.5018800380216146,-7.565775977657211,-7.433554717426656,-12.545035323042576,-15.318981215831023,-15.575059491332365,-12.947073136027154,-12.562869126169394,-11.948263509665784
108,0.0,0.255748672294263,-5.333904499431691,-6.594964061519173,-10.67790641104981,-15.27232715375542,-15.619108833104079,-15.030415434506702,-11.274506369212252,-9.674060109157523
109,0.0,0.39576209337851953,-6.637833696815258,-7.300643065982965,-11.68321625842383,-15.232930028263977,-12.79080090249049,-16.18506377218269,-14.98837447788923,-11.04797720779704
110,0.0,-0.7876366157374077,-6.701483229265463,-8.032937518594029,-12.906305754244253,-14.129841331716547,-13.728682774134763,-13.600100213379394,-11.92668480735362,-11.943588914060992
111,0.0,-0.39924541748997644,-8.19350167716949,-9.345587270767725,-13.57642390922216,-14.217847566632186,-13.47087597920584,-14.413278027298528,-15.048004617545173,-10.411986736996823
112,0.0,-1.120561792771928,-5.676124126213081,-7.454916524083073,-13.602258060114364,-15.662304653420314,-15.001264565626059,-13.48878585478314,-12.837843704900308,-11.670638312989215
113,0.0,0.482547639743232,-4.99292219886031,-7.487319902602259,-13.451199390713432,-12.706945567945517,-14.177900122189248,-15.324685427285509,-13.908354471002498,-9.63135618812176
114,0.0,-2.447692015122616,-7.980080507479879,-7.526899265376846,-12.749784975379374,-12.971499237237845,-14.211983615432995,-16.223062827623192,-12.339319991437602,-13.436604960562276
115,0.0,-2.667895071199332,-6.464732670977113,-7.573477021425374,-13.772806280408238,-15.067123637860126,-14.077439565070042,-12.599017868303502,-14.263814172653818,-9.560838601975856
116,0.0,0.7687058564037135,-5.3266847248666,-7.056816313336462,-10.532880100216467,-14.032251614036625,-14.276183447358118,-15.395334979846293,-14.703311035476686,-11.52132581942842
117,0.0,-1.8640395328906854,-5.9786530936853435,-9.132395619694519,-11.203556302845087,-12.033721260802793,-14.172493360754451,-12.817335698317695,-15.116258725606915,-12.864550305051203
118,0.0,-1.640277308992467,-5.292567041533198,-9.451349473094698,-12.53182065382037,-14.868405044815848,-15.1170841580699,-12.585402782202486,-11.461905844936972,-11.347220120965774
119,0.0,-2.7705102138620545,-6.963250956313827,-5.940640982323356,-12.099952256781382,-12.920799352270327,-12.927370855441522,-15.382046455164692,-12.71680012289227,-13.051750215226646
120,0.0,-1.5212204548888664,-5.732887885772792,-6.887871874998872,-12.381707968752295,-14.022644431347645,-16.30708909680408,-13.282979648512185,-11.763264405000228,-9.692668222533918
121,0.0,-2.5764884100015317,-7.3518253436705105,-7.227847748998997,-11.561686645771523,-12.82595640886153,-12.485489983051558,-13.465529334457123,-14.423525180183924,-9.628961215261885
122,0.0,-1.6349129043890287,-7.876480452552297,-6.211289638388719,-13.436578640272204,-15.178515616819404,-15.937171922748192,-12.98681996477645,-14.178437713217589,-11.275632112033506
123,0.0,-0.707721139838589,-7.988335399039355,-8.972015014065601,-13.414672259937058,-15.60359502167136,-15.037678347732468,-12.668276658140233,-12.673548671802365,-10.120231408334618
124,0.0,-3.024780125180313,-6.587997219030023,-9.380385181646462,-14.182307927165155,-13.726845600665094,-12.92523933705194,-15.643865801564825,-11.223961642291066,-12.434139281273183
125,0.0,-3.152275995034696,-7.095581475947791,-8.712541264304543,-10.715769698119013,-15.201326906514458,-15.320223689604761,-13.745665058569848,-12.162352712760015,-13.388846990789359
126,0.0,-0.4971043698571189,-8.84100153229816,-6.619372325831231,-13.477305373469738,-15.591984084011056,-14.631998843818447,-13.09703291880527,-15.158190398173922,-12.155455686597938
127,0.0,-0.6319533281564333,-7.948636652775257,-7.580922417771675,-11.96284955384963,-13.668102838309114,-14.049344528862447,-14.268706675390137,-12.643574927749263,-12.755664240150564
128,0.0,-1.4296424615731957,-8.56083333199608,-9.322643091364482,-13.495497641559334,-14.885602778867685,-13.070982514892782,-14.539786062039072,-13.732287817392157,-10.617758137559317
129,0.0,-2.9481921904659436,-7.314307051044109,-7.097067680026548,-13.124135036960375,-14.986105614202799,-13.026001037488331,-16.390872633319386,-12.843549247762583,-11.34406967670056
130,0.0,-1.0673045152129315,-6.531646254634832,-6.646336001697156,-14.228293727469643,-14.137721601947241,-13.8056462492199,-15.317077883532527,-11.931638399758587,-9.89618551215485
131,0.0,-1.2707889630358775,-6.853475595112212,-5.886514903918648,-13.693504657828868,-12.521008357208782,-13.247500531975895,-13.720929359275715,-14.212735808680442,-11.324438378432957
132,0.0,-0.5964167586828699,-7.507502981621142,-9.316237820696069,-11.444171964700221,-14.530352582730044,-15.264350693022907,-13.933646215245613,-11.484797013246947,-12.077980776914721
133,0.0,-1.6122744225155812,-5.749307079651387,-9.192897459014402,-13.346785836353394,-15.609750168398108,-16.243951191291657,-13.997745717917548,-12.274384601358069,-10.126441595842419
134,0.0,0.6826878522418096,-8.354578167163275,-5.677469450261562,-11.02913284130162,-15.21110181753698,-13.437657093849676,-13.227421065543485,-11.524053155529995,-13.274098918274293
135,0.0,0.7567968830950882,-7.580972384151243,-8.850520369310686,-13.162837312174629,-13.427515820637465,-13.229653222969315,-15.669122446135779,-14.434770738961713,-13.26654139352299
136,0.0,0.16695616305846173,-5.874629499237129,-7.0431281902740945,-13.715353304765019,-15.508132158421839,-14.692002134930044,-16.30842455427768,-12.417789022995436,-12.499292581526458
137,0.0,-0.15034392070387392,-7.213780527923647,-8.204939911880574,-11.990952183513357,-12.425871083887685,-15.544118973384366,-13.388430356549257,-13.459171542650308,-10.322390973019164
138,0.0,-2.5613590540184177,-7.312428184578673,-6.292198313941197,-13.38241397031928,-12.272845468068544,-14.728352276598345,-13.036269384049847,-12.931720563772437,-12.374640794407195
139,0.0,-2.7047215173730366,-7.574110540819001,-9.104714739247004,-13.050529614354643,-12.635220970134682,-16.102410780595346,-13.871776730906126,-14.515859333241838,-13.184199662114354
140,0.0,-2.7182148059125772,-6.794230652876221,-8.601239138512621,-12.08224393792842,-12.26770476463586,-15.809508543029875,-16.417639617716475,-11.943052121053771,-12.465993354423038
141,0.0,-2.2520883502058884,-7.666802529928371,-5.936647873337876,-12.125897290997425,-12.869153721916994,-14.581612381930888,-12.768340682387317,-13.9159572682878,-12.756997279093753
142,0.0,0.44701265584745853,-5.671941769457091,-5.732761464722435,-13.98879505004911,-12.51516950540561,-15.772256105221095,-14.612642171252823,-11.32638641664489,-12.310206566958215
143,0.0,-3.171732289212662,-7.103178662332255,-5.748717345583056,-10.778817338754733,-13.588863038007375,-15.035266298364288,-14.261853538782978,-15.177865559239313,-9.78678298395906
144,0.0,-0.20265852491919523,-7.49690209300037,-8.881135868460857,-12.278923635822899,-13.431317506819633,-15.26710879804676,-15.836641431093387,-11.690691461611525,-11.09275718557512
145,0.0,-2.1161892795364987,-6.894332125264827,-6.855446227604292,-13.108778193423044,-14.90642907794512,-14.429125344821149,-13.801511079084946,-14.30451484472469,-13.243653579763848
146,0.0,0.49614499028075,-5.951194789058148,-7.887337895317983,-10.420105151980646,-13.577891039782044,-13.214784969468528,-13.38784780080109,-13.7351579550495,-13.490009237597686
147,0.0,-1.1540770839986467,-8.749360837611338,-7.951125336027664,-10.388053064874413,-12.495486919922445,-15.433704290674138,-16.352992834964876,-13.634931514880714,-12.744010946217669
148,0.0,-1.2435732994249873,-7.358661432133491,-9.405757527239565,-10.866746121175115,-14.97113015582126,-12.852540683576398,-15.754321176625169,-14.917549815806762,-12.016993180957693
149,0.0,-1.3670729758475044,-5.741930831906963,-6.713927159824445,-10.737711284243405,-12.038375218585529,-13.223188545388602,-16.29575629484931,-11.594748927872898,-10.614202212331872
150,0.0,-1.2936219258044799,-6.7689635271027235,-8.357128785360718,-13.481964288592636,-15.061214422860989,-15.292849958771331,-14.296739968735693,-13.602835238585307,-10.506236798166357
151,0.0,-0.04758950111683502,-5.435675433716375,-8.598568794269147,-11.480607593236819,-14.847748668512669,-12.646047940711055,-15.075040914887534,-12.320927351429361,-10.455380253539158
152,0.0,0.2576732165997009,-7.919336661481589,-9.21275346801575,-11.65723742955634,-14.910080190019745,-14.880923454394368,-12.749044501787964,-14.48442865280571,-13.028279247308358
153,0.0,-1.3683769486060247,-5.378688282156126,-7.44619362029861,-11.563894639591458,-14.658809988122991,-14.287617939205013,-13.093948834246218,-15.098161470560004,-11.41730333893587
154,0.0,-0.0057428181734824335,-5.835268468867933,-6.930858052242715,-11.208862152715275,-13.646071797772015,-15.357069201502577,-15.651987085993573,-13.043917415051943,-11.364080798457685
155,0.0,0.42458840599274117,-5.110603529733393,-6.705805978306813,-14.098090229491419,-14.235871748204023,-14.497674951487575,-15.850235008764503,-14.020119648674633,-12.609669415328653
156,0.0,-2.804311515341949,-7.623069796305951,-5.881831489715758,-12.303134896227098,-12.124794466602946,-14.660890032109707,-14.804126234341407,-13.851937504642724,-12.512621308370163
157,0.0,0.6456212730166544,-8.33057209460368,-6.505928746389783,-11.252188572106975,-11.957734606081,-13.531415687788803,-14.567660038358317,-11.453951795080735,-9.545684309311033
158,0.0,-2.299886764702556,-5.120253870513581,-9.453591577130334,-14.143091351388161,-12.189086991190159,-15.81379784315264,-13.303943607637294,-11.861409676646085,-12.770965876778943
159,0.0,-1.4589128077158036,-8.236772682914445,-6.662723198059146,-10.828783013683369,-15.836179506470502,-13.66815487217052,-13.035559739687745,-11.34489214578584,-13.43986136897709
160,0.0,-2.731224442017188,-8.688070351964368,-8.562315046682635,-14.090411639586026,-15.807951472048778,-13.426437408452303,-16.521031511352575,-12.735872353863279,-9.721954385459828
161,0.0,-1.430472720870767,-5.3900982352875,-6.532307203665075,-11.024126656957405,-15.384390248482184,-15.645137139429407,-12.97782489759259,-13.303074437767387,-12.957251979113398
162,0.0,0.23359626549678136,-7.301601167241347,-7.989235577817011,-10.923728273658385,-14.985897686214011,-15.072695801551513,-15.95818115811707,-13.034451857915833,-10.222875683131353
163,0.0,0.7321086126963512,-5.060756619644747,-5.86554154642733,-12.931080953384342,-13.408365617540861,-14.012641468237906,-13.861306383770046,-13.729345706789369,-13.104869519493619
164,0.0,-2.3404572912053245,-8.017443813559025,-5.948337746083226,-11.42787333938373,-13.244375807158072,-14.412214624725664,-14.76099529540473,-14.18103909919622,-11.793016385829556
165,0.0,0.1951266650213226,-5.125989629785659,-7.474972561225341,-10.47695589316148,-13.296843532125429,-13.428133651509402,-12.9831859132623,-14.336455935544446,-10.467275217960458
166,0.0,-1.754101666923897,-6.4779627742025045,-8.398938010158025,-12.217793510743181,-14.924951122346465,-13.408120661637147,-14.951644427092187,-11.719296367459334,-11.947563514095147
167,0.0,-0.0008563397270178186,-8.621275873488493,-6.609712458007593,-10.791262130885743,-13.644695347269671,-15.235325059188732,-13.851343708377229,-14.097921173925013,-11.922741824643083
168,0.0,0.5211498364649718,-7.821624245922373,-9.043011524629485,-10.443473146186232,-14.452919418928907,-12.806430990283625,-14.727490407685561,-14.506262310338368,-12.506397167327062
169,0.0,-0.7132536499655684,-7.447494539600383,-5.641789375773736,-11.062545172994831,-12.184221448517201,-16.197912093319044,-15.542308846176043,-13.666395333964509,-12.666582658907117
170,0.0,-0.9190587827080527,-5.851765651132068,-8.43352109204546,-12.129416315107685,-12.704350361135711,-16.158715365263053,-13.498956809852173,-12.89829485190697,-13.396546859404253
171,0.0,-2.2566166664079055,-7.4822545523966575,-6.923100479383816,-11.293410056393048,-14.620139863262953,-14.466962246203526,-16.449564422390534,-14.099495980257904,-12.233630146192437
172,0.0,0.2591035187336588,-8.875641114165278,-9.220481506142429,-13.464721621122834,-13.422352711152834,-15.114934969078856,-12.94278412004483,-14.686481854232827,-9.943503561418462
173,0.0,-1.6006276935442234,-8.580545608660291,-8.136261780661702,-11.130877643403604,-12.066605929257674,-16.41673854568268,-14.39247199452524,-14.31352631097964,-9.653860006694709
174,0.0,-2.988995863705578,-5.949285996846681,-7.325734344553213,-11.019997659274667,-13.71322703296946,-12.991779558933079,-14.58181721649311,-13.357582902975615,-11.242921862782147
175,0.0,-1.202162308000848,-8.456031611110879,-7.162954401266566,-14.258988629067069,-15.152814724775725,-14.089136334702582,-14.129104325406608,-13.817673226082064,-12.780217314206524
176,0.0,0.4215496446677891,-5.699586009957919,-5.821695673734448,-13.807989648427242,-15.145745824032774,-16.419779798014144,-13.51262869588526,-13.940803323268018,-11.40053617020964
177,0.0,-1.8232125987963854,-8.591877610708414,-6.682689281773023,-12.139114003563762,-15.614592599260906,-14.548339599947544,-12.810390371059638,-14.272115890689076,-10.271898587046017
178,0.0,-0.9668057592170154,-7.773668241784003,-6.39336265894538,-13.734383842322822,-15.490350924493157,-15.72362397640302,-14.988529423421237,-14.075826570367404,-13.22428011080938
179,0.0,-0.259355417228909,-6.6356289477520605,-8.940470512776832,-14.100552414726913,-13.197929037772278,-15.784529195210691,-14.174859914099798,-11.908865031186483,-9.91650606949986
180,0.0,-2.8295515821728743,-6.163543698686458,-8.704756636028447,-13.58767025158216,-12.438426149868798,-14.614008611551334,-14.061142334724112,-14.923988155544905,-11.668077288619653
181,0.0,0.1735840038525831,-6.863037829284973,-7.89961988147289,-12.33817808401015,-13.774790469307518,-15.93549415160126,-16.57474308641681,-13.64037767284095,-12.742390991654792
182,0.0,-0.20082009757383013,-8.91495883414961,-8.521723628835632,-13.865284504837136,-15.049380803909031,-15.439965974343071,-14.050823686880602,-13.586806708806497,-9.831846693935452
183,0.0,-0.43049175117401006,-6.823459630492605,-9.081509146276437,-10.59019557599489,-15.922936462811387,-12.588401124942642,-13.374370750545605,-15.022927656220926,-12.160578859415017
184,0.0,-3.197592120895252,-5.303815209782781,-5.703605441210577,-12.396532061745242,-13.622548268787376,-12.590509456700234,-14.900270076192111,-13.093887596736206,-12.772804095596314
185,0.0,-0.36244937894909146,-8.451693342101015,-9.438798390605315,-11.472070233622219,-13.636323883140498,-16.25527850068071,-12.741565810548344,-14.140421868776977,-9.855834791178532
186,0.0,-0.8897019942401045,-8.65769676150812,-5.586455322293599,-13.466101071977299,-13.389734847078964,-15.088611600457476,-13.139237832762348,-14.0675199337674,-9.792256586517022
187,0.0,0.29243832329096175,-7.721877022917921,-7.453456749931492,-14.304882445496961,-12.641753356277503,-12.813054915260144,-13.079489541855633,-13.003641011887716,-11.287498705723397
188,0.0,-1.9385757097520964,-7.240235687801811,-8.592476677058723,-13.14300574987396,-15.045010553844586,-15.31316528869863,-15.352790203675095,-12.5795737827629,-11.539826307500695
189,0.0,-2.188493450106959,-8.107473046435404,-7.71535594370509,-12.915046180998559,-13.706377060467748,-13.851590464517164,-14.557921252571257,-13.175443672664466,-11.733835719993252
190,0.0,-1.565968370529896,-8.780704101348478,-7.249276447105853,-12.980947865475276,-14.873973257493725,-16.124187615648015,-12.672824749828594,-13.585751078089054,-11.658568102621054
191,0.0,-1.0195755857012778,-5.284765566325561,-5.663959957079781,-13.247767059672848,-14.798602640715325,-15.853540386227074,-15.686673713087666,-11.55721272568043,-13.231316961536786
192,0.0,-1.7456591908181716,-5.714048901681764,-5.986440315782304,-12.227423835621178,-14.94112704647394,-14.662991210156402,-15.520110419913415,-14.768696551766922,-9.77973020046382
193,0.0,-0.41606178567407204,-5.90679287247073,-6.793890296575341,-12.63010176146909,-14.66349941150209,-15.344515225232364,-15.993733217664305,-13.343492135957918,-9.627771410341717
194,0.0,0.1155681504191377,-5.301062585509637,-5.95955853988715,-11.32249139948599,-13.238461492610535,-14.574054364266994,-15.66591703058795,-12.549420033760109,-10.22927112070802
195,0.0,-2.0734879894453897,-7.76906322583739,-9.03895226764218,-11.398899064482247,-15.269280878424206,-13.512403069950784,-15.911776117390028,-14.755623504742438,-12.392699127222905
196,0.0,-1.855157218593625,-8.5782820545999,-7.457944692495867,-10.43580578537526,-12.157843795012997,-15.916664326095406,-13.806338269414766,-13.056423544326933,-13.25218000278209
197,0.0,0.6717597787397973,-5.66614260906837,-6.795979646138409,-12.614148115366739,-13.204265084161902,-16.22965450919118,-15.793160480433485,-11.255548834409138,-9.735261824015545
198,0.0,-1.2257643501406577,-7.723276935055528,-8.763044250185807,-11.241425499387521,-14.454894785503583,-13.722692127645809,-12.6869353049049,-12.228339428210196,-10.551593143459606
199,0.0,-1.0725214075626717,-8.138307063092673,-8.244492704483566,-10.917684140303544,-15.362660402591194,-15.39737209973901,-12.919712819261312,-11.898155489333849,-12.993530048810356
200,0.0,-1.228615330932758,-7.542433244728367,-7.291377802904906,-11.629819593245466,-13.230590038417425,-14.739137667610768,-15.672579668227698,-13.863108571171452,-11.095243724061309
201,0.0,0.7367793292224198,-5.557247092739285,-5.650270159584435,-13.185387080939172,-15.79934950071276,-13.355365176244433,-16.498148141105474,-12.698893677684827,-12.468818070264092
202,0.0,-1.1041734229672864,-6.072444735855793,-6.398881925263597,-13.181485812619716,-13.922474124153968,-15.70965949982025,-14.733091596571478,-12.023520843370369,-12.010945111966674
203,0.0,-0.5949983884508443,-6.831239438778759,-7.107855941216332,-11.108983625162825,-15.779057315076216,-15.325203993927055,-15.581475030274595,-14.134143700670972,-9.565031374877044
204,0.0,-1.0549631831784123,-6.9778433699684745,-6.980987013160872,-12.444936641069388,-12.743924399977068,-15.5169011529272,-15.498361768860644,-14.55443383224561,-10.328190375076675
205,0.0,0.09799886374148237,-6.088863891322001,-7.747538485162597,-10.597466932885599,-12.286064298175607,-14.025139965807188,-13.718308566250826,-15.097882152569529,-10.718334729999288
206,0.0,-0.18125327843539463,-6.058652476724328,-8.42528312265193,-13.154824517192928,-13.259519286104613,-14.000461358250655,-15.559811583705827,-14.473000419298627,-11.219512186295425
207,0.0,-2.8356994603828025,-5.475997657221909,-9.492447891331189,-12.818573784827127,-13.520500866173464,-12.520525742664319,-12.66316488948308,-13.541987045046291,-10.421980556174185
208,0.0,0.05294645353727523,-5.605278054420529,-8.985719941087403,-11.731865866916907,-12.872407721254659,-13.395057083457884,-13.703665674109322,-13.616606404153268,-10.024879618084961
209,0.0,-0.05397124220302363,-7.659970093393441,-8.833812213621531,-11.341596896689655,-15.810538261001446,-15.878641700148133,-13.01509456568241,-12.105121554749124,-12.315011005638715
210,0.0,-2.4812733405598326,-8.506816646045266,-7.539498348314631,-11.078667099852957,-13.380661353993892,-12.630254451923783,-12.910377424420059,-13.907701041757843,-12.93289256467716
211,0.0,-2.526455735573106,-5.195518682200044,-6.115107962251633,-12.786042312022847,-14.126632722914673,-15.668354002822243,-13.317311745721966,-14.36655006208126,-12.520129893558419
212,0.0,-0.9881098699783952,-6.641163454595917,-8.314043446911409,-12.079697584226272,-15.650310794238514,-14.17121313267039,-12.94088937605602,-11.248885703042463,-10.54614359428472
213,0.0,-3.0756055045004245,-7.037786104969506,-8.630022033334768,-12.036357208351394,-15.75780780837759,-15.201098987225599,-14.986300079156495,-12.112405580905218,-12.271319972488474
214,0.0,0.3805503663555063,-7.21919885361716,-8.597906296759826,-13.278988127207324,-13.038600543824284,-13.02495446581995,-15.788719332587332,-13.130448831785348,-12.63409192649868
215,0.0,-1.2187044249871302,-7.953422818695419,-8.19003687560575,-13.840878357026412,-12.037288018802899,-15.921220808218347,-15.737553296871775,-14.941621039431318,-10.79942341164184
216,0.0,0.5837944046077106,-5.764950044888009,-6.319206811914976,-13.07249113207762,-13.150085103635293,-14.962447180641751,-16.438909788803464,-14.242827860638108,-11.502353333962654
217,0.0,0.5643511689146332,-6.527851373337473,-8.620402696638106,-10.663859145831134,-14.78403572191835,-15.925849924945414,-14.521903857580162,-11.81002410372603,-12.891526038593554
218,0.0,-2.02394040314514,-7.699811804437635,-7.617941420322392,-14.191100647011394,-14.54215631227977,-13.90769957839561,-15.077227656511617,-11.629229473488376,-10.186834507219718
219,0.0,-2.267143683953042,-5.3383071595581715,-7.851479540053132,-14.230150034614702,-15.755459561534087,-15.98969795684525,-15.506944937355128,-13.325019660732114,-11.294624428545845
220,0.0,-3.2199389171674513,-6.731466248949118,-8.5587379771066,-11.680349614772465,-14.904439159184404,-13.44892784457222,-15.267885136800627,-12.50946829269152,-11.932430487496358
221,0.0,-1.5397191222668378,-7.220756401046019,-8.811703444365506,-14.124483399195961,-13.467237321223873,-16.435853340976163,-16.156515788018293,-11.60738585318117,-10.849974625239915
222,0.0,-0.7263011965744859,-8.2801768045814,-5.60534839038489,-14.018679471895497,-14.086142488954733,-16.004950611235767,-13.839507541359287,-13.90257024480083,-13.18067009375501
223,0.0,-2.793691398801294,-6.855040143824523,-9.527685463937614,-12.622892778984287,-12.79590595032312,-14.105301589179435,-15.008231797730637,-14.591770185976452,-13.454978530381661
224,0.0,-0.8802832779359462,-5.1023053802676825,-5.99937506787022,-10.748094745013459,-15.620573187529827,-15.52427957518094,-13.172882154859234,-11.944828707543987,-12.631043752869378
225,0.0,0.1914407273417953,-6.262064087178755,-5.691228772213071,-13.014747436005765,-15.21530266999748,-15.080217333941608,-15.822027554710587,-13.17849658849577,-12.088913094645989
226,0.0,0.027211856051663208,-5.619620605110547,-8.162755675288386,-14.333060882359206,-13.407187031184884,-13.89204366278329,-13.753030266753692,-13.158689662518796,-12.286842560255366
227,0.0,0.10379942520300922,-7.091565641131297,-9.071884808501617,-13.84804453764126,-15.853202745525623,-13.227527688134575,-12.934569615177299,-11.753575111169726,-11.667264710101533
228,0.0,-1.727858325264542,-6.333962009622708,-7.800084692227998,-11.944889875522053,-14.501093975575156,-13.694293486466414,-13.544672571660854,-13.445975294895511,-9.678032460912686
229,0.0,0.7590949841369512,-5.245685309243436,-6.548647802525439,-12.41695959700551,-14.975956091491575,-15.79894975367295,-13.874261842624293,-15.172103442983332,-11.03789083314488
230,0.0,-2.01653161882655,-5.025008127813129,-8.15218140353218,-10.7028473102411,-12.5438602110385,-15.249004825987262,-15.343942270303604,-12.198517671274473,-9.903009090479408
231,0.0,-2.5597190615836185,-6.310896504709106,-9.29855897474714,-11.715710950726836,-14.066779778937745,-12.57306144658212,-16.05595305413283,-11.26437296658951,-13.42460280127344
232,0.0,0.22193786079986033,-5.84878367541982,-7.0184003668611705,-11.135360069870815,-15.59236264291753,-13.52934962550481,-13.714526950856378,-12.552710435668242,-11.432697721304093
233,0.0,0.08856649649967263,-6.776933018526275,-8.392722597797706,-11.96770524543808,-15.671143901251282,-13.652427661642555,-15.667800182556286,-11.754685300592067,-11.386077958755074
234,0.0,-0.8309892004479487,-6.320247876108882,-6.934476932887431,-11.125494221745374,-15.522261503626751,-13.897613888448706,-13.451873814576262,-14.895213064200815,-11.177420718384045
235,0.0,-0.8714271732198147,-7.30798561591454,-7.110683076524403,-12.094325713102485,-13.265038334469828,-13.193066499619663,-16.29635582497659,-12.137226218837988,-12.706028249466954
236,0.0,-2.6718553368049083,-6.844529148555642,-8.02607912041678,-13.616216498882949,-13.132480497896559,-15.14654781233721,-14.126065619998995,-12.450558709624387,-10.102385883472987
237,0.0,-0.4947572418548689,-8.43077033547471,-6.456678015481206,-11.23065584776706,-14.648179462555483,-13.554050409894252,-16.57640422860031,-12.865513298854832,-11.721981619531103
238,0.0,-2.8018570523501145,-8.099008438711074,-6.5350636477115565,-12.788629163138072,-13.009547878877274,-15.369529513375864,-14.265688544715164,-14.127791009154393,-10.60086869849645
239,0.0,-0.34953375113621465,-7.431612797457591,-6.454616919244996,-13.903858484488012,-15.548188683005279,-15.165988538358325,-14.209540181436317,-11.712186541810649,-10.18131245929621
240,0.0,0.2979316411781432,-6.127540373898888,-8.591598445843319,-13.929204820506182,-11.985713720783833,-15.84219576656043,-14.630551847684082,-12.398828355043184,-13.120084915905656
241,0.0,-2.284896432175142,-6.024530426912225,-5.782785470024203,-11.832850205263984,-12.905758823466975,-15.108540681941054,-14.337787486257431,-12.122851941929625,-13.434655615441388
242,0.0,-2.8430050240986704,-8.218835486572726,-9.410514744626111,-12.00500535864959,-15.624303603466156,-15.322703859886046,-15.323131580438748,-12.67882681648878,-13.417647824722101
243,0.0,-0.9345134435230702,-6.8779395431576615,-6.503569444041703,-10.485935186051995,-12.82767627310966,-12.992284207851704,-15.39905292018127,-14.182339957042391,-11.139636454705254
244,0.0,-2.4911683242983664,-6.558526898628713,-7.567859197944014,-13.298230372106628,-13.361127724806941,-14.785442081109332,-14.928117697074663,-14.459195712066412,-13.419631802430926
245,0.0,-2.1341350546288362,-7.389024485942213,-6.5705171143562975,-14.025325848903073,-13.504237354734157,-12.60387410286134,-15.049789457163428,-11.368371948839751,-9.95664653176873
246,0.0,-2.235175269949306,-6.293436124673267,-8.93288531203032,-11.744312582643921,-14.586208302987606,-16.363999530673826,-14.934910704242887,-11.819745063498296,-9.952964752009258
247,0.0,-3.015844715277092,-6.772175518765542,-8.754228038382669,-13.605859264375448,-14.59789498609009,-13.336629434894931,-13.772710329773988,-12.564904900469669,-10.742832323360135
248,0.0,-1.3343800904319192,-8.453796750767879,-9.084506615201411,-12.913410544818955,-13.84413431135547,-13.270077502663057,-15.021307460945152,-14.588678031715146,-12.21531091878544
249,0.0,-1.7681880424043377,-8.03789970275983,-6.059497028933786,-14.095752534466051,-15.332272941108089,-15.658640321937785,-13.350736688328412,-14.137074345296654,-11.114593736971015
250,0.0,-2.3221212614843787,-5.282737756761475,-6.300509098629254,-11.068771842582926,-12.02239391908524,-13.310523792749128,-12.881253904680865,-11.900776307669155,-9.91469076678634
251,0.0,-3.0930678112654446,-8.791543721081688,-7.924757735912696,-12.973175038985111,-14.005932405250736,-15.309043960228236,-14.429819595153035,-11.855587345248512,-11.9281174373633
252,0.0,-3.1848581977429387,-5.389396636815737,-7.421973423824896,-10.914916752582323,-14.268185570908253,-14.647124018349425,-15.974253127584246,-14.167503039120557,-11.397015353994924
253,0.0,0.09455313726324555,-7.5537387236537565,-7.079257896034326,-10.517224878658507,-12.487509140590879,-14.997684910002905,-14.571738107572553,-13.838072860391366,-10.353112380593595
254,0.0,0.2755674613804051,-6.147720691781563,-8.111296795370407,-14.150840444958064,-14.278376208456242,-13.50467804725184,-15.29140755538908,-13.070408719090423,-11.998187165890677
255,0.0,-1.481776057516455,-7.44952842069916,-7.176399589861316,-12.54658462308686,-14.15794414035426,-15.473416368973517,-16.389221044008426,-12.674615256970847,-11.406598250288333
256,0.0,-0.5900790472373805,-7.717456963733802,-6.112086350450114,-13.710009714675554,-12.231458990175721,-16.339897747514296,-13.229513006095454,-12.474943280381249,-11.394972090499122
257,0.0,-1.2048722728452983,-5.038649287334221,-8.193043428428371,-13.090862301914282,-12.395196335760081,-15.399796240161002,-16.517990018834645,-13.380157486579765,-12.534769366945323
258,0.0,-1.8723614123915335,-7.04070424094785,-7.672574946037097,-12.588349074263252,-14.189528152106842,-14.628992577485658,-14.817838491164434,-13.776065184886493,-10.330133956026264
259,0.0,-2.9948065471658607,-5.184160554640808,-6.106525459192829,-10.373972059486153,-12.876417919214969,-14.310396235482823,-14.93114728133759,-14.736995996581586,-10.497160876594405
260,0.0,0.6872465294435828,-7.4376535247197895,-8.248277161102886,-10.970856785291684,-15.573379523696888,-16.445736472880565,-12.706739143212713,-12.573135491198187,-10.248138279890014
261,0.0,-2.2103406381762234,-6.692138276324931,-8.293455761783997,-13.790576119937445,-12.533447490580382,-13.864132796558085,-14.257725095600815,-11.241671060396222,-9.9761778574861
262,0.0,-0.028047513012914305,-8.540112577625964,-6.237707260346293,-11.608469406978104,-13.019096546635716,-14.51285248840636,-16.163591051052457,-13.044977796602941,-11.843001321681323
263,0.0,-0.26197818387900007,-8.570300259113498,-6.929661407877492,-11.824103499491208,-14.222955297539146,-14.537772669647865,-13.963330427931208,-14.945370429238732,-12.212526634564513
264,0.0,-2.410837149582723,-5.756733162126999,-9.023042886420317,-12.058924455860287,-13.972653796703753,-13.302610961224742,-12.608501705783311,-13.47273009449377,-9.870299882955868
265,0.0,-0.8377442086040072,-5.251204238783666,-5.828267572851187,-14.107387718668418,-12.057695332935996,-12.710475071344103,-13.990301201188675,-12.400017234514266,-10.276094500677713
266,0.0,-1.0955245026966072,-8.339974372664082,-8.334089760644952,-13.613496141918159,-15.248143724331682,-14.909184265649806,-15.143512150564856,-14.398718408794535,-11.214021869442222
267,0.0,-2.4431903787042506,-5.15398248925628,-7.6825152348456776,-11.576378982554374,-14.346247851785506,-13.743110511239799,-12.85519289019872,-13.60158454167434,-9.571506146547241
268,0.0,-1.9337850829895902,-7.833611545396684,-9.07249453416616,-12.02711175480975,-14.418594823918188,-15.820659570759101,-16.26586388873846,-11.803363791810133,-11.727949180826503
269,0.0,-2.0668338250734375,-8.075074875146708,-8.018974230839833,-13.442214574115047,-15.652473403989053,-15.961055272721207,-14.526134748610264,-13.165862923858617,-11.358247687363887
270,0.0,-0.03439596149283375,-6.257530642447877,-5.882193869083579,-12.26780055619923,-14.349451401941444,-15.796137241714217,-13.813383694122571,-13.13326325708434,-9.723514698865479
271,0.0,-1.163656395704979,-7.425436701126346,-8.865172352590541,-11.504644926637162,-12.44739454732366,-15.77791394316926,-14.605175043561056,-12.893328689736869,-9.5728742560844
272,0.0,0.07248775838051369,-5.659995334784677,-5.700320778648136,-12.104404810559007,-12.351078875517329,-14.620962750794522,-13.285143139569012,-13.550098148095447,-10.790808552912662
273,0.0,-2.765165956524131,-5.20717038270261,-8.101314667923537,-13.639440432058006,-14.51728309440668,-14.777580486310779,-12.70124952126937,-11.201075015325074,-11.921212392857775
274,0.0,0.4597976132664936,-6.38854631308145,-5.713054799561316,-10.569745974430804,-14.707358103112576,-15.024180816156942,-15.703184549900888,-15.132443475975274,-13.065468033119577
275,0.0,-1.2676548817050175,-7.499186912545179,-6.629182725219504,-12.800677182886421,-14.384892500042323,-14.93372821670763,-13.629446640661934,-13.063039507319392,-10.556736464772497
276,0.0,-2.736100759476577,-8.028286014802651,-7.914386050379079,-11.140746767086517,-15.701888287294151,-16.171010306789718,-15.606469680326517,-14.190211500274922,-12.422676611049205
277,0.0,-1.659631461271102,-7.51476668558682,-9.069545011612044,-13.291605409952254,-15.208221641539398,-13.391217319505254,-13.729918192126743,-13.554804276149806,-12.038101888178005
278,0.0,-3.1618466053805157,-6.281767332563144,-7.281044282894418,-10.947104506240688,-13.568423482205551,-12.94763890151109,-13.106997200076783,-12.636067755590284,-12.431366029912898
279,0.0,-2.0279009925396054,-5.931658300980692,-7.364554396280421,-12.896106650169866,-12.767880702825076,-13.901874125449758,-14.645064830639425,-12.819284634823342,-10.444925200121421
280,0.0,-0.5588395307341973,-6.382238896871857,-7.756193505796722,-11.400465464293351,-15.009673281492812,-16.162291664601472,-14.180453397303829,-11.663097228118644,-10.198430262436156
281,0.0,-1.4103264133694355,-7.693126632483395,-6.848736186541993,-11.45325231857168,-14.171824410680816,-13.40630198626287,-16.301826867319626,-11.289804979934846,-11.951658175166672
282,0.0,-3.1212625718346123,-5.467240293314931,-6.409278425319873,-10.973380991102434,-14.616032964401192,-12.90591618515832,-13.82317120752293,-12.181562931678805,-12.596754563678124
283,0.0,-0.33002479442783184,-8.173019469319751,-8.587014380238632,-11.218873978576623,-12.882679434108324,-16.33249965217562,-15.197055089748993,-14.800750556279386,-10.6259398637661
284,0.0,-1.5963458546155338,-7.954639331135253,-8.156587920941849,-12.305086618352473,-12.390998560513948,-14.561287480930847,-15.175900003541148,-11.298570442170988,-12.99738554313851
285,0.0,-2.5380500804060104,-5.614524776945467,-6.926927439455993,-12.862061989576961,-14.769235338921106,-12.649356621216803,-14.621493463429676,-14.665033149009686,-12.387207889329957
286,0.0,-2.1987921305025573,-7.854082506065012,-6.510199903711548,-11.105309991848403,-12.18199111059917,-12.824031606478325,-13.301115166993652,-11.583502017505765,-13.111653549656028
287,0.0,-1.0970904098024454,-7.745239831960367,-5.60739344989055,-13.493717932499386,-14.118244579074405,-12.973852364392549,-14.212052034807103,-12.387672399501914,-13.480153480853119
288,0.0,-2.2123892564232097,-5.132007788292762,-9.264890513411071,-11.582668718453434,-15.626331985822974,-13.738902180321606,-14.550804741766344,-13.869535322065397,-12.94978626061214
289,0.0,-0.819305134503534,-5.082248820777453,-7.930590781589419,-13.569826636593664,-13.658177468986015,-13.242813711678782,-15.541885009238465,-15.041901329682938,-11.210822406354097
290,0.0,0.7466652062238022,-7.414913491196708,-6.421506921078873,-12.466063162661385,-13.996288314297843,-15.055228397607086,-14.518465104524886,-13.837332104598538,-11.072702445854922
291,0.0,-1.4997732911162556,-8.407638518771119,-6.914985675600137,-12.621545790174189,-15.46054227577247,-13.176988519553623,-13.392394964103726,-11.711721772337041,-12.527646135233137
292,0.0,-1.437804299336818,-7.383754953962448,-8.987919192524119,-12.984456672463264,-12.88986364858159,-12.861142426382703,-15.698844990167835,-11.409120747791935,-11.9606852047133
293,0.0,-0.27057710601392193,-6.686482628675954,-6.032164855978914,-10.824993129794294,-15.417775523351427,-14.873260303938547,-15.26904195126551,-12.3268571858365,-10.422928803252635
294,0.0,-3.156418554695144,-7.081645871754386,-6.936396765926563,-11.969433245513454,-14.887519970022993,-15.209149738084054,-14.555725852749909,-14.2405821007049,-9.769763234442486
295,0.0,-0.9074588209191985,-7.825597499655522,-8.783329159419054,-11.05369268603398,-12.493986197725434,-15.75084032570905,-13.591627831367418,-12.591489159519035,-10.188905740331425
296,0.0,-0.6778538979994648,-8.326788851859144,-7.4911309318325525,-11.316211884713981,-13.874451550388132,-14.527681392341067,-16.114793105445656,-13.13478816817883,-12.56649196203638
297,0.0,-2.700983220668595,-7.0596116339227,-8.001790328235547,-13.258140228864088,-13.829149641462479,-15.656934546735783,-16.54722856370094,-11.210894551373816,-11.498797289641708
298,0.0,-2.534943761424859,-8.149163998257512,-6.001001966422064,-14.232944288902042,-15.669635670619916,-15.991491295982476,-15.57868275698836,-13.28960115423503,-11.89770730133801
299,0.0,-0.6623069844107485,-7.935165364923461,-7.9605706239871985,-11.779478344643852,-13.164477570658716,-12.735342807048346,-12.980510249312115,-14.85502228752686,-10.879897292935834
300,0.0,-1.344762615076913,-8.691751476971925,-6.9579738891624086,-14.23574970169761,-13.652331732059446,-14.18963931643907,-16.4820642987902,-14.838786603767398,-11.131741466746636
301,0.0,-3.0913775044255196,-6.799065480854675,-5.694775728050165,-12.797624593892941,-13.215419116807896,-12.66693681063923,-15.819784968674417,-11.328459896035637,-11.382340783018318
302,0.0,-1.4232856075286673,-6.213943988685402,-6.490494513146613,-13.428499340757867,-15.690278997695923,-13.495721127110546,-14.902452795080821,-13.681006357053448,-10.293981744956005
303,0.0,-2.3720242818018438,-5.647112972181022,-6.143024578085409,-11.13361489475282,-13.904710563079105,-14.100820682717798,-13.410335875961199,-11.985481630463271,-10.831569417818375
304,0.0,-0.11427332664155765,-8.680786914147976,-7.627785809990725,-11.604005414547352,-12.448597518141245,-14.159110084570106,-15.632668187719318,-13.884544090378355,-11.570920074969806
305,0.0,-2.8163630462162192,-6.999059250481919,-5.983413391842626,-13.509150589905257,-15.862186218661716,-15.70168881722833,-15.060349955674974,-15.115529624001221,-13.072721130221552
306,0.0,-3.077565522696112,-5.976412545806809,-9.260373324207391,-13.432994051692434,-12.070065872029396,-15.332450594677564,-13.461448024504367,-11.68967476695661,-9.802161570727876
307,0.0,-3.183764155418876,-6.195595034408106,-6.963739368591414,-13.483396857109158,-12.065348306134588,-12.74305018646669,-14.285305574448982,-12.787838219329132,-10.256201044002832
308,0.0,-1.882631528955692,-7.598144909947191,-8.401889610343888,-11.376890530931998,-13.893350688941352,-15.915682240129009,-16.335982000496152,-14.446323564915584,-11.141599025211438
309,0.0,0.2282251542037268,-5.058097750753701,-9.00950818112037,-12.068709450642393,-14.67929719358294,-15.817028096392077,-16.54051948450417,-11.692270442724007,-10.434233894466178
310,0.0,0.0497933542845832,-8.713275580080268,-6.222702821702799,-11.75843326687641,-13.111383770185412,-14.457373699131532,-13.313078336584713,-14.935869915633731,-11.370770828462883
311,0.0,-0.5476717259425388,-7.688150278815863,-8.021479662188078,-10.575976894827663,-14.999693196432576,-15.54315932943862,-14.227253532128653,-12.010706579098873,-12.413358970436516
312,0.0,-0.6875407907663624,-8.779996456962234,-9.402984925834001,-11.432122608131547,-12.673191715901462,-14.392238048299964,-13.314489530087112,-14.652657559822611,-10.041462059746298
313,0.0,-2.784367616247757,-6.740331505893684,-7.156089928484997,-12.491746479872708,-14.425387010848711,-14.196079892931234,-13.762056584611276,-11.303117348592949,-12.478565068802574
314,0.0,-0.10119345270086377,-8.94686920835136,-8.013846625124621,-11.886575618029923,-12.563358290736877,-15.018108108623236,-13.709911721068378,-14.985961514935816,-12.355478149258033
315,0.0,0.33506957505687307,-5.340439986878654,-9.131625032680496,-11.907472708194295,-12.00044390807912,-13.790902430588314,-14.378925597875632,-13.061652821099944,-13.103367689368667
316,0.0,-0.7052863350870804,-5.031299654845126,-8.210540940158765,-13.85474342251966,-13.246091324570873,-13.387573882271624,-15.892865996430338,-12.032876476714174,-12.200490712529866
317,0.0,-2.496418854562919,-5.545175643859137,-7.590465106030408,-14.310128417703131,-12.117535014831962,-12.618752938868813,-13.672760471167798,-14.11486263656303,-11.893630089646816
318,0.0,-2.6626416737918794,-8.019516072422515,-5.687879089681559,-13.44732173639185,-13.530863362162354,-16.123495579446292,-13.660915794739502,-11.586828854542215,-9.605050566327145
319,0.0,-1.8006354446696187,-7.70620850043256,-6.730829704011052,-14.052247713762258,-12.70282088294711,-13.353113867442426,-13.771861422362411,-13.65807244466209,-12.823242916813005
320,0.0,-0.33691547037330016,-7.2480405222564075,-6.864499096351878,-14.038236970504709,-12.020433588291462,-15.86054914048692,-14.062802612670765,-14.721058078786976,-12.202001979987852
321,0.0,-2.7823237387212574,-5.2581871327712175,-8.835099346798525,-11.612658149740803,-13.261096795472069,-15.554443646604348,-14.686048458708175,-14.97188273380254,-10.622216616242378
322,0.0,-2.0682537174959235,-5.8882930936530204,-6.4959625530479865,-12.94723532048034,-13.401220579903407,-14.569973396403036,-13.24417687753855,-12.985949001785084,-9.938408026293107
323,0.0,-2.935246143007124,-5.832840167130605,-5.992767903626954,-11.383862486656959,-12.20429845545688,-13.969994138022152,-14.502758250122183,-11.823297549807776,-9.505935813462965
324,0.0,-0.45611520210075795,-7.1738457287258495,-8.26713562277071,-10.787408793757955,-12.470298368367772,-14.333066774861662,-13.27134702742945,-12.108912494614774,-12.036309970356212
325,0.0,-1.796488238150171,-8.837708785581986,-8.568068941985665,-14.22141772415688,-13.113998780073029,-12.566014965992213,-14.08232209136564,-11.973348288601786,-11.07011998166917
326,0.0,-1.6431795799677118,-8.021368000207122,-5.907176292696228,-12.268730369406041,-14.173394564591973,-14.617188588856028,-16.106415274344187,-13.39312627108717,-10.055763814434277
327,0.0,-0.0073336665713807925,-6.808943583014787,-7.240643168205739,-13.896171772418874,-12.274489254265518,-14.534022373506174,-13.68197325183505,-11.700444964504257,-10.295629751885372
328,0.0,-0.3343372897636101,-8.54256720229921,-6.246836554638456,-10.550648811328283,-12.24359670162552,-12.88791538681603,-15.8857505889673,-14.974307155733895,-12.075553377352698
329,0.0,-0.24829589382660933,-6.129826762213124,-5.9970357571513375,-12.148672762176112,-14.338314050994668,-15.050023618176358,-12.892495893983321,-12.869828040126562,-11.867594524384545
330,0.0,-3.1759395874155016,-6.390201523042242,-7.861184357487011,-13.670514300948062,-12.459085883411545,-14.454640909771125,-15.484566931100485,-13.193147690604048,-12.156366636323739
331,0.0,-0.020938266873943956,-5.523301624530088,-6.964256364146365,-12.667861188541753,-13.729011449398907,-12.491639055943768,-15.171307810861242,-11.431420001882444,-12.911432261881986
332,0.0,-2.415750199794123,-6.233227210870093,-6.152556434303444,-11.06419901928573,-15.4792125012389,-16.07013270560754,-13.02848258690338,-12.604121414369203,-10.475097775178014
333,0.0,-0.16032067624988589,-7.075220814638866,-5.709581730261727,-12.695643761441543,-15.730619087016274,-14.27109790906539,-14.079126021520173,-14.760945774364307,-10.39731022778285
334,0.0,-2.530420174247647,-5.177958486479174,-8.848196159654181,-13.571658442282406,-15.585188191973902,-14.372489709494387,-15.50549135000132,-13.654168961791353,-13.079548835668897
335,0.0,-0.6371799704444863,-6.630221500636792,-9.578159011126186,-13.689501672666873,-14.674585871813008,-16.437778603701535,-12.78752414604206,-14.509396380489434,-9.998557212105267
336,0.0,-2.441417889038043,-8.00189629536903,-8.056183119668741,-10.892652325284008,-13.416469344530922,-14.8127865002688,-15.907484665309706,-12.97294848516285,-13.39314146121224
337,0.0,-1.3246283097761566,-8.460282578534173,-6.752533867297876,-13.627719360602484,-11.987204833924306,-15.214755977346394,-14.365579811963471,-13.572128914864908,-10.988507782175844
338,0.0,-1.0284602063081145,-5.017970729124336,-7.4414121971647855,-11.861235571872777,-13.884009969930588,-15.556368620004179,-14.565271082585944,-13.058759438652963,-12.391848560767357
339,0.0,0.5164705515617167,-5.630894768145608,-9.511499029955077,-10.399950808647652,-14.762921961649402,-13.245285051775776,-12.735837329230122,-11.306497349324072,-12.763773115827332
340,0.0,-2.028195089413546,-6.249296896341175,-5.779565676310112,-14.133229212438504,-13.566991069608305,-16.25923469419985,-16.342303327417557,-12.45643114142066,-11.074539798687912
341,0.0,-2.95719555868126,-6.674883802147489,-7.264488951684972,-13.289765618664289,-14.958747843680586,-15.218892063438458,-14.400819402153097,-12.336363885910552,-11.71546325403086
342,0.0,-0.7588969165245376,-8.562032514219784,-6.031928027404719,-13.32963152722319,-13.139447118708183,-14.167738183741037,-15.89981361450721,-15.144674979412768,-12.433221917356834
343,0.0,0.2787823843815884,-8.05053459933762,-9.414443904502894,-11.320227814509638,-15.483318628391832,-14.251561837982061,-16.337521905959033,-12.52663255075437,-11.09041051970093
344,0.0,-2.012907228356909,-7.91109362692048,-7.175838174255937,-12.151749646308549,-12.315832116662603,-16.03970052477027,-14.221929162408872,-11.740930999994337,-9.574094946994865
345,0.0,-2.112167124064297,-6.550780552283544,-8.510515374182546,-14.118339881182722,-13.745906407549016,-14.56439083917682,-16.25391875854463,-14.185521677680642,-11.69128189134425
346,0.0,-1.3733520379201787,-5.790662948647318,-7.793292854076117,-11.118373384236563,-12.835875410865071,-15.40860358667992,-15.844510373024585,-12.613422325596387,-10.661312897436133
347,0.0,-0.9089025978366867,-5.3592648924693815,-5.616318986143522,-11.865346656614804,-14.75454122139039,-16.308545671953354,-15.604324359869887,-15.136664754270072,-12.848662502120623
348,0.0,0.6110916419765955,-7.880380839009332,-8.954386015072318,-13.801083477143326,-12.87025775480934,-12.643377794015976,-12.677887894251725,-13.320853591243328,-12.643802210626301
349,0.0,-0.5321966331822519,-5.312085915254752,-9.147442737755028,-13.135522043145963,-14.599686116481932,-15.9481136353568,-13.585553814109913,-11.720753077465593,-10.160606675265363
350,0.0,-1.1183460478426865,-6.0999920315102045,-9.148127327178639,-10.959654016029216,-15.15927898887098,-14.653470160888522,-15.187423434239843,-14.683716868970146,-13.390367584139712
351,0.0,-2.4580016492336694,-6.037197056978085,-9.266707717278647,-11.598247574662235,-12.546372277508208,-14.144663498624917,-15.002140466741773,-15.174113826404255,-11.537832052509664
352,0.0,-0.8626242054987072,-8.091964461394946,-6.691928734016661,-14.116285142564655,-13.321429848605792,-12.945201609778254,-14.195381294146209,-12.368192382000029,-13.00037712015727
353,0.0,-0.8441532773229019,-5.701208268410435,-7.235973182151698,-14.279343969075315,-14.765421523070044,-14.245969170083086,-16.507356023108343,-14.560080363145257,-11.643734011201714
354,0.0,-0.1787293565807575,-5.24600872724303,-8.681014468355121,-11.181874030001753,-13.45451466137439,-15.886983026346105,-15.858347553775562,-14.332115385343332,-11.042161089893426
355,0.0,-1.6954540218119227,-8.877728148941483,-6.932286597678505,-12.016576637135621,-12.96439005893529,-12.704053711553852,-14.633106862739773,-11.643399844340275,-11.56929575496177
356,0.0,-2.5827761070946043,-5.51111002049188,-7.1181881986132725,-12.118308607437445,-13.557863589239105,-13.889523015495639,-16.13784547819165,-13.409833360568998,-12.859298785234216
357,0.0,0.3321435227037757,-6.344833408206164,-9.14000723248957,-13.472125142231691,-13.330218974651402,-13.330190706906365,-13.058703404781701,-15.065402541614217,-11.257581297613202
358,0.0,-1.7731804265486892,-8.438292872349113,-6.5874958032042965,-11.664709603838276,-15.938025986697344,-15.030561177241065,-13.742661201108282,-12.360548491070436,-10.267623740306375
359,0.0,-0.5895198527951884,-7.835391104060824,-7.906278010157024,-11.159615667819413,-12.609354351923326,-13.148389675372961,-15.697296187860562,-14.648967023282006,-11.272878700123712
360,0.0,-2.230224246326945,-8.81303660855169,-7.820199863617945,-13.662328506774509,-12.850265092628549,-15.70790821655814,-16.100569729380886,-12.982710408647192,-13.062644161212592
361,0.0,-2.0477965008903563,-7.6331259318226685,-6.103838319797866,-13.572599849811656,-14.462229669348863,-14.713112436905448,-16.07469107398358,-14.04960381366698,-10.195758846817823
362,0.0,-2.424945147021814,-6.717942718048171,-8.499106026012688,-12.602541840786772,-15.128977951030688,-14.432074620584805,-13.515608002320526,-12.350202870101707,-13.412617496977006
363,0.0,-1.95513063309401,-5.1500859502512935,-7.970158633798363,-11.429392232715225,-15.10014355418612,-16.006954165732495,-15.59867739126684,-14.626456158815913,-11.356377557795728
364,0.0,-2.493526822587465,-5.4399030843863,-7.132280359484406,-14.217919362438348,-13.82518952500695,-15.467283320810726,-15.039419852756284,-11.751408237780709,-9.805639622216372
365,0.0,-1.3969669373026954,-7.495066717175028,-5.978647654004927,-11.210210515187566,-13.273329280381851,-15.864067219938372,-12.738551270102167,-13.020188459728892,-12.162381454314644
366,0.0,-1.7152774618257947,-6.155256953260409,-9.196842109825992,-12.204180343952979,-14.242866747832919,-12.584705489743715,-14.517440918305711,-12.835158053216396,-13.114983131534673
367,0.0,-1.7669739641646098,-6.88393259377452,-5.6255125884434065,-12.72699395912092,-15.322958445225778,-13.250052958202609,-13.467885018526639,-11.936638347943534,-11.544511878163762
368,0.0,0.6620011821492251,-5.591437379343009,-7.532094727546598,-12.73812377095405,-14.39805100312792,-14.297199237799026,-16.39214312900012,-13.03186677671369,-10.889873813080046
369,0.0,-2.403092108133496,-4.981233277862792,-7.60658378880305,-11.580127945084817,-13.391474920890383,-15.064203571977497,-14.218171115282036,-11.880622446218407,-12.576024931319676
370,0.0,-2.1428680712315127,-8.185415361820159,-8.231602697862844,-12.077208614607597,-13.439693748406228,-13.106813004407535,-13.59769754417012,-14.785012946620997,-11.804446072255997
371,0.0,-2.5498882912933207,-5.280549941747674,-7.436052402968375,-13.630485348085909,-14.626733375122514,-14.154702699366577,-14.785049335018886,-12.03576625376407,-12.75858467645422
372,0.0,-2.6930415412159183,-6.774680277907376,-8.695643546118747,-10.752315203026576,-14.350207020536619,-15.221005990506475,-15.54734377517153,-13.787591050402181,-10.42517924970581
373,0.0,-2.001547699522638,-5.778785420117122,-9.106065735340533,-12.344232198615803,-12.930077445202457,-15.698657887300952,-14.622990982682536,-14.740712634967313,-11.681121198950134
374,0.0,-0.6689612182969853,-6.705355885603727,-7.633333924327127,-12.172636128294217,-15.160692428910721,-14.541170295643282,-13.78119286493578,-11.246629399827274,-12.39866063577155
375,0.0,0.5566119099736277,-7.2232948216457515,-8.81427010160936,-11.09688208375935,-13.31178541215742,-16.164072611352207,-15.701710327892966,-11.470326356314128,-13.075014497264924
376,0.0,-1.9648486728578458,-7.904020258674682,-6.781830793874179,-12.616909850454668,-15.44990853655352,-14.892573487801958,-14.71573255154683,-13.76584477914799,-10.741113664832742
377,0.0,-2.0364053555757353,-7.86937049486421,-7.32309795613306,-12.871889059331705,-12.932878544123621,-13.952537027295278,-14.146276574002988,-15.005397267137372,-9.76394821923796
378,0.0,-3.0600566875411426,-7.653480890709555,-6.72985386072512,-12.686149563068454,-13.934220340090212,-15.501383914196898,-12.731295926751791,-13.150137654830631,-9.993668845504303
379,0.0,-1.2810468476956898,-6.325814394746672,-7.981755981761985,-12.7376250155381,-12.145031797792488,-12.956503421283498,-13.739011951007821,-12.628201622755602,-11.431317692296947
380,0.0,-1.7822679544384579,-6.157022345925,-8.138108763948335,-11.462599024980548,-14.068464160921339,-15.739240063085422,-12.865573573424046,-15.04611460590908,-9.79970056737031
381,0.0,-2.2657215353899094,-5.566684538148576,-7.8193180081319404,-12.960805226063407,-15.75830838176438,-12.841057324837125,-16.464172719349,-12.501756944310792,-11.519848579518818
382,0.0,-1.8096432262740227,-6.987125056241512,-5.825115197182251,-12.175969214753202,-13.796495803379662,-12.610151896731809,-13.041123881847202,-11.45865757119562,-13.316644677545616
383,0.0,-2.47801417070834,-5.6751924788190955,-8.370528067404551,-14.274375717096385,-12.906080863862785,-15.802728723152951,-13.207757937744773,-11.428673341615195,-13.05535814842024
384,0.0,-0.4275130939268039,-6.09265620161838,-6.687643281470024,-11.543383759319333,-15.127118484457402,-14.436001984928101,-14.540070181531846,-14.147981731688212,-10.669564567847008
385,0.0,-2.7278751305175457,-8.797804606409835,-7.0000408859662855,-10.871583694579583,-13.716902291488022,-12.677579116408001,-15.126013431568326,-13.0485763986024,-11.221502647551581
386,0.0,-1.5695860415772032,-8.679239429202427,-7.050602512378893,-13.868620725182575,-12.409933527927283,-15.418878424358468,-16.420894251100485,-13.22110466550048,-10.820819004673728
387,0.0,-0.3211053431291946,-4.970864670845535,-8.035653429839204,-11.651818102039595,-15.62986422051963,-14.371128592411658,-14.646884297114928,-13.293410480117583,-11.807676647182593
388,0.0,-2.451125964484133,-5.493399962043644,-6.727499458701443,-13.971352787553434,-15.883492267111459,-16.04841729066511,-13.554996749094043,-14.541176537109209,-10.470004955861715
389,0.0,0.21828807498237257,-7.7252200490168885,-9.486258272663397,-11.997632714145151,-15.305434113932881,-15.469516599086926,-13.976784084923723,-13.94570840501339,-10.590828055164264
390,0.0,0.40485898169410905,-7.858001284607399,-9.125289746229356,-12.261436351584255,-13.841134218730977,-14.358993117634087,-15.555619872947421,-14.50136274543433,-11.70455614807944
391,0.0,-2.58791814667616,-8.85141453438839,-9.277975877857825,-14.187942522632538,-13.771837819445619,-12.821510743082449,-14.717218858736993,-11.678344341327366,-12.731086702834848
392,0.0,0.06446924695521128,-8.91904171431741,-9.337736478256812,-13.580219311798382,-14.428761880696097,-13.101011928837186,-13.618864650591737,-15.118217173095642,-12.54230705658809
393,0.0,-2.715675234585711,-6.1669687685184025,-8.444097444853506,-14.276032982517956,-13.510946950803987,-14.528328757451849,-13.567410251891998,-13.889590646925054,-12.276456593416913
394,0.0,-0.21918435388976354,-7.95830888928697,-6.264607165303189,-12.903777590988362,-15.711088196182963,-12.801771777390288,-13.872450495608359,-12.580660048686497,-10.876941904276913
395,0.0,-0.26296016015038903,-7.669995295934367,-7.080228890637942,-11.891703930071202,-12.897727364078843,-13.681106397263076,-13.202688074336518,-12.547038452208575,-11.312584935409614
396,0.0,0.2604017851031202,-7.92699655831742,-6.559851684357755,-12.505245382688711,-13.69302863866623,-16.297422138707955,-13.23300786592886,-15.069809012700839,-10.584368891921773
397,0.0,-0.9179466973674915,-6.615624381103702,-7.93372146672373,-11.844965815664741,-13.027674403098676,-13.744613548167154,-16.289523896357128,-12.756280900316778,-12.986614103831926
398,0.0,0.1871085346732806,-6.144644639436287,-8.426774034231249,-13.677640209489567,-15.086513351784284,-14.83349056234431,-15.452147424138222,-12.65553147821503,-11.20158404648566
399,0.0,-1.188803397551005,-7.239444955646334,-9.07583027680749,-12.243601425947109,-14.744780893020794,-15.766968427028559,-15.51555871508957,-13.318585189179698,-10.699607765480618
400,0.0,-2.874656142285122,-7.53961198116477,-6.898173600886702,-13.30608879459382,-15.497995350894739,-13.479738914246468,-14.723765695006932,-14.355902559895213,-12.25887663261883
401,0.0,-1.4385736711093602,-5.702260049990036,-9.331002418267078,-11.716440096640952,-14.667871101713478,-15.624008006324885,-16.246286393475486,-14.714492951706166,-10.134397913423186
402,0.0,-1.1484515568731593,-6.221312095210122,-7.090655024156627,-11.671230048763807,-14.983780515867291,-15.70320511353105,-14.973389065582571,-13.638731006596442,-9.688319476935245
403,0.0,-2.2166411681249,-7.297928565297408,-7.875243622768906,-10.562555022238868,-12.162901830534324,-15.151671026074862,-15.71133688714141,-12.295121305681457,-13.297770325753268
404,0.0,-1.7913448791444337,-5.053285459461582,-6.014379536274422,-12.412212777366024,-13.657930284234114,-13.485197716740199,-12.628831366818293,-12.37317804164182,-9.700123623922144
405,0.0,-2.003644254547808,-7.048433291071128,-9.545609092012636,-13.609068756886527,-14.664553144027312,-15.804060419896484,-16.011631666710652,-14.072352920282938,-10.64210361023128
406,0.0,0.3224882445383481,-8.600700086444744,-6.020778668011184,-11.764494135174562,-12.917718356957394,-15.654594659052213,-16.5084203851395,-13.702618499452672,-13.356406299150335
407,0.0,0.1773646895583898,-6.140165872445736,-8.698317060058239,-13.260834105766792,-13.99575893371118,-15.162114581493444,-13.40442534941352,-11.939816691351083,-10.493780029348319
408,0.0,0.30064109833340824,-7.45648094710819,-7.1588396211221115,-13.304422441988876,-13.71425717701825,-14.426759996789027,-14.37315164321014,-13.10271986535093,-9.659221649100932
409,0.0,-1.4425925094707586,-7.0606917010555215,-8.93758134718329,-11.735756629461788,-13.27864406816306,-15.87314303160269,-16.262556324567782,-11.214106669283414,-11.50547571436272
410,0.0,-2.7523420069664724,-6.536851425047493,-6.312974090986758,-10.404368943168357,-15.122189110701326,-13.614696026029343,-14.8579045718151,-13.163230271179977,-10.196762820456806
411,0.0,-0.3500778216415483,-6.275200546562782,-9.23218451528187,-12.659085088142096,-12.281503901016542,-16.29484717069659,-12.586598822989632,-12.652094768467634,-9.510049555750323
412,0.0,0.4811399468607087,-7.529766690541405,-7.102488125557587,-10.633148111011563,-15.68936861163936,-15.004121659735002,-13.262306200751606,-13.370662553586838,-10.285340186348296
413,0.0,0.4931219297755436,-8.381468390136435,-6.953735195731147,-10.357516744553196,-12.097984494414625,-12.759508722137463,-12.671704358390015,-15.055664732716929,-9.66746053152456
414,0.0,-1.8076036036333119,-6.791869366455734,-6.138950414757053,-12.645276574047825,-14.775029879443146,-16.433702073974384,-15.314862719205742,-13.861639453542288,-13.255598709150114
415,0.0,-2.999923772202737,-7.758497841398514,-5.817419239019772,-14.291513838995295,-15.60587255698561,-16.13181380483611,-13.701147051723417,-14.575158306371726,-12.958334582456809
416,0.0,-1.1619499254048473,-8.064510034925405,-9.441449472436902,-14.24759159000961,-13.724882431009222,-12.622422387440057,-13.230377920768438,-11.463712992001803,-11.591021512973498
417,0.0,-1.1941802739640766,-6.2374340389455245,-7.06250034210561,-11.379752789501502,-14.01861914357206,-14.12440054166018,-14.588169716887109,-13.187023062273274,-10.618901475175637
418,0.0,-1.0395026242892063,-5.458929205174385,-8.876687631937848,-13.010523309831266,-14.59055629349094,-16.193855695803656,-14.072330157204174,-13.713976352849114,-11.030653838910384
419,0.0,-0.6421767804708352,-8.246497380761575,-8.732116828759109,-13.561580059538327,-15.171025105825082,-12.768673973237732,-16.579324099209263,-11.9412612930519,-12.661879744178455
420,0.0,-0.7419225210334965,-8.32336136755133,-8.261635631854489,-12.013584850200669,-12.194982607065398,-12.959408916576066,-13.348156518015367,-14.1555160421663,-11.057923666014386
421,0.0,-0.6201699495062516,-7.5916722315691825,-7.891865960053298,-10.614452377779603,-12.685049622375217,-14.121855716450925,-13.429920452009046,-15.000255764768704,-10.57269800845111
422,0.0,0.21260371071769857,-8.38244311699877,-6.198649541257269,-13.522046582120009,-15.082307043361862,-12.773124658988834,-13.529306180132608,-11.99729782366219,-10.909556720941556
423,0.0,-1.1708305628274776,-6.160546981432482,-8.990031161400085,-11.506413259652104,-15.382624775624404,-15.78635641371296,-13.158040288942992,-14.766314895217329,-13.043332199107136
424,0.0,-0.3332591708329451,-7.385871367278796,-9.103596336582795,-11.023135512233683,-13.570275112694986,-16.24912814363785,-16.21412319012183,-12.130861769794821,-10.928780517257895
425,0.0,-1.1828556276187259,-5.248559651836789,-9.567371660895247,-11.151681888934597,-14.077537033985198,-13.183255504191582,-16.497076689598664,-13.578062168360015,-10.051445867997383
426,0.0,-2.077089965879157,-5.5925414821013275,-6.310655684077707,-12.47787121357294,-15.017248724490234,-16.146951824869316,-16.239241843479416,-13.016827484649971,-11.378940364546406
427,0.0,-1.4065806185134153,-5.708879706601183,-7.229371184464876,-12.584079883850173,-15.833590054814591,-12.714565959081721,-13.553365119586864,-12.27328545062936,-10.003305256098283
428,0.0,-2.9032162578325114,-5.565918203676139,-6.1850166883253905,-12.549464638231031,-13.169410898662468,-16.238472535154557,-15.474566611678373,-14.356848034196313,-12.044555395860927
429,0.0,0.7392665138021401,-5.8727819212278565,-6.625207729121877,-11.66043978008547,-15.433608583731752,-12.564875072713543,-16.191412488223364,-12.93816288496248,-9.89093993078825
430,0.0,-0.8400564390643543,-5.307351819983631,-9.180687420153994,-14.243898505628211,-14.512648248429203,-13.595127611796034,-12.806514775151388,-13.265240225257894,-11.970934084700266
431,0.0,-3.084741256523011,-8.634407378698159,-8.030223042687943,-14.138239758267913,-14.10399808003501,-14.420824621453713,-16.132003859415747,-12.39390585758125,-12.440039959848459
432,0.0,-3.226837172251109,-8.793434955171941,-5.827829198488743,-13.343425772582863,-15.1849272515098,-16.06594888407797,-15.770078638766066,-13.349973784405075,-12.149698783103418
433,0.0,-1.8418578600342528,-6.208509544848194,-6.746284916144568,-12.669326630558745,-12.223031718875973,-14.825046335921488,-15.609849238356965,-13.797240161813306,-12.03462212767021
434,0.0,-1.2328001331128358,-7.002266991670183,-9.174384628080551,-11.684286700140419,-13.591620582682422,-14.585409746935944,-15.11106069003522,-11.780748735667254,-10.287336988580648
435,0.0,-2.7356258106953915,-4.989762466431343,-6.735094032456413,-12.979639770243638,-12.455022611906825,-15.122949060178374,-12.931730863711245,-13.508772747872529,-11.552791825358081
436,0.0,0.39139017730943015,-5.367037403456589,-8.207089700067378,-11.179320922290621,-13.67286100462022,-15.626435674583767,-13.209733684124828,-13.594692001734476,-12.20584588683968
437,0.0,0.7035852933339468,-6.573120114952472,-6.6070732301870585,-10.577657295695854,-13.5482777027735,-13.045819874345835,-15.167062856344343,-14.027172218767827,-9.759020332586596
438,0.0,-0.3880720498136725,-8.310994181323613,-9.170527099325355,-12.180685376360755,-12.411298203198374,-12.724995394258947,-14.192186436425335,-13.932146082549522,-10.612371315391234
439,0.0,-0.11838177029314467,-8.155216601513942,-7.560355628928091,-13.95576343884655,-14.604419521321226,-13.992182262890852,-14.777751492032719,-11.310590655152152,-11.698850845259667
440,0.0,-1.2219180527680247,-7.593888738438315,-7.46742983377853,-12.844137877903465,-15.931186680250823,-16.443978155870084,-15.431893832456847,-13.126212004985039,-11.434791934606181
441,0.0,0.37536892650819453,-6.152259456213809,-6.383389596622498,-10.784547696728719,-14.18268973160625,-15.056180717753403,-16.020995935117554,-14.592316335727304,-10.370864180847159
442,0.0,-1.1662866844442066,-5.495907699779901,-9.152289965066394,-10.543043774307701,-15.030393959650638,-16.132152723606943,-13.886404617237684,-14.85010954821478,-10.610278794766241
443,0.0,0.017013031684473212,-7.0993036310421145,-9.158174679630143,-13.682882037247808,-15.719162494045706,-14.27846845135242,-15.120744156823031,-12.418143669739466,-10.800440262160466
444,0.0,-2.098933505851838,-6.3579808843578505,-7.471992530125878,-12.555959243362249,-14.8968461727726,-15.142161360756829,-16.530647146874497,-11.414475428750741,-12.27802825314982
445,0.0,0.21780953277942317,-6.938906383870098,-5.660679324927608,-11.198360707443268,-14.703432199941318,-13.672714231191792,-13.237703735711493,-13.980481954320526,-11.543076786980173
446,0.0,-2.7743682784342982,-8.168990601232771,-6.782304933017957,-12.288323157248742,-14.719224446754083,-14.706527572084351,-16.372344734453126,-13.74385953650027,-12.49008600650148
447,0.0,0.49086970377460837,-8.645096527683666,-6.762501217748806,-11.072905543490226,-12.002175475566165,-16.305442540291846,-16.35444339429675,-13.004386770719652,-12.568629756956556
448,0.0,-2.2098047398405263,-5.217592933296567,-8.975893784582267,-12.971303924692066,-12.075325843022064,-12.804960061998852,-14.425810372646733,-14.61702175429854,-11.97871012014159
449,0.0,-2.557280750019835,-7.077092278986801,-7.46824803963062,-12.422785450827824,-13.878626650822188,-15.963693667550022,-16.228757685113944,-12.867643110465277,-11.996884779187802
450,0.0,-0.4335070011268911,-8.292270563857022,-5.911849300439316,-12.364961119781597,-12.092519596491252,-12.68048297921273,-14.63453015457715,-12.514733448345835,-13.16543503906535
451,0.0,-3.0718992060858015,-5.139338074860246,-7.289094332541888,-13.152897195616035,-15.081656388934075,-12.917699314404892,-14.702586075348865,-14.469906840497305,-10.436790230726412
452,0.0,-0.5316001561383832,-8.761933639756164,-5.901407316201711,-13.188323101452902,-14.733172273910348,-16.32623755424619,-15.961578284079737,-13.242562630347747,-12.40139042964612
453,0.0,-1.2118201793482601,-6.378362019701339,-8.910785715677202,-12.953294237576147,-13.48483931718562,-14.63634963788325,-14.432058143228337,-11.454813196287404,-12.207298418053163
454,0.0,0.676852031583695,-8.284312482479521,-7.582901386887735,-10.390738942092362,-15.808548404804586,-14.85545854248772,-16.186619304060052,-13.833080283904666,-11.67384644707054
455,0.0,-1.8150785519645072,-7.89923404582032,-7.054146491972336,-10.982356268287482,-15.022201902398596,-13.339529625896711,-15.211671842161833,-13.300372910586388,-12.502438543501846
456,0.0,-0.6486464145789856,-5.381182155233907,-7.6052435923876,-10.351373507917081,-13.481810385512427,-14.678590080280992,-15.777317517978412,-11.625119445691555,-11.514611674480825
457,0.0,-2.6038148303731874,-7.2681909668239175,-6.867424002053664,-14.227455747426045,-13.731830653055379,-14.515037161184702,-16.306643244676437,-14.60965548133972,-11.151541620563664
458,0.0,-3.101000631228839,-6.7275357147512675,-5.760535751204155,-12.539179012660806,-13.181730366909576,-14.090635969009233,-13.578967099964862,-12.343902089708344,-10.721596423683945
459,0.0,-1.6777740780406611,-8.37077049412178,-6.557993010519269,-13.344305131209367,-14.231037541166433,-13.560958546764592,-14.927596864381599,-14.833817235545029,-13.049462278753817
460,0.0,-0.5112536324722603,-8.948854858381695,-9.517020651834152,-12.019018600626449,-13.902040736947368,-15.727006091609654,-14.683711941600347,-11.667418548022283,-13.29559141724425
461,0.0,-2.596780969979537,-5.6010579464738255,-7.624066967137995,-13.666765995884338,-12.490948832089785,-13.920510417799196,-14.06806248195798,-15.197380816217557,-11.250870175501698
462,0.0,-2.2228313563862248,-8.528499973508056,-9.341075660797996,-10.566876053562542,-15.840947968946058,-12.489161742696872,-12.97201264929448,-11.567815391807077,-12.69414217479389
463,0.0,-0.06090184949463229,-8.044414745750478,-8.94504756473874,-14.144560460217594,-13.191720012996125,-15.278792719667925,-15.619277511111536,-11.394497759456295,-11.068038812300987
464,0.0,-0.49080830907122674,-7.115072972979116,-8.898919094302524,-13.913924028727637,-13.187413678347692,-13.61199133960125,-15.874590120180626,-14.863578106559213,-11.841111116935092
465,0.0,-0.843223520708897,-7.521971706400883,-7.665307974399502,-12.163797633784673,-15.139451500469438,-13.146254772243449,-13.061398847420644,-14.11096863117737,-11.197837595985964
466,0.0,-2.7996136688943807,-5.076208269375215,-8.376267831287308,-13.832139222003597,-12.808986489749488,-16.036161543518414,-13.19544735667315,-13.8091047171629,-9.703671770035106
467,0.0,-2.2765595915773424,-5.413038281568323,-6.286234959371821,-11.5097692200053,-12.396350009924578,-14.8522047245027,-12.582410101197047,-12.349612462977445,-9.99421162905537
468,0.0,-1.8892288549896763,-5.973492362601229,-8.547502162320965,-10.860380121773215,-12.206123247996755,-14.876897612767543,-14.676404970690488,-12.177398541618027,-12.750713385599312
469,0.0,-2.5148987078820664,-8.674226969866202,-6.109135100573097,-10.446371048379262,-12.831357971321829,-15.188142337645095,-16.23595178918456,-12.149369053957171,-12.982363459135623
470,0.0,-2.2680281892909235,-5.22666892578441,-7.922305626528105,-11.534436822666239,-14.303745500516875,-13.833206409320102,-14.320352915306056,-14.029113318801373,-13.30251156130685
471,0.0,-2.591952401728716,-7.362065514460527,-6.543464636844336,-14.157545994052382,-14.058134325527915,-14.294343738728461,-14.660768613318208,-11.375736309653057,-13.171073999876837
472,0.0,0.4886893862999857,-8.641566025670912,-8.155656245576676,-11.852952569086167,-14.973017586277546,-15.105436011714175,-15.41452668471747,-12.219708979472731,-11.496041573648952
473,0.0,-1.4443915432044194,-5.2116003998860725,-6.826680516423785,-11.362299665665384,-14.508373509511422,-13.737061512803871,-13.81169236305869,-14.982141301431541,-11.424060961818249
474,0.0,-1.8249303362716738,-5.0739123748301065,-9.090558019606828,-12.343918341078133,-14.03177536235318,-12.574566270152774,-13.243633896128511,-11.879371734605137,-9.901023644777808
475,0.0,-0.1228458322860857,-5.923631005511851,-7.98558615886539,-12.839513872671885,-12.43399651190243,-14.748957024921882,-13.54761384595564,-15.089724956733967,-11.120423205162908
476,0.0,-2.4300841328841063,-8.628809496804376,-7.481713473368874,-14.046578206562389,-12.277400020308134,-13.524014696278128,-14.33471072886464,-12.895231033389516,-10.582259514380144
477,0.0,-2.247793213824295,-8.288312547954233,-9.269819587090009,-10.950432778617365,-12.045988557347831,-14.14720949742659,-16.104168689788875,-14.318130554468956,-10.942149843392519
478,0.0,0.14282021450541782,-5.965619158404655,-6.538805925483541,-12.428889671518563,-15.495178575407328,-16.153066081209573,-12.951376123466202,-14.348943571440325,-9.635427721370128
479,0.0,-0.8359946214850935,-8.122700595684497,-7.44202443092583,-13.798251250091102,-14.335107028369974,-15.69268851557429,-12.96387996518741,-13.097254892180214,-12.733040710371931
480,0.0,-2.5415960790025443,-7.180517179742098,-6.839639477080565,-12.708006122209728,-15.42923935472427,-14.08386951430209,-13.983575719904067,-15.045707268384295,-11.146793909390343
481,0.0,-1.8956484778922,-6.05110166333006,-6.465237080473006,-13.562117830678671,-14.41440310339435,-16.151101928831025,-12.760117602115647,-13.559482893613175,-12.073680114017044
482,0.0,0.21015927527741063,-8.958203536918358,-6.269879440496045,-13.490135240015258,-11.978948112431855,-15.415680502041255,-16.526140622277126,-14.222036462145978,-12.158049895437413
483,0.0,-1.575022540478872,-7.043623193489193,-9.248254853342145,-13.644249220508158,-12.9371370937101,-14.736468591201623,-13.98546042747029,-14.339899270776353,-12.873532066813201
484,0.0,0.012245649267242253,-6.989039172115143,-6.027664638608435,-14.250365806367974,-14.97813669578079,-14.675311906220248,-13.184103905007515,-14.899784962838279,-11.101383108294215
485,0.0,0.3700955985491823,-8.486627773312625,-9.164972316618403,-12.55948338073009,-15.076485557970921,-13.581083697640222,-13.08731893455001,-11.285957617308894,-9.613489406588485
486,0.0,-0.5622362617005585,-5.224950666902766,-7.283177541565979,-10.524293246285728,-14.052863932113961,-15.814568011632671,-15.826237655084523,-14.655024083866927,-10.636331266162024
487,0.0,-0.4451810748171714,-6.456339393864483,-7.643447189847206,-13.316390483246058,-14.677792570201552,-13.344052418713098,-15.78704399477409,-14.424640209531772,-10.64045015305155
488,0.0,0.48505679444166994,-5.0716840390726485,-6.7078305544110535,-10.728606497236296,-13.41830848724419,-15.507440280895132,-15.773163997450911,-12.922402032297354,-9.965520591576174
489,0.0,-1.4090378608704843,-6.543306790399014,-6.192718678067926,-12.488878195122604,-12.41436068419675,-14.76151303173529,-15.400314022648303,-13.107556605189501,-11.40959601570977
490,0.0,-1.0334932019281102,-6.926038845576117,-9.304546266425213,-11.982936675485583,-15.559191088757434,-13.015838444198737,-14.506751211944255,-12.223750046637548,-10.694326858576273
491,0.0,0.5712574390249827,-7.650104564021642,-6.241484978582111,-13.244301305514865,-14.574514040031296,-14.045550466504386,-14.925069433434844,-13.314027945438836,-10.950004470409494
492,0.0,-1.7530213212634798,-7.830609911027498,-7.82236062289199,-14.105227187875432,-13.800456872943435,-14.80318441429937,-14.872758531901171,-12.370373492435338,-10.398276209475737
493,0.0,-1.9984737212062547,-7.9760596642160255,-6.136616253924073,-10.685803909380363,-12.041662724251765,-13.168744007513439,-13.381151667237162,-13.899134721118028,-9.683657475078387
494,0.0,-2.2004725802030336,-7.026592774977585,-7.744603570867492,-13.838081739979543,-15.830629375726577,-15.503755827553174,-12.837823975295143,-14.314219270691536,-12.662916117083237
495,0.0,0.43123730219682477,-8.502978718393246,-9.397109439048117,-11.334040517520036,-12.259684484495843,-15.425947328146346,-13.369306809624007,-14.343320904476986,-9.81505595971566
496,0.0,-3.064668546823429,-6.518297955648359,-7.635168126685392,-13.592089882807018,-14.009649005135383,-13.53484182339894,-13.502829508448324,-13.294654341716951,-10.129938707777397
497,0.0,-0.5763498339055415,-8.556302615642949,-8.16033106300309,-12.061317054965702,-12.027983790637458,-16.0204709503408,-13.377811234794134,-13.120557233118415,-9.52929579984025
498,0.0,-0.9680809979038667,-5.484991307949152,-8.513309139932558,-13.939072639554444,-13.992475670769764,-14.907656993896534,-16.019940273022474,-11.314918392191384,-12.687271838530378
499,0.0,-0.5095808265366912,-5.100482978121243,-6.889728900763858,-11.19656040181062,-12.32555166160703,-13.194224198464852,-14.808576773406827,-13.52306723986788,-12.225049844191409
500,0.0,-0.3537008623689726,-7.339992254515277,-8.05421442169172,-13.60054277626565,-14.276715196420446,-12.664957836815619,-13.140987819486309,-11.259712390126296,-11.04554111860557
501,0.0,0.45396229684192413,-5.208910043521167,-7.6452361476764885,-13.332920791174185,-14.838261290512051,-12.89079494816738,-15.024823311390259,-13.104375431844899,-11.327512614228942
502,0.0,-2.398642801360285,-6.3031779745811365,-7.5590314603619175,-12.525754854158432,-14.518244029863725,-16.144228526016505,-16.286600639338243,-12.96086242993625,-13.368597084497504
503,0.0,-2.3695263741647903,-6.928490531686219,-7.878169549485545,-12.636827599619767,-12.337546758576277,-14.175701123887173,-13.935466689696726,-12.239115773357,-10.851448383403499
504,0.0,0.28663722092939237,-7.624468733264989,-9.413101517784407,-12.833541218665276,-14.56263424132375,-13.783307946293434,-14.496962960855036,-12.63900631770189,-12.380180110075564
505,0.0,-0.5273324343306109,-7.601731374070708,-7.972282862576051,-10.960732211324432,-14.24009733490968,-15.124059263771953,-13.289979316993342,-11.708986943016612,-10.89071103803727
506,0.0,-1.67254975415325,-8.119960025289888,-7.072504501571044,-11.783451416791475,-14.382567516191612,-13.526140979010712,-14.101366553229035,-12.522003261695259,-11.73935149702312
507,0.0,-0.7025007531979797,-7.295492208464142,-5.903539500334701,-14.189448214477634,-13.470048966882935,-13.097407473239286,-12.789980291228112,-12.65048525073705,-12.37654847714445
508,0.0,-1.579627053099161,-8.692320793610111,-8.619321167351009,-12.311510052755,-14.444074321323638,-12.51910752418853,-15.14915175451707,-11.856606885794783,-11.179752689338795
509,0.0,-2.8123254994385998,-6.428728389419011,-8.779697337374294,-13.438381285513211,-14.141642748272655,-14.486158138354735,-16.08097845813438,-14.15615066132489,-10.219355807170123
510,0.0,-0.34358120297811157,-8.283699717096493,-7.245962524501488,-13.087344031444598,-12.84353812382768,-15.207011516556642,-14.091825473802363,-14.023287516764398,-11.781767102812502
511,0.0,-2.9844709040340276,-6.528993475561435,-7.197459637842128,-11.366405443509125,-15.612422679586523,-15.75395608548081,-16.344869220721474,-13.372363630905847,-12.132662927763963
512,0.0,-1.494794752296532,-8.729246170514939,-8.493846029318096,-12.927973180151843,-15.243303397517822,-15.999399844721594,-15.502643658339391,-12.601714317190897,-11.33243559667044
513,0.0,-0.518212761298622,-8.295946511980194,-5.807728277353641,-13.942607290269075,-14.257350341432762,-13.834934036714825,-15.50864625641229,-14.63857354842152,-11.198272054890442
514,0.0,-2.5330986361645516,-8.334893193380234,-7.7070243728406,-13.846430714334959,-13.619877221341547,-12.89927718239266,-15.001799201314766,-12.804218542332066,-12.495245701931712
515,0.0,-1.3096989236372882,-8.166661841559629,-9.116390286338271,-12.07253004261161,-14.4945458674535,-15.672894397929847,-14.152651927205557,-13.360542548145416,-10.959297024596811
516,0.0,-0.7321060647433435,-7.796680727556279,-7.777379503931881,-11.424351699498562,-14.646441855724426,-14.902401333250825,-12.590001852213463,-13.278947535503661,-11.968077917578832
517,0.0,0.2654541203764502,-5.573989606849183,-7.275836792422781,-11.924430151616313,-13.458620004863828,-16.402927409164537,-13.119688827093318,-11.297605291882785,-10.940252482873133
518,0.0,-2.9802488976966965,-7.122833464507787,-7.977740190779228,-10.59976416999819,-14.062214731699372,-15.44114859457593,-16.522311350394247,-13.299372258620005,-10.697832866495858
519,0.0,-1.1129095385849515,-6.760166165549384,-5.879158508391789,-11.392817033340272,-12.595621797504668,-16.266680688927853,-16.069749794400945,-12.948547400815269,-12.180315035271777
520,0.0,-2.656612960754637,-8.454069831583645,-5.868562491933748,-13.237320235267763,-12.736284565957114,-15.280222729945573,-13.692264770582508,-12.046155103348521,-9.521749270823687
521,0.0,-0.5298882302309931,-6.710093122303457,-6.807520143563087,-14.343474303493434,-14.34199381884922,-13.184695741323441,-12.86657101798338,-14.490906164241618,-12.187713150354298
522,0.0,-1.3474571872850758,-6.878943247627934,-6.724489125686572,-10.467454031482536,-12.571709053736084,-13.768799902462135,-13.043337170891641,-11.216800424042352,-12.436956986876282
523,0.0,-0.05504982075990972,-6.501551451628044,-6.419955011968258,-11.710888732325277,-12.086684630012495,-13.268747182012945,-14.24226777813875,-15.182593877475634,-12.382172894826537
524,0.0,-3.1688557885263586,-5.796334714538622,-9.02069281349195,-11.487587155498783,-14.166491855301178,-12.541223789242684,-13.663802362838496,-13.137133858374058,-10.972387585225544
525,0.0,0.2633104676120679,-6.431180738414367,-7.50101322227952,-13.064297239672554,-14.15289359268938,-14.21708613338982,-15.636534665428913,-15.027224891030679,-13.08814032019897
526,0.0,-1.142673214067131,-5.163608553665554,-9.050518569601817,-11.243210353700006,-12.01282005942742,-15.01263292028483,-13.87983226337582,-13.18868652343616,-9.530473351802975
527,0.0,-1.2578186026312805,-7.999491888711871,-9.161363599427396,-13.762099069884133,-14.57826240992143,-14.275276679927618,-12.644418865673053,-14.09445127597126,-13.177558277030688
528,0.0,-1.504571849897674,-7.778143174604303,-6.09207286389462,-14.24888635597449,-13.81523425715537,-15.741737770466782,-13.900221608790066,-13.618393345652576,-10.109059601221816
529,0.0,-0.018728216724483993,-7.14496507490249,-8.089848249297969,-12.59508978330773,-12.440830241221224,-15.681978879813398,-14.332130431339799,-12.689864226896741,-10.78100332368413
530,0.0,-2.2030075126755344,-5.745843928668407,-7.5970146479591865,-13.35687681418106,-14.888544977184234,-13.309317633533635,-15.337139290181959,-14.846428690873894,-10.745418825830123
531,0.0,-0.17128817371467298,-8.496794667768413,-7.8720088018438075,-13.122893162300352,-15.12001211623426,-14.462149996978598,-16.20286121980496,-12.090163839768369,-10.704551330867574
532,0.0,-2.385310982737118,-6.990617230685218,-6.017995297188243,-13.09383260406783,-15.29117061980917,-15.955933894277269,-16.569736034588864,-12.266637797037681,-9.78549919249197
533,0.0,-3.1082736635680077,-8.427369102848756,-7.710982163652989,-14.128033651878505,-15.76454845964478,-13.839910764434808,-15.838631662970176,-13.534362908910602,-13.132375062893145
534,0.0,-0.4629584265292839,-5.155685298481341,-9.509516003530267,-13.028873704015075,-13.072417453766874,-12.522092129800203,-13.062925260638966,-13.355629550697035,-11.051459363987188
535,0.0,0.5531827984647459,-7.267189405343835,-7.220872493041893,-11.18315803221958,-14.487035010488787,-15.97736193320025,-13.157015417687067,-14.925881221996335,-12.700856056363163
536,0.0,0.22396816739392067,-6.338472747070817,-7.881001213716213,-13.887081143703776,-15.173104769578623,-14.15742910419654,-12.964549296285234,-11.491329807358083,-12.093408064546239
537,0.0,0.3931774384947584,-6.350804338198292,-6.262357849571313,-11.99882797475251,-13.153573632583413,-13.7358179460111,-14.067187226382636,-14.474598740686709,-12.013364579437319
538,0.0,-2.853480292417392,-8.92066442555756,-8.82365309572298,-11.742147391664275,-14.1340215074352,-14.178245941545264,-12.656312016695654,-13.761757858065895,-11.234849963404443
539,0.0,-0.7905498633839407,-5.690858150231973,-7.152789681785402,-14.204602923335976,-15.802275799164823,-14.869311830923948,-15.080273208805558,-13.697550848905344,-10.41840337602656
540,0.0,-0.44746274261426633,-6.12561117221139,-9.010250652019549,-13.534173491536576,-14.559899145541307,-16.328926093613504,-14.059260470989946,-11.916046520880244,-11.024557420361113
541,0.0,-2.4950107953091187,-7.687772436626778,-8.430542878835128,-14.257550382639717,-14.213324425856516,-14.18423054153561,-16.130586750345582,-13.082475728072877,-11.832885055175147
542,0.0,0.2807293315139048,-7.298866839511016,-9.082489073151503,-11.225391757536457,-12.349168942189422,-12.81503862781483,-14.89510883919489,-13.170443801292587,-9.839360862122184
543,0.0,0.2672249989289224,-8.51272693563946,-5.590299468416534,-13.2091936746691,-13.681205328821093,-14.110680601287331,-14.51171970011373,-12.85969091579743,-11.578218108612965
544,0.0,-1.32939007677562,-5.72678766951237,-8.929999429702125,-10.754450047259368,-15.488561048410828,-13.812884212589111,-16.01253743029736,-14.543383986732772,-12.456961816224362
545,0.0,-1.264441757669699,-7.917012748138973,-8.24377757553273,-12.8215847912937,-15.888997657848853,-16.174576985206283,-15.748359772929403,-11.569756765754374,-10.443420333880997
546,0.0,-0.1411443266062946,-8.777758869291906,-7.622243380574748,-12.405364978572004,-12.960433424624826,-15.022241154882032,-16.37693121702001,-14.770774785859528,-11.621882347218651
547,0.0,-1.8386479590935036,-6.447629804518103,-8.971497654000936,-11.195335847740116,-14.363840800945919,-15.358815849188762,-13.956779342371966,-13.066321894847162,-10.88455152415099
548,0.0,-2.8777595529121216,-5.1049487642658224,-7.022682706644382,-10.618432224110164,-13.512969920500487,-14.04743333074093,-15.296573384050912,-12.383515433041625,-12.94525957554945
549,0.0,-0.32957512512507936,-8.762501819257748,-8.061262056289467,-14.110307470558977,-14.582727593964329,-13.837448720189684,-16.14926333677116,-12.234375721450675,-12.097716685344185
550,0.0,-2.7901067019646906,-8.893190431377032,-7.737967641000463,-11.511063009463685,-12.335601343639919,-16.31319036194638,-15.683566176629844,-14.55331118827071,-12.505382264029075
551,0.0,-1.0564556223021726,-7.185483641827146,-5.9324758197733285,-13.137961280550284,-15.502455574381923,-12.968473368007196,-15.179717346240967,-14.844485971723925,-9.694721805586983
552,0.0,-2.567429280322358,-5.72231749716039,-6.776318143509656,-13.182972716846534,-14.836487393508465,-14.406471315911137,-13.080018477842836,-14.116740899182396,-10.542636501109236
553,0.0,-0.22606231162165358,-6.825242466356427,-7.505253310364006,-11.036141600943548,-14.192634083125819,-13.34174561106399,-14.851164334136488,-11.282823949448023,-9.616930203856928
554,0.0,-1.6304165599888716,-7.719623763001415,-7.205828009410902,-12.5378213280845,-13.494447868783384,-16.224621480535554,-12.61832124554962,-14.696614402267263,-12.450665610744245
555,0.0,-2.4172662114741295,-6.164379292763096,-7.009838793848735,-12.34620619894017,-15.274013756022068,-16.19170989025726,-16.429407539615532,-13.21671071974071,-11.15719099941182
556,0.0,-1.6624470882016784,-8.34833677929729,-5.970942298270278,-14.120706375659442,-14.98123046010107,-14.010436298369122,-15.965325855401119,-12.403533723040605,-12.900333272286057
557,0.0,-1.0700877165668357,-8.704879174750602,-8.135548048171986,-12.785301559671147,-14.11540376344083,-14.794805678679985,-15.800469891090504,-14.673063557686568,-10.826408731387499
558,0.0,-1.7794524573939703,-6.048393932911918,-7.550582526533429,-10.687013089556645,-12.728973419868286,-14.417201698752812,-15.218874889200999,-13.96183894661702,-11.927679868188394
559,0.0,-1.3657582269024733,-7.603259033142806,-7.789270015831722,-13.923218397367432,-12.100869768308844,-16.062644212002134,-13.425184005774897,-15.134051063674276,-9.508014912862848
560,0.0,-1.3137032836525935,-8.224092848089555,-6.337049590300667,-13.273229975525899,-12.544396342459244,-12.61579146167653,-16.206380191543495,-12.839769029974732,-9.781525980538666
561,0.0,-0.6744814859070485,-5.868301488332552,-8.570632465420372,-14.00879590113254,-12.126491569352996,-12.695997783097509,-12.920459304672478,-15.157661269653966,-10.07431823549418
562,0.0,0.36403951074944807,-5.174451046916566,-7.9908433771095675,-13.873117128133535,-13.392240571430312,-13.405633640134958,-14.184549371065362,-14.101098539803203,-12.099099267621387
563,0.0,-2.5372052813046517,-6.724110971973047,-7.086337237523663,-10.506322384485847,-15.824604102518832,-13.166289828313715,-15.957843842641546,-12.469025908901022,-9.921247150295406
564,0.0,-1.246714976350796,-5.5885524922820675,-8.129006354340465,-10.99258864594967,-15.01268729185146,-15.99490550174854,-13.309011467374368,-13.019968628023562,-11.974446645176323
565,0.0,-2.7689759523297655,-7.070299023478978,-7.636699998465416,-11.915434621437413,-13.19834892428752,-15.271162702615099,-12.696833402047137,-14.860103159088808,-9.533866150482957
566,0.0,-1.9148272062805858,-8.769567853071502,-7.876832626977464,-14.029874720643157,-15.506580940668858,-15.894824461299375,-14.389517728480518,-11.77468733463056,-12.85672871414267
567,0.0,-2.1379896463468286,-6.82911122905138,-6.65137876090734,-11.451286924468306,-15.587655848294313,-13.091723650198883,-13.86712651226494,-11.978589112149931,-9.94804560049515
568,0.0,-2.9272288065021286,-8.007650937666531,-6.162901079611023,-13.538329412280982,-15.35657616414587,-13.709019977859022,-15.249673362437955,-14.450343506292135,-12.145224299751419
569,0.0,-3.097506737227901,-7.2738720950406694,-6.266233407383358,-12.177852783268328,-15.053202935070349,-16.011533403174862,-13.394107549419136,-12.78301229631128,-10.985245259348162
570,0.0,-1.7026136676797456,-7.374863300416202,-7.7911085962705595,-12.329105095879546,-15.768083723050813,-16.218878963533157,-16.502427636309584,-13.81183339015617,-12.879953159980246
571,0.0,-3.186599293792704,-8.5923503707945,-8.106439008301896,-12.700955504510706,-13.237749011198225,-14.755000072429874,-13.32611078412343,-13.014079771205425,-12.674454781891246
572,0.0,-2.8896855425552186,-6.3172429611150696,-5.923125915707573,-13.366637939185164,-14.211858850810092,-16.318662356489924,-16.501669888825305,-13.59979180703595,-10.760966670026432
573,0.0,-1.2917885785389616,-5.852553606574782,-8.165316866852367,-13.740175927497049,-14.108947868428185,-13.328434663604316,-16.406125526555858,-14.790007451016155,-12.928649504232881
574,0.0,-1.4531790611890736,-7.282910460695302,-7.592603538597039,-11.791982400061553,-14.715879050079959,-12.854251306613675,-13.494830214853337,-13.147297693867987,-9.52746698159506
575,0.0,-0.48473274430981883,-7.78749256362547,-9.052248300025822,-11.034663625250515,-15.78343286635151,-14.26525136558052,-14.359674420429723,-11.654093714045334,-11.230348783435646
576,0.0,0.635903010835456,-6.1323842284484975,-6.636008565621266,-13.141008420603358,-15.203056628791137,-16.06131578356281,-16.3747698248944,-11.22600641538137,-10.209347782308814
577,0.0,-0.16810858217549596,-5.943732340861635,-7.148045307975416,-14.077060950246512,-15.36978983576477,-13.787144979151577,-13.941216833493087,-14.505363221696674,-9.65424481769546
578,0.0,0.3566501457983793,-6.571760709764025,-9.005948441665671,-13.880886103998716,-12.176689009703354,-16.291506619231193,-14.94508574857619,-11.538514609308908,-13.038344315769939
579,0.0,-2.500340460601185,-7.826918354073212,-8.89434024881123,-12.292039437888022,-12.076104177549938,-13.481859769087905,-14.98414592268232,-13.76614636138116,-12.336902376891068
580,0.0,-1.70049020056467,-7.505925387704345,-8.405821971678996,-11.002809486497343,-13.756897463038833,-12.46275022730615,-12.772075732233287,-11.522585693678508,-12.368245346939224
581,0.0,-0.38420474066003063,-7.545121723145872,-8.208197529715427,-10.35220586264759,-13.284961027429638,-13.266884564730244,-12.992275269570264,-12.174008898049617,-10.856385948883535
582,0.0,-2.374471784508364,-5.019600496887217,-6.181830876701055,-13.388811888794976,-13.670810053453001,-13.105424962567518,-12.699253844031409,-13.182368280373385,-13.400215378244592
583,0.0,-0.2888752237813099,-5.7671296567263255,-9.456277415206317,-11.144586546986817,-14.95661188599286,-16.07252259640205,-15.582921522532583,-13.563306127168639,-12.725018779767233
584,0.0,0.43959708687550547,-5.362205878094095,-9.499643740925798,-10.932958609365436,-12.854124278368268,-14.138516242999298,-15.437608067556766,-13.313503452649547,-11.907751633265795
585,0.0,-1.2952041756520034,-7.178845811868715,-7.284853269995109,-11.384388000088986,-15.267301597923035,-15.839170137512186,-15.704309728822857,-12.27177132584009,-10.526736936406621
586,0.0,-0.29609947753104215,-6.314655761841559,-5.823739713429424,-11.787833913171724,-14.092980796834519,-13.343912679880146,-12.581750483618425,-13.983650461434198,-10.457719420129365
587,0.0,-1.7807637508243377,-6.66151293788151,-8.291154678006153,-10.83743936800348,-12.522355572215162,-13.96746278782355,-14.997915184868388,-14.806605326644762,-9.685972322647912
588,0.0,-0.3907567520296107,-8.558399446994041,-6.330224572459601,-14.325569923826576,-14.967109650800753,-12.476614262587322,-12.903216900739586,-12.914664202375683,-12.104896715514657
589,0.0,-0.46772532825150614,-7.291336332953717,-9.49752480367941,-13.487166987102938,-15.91198279609777,-15.98448282013258,-14.024524582321437,-13.552185117877476,-9.699108039004141
590,0.0,-1.6052267184728166,-6.595451923145797,-8.340670891851898,-10.742024513603731,-14.409264459074176,-13.89999739098504,-13.96058909870758,-14.728367868904938,-11.834563533915652
591,0.0,-0.2468508309495543,-5.800501825857905,-5.896693920050735,-11.375276413477158,-15.278690055973685,-13.508792117889566,-14.978080062525597,-13.757835885003246,-11.980813771919829
592,0.0,-3.1266562870320698,-6.13617296839249,-8.95126836643079,-13.703727649900527,-12.628082306400104,-13.272290544934732,-13.768292779657772,-13.483204549710695,-9.889842461005436
593,0.0,-1.114875536734131,-8.510687612896387,-6.049531681371193,-10.84748513812351,-13.956493512278554,-13.568321652724615,-12.60471562006483,-13.701551206784453,-9.94139012677983
594,0.0,-0.17533170741271276,-5.489658857120326,-9.502554260624683,-12.61867936745094,-15.320084678901218,-14.027737491551607,-15.145164859469844,-11.382596244583766,-12.272138833062899
595,0.0,-0.13144681900632493,-7.079497475039098,-7.94933235730423,-11.936407561941893,-15.355826432117016,-16.155506316038043,-15.629315512647167,-14.525301887846842,-10.887808715400183
596,0.0,-1.1278566142661943,-6.09519127483602,-9.368833338821926,-12.352727467959118,-13.329638157682162,-16.24528921067967,-15.732154532060505,-11.94628437202603,-12.59180037179021
597,0.0,-0.48776899629620907,-6.901903664897394,-6.238855701934657,-14.211568121815281,-13.785656450054628,-12.658631393811675,-12.704290675422454,-12.621994052723277,-12.032060438407502
598,0.0,0.628805328162577,-8.205300424548362,-8.72936357868394,-12.366511255487938,-11.971443158488597,-12.532432799126562,-14.675658076511503,-11.96643823334817,-10.469393412058153
599,0.0,-2.409566826971668,-7.330377891500923,-9.274475972975265,-11.221558207477468,-15.866171997943269,-13.518381521904933,-16.44691106181238,-14.261860363857489,-9.795123755669787
600,0.0,-0.22477535569641605,-6.205956740444444,-9.168927422612443,-11.954867469947374,-15.672823288633776,-13.052624360145213,-15.532651389619474,-11.697375674119858,-10.278081671194684
601,0.0,-1.2373636334512925,-7.398402408996251,-9.462768416006409,-12.908293077945121,-14.161105502088144,-12.673458700889903,-15.180709311152112,-12.95232683315508,-10.754453011163863
602,0.0,0.5603637741629486,-5.808535297470119,-5.707549405186022,-13.256662398813612,-13.948377465108685,-13.225454617119254,-16.006937090058948,-12.75206255450255,-12.693919884838689
603,0.0,0.15570449310985568,-5.648706813952906,-7.648769589269992,-12.182978859798517,-15.367570888044668,-13.468012180559349,-12.927864944102673,-13.687291978920406,-11.785901297758297
604,0.0,-1.0996347790748326,-5.033855676436167,-6.913202001101871,-10.952714617965754,-11.960885828126226,-15.029316064620767,-16.42485386371953,-11.305463345566935,-10.98218369603216
605,0.0,-3.0196599732979696,-6.426408377279284,-5.653887895219049,-13.320311091599875,-14.482258328392204,-15.775623752221174,-13.151637403655405,-12.423477518839762,-10.157921060927809
606,0.0,0.3254589207426295,-8.34365329747798,-6.276704081060087,-11.513074797251138,-12.172891200059402,-14.242011700045346,-15.921148924387078,-14.751495011775527,-10.36434910476715
607,0.0,-0.8238633117237861,-6.083060799078837,-6.748356492006302,-13.973291895141834,-15.30838384541703,-12.84812706669659,-13.339370630484838,-14.45222138976661,-11.298212434896753
608,0.0,0.4025201128736362,-8.030110404466415,-8.765619538358097,-12.165592297517296,-14.536282786856155,-16.391036761294554,-14.008193250981938,-14.63126514243957,-10.368125860025941
609,0.0,0.07411103828735444,-5.328415461470739,-8.753365789311898,-11.636256582848754,-14.794419192896653,-15.806901899297767,-13.417146192282683,-14.817997726480783,-12.558051852456181
610,0.0,-1.594000628839288,-7.092700734189429,-6.766732312735605,-12.771767674472198,-13.701825165095395,-13.711761049952718,-15.860286357500971,-15.198824209670361,-11.24149177032459
611,0.0,-2.5726252221355685,-8.05532647605702,-6.242474285726383,-11.79464683851592,-14.271720859298696,-13.886501018072178,-13.84592864817377,-12.592612519121873,-11.204047056219647
612,0.0,-1.1785098018076052,-7.354342409884486,-6.357013653932436,-12.634225432132656,-15.24725209775449,-13.859749798141113,-14.828725037763606,-12.64633698543861,-10.23480004999157
613,0.0,-0.9295719336429009,-6.0431829753481585,-5.614202286426655,-12.893074374308654,-14.410936170762911,-13.988654224512041,-12.978220321192106,-14.68196222387124,-11.002352086639787
614,0.0,0.2016145142184187,-6.0442911653842035,-7.115140386077398,-11.412887339148966,-15.844499114364053,-15.788858846766042,-14.293347043702123,-15.120563401062997,-9.71183049155206
615,0.0,-3.2066126924743554,-6.266396358061645,-7.705909135693746,-10.807621121220237,-12.084686275249686,-14.205682863702286,-14.949037628498306,-15.162693504996522,-11.293679223179078
616,0.0,-0.37150433013372863,-7.892595749685285,-8.359213357030516,-13.75873878044704,-14.35800210394512,-13.6299236314828,-13.595099258152146,-11.437196865203331,-9.877199782851354
617,0.0,-1.197101282921639,-7.5225800956895466,-8.965943152249816,-12.103243336825031,-15.743341842721108,-15.482909585514633,-14.762575722800982,-13.70812869796435,-10.846700460393135
618,0.0,0.13964780514146335,-6.9793241765365135,-6.547758007769605,-13.87060550971649,-14.700665765250827,-14.765340729007658,-14.904298542868482,-14.859858874853355,-13.324727693562052
619,0.0,-1.9922023988918536,-6.728349368009841,-7.165865492152015,-10.760494238576738,-14.375324537607662,-12.452312330447075,-14.658388203384696,-12.645758476437798,-12.904296066440205
620,0.0,-2.6420375011734727,-8.44300246637905,-6.859725453626526,-11.67265198209083,-14.376256324541291,-14.50996446165913,-16.251353477258977,-11.707701381263895,-10.509504276544657
621,0.0,-2.6373964845479785,-7.328769128134261,-8.608648679986407,-13.66543391719179,-13.597433426016355,-12.967901176768098,-15.195137319635695,-13.892589242211574,-11.048979057598661
622,0.0,-2.0792274276334517,-5.538853459599153,-6.403582266246719,-11.803169226424432,-14.652018871455255,-13.493139679776464,-15.557267207571883,-12.871830522503087,-10.732827443347329
623,0.0,-0.9951489353185425,-8.782949994901427,-8.343063312856938,-13.408134608141339,-14.685794567335066,-13.099820824679663,-15.481096119219684,-12.957113111031441,-11.428115112071888
624,0.0,-1.1011959010262395,-8.804858303579758,-6.413418087260469,-11.64009424983319,-12.247421775365458,-13.050573787647664,-14.381303410660905,-14.201254251950623,-13.070453682969264
625,0.0,-1.7508809046904326,-5.425671266518107,-6.261211183287189,-10.780137476603956,-13.040885817662641,-15.226623542917554,-13.783283291357822,-11.737229127882589,-11.82402079620302
626,0.0,-2.081215391018837,-8.59546969930797,-7.543537460064803,-12.928117951540779,-14.02060731683422,-14.878842547121103,-14.42635954341559,-12.220841467742328,-9.782142259071652
627,0.0,-2.0202264345660144,-7.129337389525686,-7.66052514492232,-10.463422811694958,-12.474096217056033,-14.331125406106086,-14.080782897327172,-14.931593942783831,-11.48756790316041
628,0.0,-1.470751119284915,-6.107245428028175,-9.31045509773764,-13.05516081367236,-14.686162529387895,-16.352869208568237,-14.064365455363076,-13.185766762364182,-12.254889801635933
629,0.0,-2.249181547497275,-5.77472076372066,-6.61057748207048,-13.308405839566124,-12.183823743165334,-13.915598931564853,-16.55826652228886,-13.507493449752582,-11.148837061554072
630,0.0,0.2439692066900787,-6.9970567346407515,-5.950260092880169,-13.066419868626188,-15.861392081922848,-12.702514284074281,-15.361783776403682,-11.873314339516847,-12.689664566969821
631,0.0,-2.1592303790766603,-5.323737699182044,-8.262723369350045,-11.98709828115377,-13.107031780800888,-16.317807581416155,-15.320329830817217,-14.085156121526373,-10.515508862388455
632,0.0,-1.1387400995210673,-7.671735163049231,-5.898746029534156,-12.43234661751979,-12.39316809671081,-12.502841136020074,-15.488030380209363,-13.046139677184986,-12.138390554360413
633,0.0,-1.3855386599190362,-5.373784079032067,-8.329091281748028,-11.862211130925028,-14.121068837904483,-13.363711210921194,-13.073498955258245,-12.072582196327394,-10.088247781218577
634,0.0,0.4601986366004751,-8.307708177493263,-7.546107430730291,-13.787647348979648,-15.81219442527557,-14.098126567266803,-12.625517201794292,-12.28907262124385,-9.60082909604818
635,0.0,-2.287807724391952,-6.817678607144135,-8.826115246943095,-10.547232174483883,-12.375544534806414,-12.881100981159548,-13.561966010998152,-11.503372095009293,-13.298208286025394
636,0.0,0.045603403976000045,-8.189652491242398,-8.40799351334629,-12.238196678533745,-13.05420065863569,-15.939526774108286,-16.142128708563433,-13.47013712023213,-10.86377763296602
637,0.0,-1.609600899624637,-6.709763126399729,-5.8373010268042655,-11.708645072843877,-15.079812626380665,-13.034597447049947,-16.23255102167891,-13.077772800838385,-12.065361645184986
638,0.0,-1.7137913441694184,-7.684311802578507,-5.873904593595531,-13.643225484313401,-14.899336070088186,-15.373828121160653,-13.14476150594939,-14.66943914998939,-10.297280681242249
639,0.0,-3.2175755054377317,-6.435793885583665,-9.339360121710861,-11.528135279109005,-15.196366280691699,-14.005907956364533,-12.823937300946755,-11.321934826627396,-10.4260735988008
640,0.0,-0.7647648963358988,-5.929519345407975,-9.549505771607317,-11.8141718178099,-12.72521897777418,-12.82628573923708,-15.460986418665733,-14.394479371401681,-11.89810632234347
641,0.0,-1.4761600388510532,-6.023821785899459,-5.729489291928402,-12.581863647963546,-14.248939979864666,-14.874826584997905,-16.324716814585003,-11.499232614192103,-11.360703118773943
642,0.0,-1.917492546467964,-7.429602634652431,-8.637751689186858,-11.69448560186049,-13.827054044098585,-13.54244688923346,-16.08407511164684,-13.97341565060834,-10.07109796254787
643,0.0,-0.42944785455910583,-6.348175245822812,-7.659991052358124,-14.261988697133894,-13.314929999651007,-16.209732117430367,-15.04248713711161,-11.465475132322446,-12.575758451713627
644,0.0,-2.0156293325321615,-6.187623548156481,-9.186926053264179,-11.949639979895558,-15.111381409626041,-13.754264902796287,-13.572228368808128,-12.715543844271869,-13.025250928177545
645,0.0,-0.4210387522343826,-5.147814523581697,-6.617319180713743,-11.516792293490177,-14.130827863616352,-12.875210488721635,-15.37352055056937,-14.877128706613897,-10.961017521764438
646,0.0,-1.2614538014053085,-6.041410529099814,-7.2096606936812275,-12.442125103572554,-14.849509904264163,-14.715027520901902,-12.826149386240067,-11.797358020056338,-12.965433080388005
647,0.0,-1.3570472543390895,-5.975587597955299,-7.864600496217259,-11.674403814437063,-13.386701467903485,-15.262820101026591,-14.349391867204805,-12.881691039875756,-13.403441836380157
648,0.0,-0.05634797511813927,-7.490732434169599,-6.038316827426895,-10.963373448399116,-12.024496343756432,-12.747050773865704,-12.771583659686389,-12.587341878549843,-12.812596747981331
649,0.0,0.4553342664987672,-5.925306728573206,-9.00709893549868,-13.804192786974939,-12.167747983178547,-14.995025226496107,-16.492946722026392,-14.418396878673263,-11.246753987637941
650,0.0,0.009334350275369552,-8.470541471365658,-6.573134813149293,-13.03692455072056,-14.28177839537063,-14.703882687954094,-15.070438946858456,-12.362200210857534,-10.843570675102976
651,0.0,-3.1379897228072773,-6.837727200139708,-7.998047394804237,-10.490502527101413,-12.680086684554082,-15.747641558754081,-13.247162813952585,-14.921027437082333,-10.787108899763993
652,0.0,-1.5165049025173933,-6.011203276738277,-8.362061333956929,-12.835292023447941,-15.877468867660356,-13.831346052527422,-13.444664235036624,-12.087652525830254,-10.651431087994235
653,0.0,-2.0642565946458484,-7.302390288441076,-8.885274216826357,-10.572578832267112,-15.142238865882891,-16.0803099379863,-13.66833123436108,-14.496955581813635,-13.42321477090686
654,0.0,-3.048352804549709,-8.611424993220725,-8.366562025215003,-10.704623116276787,-12.914446997242148,-15.649570412271885,-14.439919627665873,-12.278984999697355,-10.386084061282864
655,0.0,0.19947886136714876,-7.740316100582237,-8.303685524569705,-11.492169707974867,-15.891932952481376,-15.665177027553248,-13.379035479574148,-12.755694701244838,-13.152055095242583
656,0.0,-2.807554305498814,-7.468233208091136,-7.397681556197881,-12.117058352438475,-14.10012225880472,-15.223666490077601,-13.048054628234143,-13.026276741385786,-11.675595649047654
657,0.0,-1.9209297422477156,-7.019762777408709,-7.733270858545582,-14.04324705750874,-13.396584470212265,-16.368267361047103,-12.693922344781793,-12.768209595378286,-12.113058021200146
658,0.0,-1.5305451371816696,-7.072528281327163,-8.003189172438606,-10.783595868234357,-13.487554358965662,-14.845737603378387,-13.038585805475824,-12.33493150276343,-12.358018669146439
659,0.0,-2.045493715246273,-7.636604686224284,-6.14112298706654,-12.68833860056404,-15.007638799014268,-12.569634544438555,-16.319754905829505,-13.500091873994213,-11.02798491741955
660,0.0,0.3995044411711204,-8.702618867372093,-8.44649867145838,-11.784535065396732,-15.633105322712208,-14.686479621088607,-14.862787542622799,-14.113311213164886,-10.021672052407155
661,0.0,-1.6753854830005337,-8.321188645689574,-7.6502954571250825,-13.733632231203082,-12.944074549775985,-14.34452838332647,-14.186114117833863,-13.417334857951168,-11.682736742165186
662,0.0,-0.4153040969664099,-8.888694061918606,-7.674911481461599,-11.172915922020332,-11.968091161307335,-16.204860453052692,-14.79528212872623,-14.68509210449215,-11.258150567532557
663,0.0,-0.9653361119713737,-5.864617725509831,-6.750028869605558,-13.144311191114168,-15.542995119314632,-12.61662080331806,-14.961388766027506,-11.392481306951131,-9.75354559233695
664,0.0,-1.222572954362788,-7.479241727415168,-7.845598432760502,-12.184771112257287,-13.97609360988363,-14.735070891042117,-14.607990818123088,-11.407937983732753,-11.008442044387888
665,0.0,0.3044886069811512,-5.09868990366364,-9.002320544960366,-11.789331829401204,-14.601001737459054,-13.20507846111531,-12.995654785324472,-11.756673087351775,-10.027334189519111
666,0.0,-0.8687323829339251,-7.57608544779316,-7.320756030214673,-13.391900068926407,-12.718966524964177,-12.624216460873672,-12.851375653658753,-11.915926758699436,-12.109815890493088
667,0.0,-2.4131439216756165,-8.820752561488696,-8.83916135533702,-13.047631862124398,-15.339722474684036,-14.573637687769883,-16.152910952756883,-11.82423771597914,-11.455138346853477
668,0.0,-2.974312857656067,-5.190121916667795,-8.828997335666857,-12.469310746900092,-14.387708294612812,-13.643565671107908,-15.369714481025511,-13.02552013754164,-12.127406478793812
669,0.0,0.13597972486171894,-5.781252204623618,-5.592240963608278,-14.344117334264665,-14.078312824304211,-15.299646584322883,-15.057487698786199,-14.05189754481041,-11.559957952517301
670,0.0,-2.739786567972748,-8.480265852101953,-6.46775676548185,-13.653677274269578,-12.32174217171972,-12.994303371234231,-14.034233583655546,-13.923847617759167,-10.570347653298269
671,0.0,-1.4727372434620851,-5.486911969698988,-8.38224888505566,-11.696041268576066,-13.833988180939533,-12.90975331448967,-16.4678246758587,-13.124569126138542,-11.522440203145491
672,0.0,-2.2548517331163507,-8.072906638737955,-7.360011198877729,-12.211558506225119,-15.003993334076284,-12.907057381740204,-13.164776517390024,-12.608785503786441,-13.398192154264343
673,0.0,-0.25053232363672784,-7.321004265577269,-7.15086369600227,-10.721090069491485,-15.389698131297274,-14.354450484605398,-12.904055328361814,-11.570076450890564,-12.930268337610613
674,0.0,-2.555140965969609,-7.767616369620075,-7.339773611878561,-12.855270226403949,-13.016806286504902,-13.27630902941631,-13.574802836678886,-13.510664830267816,-12.989740051761714
675,0.0,-2.0049734387548215,-6.026452391799909,-8.182577602133632,-14.288272940329085,-14.691837170898138,-15.880100691692473,-13.436025692497111,-13.516365977867054,-13.461621748035821
676,0.0,-2.9410469335732623,-7.069251686574753,-8.702715463350831,-12.690137355971098,-12.637712316324984,-12.51638378854425,-13.45206611840109,-15.167145408271866,-11.45216657844077
677,0.0,-0.22819152370371976,-5.525600754062964,-8.188983219178636,-12.056483016904494,-14.000697252846718,-15.945458481957687,-14.266132708289511,-11.894232961231864,-10.415232524069982
678,0.0,-2.609213943468934,-6.83394492436907,-8.870749098962511,-11.848130155254355,-14.253075074869699,-15.015276693623523,-13.012279205571573,-11.44910572394707,-13.156395534243316
679,0.0,-0.42368946011576236,-5.895670322991567,-7.760859258191997,-10.763933486381024,-15.141959547748899,-13.424258502177894,-15.712735427609664,-13.269200642940092,-13.370169675619163
680,0.0,0.13123468899237167,-5.750522344168033,-6.245904100441933,-13.032823171645664,-12.423525341717095,-16.370773410727022,-14.830263624140837,-12.389726303060321,-10.268000833833806
681,0.0,-0.11011188174794873,-8.216728768811793,-6.179373796511038,-13.520683408590582,-12.99613262563524,-14.224635680067468,-15.676489961717978,-14.292010839599635,-10.679069603826362
682,0.0,-3.0442332918294883,-5.096574992577594,-8.269282379660446,-10.553450231377646,-14.490526911253712,-14.91065838734213,-15.384493818476253,-12.311913777200632,-12.188381039453976
683,0.0,-0.6043663612072674,-6.752890070591663,-6.564378612718402,-12.19031341691257,-12.114191759075402,-13.701280342496215,-16.209224164509802,-12.595300325783755,-11.307546600016018
684,0.0,0.659347283974415,-7.513836847467223,-6.307466409222137,-12.501609417177162,-14.613441924327653,-13.202716911290864,-15.942566064976123,-11.422845034139158,-13.128194060721066
685,0.0,0.2390974389968683,-6.598086281966189,-9.024007891920055,-13.22786299787895,-15.927378673721176,-15.17912369389413,-14.740682204078846,-11.801141076029369,-13.263783151552676
686,0.0,-1.9813047602678877,-7.251204963995907,-6.176920409005943,-12.114691394061301,-15.501397094227842,-15.755961961882031,-14.91684951538704,-13.198784410408027,-11.16285622694473
687,0.0,-0.40685108793609936,-5.289981249546737,-7.787413556515019,-11.502718368898421,-13.420743004747653,-14.340861593849487,-12.680073424375161,-14.253055632804042,-12.861622761903046
688,0.0,-1.793321135586415,-5.440396841693523,-9.287456068482756,-11.975438917212664,-13.606525078431297,-14.583245749313713,-12.719221898066245,-11.807679575247711,-10.100272144623666
689,0.0,0.3596103229909766,-6.820971939007535,-7.754088290297785,-13.348831188395202,-13.299576438084,-13.662297428787967,-16.248919897473872,-11.413979538466764,-12.75301184002685
690,0.0,-1.5249966476482442,-8.665117587167448,-6.810372008740666,-11.900294327765371,-13.34535470925823,-13.39879153361981,-16.05657981325643,-13.85206278323984,-11.485692100994356
691,0.0,-2.7540646577316896,-8.113499966248165,-7.184763977117997,-11.349197375621008,-14.64249535600138,-13.562310799332463,-16.47306677600167,-11.651391235389907,-10.41639098658989
692,0.0,-0.3788727178948652,-8.162889309940581,-8.99843195829816,-12.287130098892504,-12.818291871373564,-13.241019498346636,-12.746226863022732,-13.03697108481771,-11.058623198109752
693,0.0,-0.7089044925841632,-6.554867498718886,-8.075815866245637,-13.820979871199913,-12.513636997807753,-14.028451304785822,-14.442704165589268,-12.528150178761265,-10.450841495589643
694,0.0,-2.47533739977415,-6.677676334068218,-9.113131829823597,-11.443280145339186,-13.736354534155232,-12.492074412076466,-13.817583376290354,-13.194334076414883,-13.154182339071065
695,0.0,-0.9718751246418131,-6.243927042728117,-8.541232514583205,-12.370757274545374,-14.091666479081928,-13.00440943991867,-13.09085878465486,-11.358714034598,-10.449825399981483
696,0.0,-1.0798395548307242,-7.2353017718526464,-6.590221480280546,-10.844964385579317,-15.256490656732447,-12.863769831326369,-12.908276805598032,-12.19610862055172,-10.4394088580671
697,0.0,-2.8029065721499364,-6.291676729775205,-8.30614925926234,-13.737602152265215,-13.906074669505688,-15.652056140023827,-15.55292263150346,-12.02044258257936,-12.429187437414013
698,0.0,0.5679483660115769,-5.444070779084726,-7.905454296992344,-12.372420330324985,-14.26731283424732,-14.941499844323001,-15.11811866233145,-14.199539507908927,-9.670536842435922
699,0.0,-2.5107790919163993,-7.86617327838459,-8.42967725996673,-12.091121457572651,-14.893009330555694,-13.827937109621805,-15.16466901151988,-12.097781558572953,-9.72943937576213
700,0.0,-0.29585705627170444,-7.087815604105524,-7.181982059610052,-10.956263353504074,-13.869592032784183,-15.745608988709895,-12.999288747056358,-12.886557721916475,-13.033930296543257
701,0.0,-1.0344088442757804,-8.390999150756716,-8.127042974225638,-11.940323658689671,-13.795445057644667,-14.89617773432836,-12.869386195557693,-12.18569723099258,-12.624698792850165
702,0.0,-2.6814188416171985,-6.2603135480162955,-9.373691898002907,-12.747904063397106,-12.362305387387,-15.783383718947944,-16.269011662193112,-11.325062998663665,-10.541412979437201
703,0.0,-3.204977480998673,-6.943200652784035,-7.194461802038823,-11.538757013192978,-15.679730480700142,-14.900219805023296,-13.809195150521866,-12.676368574124469,-10.653693079195847
704,0.0,-2.893158087907707,-7.95080609756534,-9.392499649347304,-11.692873689398379,-12.607915224651842,-13.265018418579487,-14.8429389790634,-12.751492547626999,-12.008758094141664
705,0.0,-1.4248548478997616,-8.638673895463143,-5.758301839510659,-11.361427618428404,-13.359746061827767,-14.743811185298485,-14.587761605876075,-13.846903567604876,-11.788568132384407
706,0.0,-2.051275847499202,-7.169909409823811,-7.067454101296337,-12.75298969712318,-14.275377617149026,-15.519545075824908,-14.253838538522656,-11.231526431507945,-12.544866381111271
707,0.0,-1.584547213036931,-7.132999763329458,-7.070656355889211,-12.499885529185375,-15.165015931686899,-14.132944112671927,-15.832696392436308,-13.653278813980583,-11.573040102557242
708,0.0,-1.5102580978457965,-5.98573841562166,-7.5087180256642885,-11.414865156859916,-11.964411334113326,-13.549106796415234,-15.345404110124855,-12.997762330641251,-11.814103215329945
709,0.0,0.4080533361806009,-5.399407635484041,-8.004568597368824,-13.946408949510028,-14.71659217583731,-15.403751451503332,-15.01258278034639,-11.928925642269114,-10.837411476108484
710,0.0,-2.885743979727448,-7.007317142324691,-7.499506218393069,-13.582346653592591,-11.959754815655382,-12.644551438367236,-13.796256756328113,-14.99395248858068,-10.14440327985091
711,0.0,0.579726696059844,-6.983252041800203,-8.086637726298992,-11.63426669841036,-12.45120224223443,-14.447517970454443,-13.731586396748414,-13.858311025202024,-12.46111373413588
712,0.0,-0.8036273567413628,-6.690322174022848,-8.364415364503541,-12.642004822794863,-14.93304926831279,-13.702389363393724,-15.235448485151453,-14.881924427711235,-12.030417510977998
713,0.0,-2.4892981940235273,-6.568423668922916,-7.26003601371796,-11.289517108388429,-14.816868009353302,-16.303893573723027,-13.497068571764286,-12.016314965737951,-10.298899548883595
714,0.0,-1.550405783589612,-6.981756058545373,-6.257381806361775,-12.322682477609309,-12.579055640645613,-12.765338960376425,-14.87556571543329,-12.94016029441974,-13.37404503768399
715,0.0,-0.5702289053943397,-6.714789992620345,-9.178933413220165,-10.538272923260427,-14.306822306275798,-14.648883245572723,-15.880218179927354,-12.96583331992039,-11.629198291855175
716,0.0,-0.5427770710609123,-6.109013814366944,-7.048628394972938,-13.255708662063288,-12.401150030083137,-12.662989791628785,-13.239821770806191,-12.323675959396468,-9.959625603782852
717,0.0,-1.6924512184084637,-6.748306246222937,-8.689380193039426,-11.272937284512683,-14.689367425425914,-15.993521254464222,-16.098590627014687,-14.032569300866244,-10.574981663132517
718,0.0,0.529452901372947,-7.293334590552032,-8.31149346089176,-13.106944077892106,-15.011447599531197,-12.675020875138141,-14.399425743443933,-12.25244993649559,-10.769477686091866
719,0.0,-0.4534302480469141,-7.930533211414097,-9.45911194198208,-12.309710623335748,-14.258499045293945,-12.83747195956803,-16.56190793343429,-14.657732483839514,-9.55880304016536
720,0.0,-0.26921441546597613,-6.609983540268505,-6.817136874822752,-12.244230055204861,-14.650090861509558,-16.389580629019488,-14.860847256650803,-12.568493625781258,-11.446695344061322
721,0.0,0.45648525426690734,-6.7629304946712665,-6.597736998985052,-13.975469851177555,-15.68194802830089,-12.73977700753358,-14.508509094423571,-11.555318118465603,-13.272041086069056
722,0.0,-1.4799822134488592,-5.802522012217604,-5.647329590187248,-10.7076983072424,-14.656320929325455,-14.46569575868562,-16.00202449133158,-11.81488395427617,-11.886944075245061
723,0.0,0.24925181857348244,-5.499172769492601,-9.537829684697405,-13.1266539782286,-14.489158519774332,-14.899754925051486,-16.2175459907902,-13.32808146652961,-11.119885581528255
724,0.0,-2.928093293808517,-7.525177516948748,-8.29515070724063,-11.215572780461404,-13.024296886103699,-14.106358740784124,-14.029504213865476,-15.092299009504822,-11.168938890254132
725,0.0,-0.25746329618042196,-5.483302483857565,-9.236421208372226,-12.330607920517371,-13.799937949806482,-14.180897341240309,-14.248088914952872,-11.834439169798932,-13.210684870179323
726,0.0,-0.5939989788085889,-5.728605383094954,-6.054052791697565,-10.35502584315511,-12.436167210769948,-12.79654813519739,-13.979984766352187,-11.58540927703786,-11.078101333258566
727,0.0,-2.3248973734371834,-7.156343275025257,-6.446245889312804,-12.195174130826697,-14.60901131177928,-13.173485733168631,-14.475784612456463,-11.882493363714863,-10.949845983973312
728,0.0,0.5149640164548921,-5.21451766983637,-8.725691571676204,-12.106071059836058,-14.145119018754945,-14.29144324307006,-15.010559955374312,-12.015726983835126,-10.674480569126716
729,0.0,-1.5236797485654636,-6.890157089927664,-8.560319855183737,-12.516761969167803,-14.915708111025596,-14.830289170730254,-13.765750876479588,-15.160459463053225,-12.378905016797189
730,0.0,-0.7807054688085207,-8.752236252453228,-8.093888619479038,-12.414876356581503,-12.051380662522712,-13.415150535353327,-14.343003431833704,-12.297233155247113,-11.879796684612405
731,0.0,-3.027398624751388,-4.97906496015891,-7.797290371921332,-11.319212788561018,-15.854866242414973,-15.94324952802026,-16.212887139600326,-14.699515228755743,-11.107937824967046
732,0.0,0.34608026928500557,-7.139641471572849,-5.9092035177941185,-13.915498663976141,-12.308356096590515,-12.964958036914627,-14.920514609529981,-11.874006989962218,-11.249933475149344
733,0.0,-0.6737276971237036,-6.97102739723694,-7.026508304576238,-11.611385950420399,-14.8228696021691,-14.655606699066844,-13.099999036220362,-13.716698165214979,-10.602488806086956
734,0.0,0.21546523502241044,-8.53018669249136,-7.142788092393,-12.472034850105434,-13.528228791114802,-16.074543391494544,-15.064319725551819,-11.685464318199001,-12.222211209581737
735,0.0,0.6642680117899507,-6.7424422290074215,-8.820217181233943,-13.268020213288862,-14.175430410008644,-15.422513233491877,-15.207018997210275,-14.346223232093344,-11.517970591846472
736,0.0,-2.06025076947814,-5.7348238518532835,-7.171703299004669,-10.67248977389696,-14.880533943570692,-15.54961699903178,-13.462546679314384,-14.42000574262219,-11.64085582744098
737,0.0,0.7159749295806432,-8.341819584567657,-8.037283626448358,-12.967166028532443,-13.610403179021723,-13.039399892370856,-15.537354509287356,-14.65812092714785,-13.26176169306162
738,0.0,-2.3191588267258596,-5.219584933762077,-7.202525828144258,-11.868244095599508,-13.565404899146372,-14.68358776537251,-15.306772067067238,-14.016047384550632,-12.595636508049308
739,0.0,-0.6184121878126607,-8.756678063883793,-8.687256462015554,-13.448199909438422,-12.332143991532277,-14.55005140754315,-15.549833279720477,-11.602622765488537,-11.097321317630234
740,0.0,-2.1299784704980356,-7.419338901587123,-8.947050189591712,-10.481041839867034,-15.79275383429691,-15.38719955931191,-15.89791758277909,-11.433576088067396,-10.178848453234066
741,0.0,-0.794664889658065,-6.665767063059246,-8.796271571651253,-13.335699170513928,-12.524510153522684,-13.45943125847155,-14.161612441161548,-13.418953993034526,-10.290384567952284
742,0.0,-1.8116895354869247,-6.856735016690106,-6.990641360520965,-14.349020032364706,-12.488870172482207,-13.043366104434076,-12.984274395616746,-12.690871379308096,-12.77778340362245
743,0.0,0.011927874581120879,-5.5849146766663065,-8.76932106393277,-14.319775422174084,-14.321187572453866,-14.131648968542478,-15.308445382037917,-14.176705618872456,-9.741884264547856
744,0.0,-1.7257719502261855,-5.8991159059653775,-6.94495097667559,-14.334902134782908,-15.324117579323133,-13.411784754207913,-12.65563629901683,-13.934912502289455,-11.956558879945439
745,0.0,-1.616685841212853,-5.956246321171745,-5.753443579482612,-13.52911333971311,-13.216468206845649,-15.237246011144155,-15.935958460428509,-14.040244790270952,-9.968916970021251
746,0.0,-0.2989883176418444,-7.334333594427647,-9.469063160421994,-10.667211954517096,-14.830314689077637,-13.278309447798017,-15.379712697431266,-11.442622774873339,-11.319260666774158
747,0.0,-0.7632535461513501,-6.323678341751164,-7.3854797892624635,-11.031681152866875,-14.8252504295793,-15.334898914321027,-14.782787133042625,-13.876758059533323,-9.546836786195819
748,0.0,-0.14225861850430732,-7.596847916742005,-6.830778889814406,-13.924069143326635,-13.002550261510653,-15.72150381394948,-12.67915589114282,-13.89161233499351,-12.345085376088761
749,0.0,-1.1597081675309506,-7.435592134199203,-5.580196569140284,-12.661954012736032,-12.360029494893801,-15.285193676075858,-12.651585023018633,-12.560663788279701,-10.313197139584595
750,0.0,-1.230724245061695,-8.696121229950014,-7.992016923038179,-13.514189724060222,-13.52419681918824,-14.401221779554787,-14.233051730461924,-13.226910926600345,-11.575383842951204
751,0.0,-2.240033652274025,-8.312541966962831,-7.753554785462575,-13.637819954213034,-14.390876673192475,-13.350162967960276,-12.779597457478456,-14.981770340866545,-11.612827320541388
752,0.0,-1.1224867105078404,-5.508087943336445,-6.78918216564379,-12.597819738981125,-13.06335577605104,-13.74863449719579,-13.93728577664858,-13.803664136814895,-10.992951660118699
753,0.0,-0.1496394969799959,-6.694783819353332,-6.718697011357191,-12.705165977251756,-14.406929372835389,-14.255954223840922,-12.641032778847055,-14.218770344057832,-11.976789867086257
754,0.0,-2.195095879901226,-8.722709824076015,-7.10544581320393,-14.158761325855403,-15.82076828877305,-14.425233946498754,-14.60812169374539,-15.10531070983623,-9.587009944434318
755,0.0,-2.3289060522285734,-8.153438505981415,-6.62751651156401,-11.305692521726824,-14.708749606241634,-16.414654075384504,-15.413428684202987,-13.85516360971828,-12.619263603092703
756,0.0,-1.2131110458142116,-8.459545386046408,-8.422380081776984,-12.923111424265482,-15.336316203577887,-16.272814503878582,-14.835327987646831,-11.764986143216628,-13.410759183073344
757,0.0,0.6842300599971685,-6.251545651428994,-7.48905258157,-11.207900106311351,-12.29884873057887,-16.397576145855176,-14.484335872479601,-12.30057158495422,-9.580676171162668
758,0.0,-2.1722116415054087,-8.835003609630151,-8.574384520268254,-13.9932683717789,-15.932380184719145,-14.440247012514678,-15.387938173455197,-14.579316480611622,-13.019872901829418
759,0.0,-1.9189797755839866,-8.412066804926125,-7.4491487423408635,-10.713116657773671,-13.228029951211873,-12.873722484088804,-13.993239941361232,-13.519489382338751,-12.716987842212315
760,0.0,-1.8172368048758165,-8.256514939786456,-8.449947515535538,-13.052801440015095,-12.844324653242674,-14.978111830836749,-14.11527234386617,-13.073966759702353,-11.717791588993693
761,0.0,-1.5194042091349729,-6.933981195857985,-9.515445656524085,-12.120678502246802,-14.37320243626612,-12.92215953328497,-12.882443364980446,-12.464835080471856,-9.536403636987126
762,0.0,0.44409299797034363,-7.921991195053488,-8.668741871840243,-11.757418457972154,-13.648815541461326,-16.024279018408773,-13.792673853695405,-14.86646674339743,-11.222656156440815
763,0.0,-2.8384300433767953,-6.336224690238116,-8.320434856858725,-13.373811514063659,-15.238170443351553,-14.85064951328751,-15.169056899789004,-14.580709025312355,-12.167035214190038
764,0.0,-0.49208684012046877,-8.329297139266728,-5.643126957603112,-11.49936193253171,-13.563134515631653,-15.35487580716485,-16.090700283084587,-12.448452870380198,-11.959000135453614
765,0.0,0.7619478950952447,-8.094656481656198,-9.481355744587129,-10.842217434079373,-15.41412578248464,-13.483304357210582,-14.672795549442284,-12.489603650073098,-11.623874622607943
766,0.0,-1.8479140809074652,-8.686851185707788,-7.370528654448551,-13.095217227477484,-13.047256385851856,-15.585244689872152,-13.356643557227438,-14.502127503472835,-11.742420009677652
767,0.0,-0.47430883885604436,-6.462247800691566,-7.731852566642143,-12.032027695291948,-12.511203715478473,-12.84389494759148,-13.758720106254987,-13.065054196178345,-9.88339156732695
768,0.0,-1.2086343393893166,-6.678955303975414,-8.995634205700666,-13.76949071133056,-13.945616898822985,-13.771974680327254,-13.292740654949872,-12.901494182525871,-9.905205569134203
769,0.0,-1.3953332095344424,-8.607479747809665,-7.939499462633893,-14.07177149029859,-15.872698643350471,-14.149306962712224,-14.384560580863193,-11.363189137410233,-10.319502350280343
770,0.0,-0.30958200217232346,-7.254840249005977,-9.435017440446403,-13.55466769970234,-13.496338072693078,-13.820521034810383,-15.969824274009799,-15.006617939084817,-10.763949518667092
771,0.0,-3.140482956170431,-6.451446142174961,-7.853147806587144,-12.895393740099049,-13.357287915893217,-15.243413497167195,-15.32981109409687,-14.947126938992124,-10.162135697565809
772,0.0,0.6954583491311066,-7.237416437960817,-7.272988149255951,-10.98909710396524,-15.47519316091076,-14.95076525854597,-13.951547791050174,-12.799447069767792,-10.131428598824387
773,0.0,0.24056937965193015,-6.759780716003307,-7.355190785558887,-13.019934144398993,-14.244238385368782,-15.531263917953186,-15.72943385309187,-14.758954440821908,-12.338576416772915
774,0.0,-2.505100074905422,-8.086729495360581,-8.931818248142136,-14.336713584825066,-13.316351413985403,-13.67915277828033,-15.34679198518276,-12.6601917962896,-11.391129684701996
775,0.0,-1.7190756928223314,-5.854346394173266,-8.33319527633792,-13.777134717947714,-15.043547225246083,-15.566723139859684,-13.064497519047327,-14.54790243977394,-12.783122435045566
776,0.0,-0.3060542799177681,-5.655641423368223,-5.962393516121837,-10.51157207263529,-12.009410324854311,-13.087937627448525,-15.147931158603187,-13.496548821249311,-9.893532899162448
777,0.0,0.5333662898284404,-5.705258395877658,-8.441195492169909,-11.358109087031242,-15.28001036349967,-15.59611552802919,-16.060255884095064,-13.880515304982694,-10.713813910446486
778,0.0,-2.3450372653506935,-6.5755937834776805,-5.929676623504214,-12.72146988619718,-12.36478277024884,-16.17972771878768,-16.56548409950664,-13.49948630288681,-11.44380314865433
779,0.0,-1.4211973269449154,-5.579057148859924,-7.147780325115194,-11.776908923456329,-15.379623141392058,-12.634107692720889,-16.34600257988891,-15.033056584979208,-11.418147223787633
780,0.0,-0.7379530860269061,-6.810011002348078,-7.895436299272998,-11.044486769391572,-11.953935104010544,-15.684763083301256,-12.990054566852528,-11.244053871530816,-10.707106746743449
781,0.0,-3.0639734239580627,-5.607959547070092,-8.174674545944578,-14.330965407298377,-14.594200911611594,-14.783044353711983,-13.551199403198096,-12.216502123331221,-9.827224228871831
782,0.0,-1.9737993855033926,-6.150001910666846,-8.418457867548616,-13.386419839126647,-12.782247772406066,-14.040332202425473,-13.12325182509073,-12.8062053887803,-13.307477063218041
783,0.0,-0.943774045181117,-4.977853175448356,-7.167320351628639,-14.072394792821267,-12.252170593151078,-16.056464049907614,-15.231923914371569,-13.6839246904035,-13.276763837767836
784,0.0,-1.948651583082195,-7.7290200211645175,-5.858583376182935,-11.90395932490331,-15.054442442780049,-13.008738285364364,-13.6088587417514,-11.300250128046162,-10.37476564965354
785,0.0,-0.5037134614402037,-6.864280722002913,-6.083168043901653,-13.28081327427612,-15.826341073452234,-14.882024672328898,-13.43854668660698,-12.844123657921395,-11.136753536942594
786,0.0,-1.2276204197113985,-6.475439370521755,-8.507894767423403,-11.264854030834673,-12.867415602797184,-15.779330683444204,-14.016434092606316,-12.306607165010465,-13.023059659066796
787,0.0,-2.331593314638012,-8.842923625468925,-7.716455483072351,-11.58998693138056,-14.208231157612706,-14.035911777814981,-14.62761809257686,-14.587677787038615,-10.083589835166183
788,0.0,-2.546416341882609,-6.52526516475479,-9.167513499624903,-14.177491371584203,-13.842543130741088,-14.814362238775526,-13.074656245967828,-13.704959688960754,-10.177147561494127
789,0.0,-0.10567390072463834,-7.559538068455408,-7.373352301051334,-10.718526978585885,-13.984957760997869,-14.062670871748256,-14.6404698563591,-11.702020490720766,-10.692678923941141
790,0.0,-0.6065122325354291,-7.913143804653933,-9.240124603540567,-13.17454103919342,-13.006089538979976,-16.349282835809028,-15.655136379117137,-14.062674960046149,-11.46229466920087
791,0.0,-0.8919158396655376,-8.315168784894777,-6.303358226733144,-13.075062697506539,-15.685613066495291,-16.425792760099096,-15.596765421087195,-13.74938005062446,-9.954459774969093
792,0.0,0.1326962899056756,-7.736798311259952,-9.238013563198802,-10.803911055736846,-13.911736883091077,-14.796581673100691,-13.133995514628465,-12.466634255349113,-12.672917688372918
793,0.0,-2.3657025180523488,-8.134609192702655,-9.532901080568775,-13.315331174334247,-15.838260935109544,-12.736844700737382,-16.37861881987472,-14.67935354861173,-10.51827193878012
794,0.0,-1.8604654629582018,-6.007422752407504,-6.960312448739448,-13.70684403852448,-13.307425761444184,-14.82753093676886,-15.590189762357342,-14.227703991218839,-12.58344794460226
795,0.0,0.6213214108226133,-6.235527605704659,-7.035456597730681,-11.881201782453017,-14.289116962346812,-16.027469406977797,-13.96599851980341,-12.437157104498631,-10.567617435743525
796,0.0,-2.623488547434631,-7.573711616804067,-6.701909049722769,-12.756386166414922,-12.82033091927279,-13.181172703656829,-16.02889859012577,-12.127141445385838,-11.10559608546897
797,0.0,-0.6518634289600986,-5.318834831650397,-8.913435865291087,-11.726393598375683,-15.859069103898708,-13.77804360955556,-12.667007501134266,-14.26909067291825,-12.909470890671557
798,0.0,-2.439298969580414,-5.810716793468611,-7.374011461801427,-13.624230971747245,-12.839946121307035,-12.88984466631663,-14.074650186326162,-14.624517705879846,-10.21487283258738
799,0.0,-0.6233798800592241,-6.516713655345315,-5.704134587695462,-11.524805590184888,-13.788521177988962,-13.824649860022422,-13.998325914491573,-12.681317680138891,-9.541053261866491
800,0.0,-0.21054172623459078,-6.851107724962612,-8.572985415694335,-11.885591949713131,-15.21391196853868,-15.190261341017957,-13.559767826957815,-14.635409593876568,-10.947385107090597
801,0.0,-2.898748601794285,-6.318687816390929,-9.280011278969646,-12.257964409749274,-13.349213011664746,-12.558804657247848,-14.445087537643783,-12.800081054068192,-10.362347301910583
802,0.0,-1.2512467198499269,-8.423028523459367,-8.375574149645855,-12.77331748538089,-12.147202871351958,-14.85763053140861,-14.382136526211102,-14.229381773592863,-10.607431181426577
803,0.0,-2.72055032709936,-6.492391299272974,-7.638427704950912,-13.058396281726864,-15.425047564381806,-13.41227125262273,-15.095318571722837,-13.208210156517897,-12.67605377928062
804,0.0,0.353361419515108,-8.550383719447465,-9.40197732411082,-10.464605992601234,-13.76644412817205,-13.926393539646998,-12.642747705809608,-12.333211697790663,-11.755563890550093
805,0.0,0.31727084750451384,-6.919251941960085,-6.758964119796559,-13.517692990692506,-14.803138083554316,-12.480579783343757,-14.789407174514356,-14.047640128976045,-10.402930881313528
806,0.0,-2.5299743944777644,-5.995758193758382,-6.658393909339331,-10.797573511744313,-14.7792019024887,-14.043069622595615,-15.381027877173159,-13.505706822285564,-11.965221745577807
807,0.0,-2.7610754119701073,-8.378097719813516,-7.100896605739518,-14.14981608312409,-15.343423473458689,-15.512101907956112,-16.0897679845643,-13.741653334442754,-12.42109336842314
808,0.0,-3.0100448109303644,-8.449124859236067,-7.540109178099852,-10.518640757919275,-13.975257819237806,-12.823825826167763,-14.998715591274518,-14.145720047565767,-11.911836722020801
809,0.0,-2.0420420877609144,-6.814478855675505,-7.855419724598455,-12.42151368608616,-13.404784833700434,-15.825313509225545,-14.287224317234724,-13.927479549923202,-11.44543731685549
810,0.0,-1.4601717415959805,-5.50631650036188,-7.144265454294519,-13.953864960139684,-14.533827085296705,-14.069594824539193,-15.42023343712135,-14.885148542939838,-13.34037446125218
811,0.0,-0.6127367678751177,-6.3665341825532735,-5.683657861962975,-11.926288902799039,-13.17329235833722,-16.28396778932755,-13.791374109166508,-12.670158466978013,-11.457815699003925
812,0.0,-0.5172861593553795,-7.7149126219592095,-6.669319384957082,-11.719758088660946,-14.820954254455831,-14.751062642965623,-13.686904894798435,-12.484145182852647,-10.871574140253855
813,0.0,-2.2242528234872836,-7.208789140020576,-9.342773645691215,-14.252560081584173,-12.508805014251788,-15.533236018220764,-12.824622774624416,-12.728345023875395,-11.089738735021015
814,0.0,-0.609941665299714,-5.320917167647752,-9.18465403942469,-13.030094964155555,-14.990073703081219,-15.33678576399129,-14.575860484036602,-13.469461417086801,-10.478698538837742
815,0.0,-2.221936092850364,-6.364857515806511,-8.91655358548795,-14.062852706489448,-13.274423086453968,-13.5537712775404,-14.490722346620835,-12.473315937928987,-12.242778094397654
816,0.0,-2.1778034628359277,-5.1272847615034305,-7.838976503780563,-13.966264285938362,-14.355803833325703,-13.751093633736543,-15.390570105945923,-13.533755853783633,-12.654108880854789
817,0.0,-0.6886281538346593,-7.471073656802403,-8.690679628672086,-14.314953468510758,-12.602528632504661,-12.780260166181865,-15.140073708277232,-12.432315293129824,-13.209905893028049
818,0.0,-0.01115080626667364,-5.130977920250556,-8.962768647678612,-13.459416840291967,-12.516282518951812,-13.752552259735305,-14.995311804239327,-13.156958128729169,-13.487540185077918
819,0.0,-1.0837942196879133,-7.00164674518274,-9.018368415428522,-11.792182940471054,-14.86633888120109,-13.8695670613832,-15.103827662178984,-12.171850897735407,-11.67659643157874
820,0.0,-2.333680682756027,-7.1430724710700435,-8.527645583696696,-11.223096729684759,-14.458291786439558,-16.222158439102145,-16.535914438298416,-14.324851605112862,-9.912701041289795
821,0.0,-2.7627126061695364,-8.54875786882295,-5.975889993655789,-11.000125409174807,-12.772238122574764,-15.177579303030964,-12.78509881898268,-11.782257073515922,-10.858068920273556
822,0.0,-2.5084484686965585,-8.81452162147542,-6.756028426059149,-11.054432181076674,-14.853476637873904,-13.113710867379273,-13.50579647165954,-13.948779828065286,-9.592638827451808
823,0.0,-0.7199997216964156,-8.211538680901842,-7.217074704161815,-13.648509542865378,-13.738642610905769,-16.35703072869766,-13.96908416583958,-13.924027357288546,-9.657918800170542
824,0.0,-3.047151212494703,-7.039178316488817,-9.494422942267507,-12.951529974357602,-11.973474529040184,-12.59419031594681,-14.601189988744519,-11.563316387490659,-12.341671136349147
825,0.0,-0.7824121823578354,-8.473755269593612,-6.438922962143415,-10.50819304723861,-13.162211242443021,-12.580395608907345,-15.56456550141197,-14.494992811608919,-9.925497502395489
826,0.0,0.5056265481959614,-7.407985303588998,-7.040323043863541,-10.423198755935443,-15.865857880871742,-14.007665014845752,-15.233295778403326,-14.49943098599358,-11.53226841125341
827,0.0,0.7419806738924795,-8.746868297568719,-9.504179037852676,-11.156715505123826,-13.402447485587139,-15.527832693444761,-14.775760111998014,-13.745637885697061,-11.103427888596828
828,0.0,-2.650308143858208,-5.664096734852398,-5.839307775715709,-12.82328451627435,-15.464738848569509,-16.17294537333287,-15.348978298776474,-12.954479856265491,-11.820628333223816
829,0.0,0.5111632208906731,-5.157206358059823,-6.577911638412035,-13.827076969219037,-12.355462327819087,-12.85961400220479,-13.328227016242616,-11.313306249335108,-11.006964221440509
830,0.0,-3.033144861884496,-5.178076833871538,-6.541812431473095,-12.56990556829915,-13.10800696384737,-13.402425583184082,-15.156360388347418,-11.903562609034559,-12.173196160118223
831,0.0,0.6316453326734068,-7.6156279419106365,-6.1567069497436115,-13.614921713752587,-15.426774613210641,-16.067042760412882,-15.986960284937656,-11.982549168005324,-12.806849112074987
832,0.0,0.24418332570029122,-7.0470057882729575,-7.611832772820845,-10.607100254095636,-14.427537634586528,-15.25858718261932,-15.293580826980088,-13.36652864322597,-13.406039099943285
833,0.0,-1.3703214578863554,-7.112043305750063,-6.685894125283783,-13.623999954040835,-15.70352446052724,-13.816216256327502,-14.217797890920664,-15.129487552366532,-12.588664489030805
834,0.0,-3.221004555823618,-6.191323518682523,-7.0240481009513465,-12.955003081824199,-14.52546479086651,-15.388376450743792,-16.072887581146958,-11.48106506025837,-9.669471130743919
835,0.0,0.04207109257841379,-5.819696551096008,-8.28924303684046,-13.04316728134967,-14.585206373386145,-15.883090357285319,-13.688118725760518,-12.061396592789176,-10.243432673600259
836,0.0,-0.38702496072453396,-6.619740775210804,-8.863344873605513,-12.790725329315714,-15.452039388707197,-16.260118323292996,-13.240703596523282,-14.042924210650396,-13.056333742239017
837,0.0,0.451621343387155,-8.046460422717558,-8.957561026679153,-13.025542575681904,-12.088765877970827,-16.012344728763168,-16.254221816770126,-11.530174258624093,-11.492782558501798
838,0.0,-3.080091084866642,-7.856667270074252,-6.273923066485082,-11.17701500923122,-14.20764528931367,-15.09425853189179,-15.634536157564819,-12.721893092889088,-10.828767103793869
839,0.0,-0.7712968122568968,-7.889952253558324,-7.311101575512661,-12.742610691898458,-13.099063896911904,-13.31410927439866,-15.192224739748184,-12.950014342210103,-10.68576842008313
840,0.0,-3.125342560857799,-6.944596659530265,-7.426442322838414,-10.657366153202315,-15.36183906412957,-15.874598278182104,-12.646643118218773,-12.165708481450388,-12.477786751631768
841,0.0,-0.1178280731336594,-6.258586308416012,-9.558240625135193,-12.464879995143997,-14.378591529730283,-13.263767733333623,-14.796073269883607,-13.267267760939273,-13.159812362731497
842,0.0,-2.389953340733612,-7.811300261198595,-8.099899845914045,-12.49215131892525,-14.080718556691991,-16.398017429394653,-14.707962367544381,-13.611805452957533,-9.738056105112497
843,0.0,0.02396373469908042,-5.562733938988212,-7.666517075933582,-10.651693864554485,-15.026320968806543,-16.1195812989254,-14.88310891939998,-12.178754783542809,-12.916291439523468
844,0.0,-2.187995382611919,-5.669235972241843,-5.582878764465136,-11.474742255113105,-12.007811456461262,-14.207642383616381,-16.001622371576737,-13.287232396945925,-12.293775913165392
845,0.0,-3.086598556744244,-8.259407412270326,-9.470808895484783,-10.62919999761712,-12.969996306001224,-15.44996904956135,-13.849025238032935,-13.879147726904328,-11.081794643538274
846,0.0,-0.31597127142502757,-5.135557215605251,-8.224130368915917,-11.626645279468688,-14.27379312467984,-12.733536705011701,-12.675484466142048,-14.169335846460935,-11.776830527699264
847,0.0,0.32119351735931057,-6.363617864975181,-6.77458756058353,-10.445369663745401,-12.755452417046847,-14.727689111978723,-16.038639771181412,-14.239483778533675,-11.226212979795157
848,0.0,-1.9262761234579038,-7.210834672080346,-7.08811045155271,-11.76389539664293,-12.159803791621018,-12.856097867391052,-13.115676623443784,-13.78501774834818,-12.839403925776747
849,0.0,-1.9457738623385965,-6.719153948974155,-9.57023265420057,-13.778005157220973,-13.762993843064503,-14.987898464264248,-16.221145243743226,-11.776745878276175,-10.632061844034162
850,0.0,-2.883829958834556,-6.984654313321715,-8.07340955480263,-12.155388474404223,-12.228507766322737,-12.510127555012922,-14.656770000757342,-12.292634262027674,-12.057400512797745
851,0.0,-2.90563956499132,-8.774444890834783,-7.6310564621395525,-14.254081216694775,-15.472428511645866,-15.021523523210643,-13.831586796640977,-14.255552808926902,-10.086284775849977
852,0.0,0.16889793054506308,-8.316845416828885,-7.51398297259359,-11.365308139738117,-14.87787040418279,-15.854290700610017,-14.800901746546199,-11.981543215200212,-13.494735715456061
853,0.0,-1.655265016992307,-7.083023404344747,-5.985983858818436,-11.278347745080131,-15.25987069739066,-13.212803141907607,-13.840935985932754,-13.819057203767379,-9.836530733098867
854,0.0,-0.23992731488522168,-5.479822974410469,-8.063945810200423,-11.72199383914442,-12.119339600190361,-13.538903370991612,-16.43370146780299,-13.660047609755672,-10.883668808089427
855,0.0,-0.5409945720484219,-5.497346440054167,-8.500748092122684,-11.312737246307734,-15.766063434305622,-12.962847578860858,-12.688816708390839,-12.706449582203735,-11.62449464654708
856,0.0,-0.5131682791608849,-6.372635542885078,-6.797660503818035,-13.000222770213714,-14.31515528989315,-13.128320089454277,-15.49105648125384,-15.0391050917739,-12.445284595373051
857,0.0,-3.002854849894546,-6.585018949370259,-6.604361905232162,-13.186926030699473,-13.464746060778188,-15.713332262209308,-15.684869643446993,-12.32955868330196,-13.008851984197147
858,0.0,-1.7624715423459478,-5.2345473774379165,-8.874090570450184,-12.161079837621202,-12.0956617617678,-14.993538223413635,-14.472875578932676,-14.034392240710288,-9.945726968886595
859,0.0,-2.79411356206809,-8.058798445450403,-8.553713230284767,-13.190786353374808,-13.432235750941514,-16.364531899000692,-14.871200058883485,-14.620304071815388,-12.837309870653685
860,0.0,0.1411236761376018,-6.38666877900164,-8.866481850961046,-14.057646659971713,-14.330793347894927,-12.809476958531212,-14.818880710385274,-12.616183734373774,-12.998881011950335
861,0.0,-1.9610153755594715,-5.3529156843869865,-7.831632483423497,-12.729821702698086,-15.485573557350422,-15.72516556380442,-12.61708289992111,-14.369289232060247,-13.39457566059288
862,0.0,-2.2276236936922973,-5.113713696355207,-8.058534434326363,-12.36180563641628,-14.741697465447983,-13.758848973534963,-15.059818000404185,-12.664240877987623,-11.664055973118417
863,0.0,-3.020695733651188,-7.903130871397654,-6.316702885229066,-13.311884135467341,-14.31050942045811,-12.980562426787184,-16.06326965522509,-11.250007727764682,-10.70345511410471
864,0.0,-2.034754938966186,-5.4279554957352865,-5.953382835186059,-11.468104429910165,-12.958185255617483,-14.474176336213848,-14.689905244519784,-14.443368103082435,-13.060855212014578
865,0.0,0.3635990346202398,-6.197747279492871,-6.476403111855342,-11.495413358432952,-13.49352664872309,-16.26458931217771,-15.49700982947434,-14.204445978564635,-13.378757859314911
866,0.0,-0.7619302687965601,-5.433386276069308,-8.395693228412382,-11.217081199142934,-15.034478079484302,-12.641425759713334,-16.00900113592158,-11.858353697736213,-10.604824859779235
867,0.0,-1.7992696804380326,-7.227470663713364,-6.208486441591781,-10.8217519946787,-14.734759102214149,-15.682542273435786,-13.712390240110906,-14.317608342668805,-12.280708329149933
868,0.0,-0.6909667980557761,-5.6844456396471275,-7.963372182142338,-11.607562066815104,-13.318678850497907,-13.153890158770743,-13.04606122121912,-14.598265886206548,-9.58517757406312
869,0.0,-2.979402813724097,-8.784501365979017,-6.955108142193783,-11.552636772494086,-13.177108178491242,-14.841318655355527,-13.197945616107138,-11.768911393720042,-13.245296432080544
870,0.0,-0.5871560784958398,-6.3946351097877745,-9.568506128263396,-12.917975741443488,-15.712413704723403,-14.343580550534147,-16.46029317478204,-14.359608702538722,-12.96837145688598
871,0.0,-2.9479343132880325,-8.385371975313149,-6.530180236487352,-11.619386354238918,-13.515207241525562,-14.780675092493388,-16.058521471995512,-14.057437521563497,-11.0014827227459
872,0.0,-1.278654411697905,-5.447752454221678,-6.294537654437777,-12.628139728851949,-12.633199735689654,-12.524214141145663,-14.754553328128532,-12.577014372786095,-11.268572719244714
873,0.0,0.6155700073151595,-5.98340637082981,-7.935093998682804,-10.8416795224965,-13.58116247918931,-16.160966894423545,-15.27252251270322,-12.345584131750183,-13.232393742017129
874,0.0,-1.3744844568219463,-7.285683177193506,-6.999482385051459,-10.38122574697796,-14.936077841061573,-15.51425451523657,-16.174999914920374,-11.253492677846964,-10.150928201728384
875,0.0,0.4439654139511702,-5.056368539997333,-7.69717753339924,-13.567388434119376,-14.550066856625424,-12.472086663506921,-16.124522620230913,-13.358167003390772,-10.447083892464388
876,0.0,-0.032247403963913346,-6.639296438669803,-7.767554450638615,-10.927941033327503,-12.727896813923275,-15.33854673030047,-13.606058819205245,-12.314658824432222,-13.287416960237426
877,0.0,-3.012119602418545,-6.6507194253153425,-6.346596069095094,-11.408438691271638,-12.76141226150946,-13.081318194010048,-13.789070988188069,-13.677821549279363,-12.33020627770546
878,0.0,-3.1802993784489564,-8.144766899358437,-6.271311764103726,-14.20716815858449,-13.812148085374936,-14.477916849607492,-14.230610129632922,-12.144717945227566,-12.025247259598087
879,0.0,-2.9978903310349194,-5.967325376478207,-7.117909546659096,-10.83437518223764,-12.665237619857946,-12.60965775778375,-13.821018048936509,-15.164724347351658,-9.919969517060064
880,0.0,0.3297180253192069,-7.566821859055056,-6.335746747505121,-13.301800961493011,-13.29596076420312,-15.901769695184528,-12.712101914050775,-14.577859532999254,-11.206856334382813
881,0.0,-0.305303238374913,-6.360788551738334,-8.625627336153228,-12.463151838552646,-15.737691089285107,-16.27838754294304,-13.51036996618951,-12.280880753603169,-12.482009503089925
882,0.0,-0.9753857059097926,-7.258592107455615,-6.769114598692429,-12.04214000712092,-14.318341288718765,-16.129245718340044,-16.54861132525422,-12.18842944388517,-11.652457693001615
883,0.0,-2.5124296387294507,-6.60124570189886,-8.580335382428938,-14.146725412718359,-13.061375773731186,-15.967027342114694,-13.927194561741551,-11.638501813958927,-12.32986542974633
884,0.0,-0.13882775849663265,-8.806573927873224,-6.167808652368117,-10.741310579230529,-13.915227891726277,-14.03977346930433,-14.792117080572542,-12.877675359024014,-12.67135572872861
885,0.0,-1.8027199855895604,-7.932512702685047,-6.6642096117997625,-12.653882148340493,-14.994283824206658,-16.41251887707146,-15.797382214359137,-11.50542030487577,-11.718321537409205
886,0.0,0.1503717376784688,-7.517020574538352,-6.369696913356231,-11.102174570779695,-14.752085659998187,-12.755273980762988,-15.376300047594219,-11.649049898091466,-10.048028217518569
887,0.0,0.7264401414789035,-5.885799060340357,-8.67167776552393,-14.0219167056263,-15.219806191509317,-12.94088803603658,-14.094796696416886,-11.847792367335943,-13.149853877590715
888,0.0,-1.1739456718966363,-5.813536634469685,-5.964403977659883,-12.995889908272222,-14.395894282933632,-15.465332262727825,-15.901714560532698,-12.615122352842327,-11.129888253890822
889,0.0,-0.9041878727931842,-7.265727927392969,-6.378111007258074,-10.360678214104436,-12.44427065128523,-15.410958270184924,-14.548464492315984,-12.815904144758667,-11.479118642667306
890,0.0,-0.1897954614726074,-8.5725561169381,-6.0240519551198926,-13.549551310007368,-15.747404755319943,-15.303090983291348,-15.163630685459458,-12.935680168745296,-11.527175806616036
891,0.0,0.08406814441629207,-6.621439423895234,-9.115353750752325,-12.718722843585116,-14.2980045171572,-14.766481885347787,-16.339527841013627,-12.079419742508874,-13.46866204428966
892,0.0,-0.02725116594907684,-7.396390574958946,-7.378527255438538,-11.867894816187805,-15.912826361145871,-15.192489975188597,-15.806974216493677,-13.920774031759574,-9.549459058074698
893,0.0,-2.2639242322129816,-8.861183474848914,-7.863182294373874,-10.904729667717447,-14.19512926186395,-15.902638657732773,-15.626002184148623,-12.885732192345756,-11.372858888171043
894,0.0,0.5850158230298921,-8.48816700183085,-9.259674221026811,-13.862340674140755,-13.698821242317567,-16.213680531094127,-16.386915565880425,-12.355862304670932,-9.774418628606842
895,0.0,-1.2154304656599093,-8.357955997047123,-7.1990992272744405,-14.271384367797287,-14.514786453319202,-13.609502674679451,-15.551817748113047,-14.875406111134101,-9.909871857422761
896,0.0,-1.9531773053039847,-8.463154274880901,-7.536609254776218,-11.519419254982328,-15.447763905043512,-12.547292632452256,-12.636466078441197,-12.987088218229443,-13.249511874833903
897,0.0,-1.9238787266297455,-7.83631319209904,-7.3042549941819335,-14.192825887060465,-14.948251222338925,-12.53996085782501,-15.456848608734564,-12.065067221038134,-12.714454175562585
898,0.0,-1.804898252247074,-8.61796938786972,-6.068977374302734,-13.730017647851609,-13.0804850550605,-15.647956909660957,-13.863978135026821,-12.692420986179542,-10.627230528175687
899,0.0,-1.5661538166610107,-5.807154883284889,-8.150251841402973,-12.851637323047285,-15.167879149975205,-14.658345973616099,-14.96292542433719,-14.69420408599695,-13.236678280014146
900,0.0,-2.886130195509521,-5.180529093056035,-8.381980447334179,-14.180089206534642,-13.059717936659236,-16.334154905155508,-15.663057993862234,-14.092904239584854,-13.257863109320041
901,0.0,-2.08839809972457,-8.474359364030759,-5.9254974281771355,-11.4074514389462,-14.577398363540985,-14.806052254232345,-14.340519919373449,-14.567679790355708,-11.711201716242913
902,0.0,-0.8832043898414645,-6.182591833210809,-9.326520346177114,-12.427893109776036,-15.639455510557706,-13.130253732235603,-13.415875413884287,-14.287164740303636,-10.844666724733914
903,0.0,-2.144794278892799,-8.685450809020704,-7.390752545303372,-11.123157489598237,-14.535420998993295,-15.30039074999461,-14.479888482972484,-14.53271234554287,-12.924838749514153
904,0.0,-2.7793970287357355,-7.807217570178775,-6.172880239673878,-10.5052994840806,-11.993805656615145,-13.07760056723329,-15.763648518019908,-13.088516816817133,-12.646838806698595
905,0.0,-0.4251076382833081,-5.836088381638323,-7.783539584360755,-12.932646926848829,-12.750565192156081,-14.366518584018712,-13.56456675853084,-11.242676029664315,-12.241209649116152
906,0.0,-0.4011671306438003,-5.382511423507204,-8.350412848553146,-12.145652716380143,-14.592185446675352,-14.389025645682402,-13.143041121748379,-14.379148273613623,-9.719771300231814
907,0.0,-2.1672478278801894,-7.365947267532495,-9.163742706166698,-12.224429480518975,-14.29048236662045,-14.22268954827183,-13.44278302883016,-13.055105990240614,-10.648465025265793
908,0.0,-3.1584446903622276,-7.162762779914735,-7.1253440462264255,-10.395376251226192,-13.60995223348008,-15.614404830867842,-16.51878571830371,-11.271929354995876,-9.713380017485331
909,0.0,-3.129184557049644,-6.215079292102802,-8.878151020760273,-10.731786747617631,-15.68325101043083,-16.087143334815856,-13.755079000686644,-14.510783828414642,-10.796509329382722
910,0.0,-1.729510643970669,-8.751019135035522,-5.840067879064579,-11.648798188999544,-15.025857207276445,-15.51074778912308,-12.878826466015852,-14.82924792224611,-12.935603349607632
911,0.0,-2.3873369222354093,-7.801700109462245,-7.888227941174081,-12.327849185106636,-13.629807843864821,-13.67703829717317,-16.305249484475574,-14.808425626100401,-9.928895894875962
912,0.0,-2.7064054067218395,-7.454043953357881,-6.977961806136253,-11.12851829303142,-13.203186216617794,-13.636600500767075,-13.51874124324042,-12.098795523117165,-11.134670093462649
913,0.0,-0.7292747995186799,-8.137921872540977,-7.978857269300012,-13.933946653448109,-12.073335594474688,-14.021214272390042,-16.382474207703595,-13.714125841411798,-12.365703869540583
914,0.0,-0.3451479621278888,-5.480828827724849,-6.449623934644177,-12.130621160765156,-12.923567234511928,-12.942655927670812,-14.813841762372807,-15.106535933748912,-12.936275108235149
915,0.0,-0.6553961934166987,-7.864325694506128,-7.4458987261005785,-13.957311110224778,-13.488461721322569,-12.54241763786857,-12.84984775007824,-14.6412157158257,-12.269787472013345
916,0.0,-1.8702204504096918,-5.947850784391158,-6.875040098623988,-14.155336843832663,-15.610745750943082,-14.72411828064401,-16.29391594488268,-13.177989196658217,-12.698729093697521
917,0.0,0.5001122641404958,-6.112335452581922,-6.122309368899318,-12.000146223680018,-12.712782538815167,-15.132104604500363,-15.136789314379225,-12.936276780857298,-9.643461055591146
918,0.0,-0.04566672529867244,-5.123375630855593,-9.242400988304873,-13.533533696385815,-13.890499000394065,-14.973518977193937,-14.967134795149791,-13.964733425032582,-10.628166984756032
919,0.0,-1.483655019019614,-7.6778793058415955,-8.067331835560001,-12.075929083133387,-13.887868222838085,-15.710389216801607,-13.865462424697196,-12.100698609638876,-13.28097503472113
920,0.0,-2.9863139308622975,-6.199949558856115,-8.323452274766153,-14.136533816619261,-14.404742943380336,-15.850844965853657,-15.319495067448287,-12.70585139453354,-11.546642880265969
921,0.0,-2.342945000176561,-6.057186415145669,-5.632786687984801,-10.59500836264673,-14.52221141525804,-15.102335348775439,-13.44680220251444,-14.23782987802354,-10.35669871609149
922,0.0,-1.89249958561721,-8.613485724441697,-9.295898260332153,-11.076918247234127,-13.664017209911133,-16.42937629866295,-14.480830121603232,-12.713347291073232,-10.93855543303166
923,0.0,-2.932004816287634,-6.418688992437491,-8.809409584685225,-11.546786226566018,-13.324438348279307,-14.790928013728267,-13.507504697046596,-13.820238866173584,-11.187383504067293
924,0.0,0.10866531195239215,-6.8867414757593695,-8.46794067238276,-13.90178941059896,-13.088632322961605,-15.736062182186787,-16.488616609613487,-14.60040944388508,-9.851094503828095
925,0.0,-0.3258374888423643,-7.233740675020075,-8.01061165831133,-11.10085719506711,-15.550073084398159,-14.891088327015298,-13.5861267359601,-14.735877212332458,-10.203733867669705
926,0.0,-0.06442837525287493,-5.9933987373597235,-7.8831360407648665,-13.633602715425033,-11.962951304213503,-14.32038354394133,-16.539279686800246,-13.040160560653991,-11.405169175982337
927,0.0,-2.606425409610929,-6.229369872874246,-8.353656086323456,-10.450219049458564,-13.694800537104296,-13.675467043175551,-15.466327406123037,-14.991133047340071,-12.007343677963751
928,0.0,-2.6147095872144788,-6.201663964548405,-8.379021316370093,-12.271253989679881,-15.44428174559341,-16.392046320349063,-16.32210149714165,-14.959807840296396,-12.511765284768497
929,0.0,0.7243848171216762,-6.648399224182469,-8.4890509173039,-13.303592234201096,-15.789349338362511,-14.228231042387351,-16.245791082399624,-14.950321364785555,-12.110343591386826
930,0.0,0.06819798274165834,-6.100969233878189,-9.446745783651913,-13.071107313484596,-13.679962794665663,-13.432239260910482,-14.251513897697583,-14.246668651724487,-10.110234098541696
931,0.0,-1.3308438667107059,-8.61909750575545,-6.4864119232754565,-13.816810538918192,-14.475271352050944,-12.78315289603944,-15.351446321188108,-13.309672809065875,-12.518818280663538
932,0.0,0.36115406544907547,-8.264993384268909,-8.347132706756764,-11.430216645348475,-15.288625270708389,-16.240343783590752,-12.862771705524688,-11.543946708145148,-13.183165461913362
933,0.0,-0.4888587630398411,-7.863131873790446,-8.125338153110855,-13.068869906926581,-13.276895419608504,-15.489402802258763,-15.56212172516641,-14.805080161136576,-13.221094655624436
934,0.0,-3.1935135045222567,-6.123965289504673,-9.137591509573573,-13.813007577225301,-12.714338906359213,-14.493176521943266,-12.737668597773425,-13.49386482812729,-9.937650620758989
935,0.0,-3.188377937212725,-6.385425151728698,-6.445760309894972,-11.897362033933254,-15.525371504081855,-13.781000324572501,-15.33327395244425,-11.622588761438445,-11.56617762017357
936,0.0,-2.155655429809491,-8.057886288614782,-7.369713644670754,-12.852667827107561,-12.528187060302615,-14.052560276775262,-15.26168567075162,-12.763311629015266,-10.511933388488206
937,0.0,0.2533146379631259,-8.165102944240582,-9.087580076443276,-13.610467983885464,-14.54592817994932,-15.379184795344983,-15.946015795126637,-13.514050306551255,-10.593764432032803
938,0.0,0.6087094369444781,-5.8475261450381275,-8.305568032001913,-12.324840919552502,-13.445597222492285,-15.199875064889625,-13.650344342215538,-14.409528272799083,-10.62061558401523
939,0.0,-2.3066429860061075,-7.890825509702072,-5.857727439039817,-13.35404411213462,-15.77286785241362,-15.571360095299138,-16.188220830916563,-13.567584507194034,-11.303883805195795
940,0.0,0.6538181303578461,-7.878305896275661,-7.429948194449892,-13.69439571128157,-13.154157879351406,-13.95790438507279,-13.945785245419618,-12.213311450945465,-12.629102861854575
941,0.0,-1.8818384653926055,-6.9493110401502225,-7.29931679331863,-10.397687371128404,-15.643306491354585,-13.047007353774074,-16.070779442995796,-14.723006267785582,-12.061044957298174
942,0.0,-2.2587216637622367,-5.04289623681796,-5.809603743865727,-10.620833026737351,-15.49805111953327,-12.468566038643546,-16.494463483728182,-13.223587164023662,-9.706898586116944
943,0.0,-0.92656062108607,-6.487621409767683,-6.844038433609113,-13.168348501685461,-12.887653909638791,-13.30510130345532,-16.033547299549156,-14.107676352029523,-9.595883926977177
944,0.0,-0.3541268491986065,-8.267598469486597,-9.21541753229644,-12.002414051201352,-14.467863404532679,-13.578808403760611,-14.90977522105491,-12.00721022740933,-9.501053495893082
945,0.0,-1.0243190478677922,-7.005828655248574,-7.309113323814724,-12.974012184810993,-14.93803656908214,-13.641555265210036,-14.822323872706756,-11.447197476871256,-9.879362163923869
946,0.0,-0.31055873118589705,-7.045138627616822,-7.236480517491978,-14.299892630854735,-14.389720340312698,-15.152576085582995,-13.5930576289819,-12.103001265714308,-11.7299200465159
947,0.0,-2.3607880575603675,-8.823124455109243,-8.197857413189775,-12.512325622102352,-12.099100971206557,-14.326211345840722,-13.795234997863638,-14.380731366406774,-13.013935272146359
948,0.0,-0.34683081836229723,-5.760272375275083,-8.203667999921857,-13.557641733382846,-15.901389719239084,-14.643497623603768,-15.286529430435378,-11.813284107000845,-11.844076039742411
949,0.0,-1.6243937802877801,-7.695864558895106,-7.735478470594165,-11.736461345081977,-13.312222766179037,-14.093897838889736,-14.83222437533212,-13.966514140096093,-11.876365267986
950,0.0,-3.1480149276408236,-7.050628269548195,-8.171948357743197,-11.754683806611618,-14.369008609758936,-13.383491871567843,-13.051102160204158,-12.331487183014824,-12.61332327173638
951,0.0,-2.585217126045998,-6.471299297814422,-6.013598328724157,-11.819420382789602,-15.64958354984141,-14.118291195276566,-14.99335534746542,-13.37947404382465,-10.500599932864993
952,0.0,-0.9997491546556865,-7.124609423206605,-8.772487664238753,-13.017734193630961,-13.174494039676233,-12.876831004924863,-12.714735845660073,-11.367796123645116,-10.968910471476576
953,0.0,0.5086113821334073,-7.681588077809287,-9.301255807161494,-14.30788738899665,-14.813605015058512,-13.006800413255348,-15.739901623686514,-11.635049149666543,-13.44804515464589
954,0.0,-1.0145200265593055,-5.023243459174074,-6.008313629804649,-10.885168136089787,-14.506723196044614,-15.559068770960115,-14.696003749695747,-12.385696842709336,-9.90672385097555
955,0.0,-1.576280316868556,-6.522875831714009,-5.736972354586978,-12.113274805420993,-12.233049124880704,-15.070087047164133,-15.781743024644154,-14.280913017863574,-9.606153975545066
956,0.0,-2.695545656473058,-5.551320308837566,-7.099298875545538,-12.34885382800347,-12.65682099412524,-13.079072677272775,-13.162101188825797,-12.346597915528434,-11.709975788347124
957,0.0,-2.191324384978256,-6.158837868330834,-6.600444726205881,-11.9054904187238,-14.164520580619412,-15.932324740207692,-16.04630902980047,-12.589458526558328,-9.519285620508578
958,0.0,-2.4181396121987424,-5.442230085630724,-5.995267693734707,-12.409142232203743,-14.743371998120743,-14.468356077816726,-14.093453175812433,-14.78387219293466,-10.503202100629071
959,0.0,-2.4043922600392857,-7.901359087710567,-8.454686163367093,-12.320098575492771,-12.688604677390705,-15.9318111702039,-13.924822278640352,-13.793729330676062,-13.241017318687046
960,0.0,-1.6910339559779193,-5.476010432642129,-8.391274208146578,-12.730215627690061,-13.068957496829363,-15.534520633711315,-13.690784765931658,-14.123074154711333,-12.960028928229203
961,0.0,-2.0245691671665433,-8.085979223868582,-9.24411479825164,-11.300638786976315,-15.450642842949929,-16.092758771841865,-13.647369561836884,-12.408495487597365,-11.994920538688271
962,0.0,-2.421289727133705,-8.880644644116655,-9.395897545161006,-12.507959345269885,-14.618239347135376,-14.4426876397688,-16.16841594413961,-11.420373579191114,-11.650981959676677
963,0.0,0.5988723457837306,-7.3268513040811944,-7.138545109746195,-13.744557243148506,-15.31798425631268,-13.73384735474798,-15.814151797681978,-11.821313101303993,-12.25091375521497
964,0.0,-0.7253776281943982,-5.909193921411081,-7.503778504800165,-10.488133976628578,-13.782699195824115,-13.72597098825155,-15.90436457069798,-14.174254666879012,-11.483457944012
965,0.0,-2.827554870320035,-5.6353445470953485,-6.28355239165752,-14.295387443144186,-13.004271541364577,-15.801216443794956,-14.375553753365118,-13.629731033212648,-10.068492470485367
966,0.0,0.689745138478123,-7.969562180887165,-6.910513096690071,-11.188063858956642,-12.257650427127299,-12.671011982267622,-13.364653266264856,-14.646022858210463,-9.934070654889416
967,0.0,-0.5675852465411206,-5.6529794117699295,-8.198299444098593,-11.958717011254498,-12.426330610295075,-15.288225763106361,-16.410552615641347,-12.505099017094924,-12.548420013215624
968,0.0,-1.7606873421625695,-5.706955861767913,-7.398840059478366,-12.454257255598243,-12.912077731271072,-14.884070917453897,-12.634700358036056,-13.285437604157075,-12.76826251059746
969,0.0,-1.859573960232729,-7.277431348618627,-9.062007886981771,-13.404053495745963,-14.552390066431077,-12.9781122418221,-12.70906268621054,-13.486079254522917,-13.12560529167599
970,0.0,-2.610985924137892,-5.915455908733344,-8.887501405101872,-11.61501352787934,-14.089850725752505,-15.63398048154771,-15.108718429372027,-13.520251728280497,-9.980726476357296
971,0.0,-1.4624467077940284,-7.409062011334123,-6.660756775202505,-12.508960898828573,-12.645526375152151,-13.018548041949083,-14.617074949449279,-11.794670322498657,-11.749569921728241
972,0.0,-0.25527907326481536,-7.784017009461021,-9.39932010268221,-13.296340324016132,-14.143448947580406,-13.44713467733369,-14.826802965355446,-13.161388132858413,-12.117713186571738
973,0.0,-1.7235574874277242,-8.395090758553144,-7.781445388640519,-13.082827829108785,-13.865578052243126,-15.447658103783246,-16.06427458767375,-12.428476062719188,-13.046539977474698
974,0.0,-3.042332163437964,-5.682785070013795,-8.442386066422898,-13.755191078621852,-11.950203230885794,-15.836539838306052,-14.737331041291892,-14.644797090246266,-10.334842925483708
975,0.0,-0.2415958505059166,-7.731969023106581,-5.6751301355665085,-13.294158134342927,-12.046205805948446,-14.329937001444058,-15.047358469825497,-13.249504938236667,-12.087351527515372
976,0.0,0.02964076479660971,-7.360896724321649,-7.479596160875239,-11.421732725925883,-14.300474671029493,-16.311191923581667,-14.430314203805477,-15.057916553746242,-11.252504408577984
977,0.0,-0.3174532702572077,-8.624462225888452,-5.639232107885757,-13.819318528614044,-15.074656856206909,-14.843637667730851,-13.167770741796495,-13.241710139860507,-10.210661596438928
978,0.0,-1.8334886805180253,-5.521118981509739,-8.145185256648984,-12.240954850170517,-15.399200522295937,-12.53027130831607,-14.980817694466234,-14.402355343523976,-13.198560211061944
979,0.0,-2.448255629071844,-6.610424991210444,-6.459563858511576,-10.429099672924355,-13.660047286237024,-13.287577048967604,-16.03581893679186,-13.461760858551564,-10.813646033765746
980,0.0,-1.8279844328856019,-5.8831728039110756,-9.31392517525703,-11.277897688465004,-15.102626477461007,-12.55172686751211,-15.695584945331117,-13.1695515975548,-11.549792561542583
981,0.0,-1.0867683800198407,-5.164800109931774,-5.711280104618407,-10.897475609075627,-13.323759474205314,-14.431751690641319,-12.853442679248772,-11.507913785555642,-12.308357257237892
982,0.0,-2.75790067969436,-6.734128382964067,-8.649111243762384,-13.138180393914016,-12.919136001950395,-13.506780219424911,-16.282163218863005,-15.155296233610049,-11.837462395999246
983,0.0,-1.95634837082724,-8.901388873438616,-7.238358095098295,-13.70027479289863,-12.196294726533049,-12.535198156937907,-15.877557581616252,-12.969193787402947,-13.097618702906036
984,0.0,-2.743182954682141,-7.3795946424946965,-9.543953045002267,-14.108781919615936,-13.964299884353853,-12.86827079362341,-15.469194955193313,-11.23509420613171,-9.736368470757084
985,0.0,-0.43576420992533516,-7.843913496736907,-9.134506431286207,-12.208413765861803,-15.664427843704615,-15.400774843059382,-14.597706454350597,-13.385191921219882,-13.496135106863465
986,0.0,-1.942945958170344,-8.608180663366054,-9.444812428228017,-10.374807040284606,-14.539296705331418,-13.313098907933925,-13.385749509564677,-14.84203255036533,-12.227547997644189
987,0.0,-0.030045316681911682,-6.9026085796569525,-5.697759326276358,-11.625380828343353,-15.544343993356732,-15.330981569088223,-13.479443808361957,-11.949874686642678,-10.465268642398437
988,0.0,-2.916049350822866,-5.238999403719392,-7.814305923278342,-10.57809555910095,-12.265197021269362,-13.94955384380502,-14.846072121110993,-14.47756717854193,-10.717412775759623
989,0.0,-0.5995039737763368,-8.44448945674543,-8.676787190910987,-12.294239501654413,-15.462477781900468,-15.730605579342955,-13.540638873279073,-12.520350079776193,-12.620377423596143
990,0.0,0.41219705920041605,-8.75956778722963,-7.306688955406983,-14.185895287078962,-12.890477845425584,-16.3228136409069,-14.663627050622868,-15.020885772740407,-9.744469250645817
991,0.0,-2.786737070935243,-5.169001442144749,-8.07724128876732,-14.160811212999162,-12.980862608662239,-12.636527887225602,-14.959070694596834,-14.258438912467538,-12.795735052436216
992,0.0,-1.6674947341405324,-5.212820557976828,-9.253494455694065,-14.036013991883618,-13.220688978445285,-15.290880602296292,-14.73893959701509,-12.55749746295542,-9.755925614855123
993,0.0,-1.0067599942608858,-5.8907011996990555,-6.6752210304531605,-10.794562507228383,-14.46828270066763,-15.297923081740983,-16.053619059913615,-12.269916999106048,-11.808435665757369
994,0.0,-0.9000356184299392,-8.220874523151474,-8.167867217925984,-10.770276650677744,-13.89423437104567,-14.708137905568492,-15.873530035997863,-13.099571853067665,-11.195390752111326
995,0.0,-2.1501065836902447,-7.83944657667163,-9.142897257616923,-11.952315788843872,-12.650590252020969,-14.031002293679865,-14.246659302944538,-13.959939498453483,-12.264949483483415
996,0.0,-2.8627443010205043,-5.759346330857936,-9.205301090113712,-14.20000487856081,-13.983236947396602,-14.060487537949538,-12.838750467283177,-11.827412697781469,-10.035114772442022
997,0.0,-0.06673731028831043,-5.062334820703674,-6.941010964374495,-11.644638732047014,-12.403825855616816,-14.971068693280577,-14.24173192798834,-14.138780362056966,-10.735654874327576
998,0.0,-1.6601130738043441,-8.642596238051135,-8.58815635186609,-10.46006330036143,-12.059837724490645,-13.1234337374888,-14.991250220128936,-12.531064985618823,-12.385139108072433
999,0.0,0.47072261923722714,-8.863653159589479,-7.671193777111592,-14.09749716152622,-13.200561956103659,-15.375953523475632,-16.566063794416873,-12.826773153190555,-10.587764099103008
1000,0.0,-1.0043610459253722,-7.286282676185866,-5.6567308615338,-12.798856389401033,-11.983866788121324,-13.719672239069418,-13.27292817927538,-12.041945950201763,-13.291284556808318
1001,0.0,-3.0557473174639638,-8.734492113960972,-9.5469779281486,-12.146059434426713,-12.208017760386532,-14.193410906441878,-13.928236587244932,-13.21309561647422,-12.13139201496442
1002,0.0,-3.0220644691724594,-6.914897482798291,-8.133368303873972,-13.65977946197571,-14.122598460201203,-14.769948433059367,-14.441689082999318,-13.987301270144163,-12.718783851014493
1003,0.0,-2.433422220752399,-8.19763238653814,-6.190606599749773,-13.105985660129814,-12.503817238739508,-13.572971002880685,-14.377445659831551,-14.799048017789238,-10.385521861104394
1004,0.0,-1.8456539644077559,-5.254046445110314,-5.716158264059402,-11.642672934831753,-15.419835227265263,-12.776796547166287,-15.199775024430403,-14.270924867825263,-12.316577705840624
1005,0.0,-0.22180129036612506,-7.035121341537836,-8.25872096859006,-13.276088814007256,-13.192221866264896,-13.874278620655282,-14.38672967258082,-12.497214665911489,-11.282615180228843
1006,0.0,-1.1841310552675295,-7.204529617474634,-6.2848173633018,-12.015984539857344,-14.480785973809501,-12.698178390837494,-15.895162229628946,-11.653839280145252,-12.571573391397724
1007,0.0,0.6263275633816257,-5.7778564635922045,-8.417273087006771,-13.211989845461307,-12.630066563139758,-13.435669679352287,-14.765714021339043,-13.937833400781523,-11.802956338915273
1008,0.0,-2.823575511847241,-8.350390160798241,-8.223206260450358,-14.194717290304727,-15.897192347301324,-14.757351121014317,-15.202694137333491,-13.430432476598606,-10.138643375817718
1009,0.0,-2.691327914490215,-7.661353748467345,-5.811482633872048,-12.384253073217145,-13.333637034780509,-13.633376295603082,-14.17206101015338,-12.73267119569887,-10.042933422511812
1010,0.0,-2.0747212349807738,-8.492234833776417,-9.31441469256901,-10.54404912278982,-12.030186154322704,-13.10853260023545,-15.23763994053127,-14.557053275019873,-10.216848995781383
1011,0.0,-2.8693243258879173,-8.199083021120648,-7.492263027853511,-11.298445246727647,-12.94244504472198,-13.649199905025224,-13.120923248732378,-13.234775170125122,-11.745113278345764
1012,0.0,-2.193940231571565,-6.0206283869121116,-8.185040390867266,-10.526960740031289,-13.37543328606349,-12.577460580535964,-13.223458141442826,-12.028403039159876,-11.212898186272723
1013,0.0,-0.5496223493820587,-8.49076306034108,-8.12196851023458,-12.040729573483585,-15.902995333654683,-13.878949051189604,-16.414867327604938,-15.123691262736639,-10.200310550475097
1014,0.0,0.34086467058717185,-5.27723720315471,-7.943702442616139,-11.149218400319851,-15.135920040695575,-12.833744335424521,-13.508697479896705,-14.38371981289058,-11.415916955628187
1015,0.0,-2.894514394361849,-8.967220417613328,-6.630563607824684,-11.371299134558164,-12.294187285609095,-12.499468376043737,-15.23883963965719,-14.153174614357352,-12.332051724805048
1016,0.0,-2.5253908829104206,-6.532991982708269,-7.161250502015376,-13.774631335944752,-15.004291640346842,-13.316870857883991,-14.023887958242572,-12.662455588053307,-11.60135167802407
1017,0.0,-0.312099687088069,-7.987436199570533,-5.848476874373603,-10.998903034120458,-13.08473550620119,-13.616225680686634,-14.010691163905022,-13.612700249916585,-12.87704421127806
1018,0.0,-2.30594470306588,-6.744940035045021,-7.693828852311265,-11.046923115317124,-12.71621508660175,-12.678460305790551,-14.178815035352114,-13.67065073754594,-11.695731658575065
1019,0.0,-0.17335729120439325,-5.9111566169038365,-5.628982459102474,-12.648794541236578,-15.059224384879663,-13.510249214330887,-15.098325066376432,-14.344606232706793,-11.972342369232923
1020,0.0,-0.40535419743804946,-5.192049536642813,-9.354320354983333,-14.031805216218997,-15.241995086296443,-15.384975180955657,-13.274990740146043,-13.815546797524474,-13.430072379155241
1021,0.0,-1.1368540429638019,-6.254199655763629,-9.524801852765313,-12.263967643682257,-15.515507266561606,-14.98197009175137,-16.12949209725134,-14.283216220143613,-13.141508441665854
1022,0.0,-0.879318183345942,-5.036928132059804,-6.39458509266801,-13.05704035611867,-14.146516986947802,-12.830973352692883,-13.694292270811841,-14.235130790197939,-13.194490567381624
1023,0.0,-0.12858721620788316,-8.080998056283564,-8.924325052506044,-12.943924759767272,-15.580893888630785,-14.968704558459253,-14.086058393210184,-13.455686508726224,-11.225251667830612
1024,0.0,-0.09883281030968227,-6.880491065598676,-6.197490274837351,-10.371890949151483,-12.880761619411302,-15.568269752136757,-14.666218389494544,-13.548012723944668,-9.597487910881544
1025,0.0,0.632037209228197,-7.167985635505507,-6.589568394508686,-12.386324367556591,-14.759955418911826,-15.884655626886003,-13.902667239218985,-13.975374673905785,-10.91609809837415
1026,0.0,-1.813651539459815,-6.557994594552975,-5.93155013955618,-10.997563352982414,-15.358780627341133,-13.38813184277803,-13.825585334868467,-14.171194316173809,-12.607818677378244
1027,0.0,-2.4842319258003336,-6.030610246126187,-8.718721312307446,-12.919366559417089,-12.625575490326206,-13.219922040817167,-13.704590814316647,-14.256987272817128,-11.724057921860162
1028,0.0,-0.5725059757562176,-8.440748007016238,-8.117187612413051,-11.796941690987198,-14.786728950119553,-13.597248155933059,-15.825657231354233,-13.34648336226597,-12.448685751758521
1029,0.0,-1.3274098472993738,-6.4695558811975165,-6.55165079374347,-13.228418662437793,-15.117078533922488,-12.719800022197049,-13.104783900910183,-11.526859766180444,-12.787969645887802
1030,0.0,-1.2982261052920652,-6.765411203978923,-6.425700368254082,-11.010301587033268,-14.041428906472014,-14.596939476444021,-12.63170578176935,-11.897814904633671,-12.77574496980631
1031,0.0,-1.190128770275158,-5.42351371055363,-7.039843055149972,-11.455242696881342,-15.817201752120956,-13.140090010774795,-16.32971206604441,-13.112092807121657,-11.38462701921277
1032,0.0,-1.2498517261305744,-8.917899490285459,-6.441983801080951,-12.734952804571225,-11.966354859092762,-13.210975888973657,-16.272204625850165,-14.43174507221794,-13.015121074466533
1033,0.0,0.3191909882016666,-6.538159061404961,-9.254810481353633,-10.97773238321678,-14.403406811864954,-16.068164911035023,-13.250319814399452,-12.538784616981415,-11.760202750165371
1034,0.0,-2.0638680823839866,-5.387304584089262,-5.866189646002608,-12.13557611492476,-14.570736811857143,-15.346489741289105,-16.219139969883877,-13.238026744266241,-9.864930795320209
1035,0.0,-0.99768760998619,-8.42985611519197,-7.400685109408833,-12.521284873176329,-13.034453646876738,-14.309120426141968,-15.366508055452305,-14.887142713017255,-11.152343444234587
1036,0.0,-2.0558824651135215,-5.713773834952814,-6.696673836498897,-13.79355332577785,-15.706191008261463,-14.48548072181741,-15.084564918259224,-12.532271283537352,-9.911356382435807
1037,0.0,-2.120939613635639,-8.12906027920346,-7.435041059568276,-14.014118895964211,-14.476102760498184,-14.141202335007895,-15.60324772928471,-13.27209434911303,-10.894756878663776
1038,0.0,-1.6372257025591208,-7.451313361311506,-8.741656551518552,-11.026841464567193,-13.263096515562292,-14.237157120751217,-14.6526240905666,-13.574107650804883,-13.37600845185241
1039,0.0,-0.03767225083223691,-8.372400463645043,-5.699260509328319,-10.863154094957288,-13.30079926615348,-14.383666986617401,-16.121396803191384,-12.056045482926878,-10.565553388146714
1040,0.0,-0.3010139976360038,-5.5266940385781655,-7.871453769313023,-12.983372131259292,-12.464621176475738,-13.713966077742995,-16.11329741697342,-13.263211559424906,-9.844139760726964
1041,0.0,-2.6205586375606895,-8.318893948004652,-7.66326125140862,-13.78902552726146,-15.709526065866942,-12.712525135424935,-16.487404313990563,-11.353633194093781,-13.197530099951166
1042,0.0,-0.19354169316917602,-6.995777014114523,-7.806168357084961,-12.313394383142748,-15.089937356402233,-16.14114730129975,-12.84043463262397,-13.443997507611547,-12.348349354585643
1043,0.0,-0.5786711153947497,-8.208344124376833,-5.8469290257375,-13.282837752019221,-12.338982481793021,-15.53785596680011,-15.208956648771668,-14.401029252652426,-11.955773364211836
1044,0.0,-0.6276355159880294,-7.16447944406245,-9.030025851910457,-12.023258999184403,-13.967689699647675,-14.49110570022522,-15.334422353840024,-11.38548271018135,-9.991339078565222
1045,0.0,-1.1511300650748173,-6.827726672348041,-9.449568484705878,-13.421335904182845,-13.379329517338046,-15.811324405268596,-14.899050329489832,-13.706927843289288,-11.183419200918998
1046,0.0,-2.0412209889629405,-8.0349799611246,-6.428253322707822,-11.347403857577307,-13.283291997141156,-13.930684496851946,-15.790712646332429,-13.09449344476827,-9.68192383051273
1047,0.0,-0.3737204027257377,-6.669122098058824,-7.414803306293117,-12.157473650527393,-12.791055456352252,-15.047951702067829,-14.014110245227844,-13.250068571468105,-11.757137222035947
1048,0.0,0.16159344155462207,-8.9272086083271,-6.037562846057094,-13.220276219522368,-11.948881216448378,-14.337377334166899,-14.367667727141345,-13.410992688180071,-10.272412307173813
1049,0.0,-0.07717159851117117,-7.4029090341374495,-8.287543850854009,-11.491111152128406,-15.85055884568994,-14.505508785839442,-14.543035494025922,-11.742355093104557,-11.441126144646283
1050,0.0,-2.169896640119692,-6.797411032521875,-5.798597606722916,-10.499421746350585,-15.302565212622003,-13.721085377675081,-16.199053191527575,-13.374494781757823,-13.44469576239976
1051,0.0,-1.863884362909572,-7.27850119707283,-7.0456020540872615,-14.265334741160023,-15.193065258265051,-14.35227502973893,-15.040409141505412,-13.62235795524718,-13.271173588517948
1052,0.0,-0.867946766393437,-8.535754478525549,-6.986050503765859,-13.716547453248925,-15.094314514917874,-14.571951355683796,-15.750471220469194,-11.862402626370077,-11.631241750587165
1053,0.0,-2.1811123731671493,-6.804451702967562,-8.369340729729075,-12.23019401442259,-11.954038738132061,-16.050164829581412,-14.19672973645195,-13.12995003265575,-10.21309449399762
1054,0.0,-1.969509452206031,-7.540642991504463,-6.391438678130967,-12.599932362396245,-14.992715521780564,-16.08599811886947,-13.045276819902064,-14.819497182824929,-13.386504334477696
1055,0.0,-0.9332861815383544,-7.281022012502924,-5.957912805290955,-12.479809350095579,-12.61679334519785,-14.553893739503076,-13.1297696251055,-12.075180767700738,-12.12416423581758
1056,0.0,-2.392321580481319,-7.2141537484893465,-9.126215986229298,-10.907953904748785,-13.184424334598432,-13.285381709164682,-13.819273056515366,-11.853262289729706,-12.068413407999191
1057,0.0,-2.4771586931887692,-6.577251076699169,-5.71914081063329,-13.326372324934551,-14.201446121194149,-12.560146486323832,-15.251182400023637,-15.018872518664802,-12.020500573186267
1058,0.0,-0.15361477797805234,-5.560351785133344,-6.087865963519796,-13.607769130056642,-13.950721175094323,-14.272610305861717,-13.490274973366837,-12.627832655631867,-13.137255063717646
1059,0.0,-2.788063567164287,-5.543021998829123,-7.884171597895659,-12.533147501369905,-14.945017923436641,-15.650165692091004,-14.943631721186232,-13.998524634354332,-10.833082968728334
1060,0.0,-2.773278077753261,-5.97192460906715,-7.42298762338576,-13.783834631544575,-12.652709714682695,-16.2897148744033,-16.450471652453903,-14.48141495952487,-10.65417722398751
1061,0.0,-2.6019721007133674,-7.995907872799724,-5.966884427277035,-11.25904787043598,-14.965195549724635,-15.704550075119379,-14.307348942870409,-13.583397123893208,-10.97105015298465
1062,0.0,-1.6802954813849704,-6.353838371887782,-6.098230090164691,-10.61725834433742,-12.052206177193218,-14.480292201418266,-14.298041076628056,-14.882726728167713,-13.335279165128844
1063,0.0,-2.685043088439466,-8.077349078302497,-8.515350037721742,-13.362280347487989,-15.408114674806843,-14.261250716280868,-13.54930644860995,-11.401113407470284,-11.466491524932648
1064,0.0,-0.8276215304339645,-7.996151372030992,-9.521264623578643,-11.816240823071759,-12.661308895432866,-13.570835451575647,-16.237436206110875,-12.878104384404953,-11.37711016597696
1065,0.0,-2.05628975579776,-8.36536476326322,-7.212239911262623,-11.630147166645903,-12.863426245596367,-15.876127063869136,-12.724449061635863,-14.105649470394251,-11.267619376615617
1066,0.0,-1.5437082515155616,-7.582652199779177,-7.9650560960575,-13.551546694705213,-13.924273971030022,-15.451448781758431,-14.044194972698788,-12.619826501217254,-11.967274620365023
1067,0.0,-2.086986610625379,-5.518969458509334,-6.7703627240956905,-13.130691834744908,-15.175454247330634,-15.251081887241709,-15.979058612408199,-14.60639049178909,-10.133380724623908
1068,0.0,-2.7447840678021227,-8.102365506676875,-5.927887569503193,-12.703013597493731,-15.661056073295024,-14.39996274382043,-14.31273281227434,-13.581886041369124,-10.013389850722271
1069,0.0,-1.9712661912654896,-7.010468836603884,-8.118103511344776,-12.18887556767657,-14.50402034192399,-15.11214200502154,-15.915190653511388,-11.339448943666145,-11.982335896663848
1070,0.0,-1.0894650008253475,-7.121899451653189,-7.937486352161453,-12.20756943043915,-14.297401425160537,-13.866449474880909,-13.588721779884311,-12.37989853392554,-9.86732242115794
1071,0.0,-2.6595780494678682,-8.627937389237688,-6.988462873841025,-12.764643373334653,-12.21128960330567,-14.966048714947567,-14.965142438154666,-14.789617376759029,-12.793220886747648
1072,0.0,0.4794092134322079,-8.577448208166672,-8.79229206324936,-10.793789546938557,-14.42020183006208,-14.577726982267524,-16.22499561885547,-12.396857294006974,-11.47100132352115
1073,0.0,-2.244400412606186,-6.9469153711591165,-6.127699439631797,-13.217601910484436,-14.472326097068983,-16.217346841956257,-14.84971367452993,-12.463639535177236,-13.362851264886594
1074,0.0,-2.872096185680692,-5.173862338845947,-7.928791770231696,-11.038721953274512,-12.875519029888956,-15.376527944430983,-14.781669495846334,-12.856152103121637,-12.963481422401433
1075,0.0,-1.091931578980883,-6.793991537593747,-6.233847608720128,-13.999741524810812,-12.816557760448916,-15.363933296725259,-14.215855793187627,-12.43906874501405,-11.870804155308788
1076,0.0,-0.06221853450711645,-7.62918126815565,-7.589401091897044,-11.972807993166363,-15.396812059121261,-14.299146622781429,-13.212055568191815,-14.527915731792772,-10.752579811414194
1077,0.0,-2.3162817817235375,-6.304010976792268,-6.737713783082771,-11.593726414751599,-13.048190613209034,-12.816304482605776,-16.326895804462513,-13.536371408346131,-10.953471642273673
1078,0.0,0.01988392050858856,-7.649099418664771,-9.066765583130227,-11.676929892967385,-15.61684951423539,-13.072306318365069,-16.290440562970616,-15.03012961539782,-11.082230571150598
1079,0.0,-0.5159557896448379,-7.464559573623354,-8.45661405107868,-13.006254212660863,-13.365510328408993,-15.459848285620374,-14.955579501074132,-14.365225231658867,-11.593626465831221
1080,0.0,-2.1248084604658657,-6.59371899471016,-6.215597037699276,-11.324003449288512,-12.480975588269835,-16.05452923315216,-12.804172465832735,-14.987692392085496,-10.346015899368602
1081,0.0,-2.6394603270041106,-5.559976384241994,-7.562964039533412,-11.314742481059882,-13.855211665908948,-13.631609395655294,-14.86648050398755,-14.952501402858307,-11.557214356028174
1082,0.0,-2.6698797596417085,-7.392596879951517,-6.948753509326458,-13.19598666660292,-15.412352444330413,-14.10815393633675,-12.85917951047776,-12.744048533976843,-11.89436086646255
1083,0.0,-3.0512444183613807,-5.687319024801383,-8.081020850499295,-12.096767496092458,-15.107152395168843,-13.397286771506066,-13.931606964092584,-14.151585501656418,-12.58532960153103
1084,0.0,-3.1317884651664567,-5.941676050507191,-8.282266492016436,-12.783913358882646,-14.511783484604635,-16.138641854359015,-16.166040368837212,-11.993207951893517,-10.662876835153732
1085,0.0,-1.3934991333251723,-5.553049199529017,-6.744152980870502,-13.41848937484051,-15.437765047512253,-13.68607537939143,-13.155473339338796,-11.664583887015901,-10.236905279606084
1086,0.0,0.7629379891361769,-8.146500162714613,-7.201303920885996,-11.437386884436195,-14.870170118959342,-13.846747854151703,-15.363488754602411,-12.14144327511968,-11.035089206687811
1087,0.0,-2.457555349559736,-6.534215289786079,-6.050236422535689,-11.235314978600591,-14.75738666773579,-14.015629053710642,-14.718362073755547,-12.863033543318862,-11.33132166259427
1088,0.0,-0.40244739914765804,-8.887033855731186,-5.815276890048781,-12.664428899022955,-12.9247511268205,-13.704432677620272,-14.933805885808857,-14.82047359776386,-10.440241669251972
1089,0.0,-3.1780703106230543,-6.706089906944822,-7.954383172469933,-13.103216417022614,-12.556035299749022,-13.520573487849514,-13.732116333782646,-12.414807317540598,-12.15209715347566
1090,0.0,-1.1332150835532415,-7.849376848531037,-6.327462675099287,-13.540448686797292,-12.733737000323924,-15.341380576334661,-12.9221133004386,-13.322881533417402,-12.183535512986746
1091,0.0,0.5953782121465596,-6.884763117547814,-7.381259207654593,-12.59211096176023,-12.291933870081015,-14.94834896202122,-16.57205334399929,-11.65801064596408,-10.142799108749998
1092,0.0,0.7522314932690493,-8.127639524158434,-6.003824091596499,-11.541067564638658,-13.35289749246775,-12.478771721952214,-15.02809283615158,-14.329819042512609,-12.10099235218457
1093,0.0,-0.8489101348621029,-6.347030334974027,-9.489588309036229,-14.112448942171964,-14.44341980135799,-15.617421539481708,-14.625699105564516,-14.670017367196927,-12.92634079108647
1094,0.0,-1.1649420937040893,-5.845701080774923,-7.729930233723256,-12.81718973722936,-15.776424267950846,-13.11636916939165,-13.221278887907973,-15.074420138294117,-12.903106174847842
1095,0.0,-0.6956696238582878,-7.096779639296924,-8.710756944379485,-13.990072280673783,-12.752508169156847,-15.217396382919238,-13.070720782490264,-11.396316597834579,-12.05021153546752
1096,0.0,-1.4901901067563015,-5.839318266866235,-7.137225242957587,-14.059037042011203,-15.847000652896318,-13.290306273705376,-14.74500120844952,-12.9161198755532,-10.525851716917206
1097,0.0,-0.8941160551080052,-6.342847060389786,-8.662001142112807,-13.909572300877565,-12.31833234037707,-15.381849832035643,-14.576087955495721,-11.317641574669128,-12.37331327562563
1098,0.0,-3.008499471437772,-4.9844048392184614,-8.274715355866753,-14.29365680576635,-12.76572391309667,-15.194350570759049,-16.402706896079366,-14.710474982767805,-12.840245285695275
1099,0.0,-1.5932928987750579,-7.47669174204647,-8.178450768089553,-11.587731995547003,-13.147496635861806,-16.35154752229739,-12.820078391782367,-12.481830260898462,-10.673149476755949
1100,0.0,-0.177007605609369,-8.174021170692054,-8.451795324420868,-11.773087780940973,-15.251650306924681,-12.729311021921475,-13.005593387227021,-13.033385863497115,-11.635841927804671
1101,0.0,-0.800450968372679,-5.472404200209466,-6.50742508312389,-11.449002789601167,-14.66919832234067,-15.063417084938381,-14.001094856394,-14.893575386895332,-11.700637734711872
1102,0.0,-2.953717980887199,-5.952215352705851,-7.763268007953922,-13.381780265015053,-14.946505388255803,-16.366653669349848,-14.598610883556985,-15.179128527423549,-12.30682574363113
1103,0.0,-3.2142159185699897,-7.5037825744435125,-6.060409353258318,-10.817068160021977,-14.963189609791874,-16.180081503687294,-14.272191424655308,-14.371943379420859,-12.249329024680298
1104,0.0,0.11793286964590699,-8.509588398441306,-8.265017085618556,-12.774150399144157,-12.659361504196095,-14.376998703611736,-15.424409839602221,-11.239755404544177,-12.1765827597166
1105,0.0,-2.0105691132709067,-6.060545547163584,-6.917534911554178,-12.503412237340761,-15.29780629137094,-14.288458678439168,-13.449572729191086,-14.889146091153055,-10.756617359219305
1106,0.0,-2.8140709082648154,-7.057637895099702,-8.644482142743026,-10.64726348607243,-14.155097735872118,-13.932008899077292,-15.511988687259878,-12.059628658711599,-11.362972942541273
1107,0.0,-2.5693606827404847,-6.308953188473181,-9.297489172542557,-13.204268657091637,-14.894892701990468,-16.340671074354145,-15.494919310486987,-12.30290094530572,-12.87028618789956
1108,0.0,-2.683952977141418,-6.642030984285576,-7.828020145889635,-11.596746882637067,-13.463240752698693,-15.83035930645363,-16.12706638800781,-13.391445543935927,-12.83418812121808
1109,0.0,-1.7959688448160318,-7.022673401295478,-9.465284830827574,-12.808221439716373,-15.733418972777443,-14.809680912694125,-14.85221057028466,-13.65025172630874,-9.746562094828775
1110,0.0,0.7239761283692494,-6.581972102588674,-7.497196768149905,-12.025215178899927,-13.991917924339303,-13.911664058508638,-13.639628485861936,-14.628679004739803,-13.03666972678693
1111,0.0,-0.09658347591962535,-8.66869339152355,-8.21673901752272,-11.00628000737796,-14.484711895725404,-13.060893494070488,-12.610618694677493,-14.972330693936314,-10.926746820796357
1112,0.0,-1.2749618155464328,-6.499441456773333,-5.851422475522949,-12.722405390062166,-12.738073310790336,-14.610607599043613,-12.742314272609718,-13.64279157695843,-10.015958692238305
1113,0.0,-2.3523621427418107,-6.080637747886845,-5.6274502286326396,-11.875018365565722,-12.132087856287146,-13.788323380036323,-15.963870499109545,-13.330206329985478,-11.01327018557442
1114,0.0,-2.613584651297682,-5.68853087812545,-5.679450156006277,-12.31433979035806,-14.766569500549668,-13.654623644061768,-16.271992869981126,-14.932429144590435,-10.644258414929267
1115,0.0,-2.713851382874963,-8.12432386138764,-6.407758559839259,-13.275300913255293,-15.52915372299614,-13.793502677423092,-14.355451997914296,-11.574221052378835,-12.729998932220813
1116,0.0,0.08211622054710244,-7.401793183925723,-7.913244578267885,-10.699045582662665,-15.745072557167763,-15.364029873888455,-12.75099893900389,-13.389247539135319,-12.69731741241755
1117,0.0,-1.7566642789301026,-6.278942564700586,-9.351272621213326,-11.87285661102055,-14.431924270397968,-12.621410884219703,-15.5600025474925,-14.294046558962965,-12.321380600406936
1118,0.0,-0.7148252901950909,-5.5556789418984245,-7.718346030818973,-11.332027653828105,-14.196776164700227,-14.263472128208614,-15.389943455466753,-14.4897673077587,-13.040968149223874
1119,0.0,-2.153625634566393,-5.720140660915735,-7.90314454469517,-13.705848596826028,-15.886792770294981,-12.487920201259325,-13.970441370193457,-12.390211267619065,-13.361049524672163
1120,0.0,-0.009814493743962593,-6.582622558437489,-7.921600320638798,-12.22233839453176,-12.103491140792002,-16.029114053882775,-15.744350033950788,-14.749436174498875,-9.661427512226913
1121,0.0,-1.217030870458287,-5.988450935275285,-8.04226458778449,-13.64791451009692,-13.987311625076519,-14.499618482967145,-15.925393941058099,-11.771658947330383,-12.990324981639498
1122,0.0,-0.756993900449094,-7.791334249541004,-6.150206779799791,-10.700299913898657,-13.943267965188502,-14.773737411608508,-13.373320832357884,-12.290072409626912,-9.85794086583418
1123,0.0,-0.6922790138018127,-8.694465124467104,-7.765949934563809,-11.327542065993306,-12.269873153360756,-16.411613239385616,-15.757303468950004,-12.054569105997725,-12.8106537628834
1124,0.0,-1.3598945421460886,-8.10572125123231,-9.560718980896885,-10.832746534835241,-13.740595388780552,-15.62265226028525,-13.599721334932577,-12.73802101371318,-9.53887210524222
1125,0.0,-1.5738856793570557,-6.721085272710365,-8.180900891580288,-10.602624739609398,-13.012147825259724,-12.986448972956055,-14.124180916819872,-11.21825339885943,-9.556327033088252
1126,0.0,-2.3366040588641686,-5.902022033359991,-7.271900287771187,-12.382247638185353,-12.564766297744718,-14.681759055119429,-12.952213135940381,-13.848967208503508,-11.561689567195083
1127,0.0,-0.29311392524806834,-8.732420687190844,-7.297471019062826,-11.979362682125736,-14.796724371813093,-14.230092590323162,-12.682015729379792,-13.087650785766254,-10.918643114723118
1128,0.0,-2.4602755397972116,-7.171037102452326,-5.79184166659145,-12.924016961729045,-14.842112287081353,-14.558834089865169,-13.291351931813509,-11.456952200917533,-12.72779509687693
1129,0.0,-1.2960881691110748,-8.156680281739286,-5.6027026957787776,-12.008680254451972,-12.988975371824246,-15.671581154090388,-14.840635765232804,-14.133488966413264,-11.010292930942558
1130,0.0,-2.1791214497112676,-8.88275017605133,-9.419078421604592,-12.248215499500745,-13.601906925693521,-14.927812428233603,-16.135652792608578,-13.281785565646775,-12.322293375740363
1131,0.0,-2.891007443546039,-5.9586358183175125,-7.183774771882608,-12.296378875364999,-12.028439890710283,-13.56737342891271,-16.164177799318175,-14.939464734353832,-10.40653625457663
1132,0.0,0.6906781292694659,-7.939746075572721,-6.225219222746469,-10.384425367466573,-12.604098331051077,-15.58008922794339,-15.184177623764027,-12.91315963582494,-12.58069643570808
1133,0.0,-2.550486213954792,-6.578438613115594,-6.149897163063806,-13.322237633151783,-12.406609628821545,-12.652942954524038,-14.434000899052148,-15.06384190637495,-11.12619819718152
1134,0.0,-0.18736494120137248,-7.247257730954324,-7.065618127710209,-11.033302775461124,-14.283538774834431,-14.096842497217576,-15.116977408989102,-11.221403324204328,-11.05513685344211
1135,0.0,-1.4010230771005334,-7.946411116812108,-5.746516216521613,-12.446716994482118,-15.260018568770846,-15.628834726899159,-12.594005536951528,-14.583130030871843,-12.943408057537944
1136,0.0,-2.0091242972632304,-5.54938703994641,-6.332000026337113,-10.92411888394657,-15.65739692488175,-14.269605800295913,-15.761435403141778,-12.107326024485106,-13.003414765327623
1137,0.0,-3.1154791798515924,-5.537448754996735,-6.853476016955376,-13.24814803941483,-12.220126543102989,-15.794722239886458,-16.453055193429098,-12.157525238107842,-12.976669415637582
1138,0.0,-1.8345502341532671,-6.053562896616237,-9.118498673702907,-11.883641682753629,-13.61235426709944,-16.104718947045743,-14.404802151218853,-14.024599020894614,-12.146006713827774
1139,0.0,-0.5364710185156425,-6.076675307117757,-7.778627249789054,-13.961571110992955,-15.456094735525072,-16.28077789739931,-13.016075030911159,-13.627861295132258,-12.171580418874061
1140,0.0,-1.739964323198476,-7.619820321063391,-6.2126316255442315,-13.28538316682466,-13.764613108174956,-15.965776422375859,-13.746821505739934,-15.188751775083809,-12.313828137488466
1141,0.0,0.6923265194247601,-7.701932827106727,-6.174132976171149,-14.280486677756077,-11.942601715495734,-16.10084870412191,-15.092946260091896,-15.180582944856132,-11.16158090084629
1142,0.0,-2.35844648828897,-8.737393034626598,-8.015703536631184,-12.885207396478318,-13.758708317851784,-13.208375782484392,-13.214268692388806,-11.381488349478298,-10.686938263995167
1143,0.0,0.5939073608976653,-6.591967679013885,-8.847342606365977,-11.137688365102854,-13.254876377342633,-13.503910877241616,-13.868399050041848,-13.446370272245877,-11.27978066946954
1144,0.0,-0.43778343412801135,-6.286998038970998,-8.084251572710707,-12.388610432916407,-12.421508304676069,-15.437691983816002,-13.34269530949549,-11.334122467363633,-12.411331453363145
1145,0.0,-1.8874789940828767,-7.532848029351726,-6.189166195223236,-13.797974742995049,-14.08448999719872,-14.249145955387597,-13.033221920827126,-12.793098214392048,-12.547738259115887
1146,0.0,-1.0492100150638444,-8.235015780044781,-7.060246030053323,-10.975406418398586,-14.010264214722989,-12.894053139786728,-13.614977062326126,-12.325144890544294,-10.995998108122748
1147,0.0,-3.0014246535889106,-5.343697180640455,-7.408692776078061,-13.04101782936516,-15.721948537981323,-13.296834777104284,-14.467614580849604,-11.213051978235487,-12.70444792370306
1148,0.0,-2.629160837274422,-8.89843612405674,-6.226006053979751,-12.438471792030946,-13.208386287664709,-16.186741842354397,-16.41377719380762,-14.792775706147197,-12.515690375254982
1149,0.0,0.7108887739597365,-5.980015229408444,-6.708377473425807,-13.021862556090415,-12.169208346892395,-14.945859093717143,-13.698620240040606,-12.479433124756564,-12.493544050319795
1150,0.0,-3.0579513992054723,-8.060036352966337,-8.805904474430246,-10.486783180435207,-12.67567598481149,-12.95508942583644,-13.179129299086066,-15.084718755776372,-11.393656945180757
1151,0.0,-0.39452802714167534,-5.186984482772357,-7.225120348997535,-11.171485042186855,-13.078943270674083,-14.033360565797679,-12.924970588192696,-14.291318641273916,-12.327348286952416
1152,0.0,-0.9454188831210586,-8.66164659958772,-6.98308144512192,-10.522386556327739,-13.551359281683236,-16.182154236166983,-14.94043791004492,-12.15358431505733,-12.14087014028866
1153,0.0,0.6230039116646977,-5.241974793836967,-9.416470344971698,-14.06603910549907,-13.626222745219035,-14.77848900371932,-13.751451840048793,-13.779551644063968,-13.059130977908028
1154,0.0,0.17948990720260394,-6.405043483789052,-8.816029915111868,-13.293363601885483,-12.121228595110818,-13.516043593078763,-15.997634023267263,-11.601526853070323,-12.572616447491137
1155,0.0,-0.9612707533012643,-5.04120298592693,-7.464286360558454,-11.570386518602229,-12.711366412272456,-13.515867103292539,-15.441152568641396,-14.189135626291119,-11.343293363389407
1156,0.0,-1.9048811566003563,-8.214108344087002,-7.510793007693449,-12.053800504420236,-12.193609893600783,-14.605854847137154,-15.086305663170263,-11.405011915514077,-9.515169456309625
1157,0.0,-0.35841985101998564,-8.808401940478538,-7.135564065865285,-13.997343703834105,-14.37129437507363,-14.666533974915964,-15.255013538848493,-11.850046139906977,-11.610259892105201
1158,0.0,-1.4850365017255214,-8.740619344551263,-8.869931339513792,-10.652942969446533,-13.410167128312713,-12.604035684694509,-15.153450515747695,-14.9983430134761,-11.81637562473801
1159,0.0,-0.08484761444528122,-5.514528121178307,-9.229233154159493,-11.440971385014446,-13.518222901202954,-14.695569481695818,-15.330851717708827,-13.395221668639177,-11.422007884665065
1160,0.0,-0.5652528000668728,-7.794565699714061,-6.400988741486421,-12.496595441207642,-14.705992521489284,-13.954461684629422,-14.913825719202977,-12.115835933263659,-11.316842001305869
1161,0.0,-0.8466080062310466,-6.904762071093797,-7.621978678174784,-10.757237592454675,-13.687089560475641,-12.900071835762677,-13.959695686060794,-11.738167610911614,-9.640093944734069
1162,0.0,-0.47054971617223584,-5.370951577210114,-8.739790577920008,-13.337580157598165,-12.840395264289011,-15.606744159056854,-14.003560480529238,-15.113054184894937,-12.040348983884048
1163,0.0,-1.2727921104053566,-5.067251871609019,-6.905946451349617,-12.793323624109712,-15.072032390324463,-13.423410016553264,-12.762501729614915,-11.619724317828426,-12.604767779816452
1164,0.0,-1.2523992300755085,-5.29093589437302,-8.17651039594863,-12.560471642976996,-15.555146523601547,-13.829534692541701,-13.181669908748319,-13.83479533974094,-12.408133607527194
1165,0.0,-3.134967949996931,-8.040867562954055,-8.806393957896507,-11.617792289802289,-14.075948296506041,-16.234103494376065,-15.037591492759713,-13.475291433115883,-12.614522872516332
1166,0.0,-3.1132703122365655,-5.574257286383366,-7.128138813016595,-10.427986978150104,-13.719272739716917,-15.478506445249065,-15.572900067911807,-11.553900176364595,-13.034877450136774
1167,0.0,-1.3558008890640045,-5.831737618395957,-7.690688312632181,-12.575392018008154,-15.655320997007564,-15.36754242374124,-15.922731858328534,-11.482104472996996,-13.332342078482226
1168,0.0,-2.3792331073753474,-6.065550200373794,-7.893512097269071,-12.411167363170229,-13.60416951629143,-13.97003457725437,-14.971564283514644,-11.715098752868379,-10.793565424205463
1169,0.0,-2.750325576922959,-6.078814846341542,-7.093838338574156,-13.312343195982494,-14.214123053807624,-14.985306934767562,-13.915189072681244,-12.841904061011714,-12.85581293684211
1170,0.0,-1.941498860780441,-8.514038314475755,-8.890960773936813,-13.885792203873073,-14.392867302176228,-15.009924291439225,-15.601304975961286,-14.462218914255084,-10.789018544150373
1171,0.0,0.0906087657287098,-5.644130737944479,-7.686689299064142,-10.409434162126107,-12.554314142724614,-12.97469667979654,-16.093379820644934,-13.403551081803727,-11.15903702358765
1172,0.0,0.6660862849445999,-5.663850661717598,-5.834946874107816,-13.026320548820223,-13.883545863127768,-12.984486279150786,-13.435685642619998,-15.01517428868231,-10.758788186012795
1173,0.0,0.378887233282835,-5.149065617536916,-6.8838494656917995,-13.968428726099523,-14.361856316905103,-13.48806268208292,-13.007538406563066,-14.297839336261422,-12.360788104381973
1174,0.0,-0.7741461343739906,-7.907609335062986,-7.0056857297113835,-13.680672514775976,-13.559037186571372,-13.80761893813602,-15.8683840859545,-12.089257951512781,-10.630861261319032
1175,0.0,0.13765116849549175,-8.6736628804145,-9.0946493616644,-13.74786885223131,-13.80713786773964,-15.631029019962769,-15.908846611888437,-14.742801341779712,-9.743635932549674
1176,0.0,0.2026449983010279,-6.067547380262246,-9.282842168319222,-12.142522874449405,-14.178173730437056,-15.463553311979968,-16.036830552861034,-12.191018447184193,-10.750938686470395
1177,0.0,-0.2868622757127386,-8.603367799154135,-6.879217468231517,-12.441944107597289,-15.770277807815297,-15.033147038626465,-15.274126480326803,-14.691615836837416,-10.095232622666503
1178,0.0,-2.362856757631985,-8.299604471309287,-8.112910005216984,-10.800455572190627,-14.204945001522221,-15.638141663593274,-14.145795722219278,-13.00946191674947,-10.27552063157243
1179,0.0,-0.7537489866080369,-8.347583145177628,-6.348863705180507,-11.372237272803051,-13.81074672955996,-15.315868169428759,-13.649898180982461,-14.159535741731046,-11.626408861166142
1180,0.0,-1.3203888997169284,-8.62375954302176,-6.790283831846022,-11.057168274954664,-15.330756503364558,-12.950604022015922,-14.469354764051353,-11.871919138153302,-9.931555267476481
1181,0.0,-2.796972325186203,-5.314881423016404,-6.081815328376645,-11.889156214196948,-14.148993278046133,-13.163365671739061,-13.390474307634259,-14.890127470975148,-11.989710222880971
1182,0.0,-1.649214523401399,-7.792329754202449,-6.842596095853001,-13.907979867025178,-15.659268847264928,-12.505272224281933,-14.742144327326416,-14.957937983468486,-10.011785565779117
1183,0.0,-1.2690955648845266,-5.256618777832902,-7.773396110456773,-13.673666748788943,-13.901572242819647,-12.893954094744096,-12.929273710797334,-12.802642450863116,-11.172995855226137
1184,0.0,-2.879632634335901,-7.13453068517443,-7.0204628165098875,-11.831449669160651,-15.33488885485303,-16.25763314079038,-16.570287367172316,-12.944671392926299,-13.44253619981318
1185,0.0,-3.1233957362961324,-5.075518658426653,-6.902912005391773,-11.084956058752798,-13.120264063765578,-12.669403656187626,-15.775984635267196,-13.919555843681662,-9.926446224646376
1186,0.0,-0.27924624547918864,-8.864589913621327,-8.090060353105832,-12.876359645711311,-12.600205187144528,-16.232391865107136,-15.005591208842898,-13.54458566426806,-11.31551407990189
1187,0.0,-2.8658977251096855,-8.907148546230134,-6.53697081788402,-14.03350025435118,-15.458194180279786,-13.418856424174969,-14.528997649189863,-13.211662102620796,-13.367628435320462
1188,0.0,-3.0956965307197,-7.427395745855735,-7.277061111614369,-11.185655758642685,-14.06174656483051,-12.928960969185317,-15.427971323815775,-14.709749636249958,-10.901020939330843
1189,0.0,-1.670138575190694,-5.546448984101744,-8.453552797158753,-10.470222308513996,-14.882939600132637,-13.591209704384209,-16.35775669365674,-11.441694227725787,-11.93152855584212
1190,0.0,-2.8508153884852225,-8.498284498508683,-7.347339298619116,-13.398362577244976,-15.299122628966817,-15.579961356364926,-16.457100619551614,-15.07929111373452,-11.277355150943833
1191,0.0,0.020339223284648877,-7.244869961356214,-8.696995019802106,-11.090351944027848,-12.899229359775475,-14.718591516012648,-12.939015249497778,-11.59353311438702,-12.648035139809364
1192,0.0,-1.7331278310531688,-8.58234689003462,-7.012558766679568,-12.856069426560174,-11.988338925520372,-12.685973258786573,-13.009997045522399,-12.00543969583978,-10.977223713709542
1193,0.0,0.28844598609380157,-8.649793108544369,-8.047038610119131,-12.754070567998834,-12.41341879164116,-13.161969205004144,-16.19451610591194,-11.868926931130922,-10.902722548802103
1194,0.0,0.09921906501154032,-6.2854427999877505,-7.058756808779512,-13.547882168250917,-15.493579316907526,-14.774055294050175,-13.973637097764067,-13.609545714844877,-12.003032987456763
1195,0.0,-1.9749936347934929,-8.397671053806933,-7.168849570578326,-13.460318924686586,-15.534625797665697,-15.244530404806714,-13.403362118059302,-12.20235774670008,-13.477289544872866
1196,0.0,-0.45493193389452724,-5.003679321858824,-6.574969997486434,-11.669859607869139,-12.793800938255771,-15.174370575158207,-14.953372332704703,-11.89042924949824,-9.853646608612461
1197,0.0,-1.657271446309073,-7.136588235388563,-6.130498247256767,-12.486859155310091,-13.167601445942921,-14.087592323218079,-13.38206675245111,-13.646604574430942,-13.47484570192694
1198,0.0,-2.0391711640268886,-6.216299054017629,-8.544670566041058,-13.157771194041135,-12.580953095026826,-13.385488286452086,-14.886969557012991,-11.4189299651528,-12.439243851050167
1199,0.0,-1.924518729024379,-6.294499604198611,-7.657978707709783,-10.711737984018638,-15.3014755097929,-14.32427428907811,-14.40606044942237,-15.090350825008393,-10.473875461929016
1200,0.0,-1.829632579540498,-6.003046152024977,-8.737937561182736,-13.202293164205804,-12.387118300880012,-12.600366444252797,-13.916612857209609,-12.139880270037926,-12.721736557033097
1201,0.0,-1.586203597571261,-6.788499087611122,-7.343189014939164,-11.828122705574682,-13.483100169294703,-16.40116898287159,-16.434581934362658,-14.12858624596025,-9.71645815853754
1202,0.0,-2.8618713527403923,-8.446777742281396,-7.699170538126228,-13.148603149148506,-15.26340532800883,-13.126202882542117,-16.022143283086187,-11.779488567521163,-13.21345333591663
1203,0.0,-2.938530002672281,-5.462710093425449,-6.671914521002666,-13.11820866058999,-13.130366294133093,-15.564860076729946,-15.59256419781211,-14.915298017097264,-13.007381203445894
1204,0.0,-1.73105277616778,-5.055222394602806,-7.614866841664041,-13.98152077450745,-13.376084196995691,-13.63462578267331,-14.22936886008279,-11.67465929021575,-13.464157070560885
1205,0.0,0.2993099731430666,-6.911422989543577,-6.194243969730507,-13.739449262728423,-14.365550911432715,-13.683270601488845,-15.848488468097115,-14.777610590714389,-12.816428885003557
1206,0.0,0.2241883580956574,-7.193413291398284,-6.840109439853294,-10.459598574237322,-13.63501286708072,-12.514905297792625,-13.616841022385398,-11.26121326013288,-12.489449157001566
1207,0.0,-2.463791953231449,-6.616545889625893,-7.919261552545821,-13.977372685222935,-13.211349594279573,-12.708986001295566,-16.176782045096406,-15.139524757634133,-13.384600019608081
1208,0.0,-1.9584161063247965,-8.17909165838752,-6.688535221715325,-11.310066466325528,-15.716103151486765,-13.307390021052772,-15.365946291691984,-12.722909376767252,-9.732294122251169
1209,0.0,-1.1116361664210586,-8.336522871793946,-8.723991252923208,-14.051126528331654,-14.07246526509712,-15.170992009539049,-12.62267076254366,-12.359558943969253,-9.862211631771615
1210,0.0,0.5902859945659347,-7.349534673788527,-6.513722727607803,-11.187789987492083,-13.516459555645886,-13.283042011614457,-15.339699844440332,-13.270754775944232,-11.09812081515359
1211,0.0,-2.914583268713077,-7.484483840622949,-9.437740125237378,-11.410927692698818,-14.329367088474893,-14.511924238299382,-14.29459837570477,-13.799522399115054,-11.692045528243037
1212,0.0,-2.464208232350623,-5.084323730180007,-6.868624836673745,-14.322805974430258,-15.226954031781464,-15.246490662692565,-14.72413243063922,-12.71935504618368,-13.288047322707069
1213,0.0,0.07038105873028222,-6.751858309650302,-7.011420737827319,-12.40319192103455,-14.739314037058657,-13.349304444093235,-15.007863410272131,-12.277928611742388,-13.380853423283817
1214,0.0,-2.2192341583522968,-5.829605614107468,-7.006002076314344,-12.483054031833655,-13.219305752679634,-13.671434410899474,-13.884737578818791,-13.452591288841223,-12.846364285133136
1215,0.0,0.4008843689018944,-6.567838606864504,-9.519791956301448,-12.880719931854316,-13.684515710279875,-13.87157758764534,-14.735449960036487,-12.789010679662274,-10.300778060519079
1216,0.0,0.62575240419251,-5.987570277178184,-6.321234928887163,-10.764753763359476,-15.391837575952133,-13.179319345412823,-13.613858477733686,-13.774948824920678,-11.450909235648128
1217,0.0,-0.617874478580628,-8.961919582856487,-6.135921534637758,-13.035637794787814,-13.302924812289648,-12.474420598588537,-12.614766881762556,-11.995876594983034,-10.31072710859016
1218,0.0,-0.3755134348536471,-7.569846008702181,-9.251940784325763,-13.72989534829375,-15.223110115195444,-15.0409837601493,-15.355975281017535,-14.330436358409159,-11.75037506052337
1219,0.0,-0.8759263645954918,-6.781378389643647,-8.017072608019596,-13.240264099585682,-15.645026480498032,-14.929888442307043,-15.919205782646696,-11.640809257244879,-11.76910220600293
1220,0.0,-2.1097722901740354,-7.0658256973222695,-7.082800176331306,-11.051216122004869,-13.918558405225365,-16.358902170592316,-16.514439765273565,-11.81706294452373,-13.17515648026993
1221,0.0,-0.20467567347226145,-8.418544236601276,-7.956302051213263,-10.622279087332412,-14.185422922231428,-14.516443276007145,-12.870235954042213,-13.997997743379528,-9.898519833003778
1222,0.0,-1.1357920966308561,-8.279218371907502,-6.897430140333613,-11.751121837823,-13.34636162239012,-15.431694103142904,-15.215655945532973,-13.1426993709307,-10.893527701392824
1223,0.0,-1.9630860805166888,-5.77381809828112,-6.373605648742608,-14.244081991539604,-13.587758551944383,-14.915937132835957,-15.375484312405248,-11.986239827061693,-10.957614751779674
1224,0.0,-2.453294978085247,-6.3306776526350435,-8.915768061102385,-13.845131133376906,-15.181705855862038,-15.637340227497168,-13.25657703220741,-12.093950037391721,-11.16514201109588
1225,0.0,-1.3010335104836528,-6.672807019256506,-6.146272688406155,-12.377372425760072,-14.832861598396011,-14.55786922502071,-15.257930194337236,-12.567535281710699,-12.650484989527405
1226,0.0,-0.9814319593616077,-5.008040843501929,-6.649652801005617,-10.734987237134181,-14.84587347929977,-16.26875552008265,-16.178526347208965,-13.139990112677511,-10.485061355743024
1227,0.0,-2.237726365084821,-7.453822114328041,-6.493036937425563,-13.206911427851038,-14.051105771909544,-15.605695479005762,-15.9139293204632,-14.746656644218739,-11.90347726076424
1228,0.0,-1.8305707489545797,-7.311221906082663,-9.017609579176437,-14.127772972649323,-12.858897432368558,-15.826739511365131,-12.894506903224022,-14.416266834340835,-12.238729835137288
1229,0.0,0.3442560443905047,-5.464837619032421,-8.716634586331622,-11.049478264489172,-12.622431168943251,-13.370512573604975,-16.553871817296674,-12.476163179385233,-10.532829262360487
1230,0.0,-2.5651535023847893,-6.870460521431228,-6.83456202496847,-13.784443690729496,-14.02669037114412,-13.587797011510157,-14.420863174693142,-13.420835658033045,-13.42077316176035
1231,0.0,-1.011928231453875,-5.900234598872439,-8.25374375084188,-13.594654322135456,-15.84391302318341,-12.656630454492486,-13.582165748726512,-13.307040083768705,-13.01045573115862
1232,0.0,0.5444940203690529,-8.587314611236655,-9.423372938315845,-10.468386978977222,-13.77341726052977,-16.27662266205396,-13.00399734805612,-14.909463535326147,-11.041180823014816
1233,0.0,-0.3657342355584312,-6.647178623399438,-6.621105499733551,-13.19247463120561,-14.43535622399065,-14.954749288856497,-15.518086165255623,-13.60563212359274,-12.454103746333297
1234,0.0,-1.787344600245681,-5.08631344178297,-8.996865139033142,-12.101718183317093,-13.074188839098227,-14.403334301357106,-13.697225237484972,-13.769735059492712,-12.466345469742649
1235,0.0,-1.9355995750092716,-7.054900242393482,-6.722857287824986,-11.66272356870168,-12.93877114829239,-12.78903991925285,-14.844213599645846,-11.866850131739746,-11.731303962430118
1236,0.0,0.0010036152931234277,-8.494331658937698,-8.530726103403584,-11.808885923348852,-15.351337749629266,-15.059801532645075,-16.485100751025175,-14.667352736256234,-11.412154379250879
1237,0.0,-0.5239089340586953,-5.374630417380711,-5.5887085834993755,-13.850445685561283,-12.26216934014353,-15.897580093580283,-13.842480980163412,-13.01056537547069,-12.062363592553213
1238,0.0,-0.48194977056059773,-8.043562069594557,-7.279859799299961,-12.187723446734106,-12.77181259359909,-16.2509580681037,-16.144341082874714,-12.582653760668714,-10.240584903033962
1239,0.0,-2.4354342676752028,-5.406051345372615,-9.426284084429836,-12.675365770240509,-14.3562468847076,-13.03609658370154,-16.26021843032922,-13.615381348306085,-11.602278650518809
1240,0.0,-2.592292608722273,-6.202460600393517,-6.711501821408393,-13.770400705824521,-12.218070750793448,-13.063811726711151,-15.99975263684858,-13.930369638001793,-9.988530685179548
1241,0.0,0.18562288485711287,-8.945439069077922,-6.472500017768379,-10.479862899514757,-13.877655282048767,-15.94117680225514,-15.660017876449427,-14.907767338812832,-9.553455523293065
1242,0.0,-3.195575814793082,-8.700143650409142,-7.811417120340437,-13.815609178947248,-13.819913270712313,-15.587160940945564,-14.027016083703998,-12.440850793579964,-10.81140257536193
1243,0.0,-0.21584164260942895,-5.457199510097432,-9.246454567283017,-12.678035147900617,-14.773238226236534,-13.583729195776037,-15.980131950555146,-13.258795142417922,-12.971880093852162
1244,0.0,-2.7250033539917133,-6.0544413164595765,-9.144707312823538,-12.87481627913239,-14.760234579028833,-13.137321584487696,-14.135184328658184,-12.04529544575573,-9.97922158313736
1245,0.0,-1.3100333441365768,-5.934348925699132,-6.442331144003892,-10.812195902972595,-15.597470951546397,-14.186240274428956,-15.2413363881469,-13.954356780619307,-11.060236620356495
1246,0.0,-2.578325060097232,-5.637016806913076,-7.319290965019716,-11.147623849720116,-13.472257124410929,-15.12723237349477,-16.469547679198822,-11.920624810343014,-10.866159431158735
1247,0.0,-3.028311891926133,-8.37618311729512,-7.461774423862045,-11.85475340333672,-15.68704669721027,-13.067537376303608,-12.69474299684424,-11.613298205309254,-13.026153359706436
1248,0.0,0.03703818870486275,-8.248193037932339,-8.48649656828136,-12.586586681655191,-14.793435167607774,-13.467348208372577,-13.527494160177863,-11.620123510094473,-9.971987828424346
1249,0.0,-2.6741088400574196,-8.421651495582877,-5.635480537866961,-12.471183523580983,-13.490877714330288,-15.00751426470654,-14.041479715606538,-12.208274356670978,-12.907585264945922
1250,0.0,-3.13815711399487,-5.937001092284257,-8.791290163653134,-12.71364337771475,-15.822926220436186,-16.18847371615513,-14.324981319230913,-11.268500416220874,-10.945057450762912
1251,0.0,-2.314925016366213,-5.1675610089675,-7.258480180226885,-12.122399970368381,-15.698948370679133,-15.25410100873038,-14.86445868125687,-11.518707409828375,-9.984975259425122
1252,0.0,-0.6285388734224506,-8.433121272989416,-5.81975682933289,-13.537087454922714,-15.796573679043473,-15.792123961944004,-12.798273332609497,-14.827122434737094,-13.215367417676209
1253,0.0,0.23190066411289179,-7.774371099659426,-6.228638162541353,-10.412639546217761,-12.373916814028355,-13.544407541195884,-13.066125040698958,-13.022706029658623,-11.84626888394206
1254,0.0,-1.3142531639302715,-6.0848149013222335,-7.3146127822785,-13.47418345355231,-14.449208606858853,-12.74100339953204,-15.044154199337902,-13.985725488948027,-12.350569426116424
1255,0.0,-1.3199227615698943,-7.199863077265112,-9.474868193252437,-14.262457133880876,-14.13966970542506,-15.660722571683245,-14.690327101389341,-11.957103215431637,-11.678978804885402
1256,0.0,-0.9117000357576281,-7.127458562759678,-8.813752278973674,-13.585469405824774,-14.901284349921296,-14.525000354304554,-12.917975106578993,-13.377918329647999,-10.039697705963071
1257,0.0,-3.039550638427571,-7.697155119100236,-9.472519506721053,-13.235750878054176,-14.038021632269757,-16.108454879933586,-14.562807464890168,-11.647172314310467,-10.671121758640721
1258,0.0,0.3976483683472294,-5.196209596399626,-6.91844465785517,-10.586697417577792,-12.990028107375839,-13.261384911641098,-14.222495454871474,-11.728702808873095,-13.300669803381167
1259,0.0,0.10697634039824289,-7.391719599444189,-5.990298779907011,-10.554681454226461,-14.169384057615463,-15.04208846282656,-14.477659957270323,-13.897923650280994,-12.525215274405165
1260,0.0,-2.2719130167420616,-7.352826123658863,-8.53283006346131,-11.232212497818827,-12.89407089387,-14.600489008636268,-14.982956257314202,-11.805015364781724,-9.726435150763482
1261,0.0,0.0347743886506775,-5.116362411749677,-9.54065242228054,-10.766391419030377,-15.37539332719998,-15.149033145016444,-15.405472202198144,-14.802114496339183,-13.16285072416047
1262,0.0,0.37206608284203746,-5.860107239029412,-6.818836757379392,-13.54208079643771,-13.14029330664194,-13.550925052903146,-13.294315026795367,-12.725037510849926,-10.82584546336554
1263,0.0,0.26959918488360524,-5.348214373019424,-9.467650553123965,-12.236920539694827,-12.935765222197688,-13.13861224658933,-13.899255064010374,-13.495846627108602,-10.152343391598896
1264,0.0,0.4663985428813895,-6.71326303349969,-6.481625893489253,-13.678341386689906,-14.336868172940674,-13.298257674456952,-14.75992016421597,-15.190125383445919,-10.136130966795989
1265,0.0,0.2342036876156368,-8.362601524296274,-7.837194040065694,-12.866574951057814,-15.327297516751255,-13.74038493873854,-15.486917738916102,-11.605066984349559,-12.746667285780575
1266,0.0,0.6014965987774623,-6.452280413335342,-7.601412288672616,-11.154336565431988,-14.804584252782377,-13.238673817529232,-12.81890873359396,-14.955405137399099,-9.644855890269309
1267,0.0,-1.1177421872428708,-8.435359571293239,-7.28767697343226,-11.227432707922661,-14.636297263599673,-12.779955854603728,-14.487573172531537,-12.427145443537267,-11.786330461881477
1268,0.0,-0.236345361297158,-5.53322866234972,-6.200832394266004,-12.96535171900103,-14.720744855449798,-15.611025690342913,-15.658375916075926,-13.202310402288587,-10.872151289527396
1269,0.0,0.3763607213902027,-6.685110772503158,-6.433894282079813,-13.941498972562718,-13.037537526320499,-12.767018116868392,-15.63963090787305,-12.205884126890627,-11.449443480504671
1270,0.0,0.7077888221182262,-6.505302039718506,-5.600240866424482,-11.016154444844837,-14.22738580081023,-14.641669570863847,-16.476317682981456,-12.24814829721593,-11.937773045788385
1271,0.0,-1.9662644186739817,-4.998070172187488,-8.049442108737534,-12.93569543110819,-13.711028946682928,-13.499079850488187,-14.454673721025454,-15.066476926397732,-11.281510464140352
1272,0.0,0.08630143118375777,-7.15264248951633,-7.966547638369751,-12.26453558343909,-12.984101190836045,-15.59456215004968,-16.504051301833936,-12.183576815244937,-11.616511853658062
1273,0.0,-1.0453803103787025,-7.5610863767710805,-6.205674927259954,-11.799920757455114,-14.878734583228258,-12.456176681639779,-15.707499291528771,-14.596042604652398,-10.408445926668971
1274,0.0,-0.9121065013369463,-8.297796296743238,-9.382010594163404,-11.53298548433003,-13.248847998254318,-14.381305489329096,-12.87657948817714,-11.365747390800937,-10.355468691483162
1275,0.0,-0.1668645888519844,-6.906716052499024,-7.189631776494995,-12.20351412059707,-14.548798000116047,-12.786682743725219,-13.418077775979324,-12.21416341449088,-9.554107836911108
1276,0.0,-2.110048830972696,-5.252305744764281,-8.409714283635362,-11.591596318621512,-13.127691147695657,-13.32524760072285,-13.457248126202481,-11.832247863493105,-13.135397930707285
1277,0.0,0.5414399471782589,-7.333038506659571,-9.291909445207601,-14.141741230788636,-12.588466387014591,-13.381473301231399,-15.500208181499918,-11.934053484971487,-10.098056348549564
1278,0.0,-1.928340492968436,-6.663389896804187,-8.960726611786916,-12.944031884877933,-13.475976045262753,-13.013066756806463,-13.534787760430222,-12.741037699790096,-10.381039941819717
1279,0.0,0.19705952684581396,-5.46122589780893,-6.029771253239737,-14.316603427384154,-12.248973937245692,-12.628007287992393,-15.681719628562636,-14.948611807777825,-11.288542593796656
1280,0.0,-1.977995074338422,-5.76916878587749,-7.386246086492282,-12.394531049939786,-14.292706453176532,-12.93397212009574,-13.76086124335583,-12.696460267976585,-11.637139461934826
1281,0.0,-0.38080951931611384,-5.334109920776283,-6.985721839224909,-12.564031375054567,-15.93779696727149,-13.473583717407202,-16.330151646420283,-13.875447222155625,-10.001541883364279
1282,0.0,-3.2092046141468575,-6.181155341600311,-7.794099374052496,-11.566118992743645,-12.80145457729967,-15.092211130357837,-12.944483688201412,-13.074997673187646,-9.562328327347226
1283,0.0,0.1484203208789001,-7.713614756047557,-6.567684286422522,-10.368099136241549,-15.096855746322467,-16.11569383534543,-15.610726438780612,-11.699391640756645,-10.97517849180838
1284,0.0,-2.2826944172334143,-6.420552809658179,-8.979305486184199,-11.416267248274005,-15.237720245038176,-15.60315288688216,-14.132223007010252,-14.919407055290385,-10.664862225099764
1285,0.0,-1.1864081628307264,-7.443922138585849,-6.6454392955700285,-12.579185987246655,-14.261697734362118,-12.753087739579763,-13.620882941224666,-13.398378893719721,-13.076306780850237
1286,0.0,-2.8368639386327437,-5.222911949158055,-8.623466625010462,-13.496884170020074,-14.26318631840113,-15.097665037048152,-14.20598666939102,-14.248645050630302,-10.577803908927457
1287,0.0,-0.767612101743707,-6.282136013380638,-6.580668317861708,-11.840438085919669,-13.171328768544846,-12.785110598272436,-14.164989702105178,-11.515527127527614,-9.614666617391624
1288,0.0,-3.1767655045911063,-5.16173126789645,-5.63794441701852,-10.909552714681535,-12.284434141949554,-14.538225303264326,-15.99441841029553,-12.542845522730046,-9.602473394055496
1289,0.0,-2.273802082296144,-7.117341445803534,-7.866833458489566,-10.912547623465723,-13.240761322010282,-12.844952101190733,-13.325427644704352,-13.424178683116457,-9.567697665879578
1290,0.0,-1.6202551200622604,-6.480524900163944,-8.781987179791546,-14.060380417268089,-14.546202284375571,-13.289276810603837,-14.590786258159701,-12.794183670868536,-10.072007484856698
1291,0.0,-1.4461583231527628,-8.859045471157543,-7.330461785890263,-14.041555104268637,-15.015715017266142,-16.43828966603543,-14.678674039741468,-14.078293148250935,-10.016573385407163
1292,0.0,-1.206478408837501,-7.755573729801873,-5.612690959356028,-10.400991129597488,-15.177347790210945,-15.233644513298303,-16.528602418180643,-13.038418441335407,-10.233956906747512
1293,0.0,-0.7846402950892948,-6.899342136198362,-8.953355682081355,-11.419028058891199,-12.11045689489097,-15.690282914841907,-16.07897403228983,-11.657021859073422,-12.84554673351355
1294,0.0,-3.1734196668879044,-8.52382408255767,-6.761941721123775,-11.071455702652399,-15.03215302249766,-15.552810236618434,-15.47921760473968,-12.849180390142898,-11.85436288757166
1295,0.0,0.704834110541098,-8.524699361015761,-7.254677853689687,-12.803668014010603,-11.940843866317337,-13.08905479190813,-15.903125745722068,-14.693125993559702,-10.008426243027566
1296,0.0,-0.1851989067262978,-8.082669247217888,-6.809310040589192,-12.886291395197931,-15.487988231189266,-15.679544086582906,-16.138834502866967,-11.682602703701727,-10.104775604069635
1297,0.0,-2.4674424165455475,-4.991310815599169,-8.169404185024002,-13.351777998390903,-12.33091259045262,-15.493339042296896,-15.952883015909919,-13.75927619615624,-12.702949647273925
1298,0.0,-2.2155533272546757,-7.492010520246566,-9.48443142191158,-10.658592875250326,-12.763890789012502,-12.989014092425933,-16.470728703759995,-14.244808624231226,-12.748903644566866
1299,0.0,-2.327735660780228,-7.70592467173136,-9.42168832927948,-14.167683313526837,-12.26039803022191,-15.666537356143523,-13.837192098361115,-11.225312274826882,-10.816405410746892
1300,0.0,-2.499492563745493,-7.372399927105839,-8.22852602129318,-11.946613591075963,-15.42169198283298,-14.921464167793742,-14.085061370871447,-11.91163949859627,-11.481625856494672
1301,0.0,0.6732203338081026,-8.647562874574973,-7.584412485544004,-12.05500645769991,-15.848236483460777,-15.986853588971181,-14.753040731539533,-12.076159836715831,-12.536925225523463
1302,0.0,-2.23330334108592,-8.233228176469488,-9.040108707775783,-11.950190679371815,-12.376702712491909,-13.165685371445832,-13.407739512106334,-12.624619225739416,-11.217437784170482
1303,0.0,0.1588452188152969,-7.895966844517518,-9.23018928782458,-13.17109576148448,-12.305185075297743,-13.082615337141903,-15.052093906494981,-12.610104209071375,-9.636907236108401
1304,0.0,-1.333384947578888,-7.2634003515716055,-5.774361939699444,-13.063715944282011,-12.47875432485194,-13.627928735803945,-15.204236319268851,-12.44767290939727,-12.305816676306492
1305,0.0,-1.5556453510522874,-8.857617682282399,-6.5247226200308095,-11.267426686213442,-12.237158693132022,-12.650848958262863,-14.499986223392106,-12.58458090943629,-12.820826288044376
1306,0.0,-2.239805722074676,-7.190578016558192,-6.488305362284257,-13.47061999949934,-13.095518623354202,-16.227719708019404,-16.146228889975244,-11.727243425362149,-10.25513457381119
1307,0.0,-0.21333759557102683,-6.613342112742252,-8.045918934940532,-14.222693058416853,-15.130599533843471,-14.079162450571642,-15.670858836918477,-14.904947508544625,-12.600138553987009
1308,0.0,-1.6062964843539072,-6.633870749873185,-9.20813658290334,-11.389180291185362,-15.353509150058036,-14.59802372705688,-14.602445496295866,-13.480754144061699,-9.611013634894137
1309,0.0,-0.5066831905895115,-6.913297998516297,-6.248452795034501,-12.724050965872857,-14.996003142101635,-13.6506910240239,-13.174723325598388,-14.471897208234772,-12.54008956142504
1310,0.0,-2.1630601301202703,-7.201155626628527,-6.755398550023795,-13.61927746920028,-11.998016278987448,-13.557263715346817,-12.808644775879399,-12.853545737922694,-12.426376730772272
1311,0.0,-2.8474324113039544,-5.357250990667378,-8.411304581770654,-13.720351895374176,-13.723338348002665,-15.391473956817283,-15.422978820522474,-14.676680731365975,-11.476333109698576
1312,0.0,-2.3085799210502214,-5.921527656724905,-8.758818801449092,-12.201405426483987,-15.539480182649996,-13.441348340448247,-15.941347076847364,-11.989221616408651,-10.963036843957427
1313,0.0,-0.2423956333737407,-7.231685606773843,-7.8139285283449755,-11.3689329681312,-15.393866477511768,-15.715995989075445,-15.794972391825171,-13.0534487107475,-11.021287580676502
1314,0.0,-1.3604745296320016,-8.708094178887508,-6.358906710622349,-14.001574409994792,-14.082650269325379,-14.165568877442386,-13.905309603363925,-14.207391082703634,-9.822571481776755
1315,0.0,-0.16494009476568605,-8.300363407600049,-6.9244931610561595,-13.878179700086184,-13.290253546812592,-14.81842102695859,-15.159160468422751,-12.544882422239095,-9.646533879025132
1316,0.0,-1.6877222248937953,-8.953050295382683,-8.607846218947271,-13.215269929924554,-13.052031575193057,-14.21982695138203,-14.531714926671361,-14.07727054244556,-10.50506954711146
1317,0.0,-2.380905852146637,-5.048964349691533,-9.335538441281685,-12.905026283204718,-14.218352049397405,-14.958116355134345,-13.148252372552573,-12.860502882217673,-10.73073546824288
1318,0.0,-3.0077848320243503,-8.552478174464397,-8.982639197116006,-11.838446029079053,-13.791091483637413,-14.685234173392589,-12.601064255063795,-13.637903713302434,-9.583990756035309
1319,0.0,-0.32367479197961124,-8.707610592289779,-6.812732105553499,-10.559159567012323,-13.452702944837897,-15.689568711692347,-13.094343662278183,-11.52043334342859,-10.22407738814174
1320,0.0,-2.589217879346676,-7.817377076517577,-6.470006724572462,-11.307021571527988,-13.268753749076978,-13.747584761563637,-13.486077781491996,-11.356097131377636,-10.581240418197451
1321,0.0,-0.9731832777091594,-5.805662180045996,-8.801184533778315,-13.691898741657182,-13.434628769284469,-15.734795842812808,-13.355955349333005,-11.694215048486743,-9.841591809706394
1322,0.0,-0.44002313742932087,-6.732973026498806,-6.304306804674737,-13.669197723407455,-15.575596339939414,-14.6440660846047,-16.49032754545318,-14.704685220762324,-10.91451159793171
1323,0.0,-2.5707664397796126,-5.395903736599635,-6.298202412254881,-11.690846564217331,-13.970914182743215,-12.638560684103657,-13.974557013115374,-14.439429504323497,-10.7852356876853
1324,0.0,0.5623743359605338,-5.504810146444956,-5.973213422053959,-12.071787176281365,-15.071702656943433,-14.823840046785,-14.108537950045056,-14.717970842369063,-12.119632779830942
1325,0.0,0.3544103843879176,-6.169335157201917,-5.803966535946744,-12.624883126456092,-14.199483078609525,-13.369397622575976,-15.595464177812893,-12.381502929628338,-9.858381511782243
1326,0.0,-2.164698102939405,-7.966784507991651,-7.7094959996279595,-10.995432495951437,-12.235666732410472,-13.50157703831578,-15.829192067758777,-14.900279896972974,-11.783270910518464
1327,0.0,-1.9517741185672748,-6.841286348726779,-6.325791252857156,-12.215998106036274,-13.508718404466046,-14.411446579388695,-15.9550799172652,-13.438909943601416,-13.342479734157385
1328,0.0,-0.5244918291919918,-8.026369944573519,-6.351262967012998,-13.764284106193285,-13.542862772939634,-14.267046666478544,-16.442876468954378,-13.155709859026947,-13.142886338719588
1329,0.0,-3.0881656641859285,-7.4759843990823445,-8.94968996718212,-12.733320086970812,-12.113512647241617,-14.01625638139951,-16.397531829588203,-11.572415497883423,-9.842977952259147
1330,0.0,-3.0163559655786485,-5.4115075699286646,-8.666491867761025,-12.212506416836984,-12.90821844469868,-13.941441212913928,-15.17259168926156,-14.193036560026403,-13.350664487114734
1331,0.0,0.6544505974823553,-6.654452967312988,-9.045881669000092,-13.904642679949779,-14.790207703242581,-16.09448061046563,-12.796147881858134,-12.828937477461984,-13.344500502441447
1332,0.0,-1.6657720920888899,-6.5970342572404395,-6.340466736897459,-13.37890254065981,-13.52239198854428,-16.376357458751848,-14.458601312940266,-14.534216602929536,-11.236377295073822
1333,0.0,0.5221239062540088,-5.091333605269394,-8.751842205326914,-12.572513693882936,-12.683714026671602,-16.32472454561371,-14.814288389962243,-11.561609414200007,-12.462119300263726
1334,0.0,0.5871902943221303,-6.019638629337022,-7.771234369850893,-10.7090361313908,-12.982707267843008,-16.136150111660776,-13.641981943972072,-11.976349547453449,-12.234510616949953
1335,0.0,-2.708471831524989,-7.149815882813371,-6.787527376785447,-12.600914659598878,-13.179910846067903,-13.808105566761572,-15.535787340762441,-14.528120854671375,-12.452782261391869
1336,0.0,0.12789199024324738,-6.177997937983514,-8.859828779005001,-11.501169597910492,-14.436435689147997,-15.504553555450395,-16.46289908673211,-14.966645560364984,-11.07604262781087
1337,0.0,-1.1293125120162344,-8.905226855808186,-6.165808621406438,-14.02295370808021,-13.748689417923597,-12.879023034365835,-13.056389389981792,-14.613251080703648,-11.32154006576558
1338,0.0,-0.9823069234267514,-5.23663676643527,-6.951735601958733,-13.099011063497267,-14.693063673293354,-16.059444816394105,-15.96715578563044,-13.894139159536147,-12.555607923423725
1339,0.0,-0.3198456720744969,-7.55010655446598,-9.534242499512915,-10.583403950404414,-13.817208947865028,-13.464765033997942,-12.833078497297882,-15.035406677136,-12.557008952923763
1340,0.0,-2.030280376649271,-8.968178872058266,-8.494877717470377,-13.687845769515697,-14.029115558349417,-14.150716440138035,-12.793817412339042,-14.440777264312358,-10.30701829296187
1341,0.0,-1.7642329986612575,-8.241474801891037,-8.131400605914287,-11.801588487985718,-15.774650382626856,-14.036872106438132,-14.402336683423053,-13.153929009752192,-11.284172154694815
1342,0.0,-0.6812980266073496,-5.27141051478913,-6.360315472947303,-10.670730646411661,-15.576086253133525,-13.059113216515172,-13.423989876285647,-12.980859769913643,-12.669980016440746
1343,0.0,-1.638252450847618,-5.742784908686536,-6.599803929940097,-11.237753390963315,-12.560647183155739,-15.173357221167535,-13.261772320343116,-14.165533754932305,-10.265256952393866
1344,0.0,0.03969484877088014,-6.4661460053851405,-5.7412292443596336,-12.127000551331378,-13.148476073319463,-14.588585539589918,-15.690784174354402,-12.128991041704245,-10.140780517938177
1345,0.0,-1.706774583344172,-7.814231465622622,-9.49173118083651,-12.673218308163555,-15.234292204369204,-15.274847748805755,-13.35283343182406,-11.745201241756977,-11.7472177392357
1346,0.0,-0.4392904442739596,-7.739395806114686,-8.122206708092257,-10.942609844401145,-13.456034695638344,-15.48490928302416,-13.14685886015566,-14.413468653860358,-11.052334233893216
1347,0.0,0.20673701108574916,-8.63061338839586,-8.31876383294962,-12.063438573724742,-14.942143096097146,-13.216685565777862,-15.356782646460278,-12.823431498623702,-10.814398448830142
1348,0.0,-1.911894825987381,-5.577995523905589,-6.54563782028164,-11.192599425002927,-15.293327733308145,-16.184166296063395,-16.27574255863141,-12.147031985742519,-10.54835287833264
1349,0.0,0.6513451668808767,-6.417601485488975,-8.141740453534855,-12.849039426773869,-15.156960623000622,-15.845501469493106,-14.923652379245036,-14.689529693624792,-10.058768856100468
1350,0.0,-0.0032838515232187504,-8.839714719816541,-5.658303521268095,-13.232776273370229,-12.94611323776775,-14.434817754571373,-16.109544564167837,-11.79039405688685,-11.565083774302249
1351,0.0,0.3439268285331565,-8.409795299981463,-5.789640009389801,-13.599048818383574,-14.829411573991944,-12.526207832329737,-13.577690418992795,-11.205430523062143,-11.34023993479345
1352,0.0,-2.1339613785702376,-7.822045060888412,-6.091257021725186,-11.330343509993481,-15.469438515298439,-15.474140812507937,-13.010162201765686,-13.630932583481126,-12.005988018930804
1353,0.0,-2.4365530324795412,-7.8412250563215125,-7.817037198148748,-11.1676842392193,-15.61857717921541,-15.761109888761423,-16.26790124703021,-13.916665171616671,-11.03887881116262
1354,0.0,-2.677777626629007,-7.984664997714468,-7.896761347529267,-13.330608237617755,-14.32761906275065,-14.459860773940875,-14.771262197761333,-15.081247260262518,-11.232780007239427
1355,0.0,-1.404024967499143,-8.254347875197647,-9.35629487670918,-10.640231764005627,-12.289308094632107,-12.938272697904747,-13.054171267905073,-12.240765163013123,-12.236498045325936
1356,0.0,-1.5522917210912717,-7.346292255751116,-9.198512411413565,-13.457073699526752,-13.309516191200181,-15.733705553286503,-14.057502835699477,-11.349256426519407,-11.30181524915504
1357,0.0,0.5749605263945314,-7.783266713681707,-7.348823241100664,-12.830654768401761,-14.308663423558922,-15.762296634563423,-15.271593195301346,-12.492110736168666,-11.587349370487528
1358,0.0,0.36627107961432603,-6.4029948566939705,-6.354140401563683,-11.238856834923274,-14.106686453205764,-12.5559710786386,-15.089382530403237,-12.167442719609657,-13.347031653837924
1359,0.0,0.31458117149111553,-5.939445141953444,-8.902132717761493,-11.422445213048954,-12.804025935110857,-15.905019614811856,-13.267751599709673,-14.23121910906939,-13.247000415055615
1360,0.0,-1.7218519316952212,-8.738344437022043,-6.234149208616316,-11.53783461147282,-12.699805563509837,-16.167365944972424,-15.106491958324192,-12.927939528049407,-10.171530692703607
1361,0.0,0.7346522108328308,-6.51244582264803,-8.657026178343266,-10.393645152482593,-15.517720520449464,-15.129122860231602,-13.265045587687439,-14.927395367656615,-9.621056497688624
1362,0.0,0.7131646379238687,-7.928170838022848,-8.61425209935143,-12.3175205509364,-13.478049328129249,-14.746104610051594,-15.817809287156171,-13.841407994226909,-10.304008425443829
1363,0.0,-3.2226240867487097,-7.01352663692119,-7.336835201599954,-11.746937595645715,-13.286917598122091,-14.506404268806516,-13.723442782875797,-13.110206012661042,-9.829014502211093
1364,0.0,-2.4223399116549187,-6.004093065619154,-5.884286487768895,-13.919738669872624,-15.43435229532956,-13.124556738418024,-13.10227618957644,-11.965471090203316,-9.598890898334513
1365,0.0,-1.73788727007729,-7.411328649164496,-6.2070627784409735,-13.761313261863256,-12.784080850766419,-16.177901320520256,-14.525912859220833,-12.91055227973711,-12.285256590965487
1366,0.0,-1.3624038304882797,-5.8270949435892,-7.353541578478249,-11.337879643449611,-14.874678433846531,-13.475387010526084,-12.831432854228694,-14.968442297602328,-13.173258064262987
1367,0.0,0.18268915742162406,-8.18752815221269,-9.349999894514909,-13.110080464738852,-13.752404610087355,-13.110290156863838,-14.31630886810484,-12.824908497321243,-12.691757073113227
1368,0.0,-0.4728974465381355,-6.455336960795668,-7.130752998285061,-12.812639326630622,-14.863668470369657,-15.771311095020236,-16.280701790576163,-14.415828320522493,-12.994997023130235
1369,0.0,-2.3563765494945983,-7.756966443724934,-9.407349398875867,-11.984734225178512,-15.90568756947255,-16.263066287961212,-14.494935529559868,-13.013717422846526,-12.826925835612933
1370,0.0,-1.5348288202837015,-6.4882074327906665,-5.666724983757714,-12.684794096601125,-14.950361244638449,-13.603175646403425,-16.3982876841411,-11.474447379577207,-13.30512218397145
1371,0.0,-2.5185379671294497,-7.459279336620256,-9.157381026265842,-11.564602580821212,-14.202174775362993,-14.554978903667656,-12.690185796840183,-12.231030471363047,-11.917452435684257
1372,0.0,-0.6532406595829414,-7.644896535282423,-6.073891717095796,-10.608203494466164,-13.137760003013824,-15.593600257745281,-14.906839477160728,-12.896305734343802,-11.912311733571556
1373,0.0,-2.5538436115214855,-7.828467409328556,-5.585748231415976,-11.667006590439861,-12.062923469273453,-16.041239022535166,-15.522430078165785,-11.41085674134812,-13.25987696887761
1374,0.0,-1.4324765138579576,-6.623843167117759,-6.939988419393218,-10.87810381437615,-14.265062758245183,-12.686343638599386,-13.027243428511913,-12.883979085286429,-9.817793761790837
1375,0.0,-0.12584969692321302,-5.188426699626624,-6.943084639197778,-12.45846966203279,-13.065798849415156,-13.918382307986148,-14.154307917824818,-11.968024325263428,-10.164363895720173
1376,0.0,-1.348379525693709,-5.814154980375051,-6.967735482206827,-14.135559995617392,-13.690508962994695,-14.95356651540662,-14.150844329093593,-14.483551040618696,-12.01464601530367
1377,0.0,-3.1911293084529757,-6.960763221083908,-6.006375351634047,-10.955171265768003,-15.019501661599955,-14.861506214249188,-14.076712578836638,-13.699037423536812,-10.12552755719717
1378,0.0,0.41189100481095453,-8.878143776666601,-8.172752445479944,-10.978446943202057,-11.9767492920391,-14.960187506159718,-16.31318401606135,-13.831343481011988,-10.897583681015789
1379,0.0,-1.9013010458761508,-6.472792762790011,-6.071869856449636,-13.129452664032055,-15.565055362491654,-14.16041370081667,-14.021297949973473,-15.19518344105017,-9.771366659997875
1380,0.0,-1.8675622495306166,-8.387830099237956,-8.845898113182717,-13.62926037100425,-14.711931912071506,-12.935822844798,-13.89400522871403,-13.789275234932491,-12.508356938819668
1381,0.0,-1.282590385308917,-5.220595000399471,-5.730966259279274,-13.364021732355987,-12.572471592816049,-15.106058241913919,-15.191301117131438,-14.775778575157386,-13.285995577319664
1382,0.0,0.10510288621643582,-7.8045202822205875,-9.211706207193462,-11.008226317035081,-12.949948477962112,-13.575429674909437,-13.189007869330734,-11.844193301074647,-10.60803639187142
1383,0.0,-1.2890890643949637,-5.69682770101488,-9.227685328988724,-10.675284610959388,-12.042863792692991,-12.500452014120201,-15.128960844417623,-12.63432598855757,-13.365334025324946
1384,0.0,-1.5372114581449317,-5.027620142736252,-9.182899058544484,-12.540557297066055,-15.89367279071847,-15.40538199416292,-12.603413418328119,-11.671056169142812,-12.055751957229774
1385,0.0,-1.4924555670149429,-7.546803384050705,-5.97759246514333,-12.474265921803937,-13.213616218986033,-13.068705190441461,-14.13025100739806,-11.29215829897107,-13.167686057437507
1386,0.0,-2.053557231091251,-5.798576082690779,-7.544232724378475,-11.074494468852075,-14.614425975271388,-15.491466111303383,-14.824431126168713,-12.730432197043534,-12.824064536264999
1387,0.0,-2.633193719376619,-4.973377959096512,-6.895306980937896,-10.883137198312312,-12.549932149897682,-14.050945477024353,-15.767720273016241,-14.539292019820754,-9.756168323881376
1388,0.0,-1.063620176921952,-5.203168777083379,-6.117307051318651,-12.006360454871247,-14.470874980188285,-15.471761164948749,-14.410430862386171,-15.016000249813073,-10.220515017424235
1389,0.0,-1.7849750848983528,-8.711642556086602,-6.979286581801147,-10.727838126937915,-13.450911128863256,-15.832781630445913,-14.67046283643319,-12.890436124969078,-12.407472219794016
1390,0.0,-0.5821607182460906,-7.394485427169665,-8.235771790519081,-11.923153841636198,-13.676093175218137,-13.599408510096659,-14.513013364735507,-14.605709043454995,-12.103364867745082
1391,0.0,-3.0300088931759555,-7.508411478174349,-7.51851592740113,-12.613404464578323,-12.85301862835534,-12.693494894994181,-13.019025734397566,-12.168654769221392,-12.918207321293417
1392,0.0,-1.5264052441973375,-5.118801560160691,-7.5691029086163635,-11.99587727480638,-15.918479440354133,-13.691332169878892,-14.244305091822985,-14.187427506243845,-10.460022681754289
1393,0.0,-1.3833118398998592,-8.068326435313429,-5.914360648892762,-13.081117815266628,-14.606750823091817,-13.4429426103011,-14.654617777765111,-11.497906934099056,-13.358581312200164
1394,0.0,-2.849084094849471,-6.2477087111110805,-8.873328361624521,-11.438645553893963,-13.251104873366733,-14.546165982252464,-13.455091372805414,-11.760862778176707,-11.353515867414146
1395,0.0,0.2723041943137319,-8.670399233043295,-7.824163071810922,-11.39478111396249,-15.6470683008164,-15.20275360389663,-14.281257122341996,-11.439011302559438,-11.79187325206933
1396,0.0,-1.986818782246639,-8.770164988345897,-9.270603870042283,-11.281211787724725,-12.856512050197214,-12.59853797690361,-15.586679144968043,-12.365492283559817,-10.115880266468588
1397,0.0,-0.8067007532676955,-8.12039097607952,-8.706841273904335,-11.69870367938596,-12.861980049828245,-16.014927736517034,-14.283358566705623,-11.479827576133289,-10.869258123154728
1398,0.0,-1.6984987569498395,-5.263214820190667,-6.884803752672131,-13.590844699738877,-15.80595864916274,-13.96255718202719,-12.764937870292957,-12.774319734091398,-13.472357088397372
1399,0.0,-1.2412069688481717,-6.659502031416304,-8.853272919747234,-10.610658567995806,-12.39811923634513,-15.768940527724297,-16.141008539306185,-11.27754130321592,-12.979280579124584
1400,0.0,0.5382574827447981,-8.013565965757389,-7.074731755567622,-10.96526444284705,-13.78149457305891,-13.359913760738344,-15.584844704325244,-13.943296563984621,-12.282785327670563
1401,0.0,-1.4654756563577396,-7.70382398634262,-7.799838452031439,-13.894314175034774,-14.97640819319524,-15.561509858901578,-15.879262019771883,-13.11981021457371,-9.96662760111883
1402,0.0,-1.1776960416222924,-6.1113675517139665,-6.250390912620313,-11.164252988737992,-15.205405447204017,-12.556316923025449,-15.113588658079486,-11.379114190080253,-9.796953734124926
1403,0.0,-0.15655105807184277,-6.757967691189849,-8.939444334221822,-12.901556127294329,-15.24553742185533,-15.329168031154353,-13.947879397683918,-11.877167643006764,-13.471040091170208
1404,0.0,0.5774525791151541,-5.050563471839682,-7.483473767811964,-14.24066953484328,-14.781457421490293,-14.349905413517629,-15.782878614873557,-14.79619465128576,-12.869333092962659
1405,0.0,-2.824019046063391,-5.001574007042544,-6.255051306234078,-13.262979464408017,-15.057138884321155,-14.83503281708787,-13.876647554543592,-11.388563017819358,-11.290830594921248
1406,0.0,-2.119789818563831,-7.562270740919574,-8.658649529193374,-14.004384600855898,-15.566854273953474,-15.898266996838245,-14.649521591227803,-15.102206934785169,-12.885330524187234
1407,0.0,-2.0705354206497377,-8.230944379993714,-6.5543999759234355,-14.03546044735895,-12.527896551978536,-15.210443490574786,-15.857906306415424,-12.498650547602022,-11.585115694334103
1408,0.0,-0.7554031799021712,-7.608398537232129,-9.430889527874866,-11.728135654961328,-12.621394107552057,-15.958833232239447,-12.81378328906528,-13.688547983777145,-11.655847202648648
1409,0.0,-1.7462820796893657,-8.833213932932027,-6.8226156163597445,-10.772363563221907,-13.000187874343437,-14.129311285117657,-13.636466335866519,-12.069145628824142,-13.33795883744567
1410,0.0,0.38736807635944137,-8.724069888555432,-9.012285645228793,-12.378238644018822,-12.78092656705441,-14.081489301139321,-14.322592888771563,-12.026291685541686,-11.255281533532658
1411,0.0,-2.0906023604176984,-6.589150340698623,-9.377867573119346,-13.856582693909854,-13.981024983228972,-14.943613623827261,-14.031383436224996,-13.953502956349558,-10.429545138749713
1412,0.0,-1.9130798320406681,-5.045072124215805,-7.751437779160897,-12.837395296540226,-14.86534011532806,-15.520764269384285,-16.533657085291207,-13.190472405778742,-12.602311463932706
1413,0.0,-1.0806903244382315,-5.4685076624808096,-6.063326365024406,-10.4924620357023,-12.9953129796767,-13.255026445589682,-14.836304900136149,-12.494516792528241,-12.059043453568606
1414,0.0,-2.0334662106078474,-5.266796503288349,-9.512465665284356,-11.098590156418187,-14.056190234378546,-12.552050299002179,-14.177946258623994,-13.36419281986873,-9.884249774690222
1415,0.0,-0.7437419281701589,-5.405327010471439,-6.16887214506249,-14.329298046811452,-15.87986996964706,-13.950198754622871,-14.50448742205435,-13.491720600806941,-12.539561278690602
1416,0.0,-1.0139885134431141,-8.742627817630144,-7.187889772794277,-14.27268737766259,-13.233430186382371,-15.395765485895243,-15.310341564190516,-11.33241127731007,-13.123161917296065
1417,0.0,0.3263123504599288,-6.440157899070444,-5.943701761619511,-12.89868624105909,-15.750812453227944,-15.728679722191375,-15.831822959809214,-13.362261588653165,-10.999148548962353
1418,0.0,-1.102296216161252,-8.03985718926019,-7.179595862627071,-10.494467638548521,-13.028595556536176,-13.818763030655925,-15.40681083535059,-13.353634685717264,-11.851129066710618
1419,0.0,-0.6668558986297835,-8.829438889313872,-9.028915729752688,-13.59625648003377,-15.83421497836854,-16.20265191335959,-13.34520574047523,-14.390269682655296,-12.443100268341395
1420,0.0,0.04746078071038262,-5.377390826831217,-8.312056525402353,-14.320938046862961,-13.398104528298028,-13.54066101555055,-16.09603115028857,-14.456938197521156,-11.801534031736956
1421,0.0,0.05579955992450847,-7.445470445383988,-8.883168390534184,-14.115009210546273,-13.853198966524559,-13.318671794263457,-15.125420679107535,-15.07355933168384,-12.129556447731174
1422,0.0,-2.910538919578787,-7.875307814019379,-8.988296191451491,-12.758990839227192,-13.362005258520119,-13.054387173518016,-15.889263468231665,-12.225748723010405,-10.062098056597172
1423,0.0,-1.9851171055843486,-7.92527355004021,-8.349864781962365,-12.14131028758929,-14.556206065404941,-14.838293488485089,-13.193271528257775,-11.290431239353525,-12.529856610949755
1424,0.0,-0.3778413744015716,-5.711897311720314,-6.672585905215625,-13.86143389981592,-13.115326027813868,-16.044071207562673,-16.15453113015269,-13.564413533459359,-11.534741617203476
1425,0.0,0.16209389256690976,-8.597691203277915,-6.2525868491827366,-12.683060063062198,-14.726384532243173,-13.990554867984592,-14.35213000649803,-14.493285213001833,-12.517313841548992
1426,0.0,-0.08767700324160721,-7.887743103626853,-7.014320118798388,-10.873486081892326,-15.674269415265654,-13.25274743002349,-15.067031073143117,-13.804098939828174,-12.640313527423091
1427,0.0,0.64945776780002,-8.244255084659267,-6.975868192544413,-10.886576638376173,-14.037002343329018,-15.11999306847585,-15.613133285353861,-14.454822991549984,-10.545859584811849
1428,0.0,0.24755500448926648,-8.468359001481677,-7.629070728738082,-13.286854603475662,-14.23359397215463,-16.274084020082608,-16.16123545164882,-12.431421358285796,-12.083943833521648
1429,0.0,-0.22229152640047944,-7.852492486437418,-7.703864886463139,-11.575261257690967,-14.65407609806547,-16.13415468800451,-15.035570881121254,-14.521134948996913,-12.291130830963237
1430,0.0,-2.5457597312866227,-5.068482195838742,-8.148320861963644,-12.461227611895243,-14.013764846195308,-15.154530501289335,-13.633362588729582,-12.142304758063716,-9.542343817391657
1431,0.0,-1.0698030201157254,-8.464235929989812,-9.12204869107331,-13.445549880896221,-12.46072501909705,-16.380793317104402,-15.259599715089815,-15.124359871583154,-11.427300653883043
1432,0.0,-1.5466270566576752,-7.066208536921293,-7.64737499209794,-13.146637328269101,-12.005733208208559,-15.187838071300463,-14.693698103523841,-12.59664470349487,-13.32247316524872
1433,0.0,0.006214398715184366,-8.482905893967752,-6.005415479447116,-10.571654328402822,-15.276555373309735,-15.09023819485587,-15.445249655126686,-14.739180384511526,-11.848540400145318
1434,0.0,-0.2531694134427709,-6.329580714508956,-9.324700021964688,-13.934484635437851,-12.311450002427218,-15.101571744033363,-15.527908578875737,-13.800295171645834,-12.217778528203777
1435,0.0,-2.0495301976223796,-6.787403799815861,-8.05262610725838,-12.680044385902375,-13.615015100988238,-13.81457153875297,-14.946579642037852,-11.789854277154385,-9.578305937784107
1436,0.0,-0.20986846475918108,-5.2870076134200215,-8.483676558552123,-10.876567175142885,-13.99926784132817,-13.909113176791447,-13.117848332178836,-12.316358596853684,-12.912409139779484
1437,0.0,-0.025897928798907177,-8.374195929241571,-8.331269364938088,-11.48412112822643,-13.93615398161624,-15.743194297485802,-15.575102735924307,-15.061146052397506,-13.2069473041931
1438,0.0,-0.4514847186811628,-6.507984377072729,-9.388551562492781,-13.370646879334629,-12.832646099084686,-15.407526537892611,-15.990696031002246,-11.257353474135165,-9.506891775114024
1439,0.0,0.348784390665954,-8.243658030745609,-6.339028117375108,-10.410950346401693,-14.56453394916721,-15.981031809163639,-16.094524824545818,-13.101687140411435,-11.032777728053723
1440,0.0,-1.6522582152636698,-7.9624799350558515,-6.065069162934934,-13.959832575031658,-15.884601122997148,-13.938528772408198,-12.87281311966962,-11.971935508956584,-10.997690439348922
1441,0.0,0.29570066409785056,-7.1772275065742,-8.57958372840669,-10.80953602068274,-14.728977690983509,-14.339463662771347,-15.277167173221185,-14.214402889965704,-13.428112107281272
1442,0.0,-2.260738999360101,-6.916123878003894,-7.302790026807842,-13.811657758003141,-15.723688588296806,-12.59606814784268,-14.936139070935019,-14.623339734175183,-11.890999997389883
1443,0.0,-0.14629871678546058,-6.485611059235463,-7.556432992325413,-11.55415629850939,-15.1694990142762,-12.627216251949264,-13.210788885477463,-12.929385452407566,-12.531822761377382
1444,0.0,-1.8360683648855334,-8.41525535887535,-8.220436334594032,-12.084948275519881,-12.238847962257767,-15.416779959335669,-13.398380712200495,-13.257605299872889,-11.028759041169856
1445,0.0,0.414225607478127,-7.8847093365458925,-6.837679426689359,-14.209088932663049,-13.124771250469719,-15.393408064429195,-13.493573309249207,-15.108965381580548,-12.564850840856767
1446,0.0,-0.015154837940744681,-8.21317032675701,-8.218850958431709,-12.591515325756884,-13.144799442895508,-12.930905996685764,-15.805210636448559,-14.407973697803861,-11.888521372222028
1447,0.0,-0.3664639055998231,-7.4623537745330255,-6.635378888428617,-11.620898189274836,-15.050777212680147,-14.064408180748297,-14.259782276754805,-14.130886346070444,-11.759215386622973
1448,0.0,-1.7762250591565851,-6.29821594443337,-7.524134709083327,-11.678734692161676,-13.446945773204384,-14.368489156298898,-15.200699355011754,-14.516012520068047,-11.402702176930523
1449,0.0,0.5897616573303384,-6.410256768956748,-7.29400901219512,-11.04139276113213,-15.387862567548098,-12.727243091121704,-14.756192404103855,-13.991979298898784,-11.507951170341753
1450,0.0,-0.9909364690713152,-7.620215738436812,-9.049441478619295,-14.313922936408966,-15.917557399208278,-15.47724840570914,-14.167221663804742,-11.841955836228411,-9.88614623867364
1451,0.0,0.33170088796081876,-6.193661622889479,-6.68029022616064,-13.718766592973857,-13.042562998512109,-13.11448688943288,-14.330051443902216,-11.309132502527069,-13.382802479041667
1452,0.0,-2.6311031804252742,-5.892609016412995,-9.385882921710108,-12.843182694384483,-12.137922414093063,-13.978700011908517,-14.138004579074693,-14.675562531129923,-13.117654757709122
1453,0.0,-0.0741174067944006,-8.965250738456923,-7.59532203573408,-13.198291467734094,-13.779105049105706,-16.28448639776136,-12.974032903406409,-14.109733822180752,-12.446983390342453
1454,0.0,-1.2635633982018215,-8.931445786064456,-8.039987410522029,-13.498875906807802,-15.734855101213514,-15.480563511134102,-14.573250294426806,-13.88297222500111,-13.021457522244283
1455,0.0,-0.6027130233968827,-7.188261689483218,-6.203724870904239,-12.425656093883928,-14.28670200037423,-15.947380703435023,-14.29098480581255,-15.147521944194262,-11.26078026473733
1456,0.0,-2.7810712784707823,-7.992115632208129,-6.3223498199631765,-13.69956353121555,-14.284763130964345,-13.800070210848459,-14.560335272571423,-13.254823196064171,-10.459435826214033
1457,0.0,0.6192730299163856,-8.715490371508757,-8.04171612117459,-11.77468227322841,-15.255600751141708,-15.29425376133186,-15.226830567050142,-14.486195124792562,-12.954105055977589
1458,0.0,-1.650129054754971,-5.344209504054163,-9.203671451846834,-10.535087354247267,-12.799894776375554,-14.991076000602625,-12.753257422664621,-13.92836896792228,-13.315081162041267
1459,0.0,-3.0787706050976067,-8.14386287068428,-8.317867842431564,-12.232396997225004,-15.899240261727876,-13.491276351605942,-16.401125070158916,-14.30824865941599,-10.081308030637683
1460,0.0,-2.665598170569848,-5.140690452067706,-5.955029103403888,-10.548232655892697,-12.975861377422973,-15.084219075706343,-15.228416754213335,-12.2445969569516,-11.437651580478363
1461,0.0,-0.8394013118410046,-8.010014028876006,-6.900367123094319,-13.831500302358384,-13.156807668982001,-15.718052427064933,-16.43192783375664,-12.816302465825881,-9.687020933280094
1462,0.0,-2.5224966321952897,-8.69947493864045,-5.619553452198094,-10.63079444080705,-12.457316899242917,-15.229818147169093,-16.041629618236982,-13.20082979543529,-13.130882952107793
1463,0.0,0.12822624345194633,-7.020068745600852,-7.350045623144628,-10.58441159068313,-13.66365524328937,-15.780306426375233,-12.638570558569896,-11.55125813738028,-12.550368485620123
1464,0.0,-1.5026062326824872,-8.950933825454245,-9.098456218567536,-13.979984827367955,-13.536326892034642,-12.45169987420984,-15.938940199662996,-11.46625824735944,-11.646236972314325
1465,0.0,0.5309994078878981,-7.870707040342937,-7.676469204598226,-12.393917878274332,-12.442926759481265,-13.093857621962744,-15.720327999452127,-11.544366932134459,-10.487192055381886
1466,0.0,0.4354602487147665,-6.920369875711222,-8.096189370770826,-11.086152541340613,-13.383506336770825,-16.37856432629274,-14.141956838306614,-12.780366242254956,-10.666708893300047
1467,0.0,-0.04874981723896443,-6.227000305585473,-9.057741271737958,-10.745669540419929,-13.158019912661727,-12.544818510133915,-15.21765587346208,-14.216000395615653,-10.321067279144437
1468,0.0,0.5134810487573338,-7.024825537098483,-6.258840609399758,-11.284783508881436,-12.143783900244422,-15.413072927217938,-15.971807493447654,-12.161453484814642,-11.464702240141948
1469,0.0,-3.082987127363098,-6.33477971707641,-6.857657148556401,-12.132375195623942,-12.149872824564522,-14.347160848988503,-12.913223515907935,-11.907033602800503,-9.95110899295409
1470,0.0,-0.2453353508328453,-7.909310070510201,-8.41242829417774,-10.967164880321747,-15.198709252881377,-13.463274060611605,-12.703095669160536,-12.524359359867425,-11.381469467835078
1471,0.0,-1.108914026894959,-8.181102883104572,-7.07734528572985,-11.749305743547835,-15.62349785764018,-16.386413503457284,-14.664220782467474,-13.205338359149348,-11.016471969893331
1472,0.0,-0.15822920973709964,-8.062262474985618,-5.8046256002478,-13.225983574096098,-13.578314520653374,-14.578597073124596,-14.939841468303763,-14.389926616126282,-13.250457686722303
1473,0.0,-1.0597609053941013,-7.734277835889045,-8.6415230728226,-13.866026016321294,-13.872813239258482,-16.430494670413434,-13.367408016028318,-14.25003211226271,-12.414929803412104
1474,0.0,-2.3673934580494898,-6.2180934097464995,-8.21379480036426,-12.776722394814792,-12.550330531664484,-12.45445092899206,-15.05067781185756,-12.998396750203643,-10.55302115750783
1475,0.0,-1.1072658634729988,-5.886866860217767,-6.872854064299791,-10.875563399038736,-15.526602033425915,-13.207245537667813,-14.311785843170085,-13.73044302873019,-10.803239801460048
1476,0.0,-2.6458959435601095,-6.93505959050991,-8.745953795447395,-13.634620092088369,-13.585128587785332,-16.3546220715024,-13.522007438850135,-12.991994616200891,-11.500480120136075
1477,0.0,0.5580537960295264,-8.005306065653294,-7.219807867217897,-13.009934405494107,-12.345135658412683,-13.175999382688602,-16.06753465981855,-13.867047629112186,-13.139309886568382
1478,0.0,-1.306388542714653,-6.0120220652428795,-6.430513578695214,-12.66286994172344,-13.498456105173723,-14.603028071795972,-14.709315888284449,-12.4073115876982,-12.683787528861066
1479,0.0,-0.9319326381929662,-6.521781390026719,-8.523240349918694,-13.834411528309182,-15.56988690231834,-12.722349720789534,-15.122302854765021,-11.32263513865581,-11.339147211122677
1480,0.0,0.36863705473602826,-6.936026585354691,-6.63355604454344,-11.160350039098175,-12.786592969703026,-13.29264417345159,-16.116664891997797,-13.577520735204418,-12.898081888724404
1481,0.0,-0.6563930356367846,-8.744044638462304,-8.715556598913423,-11.65596744467673,-12.677319094318532,-14.677180278361837,-14.423816132426776,-13.512509907972726,-10.308132924610277
1482,0.0,-1.7750199398099444,-8.588520697406347,-8.582902163229361,-11.842912599701164,-15.934637663648136,-15.828972649163166,-13.1707603037611,-11.286226118673563,-9.997733451414812
1483,0.0,-0.9574025474288606,-7.052082617729999,-5.904231572850543,-11.834193028941424,-15.062123487094016,-13.65811811355168,-15.784314224665872,-13.091695738817059,-9.813656466592397
1484,0.0,-1.8215662929505567,-5.401229413013077,-6.077446987106427,-11.961476962421681,-14.855778625740616,-15.86346468605927,-13.569472918616041,-13.527608162345427,-10.931112709711854
1485,0.0,0.09357394241991468,-7.420169084955138,-6.388838087120764,-12.996183371343372,-12.810338608063109,-15.326047680023525,-13.322600412582073,-12.687939995644804,-10.700757862545329
1486,0.0,0.22751821478789758,-6.9588068989542755,-8.904602677040414,-12.987347753645857,-14.065268933522317,-13.97405468581554,-15.529022646311612,-13.23007239937535,-10.853354726532828
1487,0.0,-0.8298716166612543,-6.015814975757454,-6.118411424224181,-13.013485290295442,-14.69958613194208,-12.999728735066217,-15.7305191973416,-11.208901669691944,-11.662443008858073
1488,0.0,-0.4180486189144226,-7.36931802525573,-9.562862927235786,-10.364496233761127,-13.939694207894599,-14.094991361279957,-13.021989315354425,-11.589586715653876,-10.715738422399472
1489,0.0,-2.9935466644975954,-6.8002118497979005,-6.968130058001307,-14.079830157545228,-15.380276394376079,-16.320782452301348,-13.33321982202311,-14.976423796699804,-10.676450570087415
1490,0.0,-2.9209324826845826,-7.762721790182919,-7.95935315133404,-11.350150152391041,-13.750977517338956,-14.75834851983543,-15.799213450018,-11.372232426583519,-13.432395263733058
1491,0.0,-2.7496077779656867,-7.206470333980075,-7.451474130677587,-12.640546125399377,-15.856470055010467,-12.536598309565761,-15.371761863968844,-14.064794331318673,-9.568487521059769
1492,0.0,-1.0030732789473937,-5.20077128282357,-9.539580395039543,-10.383980891236625,-14.747053148885332,-14.500903497795305,-13.858686070796628,-11.705946677464539,-11.35496656655201
1493,0.0,0.4276440062801279,-6.407938431810769,-6.717921764251999,-10.69687145010467,-15.328696372026066,-14.745360874893377,-12.889657848261571,-14.298997064264567,-11.638661625982106
1494,0.0,-1.548602788021726,-5.346653197454428,-7.944236065880245,-13.41155724087271,-14.952209919727038,-13.118796628989866,-13.001669886674282,-12.206808211791383,-10.578589523595852
1495,0.0,-0.3618965074476064,-8.500253087507065,-6.385769707805569,-12.274124153597473,-13.776827058825704,-15.589263442110996,-13.084740076768282,-12.993069212841922,-13.446408003333174
1496,0.0,-2.5631380690349337,-7.5302691174337975,-9.32159219263218,-10.501167579826884,-12.954963864229637,-15.620109333591666,-12.814999548671834,-12.623127138860722,-10.538531335026814
1497,0.0,0.5366448193181839,-7.404153530297426,-8.784417378162898,-13.117475097034648,-14.15029444443785,-14.894491097639245,-12.89930171069581,-11.95945768340762,-13.098102978509246
1498,0.0,-1.7702531788265043,-8.932892236011686,-6.053185589889664,-12.234907562468692,-14.447294139985623,-15.427511985813043,-14.537899087695015,-11.516699761426258,-10.032326209537008
1499,0.0,-0.2825281680085765,-5.568296328890103,-7.476788491283946,-13.197745134531804,-13.22269411979389,-14.792297645404444,-15.735045265764045,-14.559983887633319,-13.228376362437338
1500,0.0,-1.8535557499035136,-5.415646717887148,-7.968802676687002,-14.093239102877329,-12.774864746901502,-13.232524653873078,-14.182852237600144,-12.96219058027326,-10.925413912227322
1501,0.0,-0.23565838606325862,-5.640614799866741,-8.97713295364876,-11.190464297064079,-15.400254920900345,-14.409327237130224,-14.012268215193016,-14.005563958138412,-10.966543509097502
1502,0.0,-1.5816370267860052,-7.02873700914878,-6.772737685185286,-12.693501145521346,-12.77702053154927,-15.184401954852818,-14.047700817096107,-13.664680306418472,-11.660205553521678
1503,0.0,0.2511679979101542,-6.681147923526339,-6.363219770667878,-11.879671215690607,-12.553082813647586,-15.082447420966133,-14.58252333266147,-14.594201681176589,-10.031471848578473
1504,0.0,0.4637881169070006,-7.607211625264549,-8.187193894788093,-12.285571007113951,-15.76214925939937,-16.120405822687022,-15.615819124754045,-11.529144473658924,-12.48691538042622
1505,0.0,0.12050464746907519,-5.785805060902178,-7.654526019273899,-13.709802951257622,-13.38421738925208,-14.305955366095459,-13.538329703650199,-15.170532472737204,-12.592193187880182
1506,0.0,-1.3816073530137734,-6.443968464124083,-6.88059395301714,-11.856651223920803,-12.47655795980676,-16.156309656200428,-14.977574888433477,-11.340121439680019,-10.16793554826095
1507,0.0,-1.1578546310490183,-5.8702368781705685,-7.095059047702421,-11.931985702717288,-12.429705238498096,-14.977430267451917,-13.814044921890881,-13.404136754890736,-12.053588034196885
1508,0.0,-1.3027528897083818,-7.979336863754917,-8.701478363254086,-10.84884436835505,-14.9162867635014,-13.364773389006158,-15.393742096884637,-13.718662171558064,-12.87412529888519
1509,0.0,-1.0419182628343697,-8.291361353817948,-6.397081713503875,-11.761658214693362,-15.914822321356194,-15.951970231588021,-14.515715146138795,-11.294561089483311,-12.178742095974355
1510,0.0,0.7654485140716032,-5.841318681685696,-8.767278663862134,-12.707045011747025,-12.879931680749145,-13.258944550576356,-15.435567444788392,-12.483316190234353,-12.08103636988029
1511,0.0,-1.3220841902144227,-5.77131499004764,-5.785285190168553,-10.822249747989185,-13.805591829950721,-14.20893398816689,-14.236648292028809,-11.51364791877169,-10.056686741918995
1512,0.0,-2.2432437015825677,-5.299235829602912,-7.554105611965147,-11.22884566726115,-11.990445557499864,-14.924399141323802,-13.891309923777253,-14.92802281999057,-11.823938157956428
1513,0.0,-1.8487907820120097,-6.540597607056889,-7.809839948799875,-10.452973344284214,-13.02322865050297,-14.471391701497273,-16.22774282254697,-14.392259483979633,-11.872163306358184
1514,0.0,-0.7459874215686697,-5.746017767603252,-9.30741638950723,-13.167222130723918,-15.207105102043418,-13.69357165591836,-14.74798494589527,-12.790093771642987,-10.253229060985287
1515,0.0,-0.8594335553370778,-6.818611878612345,-9.201785722769841,-11.704913985682898,-12.740328956923904,-14.70170881563204,-12.63388585124085,-13.568199029836737,-12.779503361734308
1516,0.0,-1.9464300284383305,-8.260013444435337,-5.780521227645771,-12.495709819670441,-13.786282367753568,-12.834261337765996,-16.5514780954124,-13.91281271927713,-12.59829697214507
1517,0.0,-2.1264600007529646,-7.613589203849971,-8.543246537580115,-10.537521857545133,-12.566195546477976,-12.654916208565698,-12.757594212501562,-13.656531585501735,-10.064338377936751
1518,0.0,-3.2107635677876343,-8.410666759947677,-8.146370945557765,-10.693907889850712,-13.978966196809111,-13.53321615271222,-14.362242213817499,-11.591220070176263,-10.091110645386417
1519,0.0,-0.49986385865554617,-5.736824633602144,-9.523564124200952,-11.402608361956924,-12.731157880712654,-13.347853940794488,-15.863250142621517,-14.853422317367531,-10.905751969050405
1520,0.0,-0.9598508487266177,-6.8484165497504055,-6.638391676063258,-11.043100952253816,-12.083991032752612,-14.07498030464662,-13.748661809926206,-14.149074522549865,-10.922128791548232
1521,0.0,-2.35435441354062,-7.376297840834693,-7.528055831090143,-13.96544442460609,-14.960650949091724,-13.002337072622485,-14.88902448754105,-12.116646888811943,-11.510786035541596
1522,0.0,-2.1026310636341234,-5.842007967028717,-8.855376657728838,-11.254221380957468,-14.316438284794126,-12.612380634087128,-15.516662734590996,-13.794320395358993,-12.194693904248377
1523,0.0,0.29151347130838445,-6.722122430226344,-6.01974112595434,-12.334611162214197,-13.194190564292752,-13.451043052757903,-14.806246551036736,-12.487546186402913,-12.97212315588648
1524,0.0,0.5730707281001113,-8.73188765266023,-9.556317938107316,-12.03840273735381,-12.32920092982279,-13.05795970814319,-14.78677167149657,-12.081297290185553,-10.978304634125564
1525,0.0,-1.7592827942665286,-7.472505324129909,-6.733226575214983,-12.826177322416166,-12.43504993804341,-15.676474809989346,-14.629363417406658,-13.333495339574135,-10.405696285061119
1526,0.0,0.6600152092621618,-5.530918709559306,-9.219341188834415,-14.308036847432504,-14.003810174066611,-13.323231486291057,-12.802842689958547,-12.25686862548552,-10.76551599129272
1527,0.0,0.43233305999292826,-8.271615807352628,-5.665021169306094,-10.600742293275136,-15.72789107872283,-15.23126839904954,-15.397087306817987,-14.015196637864056,-9.665259733016374
1528,0.0,-2.6974261457682136,-5.079106369390082,-7.317750710708915,-11.811719428428546,-13.954884515489304,-13.76233707222425,-15.51315331142754,-14.633241479044262,-11.209046759147908
1529,0.0,-2.123781155626548,-6.032186040514048,-9.374574837009671,-11.205731579692644,-12.341878826626044,-13.400851850149404,-13.482385287963682,-12.374840658993019,-10.226912332890848
1530,0.0,-1.6150391387563252,-7.4885487061603655,-8.300625254814234,-14.197311175262692,-15.537243588301992,-14.07132420503023,-15.588754569966394,-12.830672913676999,-10.772703077345946
1531,0.0,0.004097647029020823,-6.412790490206288,-8.743212264792676,-10.637045686374332,-12.055752443631988,-14.786738233601557,-16.08686828888871,-14.585685588577563,-12.68032191522806
1532,0.0,-2.9311885890957505,-7.412799816415287,-6.99597158311785,-12.627442768233601,-13.830021112525612,-14.203678947800892,-15.779406359312361,-12.001121921831164,-10.594472256951768
1533,0.0,-0.986298633300815,-6.835256799125716,-5.734879880545628,-13.005723240624462,-13.638524747140554,-12.465275039961693,-13.798497686073318,-12.461272634158185,-12.302096689284431
1534,0.0,-0.7727834148536288,-7.8023453712317306,-8.389211867992447,-13.374633456106356,-13.705543065235354,-15.59022918872086,-14.123112426133838,-13.625187355725883,-13.21804420819944
1535,0.0,-0.9380719714217012,-8.654616480344655,-8.463218150878824,-13.089925259990324,-15.194181567019976,-13.90340632554642,-12.997385432244245,-12.353338948487007,-13.353032294683064
1536,0.0,0.6980663480987794,-6.699003550276977,-7.835676594158398,-11.296525041205749,-13.021612616998613,-16.21199309146788,-13.153820171975546,-13.428608143437504,-13.453692314951697
1537,0.0,0.6438094857539425,-7.861355415119225,-7.724684292465973,-11.435317340179191,-12.060824498015158,-14.88601806629965,-16.366462553108093,-11.848084772465716,-10.6348545398456
1538,0.0,-1.7116801425734562,-5.86347599351795,-9.529577824372488,-10.77561439929761,-13.674743879576086,-15.791012051458987,-16.42301690234017,-13.40622641703387,-13.127196284244256
1539,0.0,-2.3494403595580007,-6.063221935638226,-5.793491931869419,-11.44623778253625,-12.165522817892668,-15.612416280206736,-14.097753653645679,-12.0844898626247,-10.09698398476738
1540,0.0,-1.8789745325933134,-8.388537700640782,-6.380723419168839,-10.85837119349815,-15.705140201394917,-13.885826056050666,-12.606633215144724,-14.813016125219542,-10.183723761223817
1541,0.0,-2.310904998093891,-5.279662520656916,-9.40889278133034,-14.164880484933422,-12.506314479924358,-16.206249957648854,-15.023222993488588,-14.549654667049357,-10.3582708129737
1542,0.0,0.678179812107786,-8.810717759603728,-8.436850514413042,-12.607788906804036,-14.811792592900643,-15.053049717753822,-16.358553529888905,-14.220343878944675,-10.37254316009486
1543,0.0,0.38243874520474996,-6.778649181604426,-5.795389122922066,-13.684390401644558,-12.160957007265377,-14.916704212432117,-13.17700722464664,-12.06713989058184,-11.411981869929269
1544,0.0,-0.9257997900943784,-7.957391732955047,-8.23230748694106,-13.891838057112679,-12.011785172141416,-15.137773406860148,-14.464958033728706,-11.67234141342212,-11.595508806429937
1545,0.0,0.7192229699220194,-8.520689136579383,-6.8027815640251195,-13.641118141114932,-14.520667037661488,-14.871379841221996,-15.985295447591486,-11.923017725227654,-10.64610794646337
1546,0.0,-2.3518730853647423,-7.0168233925662395,-8.980898906388571,-12.882912065024486,-15.724730055916476,-14.395349175821234,-13.676027835391647,-13.73974701665862,-11.11220487805054
1547,0.0,-2.4559994273502097,-8.251256165258352,-8.56613249294821,-11.585124874118854,-13.540662615584932,-13.461906086446252,-13.833510942009564,-12.551014029337296,-12.880859554799015
1548,0.0,-1.8999917377315791,-7.9453347681699205,-5.893027859484782,-12.40679588823484,-14.19064916571488,-14.865410838847602,-15.88717577102981,-13.345696369670607,-10.377107121446606
1549,0.0,0.7088353372197362,-7.3449547129896855,-8.655525241892581,-12.192829984352198,-12.34770387920946,-16.40665408952231,-13.953385250092762,-14.4297859417982,-11.109538147727392
1550,0.0,-1.716685216285032,-6.2394126780059,-8.57641396962922,-12.450116330158902,-14.047582763479289,-16.143616018230464,-15.13804586187783,-13.561895590027738,-11.77089179965381
1551,0.0,-2.977810544294871,-6.65757634905129,-7.473801307055618,-12.807666751266234,-12.227947990739173,-15.37125820200255,-14.360454517694105,-13.476779126261466,-12.367503758497238
1552,0.0,-2.646313938557606,-5.763859684672358,-9.096410557827259,-10.43775194947636,-12.574967447889676,-13.961681240296741,-15.531916591394953,-12.00284429490415,-11.901393209081835
1553,0.0,-2.1064534352068187,-5.449601571433357,-7.723639851298566,-13.984590491408065,-13.096048281524942,-14.36086241050356,-13.80234000106849,-13.253637102160537,-11.110522194556035
1554,0.0,0.1561126144149072,-5.4919436179221535,-8.387817671848142,-12.751199228955413,-14.908534856007972,-15.757614516829666,-15.759403190762415,-13.5979543366941,-11.934754504014633
1555,0.0,-0.8861175359983355,-5.6959967726576775,-7.3456765272788775,-10.430442979376597,-15.5534512557318,-14.770001380350129,-14.289115618115765,-11.686725676482002,-11.838762666082475
1556,0.0,-0.936489039612344,-8.940549690431265,-8.272909337327713,-12.542496290070956,-14.670932879893739,-15.81915469544114,-13.671422222845704,-13.649354291301364,-12.19048397854621
1557,0.0,-0.23207837918085605,-7.187665363732186,-6.561744625685929,-11.497957779039467,-13.415919423114472,-12.549267628053386,-13.477788543407883,-14.536896016838643,-11.52957467127945
1558,0.0,-2.2979106690845135,-8.527592557114414,-8.256831530731903,-10.638755518494133,-15.480583085508375,-15.582734127048626,-16.303641153323582,-13.531403000642436,-10.480499758359084
1559,0.0,-1.4894230702571656,-7.850758790932079,-7.901115545014074,-13.114740738545539,-12.901043258705771,-15.311459607790184,-15.13146226130124,-11.5095063651586,-12.81478207759098
1560,0.0,-2.8213809908858267,-5.204477423262894,-8.42095485684084,-13.271166213833606,-13.305372964374543,-15.317823991983508,-13.21660953727308,-14.71369057182929,-10.488622248504019
1561,0.0,-0.6471038188380707,-5.583656199694849,-8.651446299210539,-12.861725739337754,-12.519629762385032,-12.730552694523869,-12.959985873343424,-13.387873996864414,-12.764860349242477
1562,0.0,-2.302094418951378,-7.252606993346378,-6.343672305061193,-12.419901740838997,-13.821663343908519,-16.25279348647321,-13.532113072999373,-12.265035165688019,-12.298752765017726
1563,0.0,0.6137540552256437,-6.326211706692778,-6.702306073767312,-11.396411647346769,-13.70350757281873,-16.394763406941,-15.28887387626039,-14.815196762669965,-11.489920266954865
1564,0.0,-2.9135129380978007,-5.419291425227762,-5.917487664267216,-13.479438585042237,-14.623380498521987,-16.090992814238998,-14.69913369416028,-13.790922982932898,-10.302789916994094
1565,0.0,-1.6025415361435125,-7.336710426402524,-8.756857059234619,-14.179158758809969,-12.500999750194406,-12.706215897908553,-12.794679947310915,-12.684752386937202,-9.869413851930226
1566,0.0,-3.110665784168711,-5.904015911631169,-9.432168673246661,-12.86899399683594,-15.908376991008545,-16.088989244822557,-13.757148410744172,-11.733866875805138,-12.921311159848697
1567,0.0,-2.966062081445267,-8.140761461036568,-7.571586913941563,-12.374521124911979,-13.077849946143001,-12.811058021417127,-12.588184895383645,-14.91248334108036,-13.373812598398178
1568,0.0,-3.1059829195023494,-6.231726031785134,-9.000641353369303,-10.901537638025019,-12.342444455287191,-13.644769044574895,-15.8133943362572,-13.755937802678368,-10.490878396553562
1569,0.0,0.17500832715793324,-5.998440337057902,-7.250806445485499,-12.846126037215392,-14.043717171791252,-13.564046669178428,-14.471367049169185,-11.492546443402908,-9.662952218864067
1570,0.0,-1.3165631168801994,-6.400800141336053,-5.7430935557728375,-10.831281786822863,-15.109880572286198,-14.198664401803551,-15.433169715025945,-11.477803444294416,-11.508580463615901
1571,0.0,-0.4437300999622513,-7.943915110192779,-5.649694987411253,-14.237139721002682,-13.183444231079985,-13.332962131737101,-15.247194511608898,-14.351948948133955,-12.892502241112311
1572,0.0,0.07841490575491905,-5.933012466299509,-7.458353746506864,-10.921287070761409,-15.51158485381307,-15.541137511638645,-12.957674865601984,-13.144731737228174,-9.673827536597974
1573,0.0,-2.655296640199973,-5.005606318649862,-7.418545970249717,-13.218892256623805,-13.75581923482348,-15.576101791101003,-12.728807963427126,-11.445560637316106,-10.077487629380355
1574,0.0,-1.6697032456615386,-8.003478780669356,-8.761894184298338,-11.550996519110699,-15.403248579673706,-13.69969541151712,-15.183403381899712,-12.318204113437746,-10.690733992905189
1575,0.0,-2.291105181596664,-7.085509435087722,-7.8690871351376375,-10.521555098482768,-12.829675218952925,-14.16253025654059,-12.597232196346324,-11.351114220754962,-11.49045463450531
1576,0.0,-0.4089797561784736,-5.171097136569138,-7.247634679750412,-13.488921978749284,-13.066161831964951,-15.038974591916464,-14.329675901888752,-14.303142510904655,-11.794637730455404
1577,0.0,-2.5998419418959684,-8.830311302769251,-8.892653755304988,-12.04687426938126,-15.125475955775851,-13.98567149358425,-14.09811712095249,-14.285584071640926,-11.8834410568305
1578,0.0,-2.2297893046096235,-4.983800885981651,-7.613555051117321,-13.674380405368527,-14.634627743013311,-12.775872639397697,-15.811196346599706,-13.401077521468778,-12.819831418880089
1579,0.0,-2.4297483971481992,-7.711454992306631,-5.765764504608319,-13.72222766995439,-12.2415150879332,-12.467931280404393,-14.728097953584562,-11.450446091303581,-9.623587936777731
1580,0.0,0.23695990567113867,-8.022173236709081,-7.564535916058312,-11.212648119199844,-14.95464212544369,-16.421755345498937,-13.169324072914716,-13.591469834556737,-10.338027140177777
1581,0.0,0.40714497599407906,-7.55463564125613,-8.83170385080448,-10.98190773930784,-15.540846681699174,-13.943946121229143,-15.312028718408087,-11.724651438808417,-9.97354986235586
1582,0.0,-0.8927201992609501,-7.325841924660756,-9.352436929784997,-10.419591333454656,-13.092403404504804,-13.934394209835345,-14.158891498716766,-11.96188988117666,-9.789170909923804
1583,0.0,-0.10727006578974718,-4.986019465344937,-7.016113230409264,-13.750133868051321,-14.451639284349323,-15.428473704243515,-14.858657676369276,-12.095219905557258,-12.611167908635306
1584,0.0,-2.9628210589951367,-6.118008600412069,-8.480899205150102,-13.949477765231439,-13.988470478630651,-12.497416716020547,-16.444030305639632,-12.063816015608628,-9.709900078415313
1585,0.0,-2.574004922966849,-5.596915636827613,-7.388827643880477,-12.253683766711838,-15.829081443182647,-14.023222730939871,-16.18240501200617,-12.082154129335994,-12.263384662194365
1586,0.0,-1.4492413519839387,-8.089664657467965,-7.293689366894885,-11.569262070547946,-15.2310767227659,-14.937828016538024,-12.897602528271705,-12.541764849989935,-11.439991681796549
1587,0.0,-2.918807011575533,-7.225433869324581,-6.741376135630463,-14.006348285426665,-15.265273097199385,-13.730856178551758,-14.270901271180227,-12.976360275979708,-12.275489478692272
1588,0.0,-0.9773958819793567,-6.121064580278004,-5.8943134383824525,-11.603113729570714,-14.024200266844293,-14.404678744052283,-13.642744715685584,-14.23376685078508,-13.35483112415089
1589,0.0,0.2048030602627482,-6.509749557975807,-9.302851518877512,-14.06976740704014,-13.334272922625052,-16.11072968631432,-12.890189454498133,-14.353121859258561,-10.093914564120816
1590,0.0,0.5346860963293576,-6.2692521512346975,-6.158556317264486,-12.959862213517246,-13.56094306956955,-15.382534004106091,-12.949975399960866,-11.836846247867589,-11.420742997964819
1591,0.0,0.4879300774654025,-5.512356589946289,-6.371618382710144,-10.512965390209203,-13.117909749453851,-15.608167771606446,-14.669231886884797,-14.911439968295086,-10.343242366252928
1592,0.0,-0.7690597551202516,-6.097156596640676,-9.217379099182754,-10.805726527087275,-15.582672689288568,-16.19891930816088,-15.927271819173233,-13.726628431904652,-12.470357565731893
1593,0.0,-0.9859323375135562,-8.424389457777592,-7.046465466190805,-11.781237372200964,-15.518154736619843,-15.69406809530763,-14.75012802720761,-12.91824652729157,-10.954858393724269
1594,0.0,0.11234147871307076,-6.9646839437861905,-7.6188550628292955,-12.16920050218567,-14.988604288851247,-15.866865075757536,-15.834772623373727,-13.334683767083298,-13.492776786338965
1595,0.0,-0.26602223542082415,-7.147772521336242,-8.373954693594897,-13.621724992382832,-13.460011484548108,-12.99750177109339,-16.36114620034517,-11.580188349822015,-11.37586571826976
1596,0.0,-0.11355243425844552,-5.452290592572895,-9.289928082859387,-12.968252397505621,-14.566909359757018,-16.106317951465318,-16.478300381590113,-11.61793561147675,-10.433144245562785
1597,0.0,-0.6245183498353857,-5.919552798741733,-9.555750488798605,-12.087835207873574,-15.283865969941933,-14.91381116365951,-16.321277864791853,-13.570684933299614,-10.875851135354878
1598,0.0,-0.39624499305600036,-8.2623375996301,-8.642867655080991,-13.178567329884427,-12.611231465628448,-14.307810603845928,-16.030982062652743,-11.473107741186837,-12.334846267457962
1599,0.0,-0.5454151383199517,-7.746201377559691,-9.552097179771852,-11.601282676948866,-15.801069757090307,-16.022814716058036,-15.062667985283758,-12.124103614888085,-11.525361112324827
1600,0.0,0.38915706492835866,-5.822890536079038,-6.423786889702824,-13.097475095765047,-12.892438886297386,-15.181314332993043,-16.278264510637005,-13.524388127735703,-12.627428298481465
1601,0.0,-1.2442517808365,-5.628560387902741,-8.843796120535966,-12.761476630956562,-14.809858919035282,-15.287763666683922,-13.85462515884395,-12.905264754868961,-11.170757391356243
1602,0.0,-1.1533942086632525,-5.608696914043302,-8.47200263474376,-13.724187876430344,-12.453542024652446,-14.638168010489544,-13.74119884536648,-13.413715557024718,-11.713482202473685
1603,0.0,-2.746826877589639,-6.846417208430585,-8.611845074975484,-12.55713279936357,-12.778810840118533,-15.213884115398045,-12.716430035487743,-13.214884563744906,-10.980217291418327
1604,0.0,0.4737502394782007,-6.666797192511993,-7.08539932071197,-13.352677787888307,-14.497379195945205,-13.785610380938504,-14.071755155829306,-14.518089439008106,-12.685547463309947
1605,0.0,-2.094294284244448,-7.579396524586597,-8.5507433249312,-10.56141558659539,-11.974427648489016,-16.3012899814378,-15.150251028174123,-14.478339491095312,-13.18922892385033
1606,0.0,0.6173264570166994,-7.923407556146227,-7.841370318870806,-11.91324326798051,-14.819461081082467,-16.127587870481328,-15.055822846564944,-11.632161031658963,-13.311143098029557
1607,0.0,-3.151497553667241,-5.428433882913339,-6.034527242285954,-11.45853392868867,-13.92914466594295,-12.910732341136931,-13.137332189480244,-13.369220479363936,-13.451314223666206
1608,0.0,-1.0845046352336185,-5.627534742751646,-6.129328071101537,-10.864261299225262,-15.036400345704818,-13.944601930292613,-14.037872083015678,-11.548652699727208,-11.066039758165331
1609,0.0,-1.9782832514753177,-7.808064343647301,-6.568805678488287,-10.769594306801938,-14.294900871561177,-14.763677988269585,-16.17009505864272,-12.776939445728289,-10.38357415074426
1610,0.0,-0.013349444435307944,-5.877705651074281,-8.158547669447819,-13.575001701592576,-13.963353757156684,-16.236336979912316,-16.44163161342935,-14.20862294010158,-13.100186614607832
1611,0.0,-1.9975314025813637,-8.885410035959463,-9.333767359506568,-13.485784149490874,-15.046557051569163,-14.451282725550435,-14.157998245992342,-12.192487613096922,-10.708945753337117
1612,0.0,0.720179667270719,-7.260206159283053,-8.503856499795113,-11.478976311189124,-15.431786081577144,-15.971242742821653,-16.537342871094044,-12.053545971502855,-10.476134272183968
1613,0.0,-1.6852555366780793,-7.683847874489543,-8.58591224744792,-13.503936642888007,-12.129291665758537,-12.74926657369625,-15.299104930133554,-15.077215106718302,-9.847224235860766
1614,0.0,0.4239151834629564,-7.788177742571866,-8.277238833143528,-13.002628432860076,-15.18860285097002,-16.05238688127863,-16.333602139938865,-15.095928657007441,-9.523255516006394
1615,0.0,-2.1838908397912125,-8.91376776831302,-8.246435853956866,-11.876307051802353,-14.238423173571057,-12.60619241876773,-14.391165758333972,-12.518565300085674,-10.495825833389503
1616,0.0,-1.4352268155464545,-5.996719221111537,-8.47196928126393,-13.049906388991783,-13.683557230470617,-14.303583367350878,-14.595954540263048,-14.069200912445279,-11.765760039698664
1617,0.0,-1.9901296554446,-8.585108125038907,-6.415005032678937,-10.54007544772444,-13.926173903970648,-12.720043677848032,-12.828588030008973,-12.888107022459032,-10.55484631936952
1618,0.0,-2.699625492822746,-6.131227659616872,-9.365347579824594,-13.89206301337422,-12.485679052720512,-15.238292380758764,-15.284605301752064,-13.085033587789866,-10.361859986862026
1619,0.0,0.5680037016632533,-6.503565321367242,-5.611458628447455,-10.815055364661424,-15.349331254675999,-13.376288848350857,-13.10853839224115,-12.255969285726994,-9.625959230046291
1620,0.0,-3.0726459447893255,-6.974482097145143,-7.668459036149635,-13.756969728767007,-12.64644753315958,-13.881296993265101,-15.100149639622707,-13.326207354444838,-12.852553868549872
1621,0.0,0.12244511353324317,-5.436646579078084,-5.772941633564567,-14.267313244092017,-12.385577079843944,-12.850614218042448,-13.943461938822328,-14.466572134808702,-9.649288932416733
1622,0.0,-0.05890176028158933,-6.7038532556387,-8.065964186772442,-12.51954824621538,-12.367830928671287,-16.21427300848405,-14.419308927915095,-14.376396735883144,-13.118553937009946
1623,0.0,-2.1150456464824314,-7.727483974538087,-5.875442988148391,-13.223738918683914,-13.631118549704253,-14.387852685306779,-15.545775777191373,-14.651698114978961,-12.09445904021561
1624,0.0,-1.0170628959863741,-7.655472473194086,-8.47795220501569,-11.826023294547474,-14.22065422906789,-13.032684700505172,-13.430577069139563,-12.049634848599524,-11.810090142873287
1625,0.0,0.025281130499983373,-7.813423369216551,-5.620813479438214,-11.706288127167385,-14.695221704945517,-14.503045220472787,-15.443963677672231,-12.135497052438241,-10.749972351975691
1626,0.0,-1.8683727052822319,-6.671523190018555,-6.1211032764394,-13.767425018998402,-13.862935102925015,-14.396424781639425,-13.68209147332693,-11.913676576514654,-11.869629616697173
1627,0.0,-1.5623250794675727,-8.943290361799086,-8.083475467401065,-12.699115249990761,-14.918634457806192,-14.055761891804371,-13.069284881275083,-12.037440435024028,-12.357304229059004
1628,0.0,0.1525574226568298,-7.536290134289868,-7.359845188796623,-10.750571621595917,-12.92767310244606,-15.675786768408193,-14.91130244721332,-12.313196601524176,-12.946218096422344
1629,0.0,-2.346872442452159,-6.355223288769295,-7.312163738544966,-12.258222924022954,-13.617986962510214,-13.074664468301926,-14.768699464974581,-12.932503058301199,-10.921292039538988
1630,0.0,-1.8909461517736135,-7.195580861914746,-6.521024989663712,-10.948030831960567,-13.834965374780653,-15.91211037458119,-14.409653572760963,-14.76222731616997,-12.888433908029931
1631,0.0,0.43708006951441014,-8.8943903681108,-8.747078439920394,-12.050921396848892,-13.953905045221834,-15.922176747126649,-14.339153464096537,-13.427440799219287,-10.190255254018112
1632,0.0,-1.1452729242555146,-8.95572847810834,-6.613575111286856,-13.507870341380858,-13.947441171393482,-16.422787973659343,-14.69584090276918,-14.836450713535228,-13.28316740455705
1633,0.0,-1.5575313158901893,-5.67974456233399,-8.271833084262187,-14.152169951298964,-13.443452118338907,-13.796408208586882,-14.969558238882973,-12.263401379463867,-11.830362704717201
1634,0.0,-1.6336656603448392,-5.454923577608037,-9.101087712303801,-13.843942807507087,-12.015313251175037,-13.43917712629005,-14.914033525544726,-13.690398429670187,-11.9860531308421
1635,0.0,-2.174666624851432,-5.198689016706054,-9.575060660140783,-11.837379536893984,-12.270358690343793,-13.577203308841618,-14.881833952549057,-14.780370015712318,-11.91931817606053
1636,0.0,-0.9540911782825039,-7.691062295268582,-7.329483078514212,-12.40006808356238,-15.560667330782284,-15.929755913970784,-13.1904509595916,-12.74344574910879,-11.945224476547855
1637,0.0,-0.07832737533191914,-7.381483415027963,-8.789064161986065,-12.890224051601452,-15.31389874280653,-12.586983924058286,-13.441490161669606,-11.61043540053105,-10.462274366418809
1638,0.0,-2.93748261355226,-8.393347648357116,-7.262548215375408,-12.301492566871032,-14.589009984522036,-16.360697194513293,-13.311573783634959,-14.531233565495084,-10.007014536731944
1639,0.0,0.12445378580649802,-6.223089656719611,-8.943877068865866,-11.527636111385576,-12.14071637514548,-12.508929838501093,-15.41991466613739,-11.487790408789587,-13.328382371075268
1640,0.0,-1.4565486076656466,-6.482728841038723,-9.129759698072288,-10.55785483462379,-14.333604680481605,-14.49455141689212,-13.66577412961327,-12.50606576225188,-11.63284560696178
1641,0.0,-1.3867552572646635,-7.119070479211809,-8.46512128111447,-10.362450808973687,-15.40440911140557,-13.065607133183583,-16.364152393595678,-14.994986572087724,-10.482383292813196
1642,0.0,-1.906639134450242,-5.878554588838344,-8.897417044451895,-12.21891204120659,-15.906598883668892,-13.19766270399596,-15.34017159028258,-15.187532721290946,-11.468496625515801
1643,0.0,0.6021639615547465,-8.816011118170739,-8.009113326674719,-14.303244529968055,-12.701154600665294,-13.767630030584398,-15.082224328016167,-14.086831112008584,-12.22972747354604
1644,0.0,-0.7477774705770579,-6.4609966888064765,-6.655115933787741,-12.08152781688098,-13.101559220788598,-14.391776162599012,-16.369687714798363,-12.682828846625728,-12.151299506652943
1645,0.0,-2.5029664705157235,-6.37423592293284,-7.37764336184001,-11.477203527059402,-14.800116010407612,-14.919353736558017,-14.254566202071793,-14.210138530417433,-13.005213177829367
1646,0.0,-2.2954644173082586,-8.519034568588642,-5.68801129654714,-10.985153765473886,-15.406013218150635,-13.103852816602593,-14.89253461031545,-14.643742013206994,-10.658024218577234
1647,0.0,-0.6141944330209843,-7.5869028166092045,-7.033517214758105,-13.875885123401002,-13.583042189630337,-15.240710921427333,-15.820089109079833,-15.037167418943477,-10.028760087528998
1648,0.0,-0.5698182669693499,-6.628960118445679,-8.82553089396626,-11.17569642105643,-15.640196555223355,-12.818881692615513,-16.545787434862024,-13.938848910596638,-9.577130308553935
1649,0.0,-3.1657462078945975,-8.924465187173379,-8.397789163325648,-13.238794056842378,-13.913186066657317,-12.82865607896413,-13.667054238107518,-15.152098571606045,-9.848130519950477
1650,0.0,0.337170554476125,-6.414669903846867,-8.46123158362055,-11.356075820334087,-15.148335337339473,-13.660419183788251,-13.77688098353706,-12.242493669524757,-10.724275325371615
1651,0.0,-1.6791951473475648,-8.565487743955606,-6.023370536133594,-13.656552360190455,-14.921708889672733,-14.227223644358855,-13.685229333402015,-13.462425696903432,-10.260484425774672
1652,0.0,-0.7009495004348762,-8.60447564206208,-7.849376155472971,-10.77661710902451,-12.186303832307923,-14.282303227707546,-13.412254455557422,-12.510879500157932,-11.604006080072695
1653,0.0,-0.41108474457660504,-7.798596605845838,-8.517104957661921,-14.013870850826883,-13.343738095220367,-13.895152859679877,-13.906836140625277,-12.413396725342164,-11.64984627866525
1654,0.0,0.03302090586412065,-8.56819861544817,-8.051532176400848,-10.880020958307789,-14.479529276959282,-12.744169833207772,-12.874213233148733,-12.599563413740022,-13.23937904340979
1655,0.0,-3.1071238062586732,-6.17564117038542,-6.315702737021487,-10.738915024511313,-12.217992597374108,-12.494715159879277,-13.052343015533243,-12.74969195288624,-10.912831140559119
1656,0.0,-2.6797489993024572,-5.31612233268898,-5.876222104223014,-14.172080545322448,-12.191204021920605,-15.003663728362232,-16.404805321567217,-14.830181390899341,-10.366746937654863
1657,0.0,-2.104696092264679,-5.159286943849528,-7.9533043032575925,-12.108206047434502,-12.81284035355505,-14.519285029053638,-12.78251772241838,-11.426814160573056,-9.58922738986329
1658,0.0,-0.8988057414024899,-5.088061721943131,-6.010445231990859,-10.613552161828931,-14.4984970081575,-15.953635422892129,-12.620933815651403,-11.416945842274394,-10.401541032430663
1659,0.0,-1.9307665870260318,-5.228476961184304,-6.692210064753435,-13.931343819752337,-11.980939885079586,-13.6676188137614,-16.316915349417147,-11.950829621350229,-12.346597704168149
1660,0.0,-0.6103988557458804,-6.399660873889296,-9.234190422741893,-13.589804255446703,-11.946053818302474,-14.607044504670464,-15.976116657124301,-14.835559214242618,-13.160422993048119
1661,0.0,-0.8771318451524732,-5.297832892205182,-6.345298517871225,-13.242356639929948,-12.92959335553751,-14.938882959213617,-12.664026353476686,-14.868973529940215,-11.555624969354527
1662,0.0,-3.0588599152616673,-5.13751685610096,-8.459411051769068,-10.888913824634676,-12.576646565170051,-13.593453080003123,-15.416737836835475,-14.018340174213456,-10.158641726123056
1663,0.0,-2.777753678385856,-6.562566778224275,-7.92646992106969,-11.52026684014146,-12.720110355689135,-13.601953384708398,-13.805073553654521,-11.399459288921241,-10.113545946893737
1664,0.0,-2.970704633989441,-7.771597811820321,-6.11192296848884,-11.15348352370048,-13.917423466253325,-15.048864467573164,-13.717682640251617,-14.322177674750247,-9.861499367424484
1665,0.0,-0.5607239870842857,-5.623131947831595,-7.141785927539795,-13.085210039119909,-14.380051163060724,-14.657445209691046,-13.981858049012407,-12.97128402389062,-10.079722840154918
1666,0.0,-0.10965059151068424,-8.773722584565967,-8.674688200805384,-12.332948327054217,-14.67369606701006,-15.973820797149862,-15.032293682998517,-11.510363064759183,-11.14469365920011
1667,0.0,-2.279540595656359,-6.171749962314515,-8.539160480282806,-11.964226536350786,-15.588607496459934,-15.461714046012954,-13.160695109956539,-12.606205614486178,-11.734604136932226
1668,0.0,-1.4976134127045995,-5.106986959066038,-6.5283431455511,-12.29062526474516,-15.875907162559347,-15.256863914976197,-14.610883198509612,-13.232306139204088,-11.82660910860923
1669,0.0,-0.0936293722658803,-8.405572397948806,-9.576870997597887,-12.989787304524313,-14.858760517834126,-12.795728659159643,-12.886063131101169,-11.540694460580458,-11.853710136956039
1670,0.0,-1.5138026191229488,-7.76151284808244,-7.859339731633791,-12.431631009818924,-14.007415116376444,-12.97050844190893,-12.90693247380139,-15.141321409995772,-12.091175605514236
1671,0.0,-1.341770195214246,-8.554947689280775,-5.776355974756047,-12.220429164074826,-12.175692113117718,-14.696017441908445,-15.709738260723991,-12.694111176171207,-11.924783316936178
1672,0.0,-0.8576003524548916,-6.296815230753644,-8.775644696374108,-10.91820059766905,-15.08502308445287,-15.183164948035998,-14.415781737194473,-14.942187242812677,-10.326677201370565
1673,0.0,-0.5513186961897936,-8.361959860163719,-7.695696548647916,-11.24769299012339,-13.823034365058849,-12.683128598244172,-13.135717160188161,-14.031739251172514,-12.829604549130945
1674,0.0,-1.9376371425503691,-6.001759259718002,-8.102227563862185,-12.03058527875381,-14.861952227067906,-15.435089552319926,-14.592352927720082,-12.201006111266398,-12.809291568350607
1675,0.0,-1.0216564439678755,-6.241624353452046,-8.478098482986665,-10.838907049973944,-13.142041138112374,-13.99977631224733,-13.602347812151036,-14.611249749390335,-12.301141236742561
1676,0.0,-1.1992510588692857,-6.143126833245662,-6.997431177354733,-13.401252219932045,-15.760180600493541,-13.904733535902015,-12.62709318687187,-13.556650394851795,-13.201520661769614
1677,0.0,-2.48663579543011,-8.663657368348606,-6.6142934674419624,-11.291538785129971,-15.41036693088157,-13.959056030560824,-13.856641048745928,-12.019274668871953,-12.114425480819683
1678,0.0,-0.7995908194667036,-6.253147167732732,-6.721914546308185,-10.529423540657831,-12.671214791079006,-14.183658317380893,-15.616439365135522,-11.723265484921729,-11.15478080769919
1679,0.0,-3.143487581958293,-5.792048938818983,-7.946855424193053,-13.501303403803666,-15.790921278672883,-13.010475943191427,-13.336928698503359,-11.919699489050979,-10.934413678034597
1680,0.0,-0.022734344327259404,-5.753980671043,-8.78782563433778,-11.766067936684253,-14.237060663935203,-14.998130826053695,-13.655847809847316,-12.45888308982537,-9.834836874007856
1681,0.0,0.1454541079363212,-5.5031376379607835,-8.926289997445988,-14.08759791000107,-13.572982420689693,-13.357132925782627,-12.71168160949531,-14.08037029754777,-10.898350366146683
1682,0.0,-0.8508416033457395,-5.311572256482389,-6.22011709110704,-10.387590340407797,-14.629001513187184,-13.189123526899897,-13.711128771876558,-13.196112334777915,-9.524499541595436
1683,0.0,-1.9895105949030294,-8.358824536238977,-6.801121033964504,-11.895889737244053,-13.848092543536634,-13.964899360731348,-16.510722548265694,-12.772212898852388,-12.40390158869752
1684,0.0,-2.991922919179497,-6.766622976308378,-7.121893433221378,-13.558070347213448,-12.381961791980672,-14.829671864032816,-14.974428660441621,-11.559199094307868,-12.253596598724739
1685,0.0,-2.8566385979280153,-7.106707503584185,-6.805257945551186,-11.058294188101867,-15.294236421219445,-16.03249961055624,-13.557482519490694,-11.346733198452823,-11.829014716443304
1686,0.0,-2.8103909011136152,-8.532388211334698,-6.35330090251847,-11.250216750503736,-15.579335681454433,-12.870801403704696,-13.089342541827236,-12.356763458954031,-10.729692104367299
1687,0.0,-2.4721111123384314,-5.739786594623624,-6.582537322354476,-11.71208508441993,-12.803124808843764,-13.444448708460762,-14.712918406246366,-13.051604628412123,-12.199583093521497
1688,0.0,-2.7032007712325665,-5.3519557438173155,-5.756927502190492,-10.472078776780709,-15.47763885029962,-12.582442587740113,-14.482352477617994,-13.206140019843932,-11.308655799887276
1689,0.0,-0.9146523179341082,-7.110605543063932,-8.227186385879538,-13.505503084338656,-13.091875533437294,-15.25218810015736,-15.304300763664976,-11.579179685021048,-12.832196271187755
1690,0.0,-2.3827415285692384,-5.6572491044610915,-8.439561090064078,-13.962435198574916,-15.531335971128193,-14.357291739331693,-13.921719232252517,-12.666627494991527,-9.591500183729776
1691,0.0,-0.7115039997288832,-7.616478389083982,-8.309242315675517,-12.273350324175336,-13.436548856825244,-13.378903599990728,-16.35087155545451,-11.391547019136741,-12.562001382511827
1692,0.0,-1.4190020532229135,-5.570368681627127,-9.22529368393611,-12.69736073772594,-12.017002253017386,-16.44108405908357,-13.83463011637811,-13.4366266453586,-12.9394902341197
1693,0.0,-0.6602634627348527,-8.269543006629386,-9.309310026363203,-12.859768949369311,-14.048520289384399,-13.841012358103631,-13.370077979023058,-13.081825013150109,-9.633350782921358
1694,0.0,-2.471245750498143,-5.817465378401973,-9.150568657713519,-14.203207720537504,-15.60160184382081,-13.156180588889407,-13.29791763377858,-14.757783773605002,-10.185926037667812
1695,0.0,-0.8256166970180634,-8.852588622184877,-9.07916311093527,-11.328240324844476,-15.065508333463331,-13.366307279331984,-16.119733647869847,-12.764481113905024,-10.512320823814566
1696,0.0,-1.0081418087273817,-5.661422730256101,-8.966372407553811,-12.246395335624124,-14.342339393207725,-14.624611590244935,-14.533882422868256,-15.024973243355848,-12.29452175587861
1697,0.0,-0.08234078151940905,-5.034037802839411,-9.370729985294137,-10.682220122948452,-12.796054023991339,-15.48620595941187,-12.884637043032786,-13.675501727402876,-10.932133972502337
1698,0.0,0.4646426521524867,-8.3532410850576,-8.529763980410934,-11.686367974016944,-14.851588535411357,-16.409729730434094,-16.0059529682633,-15.111617098716037,-12.352247536401638
1699,0.0,-1.077894258020327,-6.737629984105607,-6.450424650368909,-12.088330394801092,-14.4658728283008,-13.706311397252211,-14.169554206770817,-14.426810518508525,-12.951447610530986
1700,0.0,-3.1161837027603334,-6.369450116575476,-6.479023822754638,-11.579800756770677,-15.286376796834487,-15.166218712155949,-15.30039244059697,-12.158157150734498,-12.863960301081724
1701,0.0,-0.08024571325182261,-6.392401701891188,-7.4256193714945535,-14.010493508791404,-12.13844458668038,-12.867344619560814,-15.678797530460878,-13.6076709583076,-9.651276538691326
1702,0.0,0.6754235705658314,-8.801195846551238,-7.579732923243096,-11.354728965921105,-14.457472941443047,-14.820831665960753,-16.027086146795554,-11.893467400055595,-12.74012105474262
1703,0.0,0.00309010095531681,-5.304190427031985,-7.333450011088944,-13.79521561253037,-14.782653859320778,-12.506152563026784,-15.09785160492406,-14.824630007441094,-10.840550753554794
1704,0.0,0.5197979900581648,-6.439154706418193,-6.892531306910779,-14.219685706164423,-15.693365533567253,-14.322007829811618,-16.437131349223332,-13.53846366935364,-10.534030734240055
1705,0.0,-0.2772387343259748,-8.86640982872041,-6.075799271619907,-13.325146761481907,-13.83841837021944,-15.909958254879374,-13.433092883133222,-12.574330944344252,-13.031034484340339
1706,0.0,-0.5359186981164461,-7.432848420461683,-6.29085069102379,-14.282922253444449,-15.532560207102309,-15.204323567226087,-13.111157855406736,-14.897788400393434,-11.685471459483804
1707,0.0,-3.228192374815275,-6.02880169795211,-7.598010591759811,-11.352615880771774,-12.593338753185227,-14.152580468566981,-13.03168111663819,-12.95895476842708,-10.74733833632568
1708,0.0,-1.5457677304465631,-8.547365620617297,-6.6677946524085705,-12.02161613071185,-15.467134128490788,-15.974594466200035,-13.076596284809302,-14.465750662179715,-11.618107768459478
1709,0.0,-3.069882873696194,-8.726654119600383,-8.665477742119627,-11.556660059505274,-15.423906602778466,-16.346072948060314,-15.176706637753279,-13.305734922094054,-10.316548113078273
1710,0.0,-0.01655123895318633,-7.151797503632137,-7.037661164506345,-12.910211542390591,-13.395160359819739,-14.14244679037668,-14.568430276543529,-13.823230807973806,-12.07824773232833
1711,0.0,-0.788939558002006,-5.108511643468525,-7.743707844945154,-12.437108988464736,-13.340430217662522,-13.777852931305443,-14.239645793060813,-13.464530584460732,-11.337922101815607
1712,0.0,-0.132535477834284,-7.882585286244093,-5.59877192670861,-10.530329610440909,-13.123374032277425,-15.847114674651655,-13.955788924963104,-12.308481750451293,-10.3903404617732
1713,0.0,-0.638717246785359,-6.860292217367016,-8.889892302056333,-14.213434893393739,-12.297592383309297,-13.453496087246744,-13.204485638349546,-13.64428131327604,-12.94085886716602
1714,0.0,-3.119658038243549,-6.494661030657201,-9.390019125884457,-13.403320121404242,-12.586400126141706,-15.889085670324782,-12.754029760100051,-14.725017699711243,-11.398787216971535
1715,0.0,-0.18376082397396498,-6.069443627598888,-9.272072056309806,-13.883579044793278,-13.04558245490875,-13.133326819096666,-15.017858593471807,-13.963606507055331,-11.472437797329203
1716,0.0,-2.8327630917700484,-5.724699846444873,-7.997009815632879,-11.471907427240396,-12.279231196736895,-12.52862587811884,-14.65188303547677,-14.563400542945658,-11.606532161046964
1717,0.0,-1.1318130255376047,-6.300688425795604,-8.32703242255117,-12.306958445691379,-15.113847261746598,-14.930531326718802,-12.914666613493733,-12.603320320366674,-9.731773231405828
1718,0.0,-0.07222976818133775,-5.028419767037811,-9.015896068964969,-12.515554594208808,-12.200692139534976,-15.91871526961616,-13.536939067741333,-12.341347598999505,-13.191122082209302
1719,0.0,0.41644776009500317,-8.928108333583559,-8.24163808148503,-14.048116102703505,-14.771761947850043,-12.960086508870695,-15.446255664862756,-12.854360368743633,-12.79044610156428
1720,0.0,-2.1708035241451804,-6.035310964013753,-6.643785206763816,-14.163049005620273,-14.683064979481694,-15.4946386101959,-13.627601360848612,-14.372220972456235,-13.408602206361316
1721,0.0,-2.652193962827478,-6.806428361637652,-6.435173195823111,-12.368251920775961,-13.958201235590526,-16.035651821622878,-13.474236598256187,-14.203216106699823,-12.980704022365789
1722,0.0,-0.9237927342435523,-8.111415100073616,-7.7841188604630265,-12.229790936221018,-12.282827797789071,-16.230596454897967,-13.363345564043126,-15.083435947842466,-9.534606501553741
1723,0.0,-1.030703313091994,-5.912312661019014,-8.935186887129618,-12.879913818106663,-13.368833248924686,-15.891992412363187,-15.64035282920899,-14.311592198918083,-9.513856216507229
1724,0.0,-0.6973761087053267,-8.066218652578621,-7.832653082707677,-10.644171331626353,-12.663203496241831,-15.351996297618317,-15.438749509226469,-15.150325890085051,-10.168537280389334
1725,0.0,-1.5711416039384203,-6.969137923573667,-5.860459641665873,-11.249501409481075,-12.642176024582987,-15.421246080565528,-15.8648513978979,-11.376254350039686,-10.289268769504192
1726,0.0,-1.5293460988363898,-7.182880040591262,-6.785595985638931,-11.84701863316882,-15.224571508904196,-14.317907202555876,-14.395888088075498,-11.608191242789436,-12.843892162565098
1727,0.0,-2.7595509647614764,-5.6382132883251135,-6.825038650543704,-12.864069902620155,-15.093177714141122,-13.873866375283736,-15.48273641947497,-14.3210172503481,-12.048455120651806
1728,0.0,-1.5610818924798577,-6.479605149337486,-8.906430516547875,-14.347106973523928,-12.846709286554235,-14.213495744156146,-14.309404077323913,-11.615397579312226,-12.13675560626745
1729,0.0,-1.5071985586059409,-8.133302170367372,-6.86136162794474,-13.253150512708075,-12.865733609493645,-12.91849759715854,-15.450111613578722,-11.501925006907747,-13.320121467453248
1730,0.0,-2.407805911311584,-6.561224569873907,-7.40383748077063,-11.021129907861125,-12.225642017450985,-15.871442580526468,-13.543050224267322,-15.070726647179907,-11.540005718041376
1731,0.0,-0.9485018105491387,-5.409903533616948,-5.80055092369573,-10.717503704885324,-12.591016995229062,-14.81661702876931,-14.397982186897924,-14.60209394875505,-10.861164154212949
1732,0.0,-0.8329230364320193,-8.566153052819404,-9.076428192411631,-11.739388483947355,-14.730216657259586,-14.103602050221099,-13.235250121987903,-14.840201715189767,-13.216573629257526
1733,0.0,-2.6042743557246935,-5.011595202591115,-8.595065919250251,-11.004005659873432,-12.505085807294456,-13.716965607368529,-12.613286152805985,-12.512069688110973,-9.776070851583865
1734,0.0,-1.2766987362101907,-6.437377076192322,-9.263333116185178,-13.802556527158421,-12.952432135089126,-15.079366251194761,-13.258054225472268,-13.807113566663388,-13.264848197284088
1735,0.0,0.7015218263641296,-8.275040596178664,-8.284434335313247,-11.753128643211099,-14.250297947672452,-14.234811385824182,-14.779020852670609,-12.758063402056088,-12.64522143448094
1736,0.0,0.4184993694130048,-6.771912147125621,-7.768406252704929,-12.5524173907345,-13.338609661648457,-13.023781528074913,-16.362813714327384,-14.360603587626152,-9.72548236156376
1737,0.0,0.49992401964484445,-7.605097629022616,-7.712900379982153,-13.435249716421485,-13.62146219934698,-15.12064997677109,-16.111272834372045,-12.455048657405921,-10.86426793562078
1738,0.0,0.5062365475839807,-5.535509180335661,-9.483843308268458,-10.851440809182929,-11.994489613120942,-14.704861052450271,-14.462773736850888,-12.640071643865264,-12.370821096305958
1739,0.0,-1.8846911389079954,-5.274007847572401,-7.575694246518182,-13.426287748850015,-13.55300190433477,-13.987569355646267,-15.4552089627382,-14.002338702450764,-12.95323642225133
1740,0.0,-0.47951519378889707,-8.345709529032288,-8.726637307519475,-10.416067842801072,-14.413215896412884,-14.478451537020288,-15.265561790147888,-12.797359763418731,-10.251546373709353
1741,0.0,-2.9079350624006426,-6.359169094790296,-6.37580862710082,-13.859283786764948,-12.692363488692397,-14.135598616359017,-16.123387397248425,-11.645955879555348,-12.404486863977882
1742,0.0,-1.398666251032568,-6.341642982053204,-8.918125779196068,-12.795266399529229,-13.161070952105465,-16.098337643744536,-16.01633024341852,-13.247620395242507,-11.262030890310875
1743,0.0,-1.1694936828806197,-8.765465334454008,-7.7412993599527375,-14.064819035326162,-13.836056641367048,-15.523603553336585,-15.688251414407612,-14.012561574968318,-12.389893565853583
1744,0.0,-0.28060372205303263,-7.646510278300789,-8.685946741110756,-13.172171864404191,-15.040321380775834,-12.756876635029762,-13.521575346255682,-13.865768717877886,-10.283511271445365
1745,0.0,-0.09595235006320602,-5.610033692285214,-8.509239013109983,-11.11423269240377,-13.01182072548121,-16.33787061441472,-14.304606056435407,-13.467655417070365,-10.325260551150775
1746,0.0,-0.6702009775689701,-6.603205536318656,-6.427952114078716,-11.820616188098011,-14.096002281552291,-15.017953583354405,-14.0528279668349,-14.052861865535686,-11.323425224234187
1747,0.0,-3.163208770774289,-8.176603973224623,-6.972199955757311,-14.131654725039894,-14.112966754352692,-14.567344948587293,-14.919721009400238,-11.99803544475857,-12.805718770553886
1748,0.0,-0.9635035905195135,-5.243893643499972,-7.9864671816105375,-13.340644844674395,-12.569322957485225,-14.123851585977322,-13.481985338722899,-11.96283347530117,-10.037078459351441
1749,0.0,-2.1383411020152274,-5.361387950734477,-5.693674740845786,-11.929597298624888,-14.680691686089512,-13.757926528031428,-13.254240693174076,-11.974987940030193,-12.737109194260386
1750,0.0,-1.4030730277141075,-6.973515781559358,-5.921219214464955,-11.244154258866589,-12.316359703306873,-15.50906447804131,-15.765389095202126,-13.33702834906442,-13.488711015566881
1751,0.0,-0.8541022691234916,-7.3175717617986695,-7.846994388479796,-11.489077578261094,-12.306937916280535,-15.060530690831492,-14.088552746929487,-14.396127001574499,-10.835415198032404
1752,0.0,-1.342543745746267,-7.242597122696348,-9.059987000242005,-12.976771625111647,-14.325021394415508,-13.774772946201521,-13.24858038222649,-14.432011701476492,-10.31570977269555
1753,0.0,-3.10294630735088,-8.325439780607418,-8.38591731338326,-11.988005662679907,-12.035350079213687,-12.770237281408066,-16.082915930115362,-12.571693564161782,-12.882142991697968
1754,0.0,0.7480207730302428,-8.479161671656236,-5.726789986917835,-13.526039020530671,-13.327173646156321,-14.318989780928014,-12.774430634004345,-12.516980895067174,-11.644025578528046
1755,0.0,-0.8979989552280578,-7.74866422888233,-7.232960444296122,-10.6615695563361,-13.351425556687186,-14.379777118081403,-14.189882651473733,-12.656378355661932,-12.000780799692452
1756,0.0,-1.6233736339839246,-7.01409004855086,-9.047433889812359,-12.166009766880002,-15.741828176952534,-15.997436338899483,-14.04313099834493,-13.4568578019446,-12.485976049537094
1757,0.0,-2.469473023466719,-8.223614585915026,-6.743650769980469,-11.308043749866576,-14.540109368770125,-15.69639672997144,-14.957310435192174,-11.263247898392398,-12.220650327109608
1758,0.0,-2.689945997526349,-8.798186213284255,-7.843553440245543,-11.70096175423937,-12.292837668399944,-15.138051129986389,-13.91145559928324,-13.317543151021534,-11.264637914993578
1759,0.0,0.7549660742588085,-7.7532128842464685,-8.652735290485728,-12.609231164012318,-15.676868254118833,-15.96975613971099,-14.30343702645338,-14.964220999966287,-9.773599206367317
1760,0.0,-3.03667501126279,-6.867871136844063,-6.411206742559556,-12.82405515592128,-15.595468725410202,-14.956261468737942,-15.645754534965914,-14.083896660615114,-12.799390511706058
1761,0.0,-0.993065745553432,-5.643204126015666,-8.238857710342392,-11.456167165564029,-15.895857686997669,-15.572658373069508,-13.5706256955474,-14.978382649551666,-12.789984816497668
1762,0.0,-0.14588512887456062,-4.994698864739707,-8.29652001076189,-12.153610739059364,-12.326845220100392,-16.405935576100177,-16.419802433459218,-15.01351890268452,-10.206179848580229
1763,0.0,-1.5594042554731111,-5.755974508773722,-5.938746585065967,-10.937763138006098,-14.602816283678692,-15.305942648001418,-14.523307182743174,-13.282193000965826,-12.866958091477589
1764,0.0,-0.4120994575067951,-6.206790151447372,-6.097830762428282,-11.094464404388962,-13.747901135556162,-13.03019984608927,-16.15932962309415,-13.5479313711123,-11.351308307147466
1765,0.0,-2.1317980079075105,-6.889982060949292,-6.219283686872085,-13.98756452769458,-13.598063970387559,-14.018854620757038,-13.34657653070701,-12.039648370667994,-10.965355156025163
1766,0.0,0.5267711715552394,-6.179863117375637,-6.552177735610163,-13.781907682544428,-15.780201529414338,-14.922694035093764,-15.727260547329593,-13.724682952407735,-12.587365072556588
1767,0.0,-2.3015508372383913,-7.109657011659882,-9.176358687401809,-10.746364153392378,-14.158104628055858,-14.362981703677812,-16.23027506723769,-11.232637193982773,-11.773680868638566
1768,0.0,0.014102682114564669,-8.789644151894693,-8.556001296766325,-12.921136048482676,-12.122333320259134,-15.276751493822413,-13.33085583788829,-12.133885881515624,-10.563267477463782
1769,0.0,-0.6445353101039606,-6.549285589681267,-9.189903730955107,-13.160118318248184,-14.345631975335685,-13.714433795111429,-14.820306215904127,-13.737797733837347,-11.962003698913996
1770,0.0,0.7165178285192542,-5.6241744568197785,-9.037235990590082,-12.44924179380278,-12.199725552098982,-16.04364521299446,-14.19137032868617,-11.206761095180841,-13.086332811494096
1771,0.0,-1.7052713658521985,-7.0629939395974155,-9.362155884524563,-12.045911123780938,-14.116628839039823,-14.312004281529983,-13.473803380607675,-13.58915410175974,-10.1174661213471
1772,0.0,0.3396946675194097,-4.996809211348052,-6.279290122459628,-14.002501929416326,-14.313402997890368,-14.072467229845348,-14.730418255654278,-13.72202324930052,-10.736563813490706
1773,0.0,-0.7784934735840596,-6.56552871311336,-9.027139419812336,-12.632355648967463,-15.739136254941897,-14.002450887181148,-13.400851004560108,-14.731776416123438,-11.367438512439033
1774,0.0,-1.7413022000334024,-8.718562966898643,-8.646249163329793,-12.6575058979686,-14.913135780769096,-14.595245520339647,-12.955950226638759,-12.210696641840334,-12.633601495058409
1775,0.0,-0.16311791368174466,-8.116470519891854,-7.326105776663973,-12.677232021783977,-13.534595232272755,-15.14139095669296,-13.995401454323476,-15.142910920935638,-12.12107279423368
1776,0.0,-1.027253093715336,-7.972937209887599,-8.679754741211898,-10.454151869150499,-13.367959636318862,-13.646066901822817,-15.932416192711791,-14.745416615709308,-9.982169920518682
1777,0.0,-1.4665243455063004,-8.032307953358096,-6.623447143127633,-10.439157866782619,-12.134128957223584,-15.260920268470802,-15.134417005856031,-11.955935397195965,-11.124215835894617
1778,0.0,-2.617196110350728,-7.960963694471693,-9.121156168993997,-12.199912985701411,-13.654682563755632,-13.029497532746422,-14.04889493295435,-13.82732152322945,-11.70273131509261
1779,0.0,-2.2924542444105045,-7.366167232718754,-6.364203502502642,-10.643918860637527,-12.559576913239349,-14.73248991849994,-15.623058294473674,-13.911428465448699,-11.588705075804004
1780,0.0,-1.2588799761163196,-5.397436763839146,-7.108454908629506,-12.299052688716934,-13.428420176343373,-13.62400615520203,-13.187380527471129,-14.873414529719241,-9.503991445397194
1781,0.0,-0.8163620308887896,-6.397479160650131,-6.377895934848725,-11.733289160673621,-12.537926281120939,-13.457988881970556,-15.847603248803543,-15.043998571817411,-11.475251648918615
1782,0.0,-1.1749941113852271,-5.69383527250874,-8.969661911682868,-10.366220224146687,-12.814605445293598,-13.04852129024086,-15.625710523318753,-13.396466490708614,-12.984608089544949
1783,0.0,-2.1470375773085912,-6.016152238973427,-7.363922459285275,-10.406982125553071,-12.998380867448057,-13.300541641475647,-14.791596167494173,-11.267268012960356,-12.168929252048446
1784,0.0,-1.486663202734776,-6.803801368726017,-7.523545129080585,-11.1074362240747,-14.034892001009235,-13.845962320301519,-13.023420140593572,-14.522847249449972,-12.397921104087462
1785,0.0,-0.685791449993062,-7.991479930387087,-8.79953399224324,-14.016847254999387,-13.539014701007261,-12.716383094678072,-13.485190792491068,-13.180739833096718,-9.89469487665114
1786,0.0,-1.389896456402276,-7.466329566866367,-6.281659947168187,-13.654562937142016,-14.56005731125804,-14.934080926159657,-14.27685835498517,-14.544908921812297,-12.658640502256889
1787,0.0,-2.3953375592111286,-5.4169706855569855,-6.100148226132662,-13.752696142389826,-12.822203925467699,-13.86012583138778,-14.004416613249994,-12.491401150922322,-12.41939200329145
1788,0.0,-2.943722778254207,-6.89751283858498,-8.403070991374522,-11.302625224176019,-15.470011622990334,-15.067294274962574,-13.12657942637523,-12.766500200203454,-13.485949651081548
1789,0.0,-0.19434848038481212,-5.856064869479699,-8.279898780790385,-13.808612013444112,-13.65078684010124,-16.330161869807885,-14.198808130428906,-14.385944442581536,-10.351388039435676
1790,0.0,-2.9729476496896665,-5.064614943292025,-7.028732087918563,-13.69722245629992,-12.68650890012521,-14.79830389505099,-14.585392457347886,-13.593738939554237,-10.561803077816842
1791,0.0,-1.749682837063756,-7.845061199363399,-9.065577661938008,-10.799852711463535,-15.190046725179213,-13.372824196435417,-13.63440825095914,-13.489993537570848,-9.923859132019267
1792,0.0,0.08039562809784817,-6.754591759610252,-6.125904204529091,-10.378058500880124,-12.214376079413036,-12.847233747508461,-15.719586013424115,-12.737767261706232,-13.066601017221403
1793,0.0,-2.082781609202139,-5.824909654803907,-6.474053947637068,-10.403727938506105,-13.448675896830771,-13.37439855690751,-12.900818394126201,-12.813421126749798,-10.245741831158789
1794,0.0,-2.312430752932431,-8.86834522593407,-6.563887565935641,-12.277101786038326,-14.396731544037983,-15.144398638910127,-13.199990495644396,-13.947438368574183,-11.086435770616355
1795,0.0,-2.580182518889654,-8.200398564687935,-7.462495485207816,-10.940222171298522,-15.038459302741426,-14.460233559409865,-15.652755463401771,-12.246972390518339,-11.512910569945161
1796,0.0,-0.8116584201366983,-8.052507990772668,-7.269774187647776,-11.545816245637058,-12.627919599424008,-14.066361966467769,-15.808491502292469,-11.537247664554714,-12.70828178326641
1797,0.0,-2.728171242660673,-5.528147394424062,-6.047212299269333,-11.91960935628402,-14.724517771325317,-15.859867067774251,-14.103583871015797,-13.542154920810729,-13.48281460625705
1798,0.0,-0.7921360297320685,-8.049830388315586,-8.721485604288945,-11.38737309026071,-12.469365403693228,-15.550570365003791,-12.967867078310402,-13.43384555331644,-13.107478977618749
1799,0.0,-1.6189378604141436,-8.436094231461581,-7.484056622700274,-11.892276268665848,-14.777191529387386,-14.52159619875841,-14.105896931520547,-11.596350724158551,-11.562551055761592
1800,0.0,0.20989179942589153,-7.675978094333761,-9.361561830158422,-13.230961428258379,-13.809151130710603,-13.619124348822666,-14.488508721506285,-12.298370781388586,-10.782593951433245
1801,0.0,0.5975056929004077,-8.539115056179728,-6.51661640561168,-11.263457889583231,-12.379135879465714,-16.27106452753083,-15.327902587534178,-14.61864481907076,-13.33927053972648
1802,0.0,-0.8140001012540545,-7.965473847294554,-7.395005087858033,-12.940416769914568,-14.554003021112857,-14.191413887928007,-15.2813254014071,-12.377330814232959,-13.312874909646242
1803,0.0,-1.51527859465154,-8.755142669580211,-7.172477790089223,-11.933037536082937,-15.021029185589237,-12.977647245776467,-16.54286697804534,-11.202872170871531,-10.19396880894255
1804,0.0,-2.9597889277457177,-7.228484571980087,-7.701820586189338,-12.604275933312692,-12.66970678211748,-12.89636664675346,-13.846851206697796,-14.001967843262536,-9.714194097873104
1805,0.0,-2.397679575639936,-6.172989467899055,-7.85622198273155,-13.07790498275821,-13.225098462736279,-15.269761282043849,-15.213738213883973,-14.79402926916588,-11.952529681407132
1806,0.0,-3.0406738431592264,-7.105069728091083,-8.344143732019683,-12.340777933796659,-14.751629276247247,-15.528346382230014,-13.101402552949153,-12.304920658818773,-13.202141410237793
1807,0.0,-1.902354748131258,-6.114282061463467,-7.917239435692638,-13.748174648797765,-13.533646093561554,-12.953613318261873,-13.318160123994241,-13.06977639439546,-10.155918321651352
1808,0.0,-0.9500869361963624,-8.923900659136272,-8.69255892433878,-11.917329523881605,-13.502349631492473,-14.98963491169921,-14.897683826683119,-15.051956682810392,-13.085985066924342
1809,0.0,-1.982151715415552,-8.575315927202555,-6.652546092354305,-14.338251155571262,-12.67829759083743,-13.947872874477856,-14.46136729847669,-11.424100921901937,-10.599968460156292
1810,0.0,-0.9476156244727214,-6.892618358611301,-7.908941733387211,-13.519453151958404,-13.867352064171678,-14.220926161797628,-16.349024779801397,-12.994086415360833,-10.987001266488974
1811,0.0,-2.184680493783448,-6.104570102400949,-8.022539244849536,-11.465297893794713,-14.968858515241442,-15.642851604816855,-15.252318373982702,-12.709923727136486,-13.234447852404902
1812,0.0,-1.3768122184132017,-8.276380409528358,-6.695406285704778,-11.722872257492922,-15.818827299878036,-16.08375018977078,-13.725518959699587,-14.961039750105778,-12.664937180808082
1813,0.0,-2.197919802795594,-6.747912924329382,-7.19140954173582,-12.029520295852972,-14.055798185816307,-15.19792861751174,-14.614164549532541,-14.40599467766494,-9.551406044429939
1814,0.0,-2.3351854897083832,-5.230826334250654,-7.758672779787372,-13.911608420417048,-12.807308870113093,-14.364401410337642,-14.371219822074266,-13.218282332203442,-13.080993749653013
1815,0.0,-2.859166915275669,-5.0132713681414875,-9.154290524379446,-10.990191197057301,-14.80651741633195,-16.293214059664308,-13.253863365627941,-12.8735582470618,-11.597491421050345
1816,0.0,-1.0006604646891155,-7.594223414759549,-9.32978387881224,-10.819001707010033,-13.594201021692408,-13.977069937460234,-14.74935082048533,-13.114639800059205,-11.270018497863367
1817,0.0,-0.1352432139242956,-7.440080191036858,-9.172865586581743,-10.869649550456254,-12.639997695264684,-13.234740605827968,-16.298040253853,-13.762985806203877,-11.856552550794865
1818,0.0,-1.6897855500271786,-6.245423006300655,-7.382808646537612,-14.285524056461837,-13.134682411737845,-16.427043527170227,-13.657845570559598,-12.452400314532474,-12.800626116003814
1819,0.0,-1.353771186825054,-6.086923756720621,-6.366635777657347,-12.528074597340368,-12.382837906075173,-13.973001202222736,-14.710812665734641,-12.43455491846754,-11.190738260347107
1820,0.0,0.5027151104028924,-8.937782559439924,-6.847299351645155,-13.853292324871948,-15.92563374972396,-16.384330285555468,-16.024602195258915,-13.988101181965948,-10.726699275593747
1821,0.0,0.5500023524354671,-8.65065862479073,-9.257719545992051,-13.120171555427861,-15.870919424726672,-13.170702925730762,-14.456403165726462,-12.632745012514112,-13.091302556222828
1822,0.0,-1.254980616149778,-7.983688668062416,-7.215809893213697,-13.45296378566234,-12.405963452628303,-15.156144041527073,-15.472552678442671,-11.734833422540817,-12.639165403020717
1823,0.0,-0.369091859482626,-5.431135953527564,-9.207792501445217,-14.300555130383906,-13.289633707491177,-14.285116001108253,-15.026980980965844,-12.18659882685125,-13.42660813760552
1824,0.0,-0.6587769597428896,-6.433527020976198,-7.1549534657751845,-13.264307667370511,-15.695519726354686,-15.907326759975831,-15.743898477536801,-12.535058828203239,-12.023308844284916
1825,0.0,0.44904133945447766,-5.7313615604165555,-5.7248722341264,-11.522275712957471,-12.745973366472597,-14.531440727405592,-13.707217251650459,-12.90696284150037,-12.713422858004378
1826,0.0,-2.9442535498442703,-7.370652226796283,-6.518249398701526,-10.856252050192197,-14.568042695089755,-14.259511786830283,-14.11645461724925,-11.631664015438139,-12.657808869028328
1827,0.0,-2.710337132119304,-8.071417728084672,-9.10892061145698,-13.385837922314812,-13.896968834387604,-12.470757747772884,-13.56258913023806,-14.267807242880455,-10.412452358606817
1828,0.0,-1.413655429583219,-6.008388374895155,-6.909286793708507,-13.944902131279449,-15.310209217350033,-14.590251866008634,-15.72256301829983,-13.173533303369908,-11.57745788000453
1829,0.0,-0.46441024050281454,-8.802952404389133,-8.776193973925354,-12.357431892572366,-13.547586604070034,-16.449787024000074,-14.68177149193278,-14.444675784614292,-10.34850906766688
1830,0.0,-0.2857931787494925,-8.190292013949637,-5.6541186881433845,-11.956628485956049,-14.92752060008783,-12.70138839958431,-14.225974110558052,-11.766719067142215,-11.940551694629713
1831,0.0,-1.5007564152184898,-7.61156451252286,-9.346428599902243,-11.909895495968492,-13.899025098665058,-15.687566289991548,-13.581654523648968,-13.244957630234675,-10.393482742760806
1832,0.0,0.16527061135212895,-8.855621856028545,-8.549647806017235,-10.377132411638875,-12.902436295631745,-14.54594044635036,-16.07789395974035,-11.533239641089159,-10.337967762001561
1833,0.0,-2.7330055925927823,-5.420750968749852,-6.50092100603154,-10.45609181403637,-12.583098243696382,-15.283332464881125,-12.844219039947461,-12.024511195143392,-9.933442368219701
1834,0.0,-1.4515871803567177,-8.227971734098688,-8.856506447371782,-13.359682878943328,-13.856344205930228,-14.008261756790796,-13.735458407162351,-11.488891744742881,-11.085587846996695
1835,0.0,-1.5085651295906688,-5.354426387754199,-7.749097597487646,-11.980230620949342,-12.356557498427982,-12.948332474022916,-14.618640094587544,-12.121530997411703,-10.766241484674417
1836,0.0,0.6967762621616571,-7.519169532140966,-5.595076261258335,-10.724968495206946,-14.645327721208377,-13.12170362131091,-13.280324073276697,-12.119628262644742,-12.496122951288688
1837,0.0,-2.5169642488996855,-5.613022931041781,-6.498395171663228,-11.274179346210712,-12.618149821950924,-16.374074467970086,-13.881147186048238,-12.28231094922111,-11.495617409498859
1838,0.0,-1.6977979054420669,-5.5165848163204,-8.434328932859957,-10.92881922375124,-14.891763140402569,-15.360799638366682,-12.648216672592028,-14.039969336185525,-10.204999350942439
1839,0.0,-1.3786847429423816,-8.305787241579687,-5.715854806987745,-14.084993608933017,-14.632613432787586,-15.342965267639123,-13.500438563902339,-13.978956476195878,-13.016458862211351
1840,0.0,0.5247555944778428,-6.909519778362139,-5.969938855576551,-12.611685140938608,-14.352172269689612,-14.562423045759882,-15.843063383715755,-13.484515181988378,-12.066028730414168
1841,0.0,-2.1415095818998218,-8.934715544015175,-8.49013220006484,-11.939017672833046,-15.069954417426295,-13.623357077252845,-12.776317532226486,-11.82902859117186,-13.459803444909786
1842,0.0,-2.618108487333904,-5.82127578640153,-6.161442545979561,-10.69540802339863,-13.642300340837094,-14.11381455706343,-13.774644542665426,-11.546103484046782,-11.014166441868966
1843,0.0,-2.0189151547635995,-6.102079964004158,-7.681559105035537,-10.593731647011941,-13.574026746350043,-15.319620027006653,-13.919962412938197,-12.558060736322211,-11.581449934489239
1844,0.0,0.6400018118424047,-8.151594237172587,-5.96101071400607,-12.583769645944146,-14.163415864849805,-12.66058490330092,-13.358448639564154,-14.849025088785408,-13.414745981048043
1845,0.0,-0.196658935981616,-5.114355849633453,-6.133690572006343,-12.71141002900129,-14.070662642939316,-14.90447533416317,-13.124256275826017,-12.668225025909344,-12.417250956370435
1846,0.0,-0.48221763435613374,-5.867920425247954,-7.2225582702032245,-11.934051609721163,-15.521710659447686,-16.0467351747917,-15.27868593176595,-13.970237241223632,-12.561320844116437
1847,0.0,0.5472824132568213,-5.129645989059133,-9.46126123660726,-11.081759824705188,-15.787245122315976,-12.88355855645944,-16.05139307856981,-14.568925184849281,-12.851377347983922
1848,0.0,-0.07132723403511676,-6.424013407239851,-5.763397275877455,-13.158524319003645,-12.463083645644,-13.80222266477682,-16.284046045003144,-13.824030239417551,-11.238316389024746
1849,0.0,0.7439602149867794,-7.288264794841702,-6.217118347210718,-12.522800545663145,-15.341961496245181,-15.635617388720433,-15.948293551508977,-14.264833578786922,-12.622861941593127
1850,0.0,-0.6987242335579027,-6.84299117956135,-7.207339749090892,-11.741281779431318,-13.086714198328266,-12.761410091246297,-15.852578970797325,-11.661670935688452,-13.327928744086528
1851,0.0,-2.006589473308898,-7.089569377105541,-7.4076268516077155,-11.87098152674907,-15.630175494623305,-13.041572363780197,-14.206814956476464,-15.052416142551003,-11.707253300465121
1852,0.0,-1.9088738762113615,-8.846175144897359,-7.827967349258134,-14.122489323740488,-12.473021930110958,-14.731334576523462,-13.298230178728797,-12.42547882018772,-13.279296577659679
1853,0.0,0.1710124942053861,-6.117056659983337,-6.29790959005488,-14.175821795674537,-12.416223966647742,-15.134737504106134,-15.753033542863538,-12.947839951691803,-12.193633126658908
1854,0.0,-0.1267729654059888,-6.69777242081102,-8.748756315591264,-13.132542385871607,-12.371219785253114,-13.094711803509629,-14.347244815119844,-13.00681936815009,-12.637591538279255
1855,0.0,-0.9039086219467478,-5.182540618357743,-7.603020020168489,-13.151448864870606,-13.070317038190414,-15.539591812296154,-15.06916594392329,-11.278299481047824,-13.193736459173609
1856,0.0,-0.040853402519051674,-5.944353238691849,-8.682390792728677,-11.269571012799531,-15.029871432321169,-14.710756499844507,-13.396157656150613,-13.434201646158908,-11.065308957018388
1857,0.0,-0.44874150342117947,-7.656852262994691,-9.054674094756297,-14.214931077131979,-13.03328709890576,-15.099082278327808,-14.546328482848303,-15.002982577303888,-10.528921226118213
1858,0.0,0.6369085255038924,-6.13422134006208,-7.230307054246086,-10.733060488356216,-13.940550870085099,-12.915258063377422,-13.938745502765357,-12.87444146949533,-12.767312789576655
1859,0.0,0.1812121846607151,-7.008315224941018,-7.507617617958541,-14.08086351742388,-13.337830140679445,-13.924386801857029,-15.409752700469213,-14.007631819941398,-9.810207831648176
1860,0.0,-2.1490633626313005,-7.417307365720292,-6.416990964389454,-13.552780526168371,-13.909887684254727,-15.159401641719484,-14.107931739755127,-12.233692460621706,-13.309634262796433
1861,0.0,-2.9254512645806,-7.631292158484289,-6.641773724182224,-10.723226819545326,-15.37615057680185,-14.453165127037986,-15.302205670303172,-11.495898602140244,-10.053293337952201
1862,0.0,0.6468887074331735,-6.276395642265465,-5.769031534099749,-13.726685062007657,-14.417350772336016,-14.863208819594918,-15.936998614180013,-11.904505482002888,-12.231051486260803
1863,0.0,-1.1929233937714905,-7.643702531754924,-8.519788674682726,-14.199518498308217,-13.082639279913224,-13.764076179020837,-14.545850671918487,-11.865984024503316,-10.818254041524645
1864,0.0,-0.2313712320475667,-5.968850293070979,-7.068297040809679,-12.351996202621931,-12.313866457708922,-13.237965217752565,-13.72628779250874,-14.278983849050645,-13.095791548326643
1865,0.0,-2.0933503168915584,-5.392869203606583,-6.045033388481759,-12.092077203209401,-12.353223034353627,-13.523719431033399,-15.078005587253081,-12.154319929355294,-9.765035980244011
1866,0.0,-1.6271219286520417,-6.272686704690333,-7.726055868959989,-10.6054872001911,-13.28048585023649,-15.499289154603801,-13.987118293482155,-14.90286167616492,-11.859180579006557
1867,0.0,-0.34139007748794103,-5.081144488635891,-8.337115050864206,-14.296872155493714,-15.182860069044944,-15.856981931970058,-13.678904155824313,-13.710878049168613,-12.914420740142422
1868,0.0,-0.555449675842111,-8.228265904937818,-9.479817420845336,-12.889249692421544,-12.596097801358246,-13.697317997399496,-16.55472302852301,-12.74785952968876,-12.289872150972979
1869,0.0,-3.199691856763706,-6.553135697803947,-6.155838355382611,-11.093299616378145,-13.527750258110942,-13.158320106398541,-13.025808360626863,-12.98932318138913,-9.760606547846278
1870,0.0,-2.8979956270543616,-8.309373767934709,-5.945816832116042,-10.424011171041954,-15.637104676819098,-16.343425065247146,-15.538027473778236,-12.925525118450246,-13.441302896386336
1871,0.0,0.10145048069281426,-5.007377889892695,-5.766261802077993,-12.453648074397538,-15.881732450234516,-13.760970953860557,-16.277014884335895,-12.444804108721732,-10.118690667970407
1872,0.0,-2.901745796557707,-5.926609746351575,-9.358805700023709,-10.66859983259289,-12.987313425521585,-13.795628436662222,-15.674328671653887,-14.460509485031789,-11.656208215417058
1873,0.0,-2.204320367914054,-5.014813763248911,-8.355551752579418,-10.565083235869938,-12.418106552555773,-13.773250173499367,-16.563590608337776,-14.878786935603152,-11.174490025202743
1874,0.0,-0.21752787545639407,-7.356047812477922,-6.469631182048831,-13.513608519163087,-14.581775971861388,-15.764178959881246,-12.720215516963808,-13.351745505647854,-9.696950525534325
1875,0.0,-1.8567846770148217,-5.99114658713026,-5.888117166140313,-12.993287432339791,-13.105890166307178,-16.447351439788335,-14.802929070224618,-11.371921761977223,-10.149377032827807
1876,0.0,-1.45411392087142,-6.689340093063626,-6.104119391725506,-13.36861445976558,-13.057231366960805,-14.634431232032373,-14.234076378369188,-15.009235907377558,-9.748571714565767
1877,0.0,0.6569340715513219,-6.188522291157809,-7.3933728576938575,-10.65579140278232,-15.794173129605591,-16.299572637370908,-14.55231219011024,-11.924658819574358,-12.02671473059165
1878,0.0,0.11158738002196333,-6.966150468681725,-8.475536972960526,-10.903587255078547,-12.245993666580755,-12.56386920849799,-15.282869284846768,-12.710266776029084,-10.172021400016039
1879,0.0,0.0409369649230058,-6.859721132821665,-7.548535807479161,-12.936397882735976,-13.88087790674354,-14.889787065601904,-13.47090334766354,-12.909445425811995,-11.31092505242035
1880,0.0,-0.8527459177628858,-5.896881824108991,-9.223536801065347,-12.717508812111756,-13.59286351635723,-15.600535234850856,-15.462278254078166,-11.748002739388749,-12.256226515166146
1881,0.0,-1.8503293105303837,-8.253379875581961,-7.053635831753858,-11.345473891332462,-13.031446465534405,-14.633988641229447,-15.155925195478641,-12.502537694390258,-11.880290201499097
1882,0.0,0.3076934035241288,-8.097791213341422,-8.108204693695912,-11.270680288337761,-14.713060693056843,-15.841226901007365,-15.571191465275628,-12.975572815444279,-12.247143386527085
1883,0.0,-2.717702093078663,-6.422169260448143,-6.94771793090712,-11.531180006321554,-13.2424458651317,-12.571955486377394,-14.137879468547457,-13.813691451643347,-11.229823192271226
1884,0.0,-0.600764283442091,-6.496455609744898,-6.522365807723318,-11.899747519937021,-15.187653262697802,-13.981961876766668,-14.773696504202908,-12.421264731827852,-12.244284563501743
1885,0.0,-1.8763296950767085,-8.826947399053592,-5.8315355910622895,-11.110346550780354,-12.585831035015858,-15.161367581460972,-13.778624618180892,-13.88777151918432,-10.537197260736361
1886,0.0,-2.9694663169640503,-8.89677088441251,-7.652787101078626,-10.448025235140962,-14.62507580404551,-14.543521593611667,-13.653937649027172,-14.009784453673415,-11.860173982182705
1887,0.0,-2.9239610402407137,-5.9162989613780015,-6.514082228596784,-11.343497859670936,-13.667811772900658,-15.83589956581205,-14.701649952215531,-11.272409812431423,-11.696308005828989
1888,0.0,-0.13611793695514285,-7.915163938159788,-6.4529744423523265,-12.744218567216873,-13.102929654237343,-14.627134647181068,-14.05544590928702,-12.394828395140067,-11.984636704894157
1889,0.0,-1.2853313583963084,-5.541368447286091,-6.06654085711334,-11.768039646164475,-14.631891381139484,-16.117510572812918,-12.592402208668926,-14.275131331301987,-12.197189895061353
1890,0.0,0.18974802273600888,-7.764383314174678,-6.329913413032928,-11.639016021720042,-14.748382884438787,-14.335595149508187,-15.840941146605065,-13.781276824166545,-10.738595003067278
1891,0.0,-1.6101158081965126,-7.634329888447127,-8.201946073806292,-12.485247176871656,-12.723662170397148,-13.416043039115847,-13.949530925002309,-13.752969904133083,-11.797330615753742
1892,0.0,0.06128358991931826,-8.131241737653637,-7.974071239535576,-11.812091177425073,-15.51359767281981,-14.6722489305356,-12.660027967869173,-11.337824912979272,-10.530531063525487
1893,0.0,-1.4411647643265928,-6.993677833941076,-6.463491814158851,-11.12009325564162,-13.709121897401717,-13.87708359573419,-13.21870016035642,-12.833507125962736,-11.723928011315952
1894,0.0,-0.9782943733078717,-6.604290448007488,-8.339469472038921,-13.022908832820333,-14.09959043786116,-13.604282155219293,-14.274079715088284,-12.847395868149702,-12.143989422105909
1895,0.0,0.0638104035794087,-6.9237286757789,-7.410770579481547,-13.926033579090586,-15.345020043585942,-13.92855770841425,-15.47738680628304,-14.752575661244869,-12.474963400246866
1896,0.0,-1.3364011305026884,-5.719656203516087,-6.593850862923736,-14.340806671508432,-13.206897760065136,-15.169965367346423,-15.950284230953448,-11.66961723902918,-12.0291345572117
1897,0.0,-1.2017614688418083,-8.652584857089654,-7.51659231593244,-10.75865163989611,-15.666033262164646,-13.588339785798155,-15.459989173282239,-12.978497897147568,-9.80603983419552
1898,0.0,-1.238557080628077,-6.812816780335968,-6.085095574558565,-12.336137132039731,-15.441580857839408,-13.689651002536394,-16.200426321157742,-14.573596836376469,-9.962722853814883
1899,0.0,-1.3048462203557654,-8.615872776508628,-5.83378380878192,-12.25475022142638,-15.118976220611446,-16.008573047576064,-15.115030868516696,-13.87336381580567,-10.06618533539455
1900,0.0,-2.3918396822523516,-8.101437747936288,-7.720193505366323,-10.891737977983958,-12.957487365732485,-15.910626253633664,-15.161042866176594,-11.843720261318378,-12.425936251246181
1901,0.0,-2.2505621547918953,-7.175301116364654,-5.947720493847985,-11.807976333697685,-14.610141436977292,-13.85700724393164,-13.427747331523678,-14.340006316248598,-11.736874470439211
1902,0.0,0.6388316025517606,-8.161052980617113,-6.0414655453726684,-10.664131044173907,-12.213570833447172,-15.130566341072267,-14.637648458773047,-11.330838975853558,-12.084085837183606
1903,0.0,0.6040721704686569,-5.369561098580993,-7.4126956320645645,-12.110540054736436,-15.5571779274569,-14.669974589205648,-16.310580333648357,-11.469896542233492,-13.462660774239238
1904,0.0,-0.7394081955305154,-8.848763468715584,-8.734170104448017,-10.515872378731226,-15.928327855989433,-12.751889382935994,-13.408206613651858,-14.778533894889913,-10.34584184699739
1905,0.0,-3.067317081725815,-7.638378966871683,-5.645184186622911,-12.71436078241607,-12.96374888413534,-16.372099657214676,-14.201059555395554,-12.070126946051658,-12.533390045502134
1906,0.0,-2.2078715944703875,-6.371662132899343,-7.5527434556503055,-13.40647380981096,-13.266242054984772,-15.077747247974765,-14.210162218258095,-15.185257658383154,-10.770734534938994
1907,0.0,-2.3779915566367418,-6.445017646627036,-5.6230975818994064,-10.691835777570029,-13.7439392738065,-13.421167272922188,-15.855592364149484,-15.087269533498215,-10.498854800927987
1908,0.0,-0.29011463071454946,-5.265435487747084,-7.911400525544721,-13.164233404613377,-14.110460137749913,-12.839464256373748,-13.76629942395519,-14.437381870068865,-13.46743595438241
1909,0.0,-1.6287066877118799,-5.3645163636995585,-8.484746078822207,-11.822718393242784,-13.921214039611408,-15.307487696599438,-15.725723505269698,-12.442059984568004,-10.63945310311474
1910,0.0,-2.9826283720365785,-7.03167728402142,-8.730151433919483,-13.921102349020346,-13.545097347179507,-13.66465302292435,-16.455940613194706,-14.374213846302336,-11.88427279446707
1911,0.0,-1.8752885191963764,-7.131028598449287,-8.006528934257105,-11.200608543592914,-14.492314046617418,-13.685735528277824,-14.50113903774628,-13.772489669152307,-12.886786841515418
1912,0.0,-3.1558133701086097,-5.3317736823233055,-9.500138213382227,-11.257308200276558,-12.13030594234194,-13.536421766731095,-12.933728415184493,-11.237790380634952,-10.430165383831788
1913,0.0,0.6062521533410425,-7.941456987105686,-5.669551420726533,-11.72558363065529,-14.125014466543476,-14.523893815285977,-16.10240071920796,-12.287009930215035,-11.122637105159777
1914,0.0,-1.0936448624856046,-6.626165401424257,-6.526867356973849,-12.06554695531249,-13.696624681823115,-13.79848095256854,-13.200525098309589,-14.411427180214812,-12.500573565351678
1915,0.0,-2.6348053670909257,-8.659091336174876,-8.613881520157893,-10.433588695119774,-12.756370563328447,-14.233766168465069,-16.24368953486637,-14.857490449039108,-10.911033811949544
1916,0.0,-1.5881396299105146,-5.093423010482779,-6.877036684340846,-11.482619549851636,-13.372019876000037,-12.762462097961553,-15.983211380355158,-13.992224613172663,-10.559310837413223
1917,0.0,-2.483639344177644,-6.184636356681471,-5.67216397107891,-13.412279397580852,-14.93071581786507,-14.801626868505515,-12.733268557439425,-11.933735775296192,-13.083988854225263
1918,0.0,-1.0604051324057981,-8.599389642872472,-7.688933033400126,-14.074986956121894,-14.856651162807122,-14.964685024429999,-13.659352563896794,-12.821241605834391,-12.480637007141254
1919,0.0,0.5817628381623616,-7.6731564825746155,-8.60347879268993,-10.935117243580429,-12.202007301346914,-12.512564631024947,-16.241557158679267,-13.829485096410552,-10.246020820505084
1920,0.0,0.6690594075344798,-8.636874636345299,-7.775304562752582,-13.078249960080129,-15.365242830465764,-15.455893836040321,-16.15074349906923,-14.060674712835318,-12.922056547028744
1921,0.0,0.49588520988208895,-7.3198631448938585,-6.095951003693077,-13.828011283400873,-12.747801359372685,-13.912347920061361,-15.867122717437312,-11.281356281847057,-11.740718117421121
1922,0.0,-1.3510579761835415,-7.66525508437631,-9.42838785259877,-11.46198851324317,-12.84840776367117,-13.996020676929373,-13.113888569184208,-14.700858255401728,-10.238797239437853
1923,0.0,-0.6825513426369327,-5.6800516638535825,-6.6565291363867605,-12.840786600685131,-15.921040658497732,-13.936915288440243,-13.269758072415408,-15.19382265972386,-10.83863430984363
1924,0.0,-3.035919109187751,-6.45972986834424,-8.36185526963307,-11.647412661764776,-13.76039654368665,-12.460390455585316,-15.263817303126167,-14.937014090919869,-11.019780934614307
1925,0.0,-2.097441095758379,-8.19442502460867,-6.890769519640126,-11.659935650430045,-15.438039165522886,-14.741429167726185,-13.98995755939415,-15.010208293891846,-10.774543985709894
1926,0.0,-2.6870940262413625,-7.217687529855493,-6.779013023739676,-11.012119192093989,-13.500254368646662,-13.822751886737665,-13.468645081347521,-14.764439357262358,-11.813680257472372
1927,0.0,-2.8400537633674974,-7.341658688495554,-8.095843360347292,-13.917260222049102,-13.469250700797176,-15.27229803542597,-12.989136635476422,-14.732750348787876,-12.20845809952304
1928,0.0,-2.289166659111711,-7.750002380934124,-6.578552825583085,-12.481312084048577,-14.016910081221013,-13.584291281081008,-15.870002636223498,-13.78254087862814,-12.13509811861191
1929,0.0,0.11893090886977298,-7.896262143798743,-8.071227394286034,-14.10399784875645,-13.625169733812521,-14.789055276351418,-13.131245266247186,-12.261759341780522,-12.47389199868939
1930,0.0,-0.08808206703150523,-7.510409987605829,-6.920231528128012,-13.361544707571404,-13.014091125717904,-14.533805269893982,-14.448041110729806,-12.727205093625898,-9.88055115238796
1931,0.0,0.07705887295011804,-6.270883771828009,-6.1874977865414476,-12.048993284202119,-15.442842441660252,-16.01746055420517,-15.693851613838609,-13.311587844803046,-10.123473434063005
1932,0.0,-2.542975444162271,-6.149800431596562,-8.794972626914843,-12.957860571570631,-15.285605844524843,-14.58630052047122,-14.838093984345454,-12.811481711373732,-13.3493716783232
1933,0.0,-1.5412041777591639,-8.367952478560033,-5.843090806095544,-10.944695799734202,-14.323129931701644,-14.05605682350501,-15.22115852846914,-12.809804860410082,-12.734008660137036
1934,0.0,-0.4616906076243561,-8.903603857788196,-7.684212206259592,-12.035693660986244,-13.721527090531467,-16.09698209291512,-14.006490427876798,-11.888576200831695,-12.895224549850944
1935,0.0,-2.854492607998751,-5.272650711351348,-7.805861676862301,-13.545458657233013,-15.221472148099433,-14.375911872844242,-15.882011588039605,-14.142488971686745,-11.76731594792592
1936,0.0,-0.10287654306787397,-8.908225609896263,-5.981562467372143,-10.85409414506816,-13.87108770222438,-13.891124928663084,-16.39527192263922,-14.386631252605444,-9.800047201882464
1937,0.0,0.4402220334278386,-6.313858409589656,-7.5869639774538085,-12.434041280706962,-12.019161742320446,-15.662631859703325,-14.112364971153667,-12.25833790531276,-13.108358510880667
1938,0.0,-3.2026616820011586,-7.776561240431384,-7.531672849664906,-12.562990629414779,-14.22485529498493,-13.280291667114227,-13.827751781586242,-12.050109644411586,-9.690479062717749
1939,0.0,-1.7092429445514705,-7.557404624856019,-6.497602313149638,-10.62682058260294,-15.728693480173282,-14.280577103235926,-14.143136189342155,-12.77069727123029,-9.618656188481353
1940,0.0,-3.2120337817068707,-6.307896631975083,-5.786121188488641,-14.238541743036622,-12.467842839254681,-16.287470696390525,-16.193156279608374,-13.95732162782639,-12.046194120105625
1941,0.0,0.05638270531268974,-6.408500213523564,-5.853912427955757,-13.044462749207588,-15.229250728832463,-15.869090648984024,-14.810286206187936,-13.632725854335632,-12.523562585509477
1942,0.0,0.03157482385200172,-8.795925714629682,-6.676590967277296,-12.39925344331896,-14.84123773407918,-13.454941556484329,-15.52531072092833,-14.327487153887652,-13.045238005942682
1943,0.0,-0.47711998923866794,-5.963213254816145,-6.992803911840804,-12.766141746334263,-12.178319396758365,-14.84921340808608,-13.913854347784834,-15.100051481097141,-12.785088070394124
1944,0.0,-0.8645041228660184,-7.4611234798109685,-9.191499314715468,-12.63947090626434,-12.837449771595637,-16.11355784693188,-16.19614522137364,-12.761019155667835,-10.794523556970745
1945,0.0,-1.0538425411220045,-7.481565758444038,-8.524215089694717,-11.91048649225806,-12.910910440510996,-12.593925817243612,-16.48021934636824,-14.125135944737083,-11.79868257502635
1946,0.0,-2.741292680683465,-6.953297413454045,-8.922481182973367,-11.287571618800612,-12.530182524942669,-15.225636277742174,-16.370423933717156,-13.339179158596982,-10.332694619453806
1947,0.0,-0.7772195596532439,-7.9365348356965475,-8.5051379273439,-12.510016396520427,-14.722748908915234,-15.111652778758124,-16.18092601317301,-14.33499852219798,-9.947243153675828
1948,0.0,-0.9208684191976682,-5.651734153455447,-6.828806649339697,-12.179885104868486,-12.951753876046649,-15.716842175565317,-12.722731601749198,-13.9773532560378,-10.019510613497348
1949,0.0,0.3856282768453507,-7.818482090406372,-5.870292505033297,-10.969521383756376,-12.153428803729957,-16.344378107628636,-14.203073749572308,-14.811528478718406,-9.639894057325487
1950,0.0,-2.908357045308262,-6.264608659559778,-8.638696679567278,-12.829249954718266,-15.150272837700417,-13.726386858138502,-13.287560873674783,-13.721084107331711,-10.060320772463058
1951,0.0,-1.7887768654960163,-6.784268988390663,-8.920725380002473,-10.482800398590424,-14.30422422082325,-15.748119666852372,-13.183763203780515,-14.36377529617928,-12.394005157750426
1952,0.0,-1.1412824081928483,-7.2741873580150775,-9.477620283291063,-10.589759124784308,-15.74923323031074,-15.087226310914405,-16.556742963018106,-11.318498937938724,-13.222998541658306
1953,0.0,-3.2242674344469533,-5.095344449789721,-8.70894017379076,-13.176355203012061,-12.541176628505578,-14.385590655673171,-15.189177598923333,-11.731059322823313,-13.499695434956262
1954,0.0,0.3139784892299984,-7.535233495255668,-5.684819384366389,-13.266387132297314,-14.503959155700171,-15.926807627658293,-12.726670525624884,-11.77233801687948,-12.26199553190249
1955,0.0,0.3082878972879408,-5.40213994483735,-8.633131507752255,-11.28229480242175,-15.253431562830025,-13.36096816685852,-12.8342207779284,-13.277114077782528,-10.379821351302205
1956,0.0,-0.5746823893646664,-7.732101611229523,-8.90189041422253,-13.510283598376018,-12.150950104001762,-13.335089354255697,-14.720474174926363,-12.702354836064075,-11.87422627776123
1957,0.0,-2.280139910564708,-7.66301625309536,-7.405684041553668,-13.994253517542733,-15.27140123805689,-12.690825241540846,-16.04407044847794,-13.225071944620009,-11.296504016532266
1958,0.0,-0.813210508186081,-7.386698646021677,-8.661332904636525,-11.381837006725862,-12.496489089124163,-14.293879680937975,-13.7864086177205,-13.166141389764446,-11.914385401974776
1959,0.0,-1.819629833399031,-8.825355112490527,-7.003941668306522,-12.28341965462085,-14.400825262530073,-16.383784861948264,-16.409916257036414,-11.71758330984192,-13.33111327917167
1960,0.0,-2.339651531562611,-8.870358089414667,-6.483800700045859,-14.269999117964973,-12.35933028033291,-13.32639177807916,-14.35028887332439,-14.6159188288112,-11.063742705642737
1961,0.0,-1.4154973577031296,-6.86989823850723,-5.989006807505737,-11.993775492806005,-15.454325640627976,-13.230365619436213,-15.647024686091319,-13.116665019321688,-13.144865038536029
1962,0.0,-0.38359639397260104,-8.716106814941883,-7.12344168766856,-12.814176458536906,-12.251695002100561,-12.98240379961307,-14.315469877840695,-12.659183758797974,-10.710771244214145
1963,0.0,-0.45853507250083814,-8.170114918632532,-6.584706760413827,-11.850401057513203,-15.114271825007904,-14.449476996245178,-14.162425029982025,-13.662446316095432,-10.568680962903507
1964,0.0,-0.038925306319243624,-7.423027425488579,-6.509329092537682,-12.779177044095675,-12.666963367759454,-16.148787880429275,-13.896531572423857,-14.121419885227365,-11.192635002640788
1965,0.0,-0.5816991627870514,-5.3371723249117755,-7.193267888557056,-11.467017580461755,-15.547857112129304,-13.612843191137234,-12.658853936906837,-14.103786028991543,-11.55120981384192
1966,0.0,-0.5208982974314482,-6.652524302229033,-6.850490088890104,-14.08360286862751,-12.430558932155247,-14.974011475380607,-15.714038921278595,-13.901956805223193,-12.975119675873247
1967,0.0,-1.7349780492637188,-6.925835752138216,-9.29270337479798,-12.74158999511931,-15.16344361962556,-16.030954192964643,-14.369549263794916,-13.951931556775184,-10.340401214751575
1968,0.0,-0.27203501882900216,-6.873642908812528,-5.75080717414569,-12.45708880498703,-15.146444924641465,-13.199683577523706,-13.341442412498145,-14.07190673325639,-9.704950503743198
1969,0.0,0.4280468699744784,-5.5870217107859474,-6.715242844181725,-12.251348254879643,-14.18697954291144,-15.823125560381937,-12.960446614129403,-12.536724726116265,-13.205403986490184
1970,0.0,0.5439220220799643,-6.739400826239934,-7.802607551289086,-10.496543671672748,-12.655386976928705,-13.620429890325441,-13.85392336687178,-12.555981358067426,-10.174916200815703
1971,0.0,-2.9608028366716845,-8.008158074912796,-9.507556437367588,-13.578325447993093,-12.323866095720952,-14.43998118547791,-13.922244819560163,-12.031366011764185,-11.990931983983135
1972,0.0,-0.33908229170842086,-8.676359149359309,-7.51544704179889,-13.41633322544193,-12.109770599955487,-14.256907949228687,-15.091269736198734,-13.673843582214095,-11.181475879009605
1973,0.0,-0.5570816957668998,-6.288805355295686,-9.564924270243987,-12.762683346119221,-12.977892367650504,-13.248505715688294,-12.856818692565195,-12.943556447849302,-13.478728683345253
1974,0.0,-2.371773221792876,-8.158486145280293,-8.672062689683418,-12.171257502224503,-14.63901650691547,-15.35386611615978,-16.31484626465179,-15.126271180515916,-13.146659491074493
1975,0.0,-1.644786423619921,-5.881166263627652,-8.534549000982178,-13.565100626640348,-11.997816091731131,-15.562847460699597,-15.411303138987874,-11.798457797174251,-12.267602654090092
1976,0.0,-0.8845393412607199,-8.40115960558701,-7.030600494939465,-13.650134804700123,-14.254639325481122,-13.558424061321421,-15.945785347536804,-15.148532324229276,-10.823948846363539
1977,0.0,-3.0049846916234495,-8.504442129933134,-9.386782688266331,-11.622366862234994,-13.37166736650769,-14.418239938538612,-12.801747055502991,-12.250091834096903,-9.986599215863059
1978,0.0,0.7297202265595142,-6.625370531091841,-6.815024643461986,-10.681878679145695,-11.94473236152216,-12.458081498187,-15.657523318126389,-13.77115900129935,-11.865654870610488
1979,0.0,0.7311477228558529,-7.571476362322712,-9.1383421314123,-13.951999053109663,-15.132347293949739,-15.759659601255317,-15.916424876337924,-14.997565015969188,-11.349722504834055
1980,0.0,-2.8457532818124194,-8.272951436893825,-5.8548576259462335,-11.163667582260262,-13.851158978445902,-14.983242553662976,-16.340472134242415,-13.382892314028405,-10.778738897776133
1981,0.0,-1.743330643118176,-6.9403929665600375,-5.912811503853445,-13.837697464117996,-15.785092891354177,-14.169792087954649,-14.170465054887913,-12.784879806673196,-12.45900083244639
1982,0.0,0.6811988651853875,-5.795368987124695,-7.608297439623187,-12.999038800780344,-12.598277544700952,-13.191258394977574,-14.885660496266548,-13.856039994093386,-9.766913872443407
1983,0.0,-1.9949854071836204,-5.599440508421306,-7.49414943986395,-14.088812041562539,-13.861570962462345,-16.00306428912302,-14.111499692376226,-12.236728019560543,-12.761840175363771
1984,0.0,-0.552154690516439,-8.872182328811604,-8.079056971809818,-12.65494164769807,-12.369276935054929,-16.194458112269476,-15.630452056581953,-12.405498219135538,-13.292583530401409
1985,0.0,-2.88145458347032,-6.545281413970159,-9.378166654306659,-12.939422259279471,-15.607759030749211,-13.151633292514695,-14.326017723731779,-14.163079427812276,-11.819826674423547
1986,0.0,-0.8211974513483984,-8.938580652141304,-6.404389089283999,-13.82336989505871,-14.133542507869425,-13.021825169529833,-15.621811433167064,-14.66267856033223,-11.143207753863011
1987,0.0,-1.046203038371718,-8.666188925100327,-8.6041429371336,-13.339854288492175,-13.270304864852454,-12.688964652396976,-14.798866144729589,-11.746649542219252,-12.739075461304703
1988,0.0,0.5559944182190528,-8.484760298676639,-6.958958688120939,-11.55960660877241,-13.257401926858602,-16.221699523608034,-13.784752596470529,-13.274281811055594,-10.520802112927866
1989,0.0,-0.7319261192678499,-7.154428655188114,-8.114349510725948,-13.039888674552317,-12.941899846169619,-16.20029847370886,-15.225538905723102,-13.746859485008372,-12.21098443143201
1990,0.0,-0.1209973762929164,-8.399936743122236,-8.0283693222285,-14.027546127470504,-14.246011348216719,-14.947257220213817,-15.803305355953396,-14.7075074124189,-10.907851924725612
1991,0.0,-0.8615076702113109,-5.7874642879716784,-9.572507575032642,-11.339985679418342,-13.226936817621848,-13.982834900204558,-13.893003755146554,-12.284788112911507,-11.905187275142453
1992,0.0,-0.46869924917956984,-6.070479889697888,-6.289855989803591,-13.20185565695994,-14.46099249082556,-16.07792429468789,-14.356831434319687,-14.864774757736933,-12.71183381227143
1993,0.0,-0.5852658340060461,-7.641525034739993,-8.818825487663128,-13.87681400332895,-12.154166607409756,-12.799933487769227,-15.716455917933683,-14.564988534127266,-12.296229220543692
1994,0.0,-2.8312939072267085,-5.7827817509004955,-5.919535323748185,-11.067056757308976,-14.90225895863037,-14.11402148101719,-14.0324248973646,-11.991448692989641,-10.5236570282552
1995,0.0,-2.8666826700713193,-6.683071850142465,-8.324480026580918,-13.46976088648184,-12.697930414291818,-14.699505880047454,-13.630177773441183,-13.450874237161237,-10.6819810113635
1996,0.0,-2.8184587696586263,-5.14334094334035,-7.257877126962855,-13.531546406776526,-13.189217720311328,-14.08501341031779,-14.493857628724673,-11.784789466734214,-9.60980253799977
1997,0.0,-0.3928621058580153,-7.589513090047516,-8.069831427798535,-11.633101285817256,-12.708619759696667,-14.214101973439316,-15.015618519927008,-12.779244019841386,-13.16852609129565
1998,0.0,-0.1997548233063231,-8.517840605527551,-8.195774332159026,-14.225203035796712,-12.105953163214338,-16.0197496112624,-16.38420852080989,-11.831962211951918,-12.89709761274534
1999,0.0,-0.2658400718071161,-6.951520682869665,-7.941295133350711,-11.702653344763313,-12.302054060047169,-13.200553472504883,-16.049371640645745,-11.599726229813742,-10.776004693194231
2000,0.0,-3.0524159475475736,-6.047346135430804,-6.83256727020864,-11.112283405708107,-12.768163872196446,-14.201275757993649,-16.513189719634056,-13.685717227144298,-10.68862967533449
