Sample,Twist_0.19R,Twist_0.47R,Twist_0.50R,Twist_0.74R,Twist_0.82R,Twist_0.85R,Twist_0.86R,Twist_0.93R,Twist_1.00R,Trim_Collective,CT,CP,FoM,Thrust_N,Power_W,Mean_Solidity,Mean_Tip_Loss,CT_Predicted,CT_CV_Predicted,CT_Error,CT_CV_Error
1,-0.9864043931879448,-7.978473796545015,-8.374169634446586,-14.456162499031777,-14.994126566445912,-15.26201954859623,-15.879839483371006,-13.09911520976593,-10.699894661355154,21.692564293992547,0.0059580001905973,0.000573031936403,0.5674883423446586,74937.00586762714,1592855.1295842926,0.0843090749476147,0.9614499594881268,0.005957999960856601,0.005958000014737965,2.297406986873085e-10,1.7585933490688044e-10
2,-1.1673807949407222,-7.829220892445781,-6.173040975723095,-11.3191303468466,-13.8279858593778,-13.07275146703461,-12.072902628112724,-14.413224103837722,-12.00384677968904,20.33195496870268,0.0059580020380011,0.0005571488813015,0.583666423573951,74937.029103428,1548705.049658945,0.0843090749476147,0.9660291548641744,0.005958001400502212,0.005958001314058085,6.374988878801724e-10,7.239430149102999e-10
3,-1.2171655972683102,-7.179980540172377,-6.67609726101397,-13.68467567914128,-14.759590306092012,-14.79649112004062,-13.030957766277467,-15.204273846188729,-11.275673458308573,21.29366223551711,0.0059580003067444,0.0005605531562876,0.5801215273900518,74937.00732847143,1558167.902476984,0.0843090749476147,0.9645847982206358,0.005958000343280776,0.005958000395168414,-3.653637635492313e-11,-8.842401463815541e-11
4,-1.1776127757263837,-7.968319079551943,-8.536115502213116,-11.744219562525092,-11.386101417134023,-15.28326163528502,-13.572144260502798,-11.915559627341768,-13.485335784125894,20.445209745485712,0.0059580064663866,0.0005591816255682,0.5815453202177121,74937.0848016392,1554355.4627105994,0.0843090749476147,0.9636923223683576,0.005958004532934022,0.0059580042737970955,1.9334525785952295e-09,2.1925895049221267e-09
5,-1.2108439606903123,-7.464139132667159,-9.000835994573162,-10.286734440566864,-11.345590779549816,-12.550786439986606,-11.925565973037438,-11.762024647933249,-9.489414197543208,19.498497020418988,0.0059580027228613,0.0005689538768347,0.5715562618649499,74937.03771728714,1581519.3598138269,0.0843090749476147,0.962126736424398,0.005958006376878348,0.005958006404762018,-3.6540170481394463e-09,-3.6819007183386265e-09
6,-1.1605799720319443,-6.390636144860368,-8.681053105405558,-12.312165763894818,-15.844593629924304,-15.886907734705153,-14.370069468378595,-13.833037480356603,-12.469829156970162,21.34975471234113,0.0059580013347641,0.0005605728786033,0.5801012674452473,74937.02025843463,1558222.724537858,0.0843090749476147,0.9639957900279298,0.005958000734017867,0.005958000696416582,6.007462331411584e-10,6.383475180740672e-10
7,-1.387121470683142,-6.346576336269244,-8.088555716315716,-11.882104790754004,-14.63738975403078,-12.779910991912518,-13.188101063036582,-12.472603693984215,-10.852700043044909,20.42228222281903,0.0059580013348201,0.0005641836938704,0.5763885785974258,74937.02025913875,1568259.696746141,0.0843090749476147,0.9625679865452788,0.005958001110419356,0.005958001078815222,2.2440074364665774e-10,2.5600487788685067e-10
8,-1.0112481897189245,-5.69816279733808,-6.557539226371398,-14.070501241687042,-11.986459412873398,-14.9616190635419,-17.319397467907002,-12.236966503536244,-12.156439615880569,20.89800662294412,0.0059580006517609,0.0005652167299576,0.5753350249910805,74937.01166793157,1571131.2240135984,0.0843090749476147,0.9634264486439236,0.005958000514358967,0.005958000228958866,1.3740193358091624e-10,4.228020338351013e-10
9,-1.043741937156024,-7.127848111643297,-7.577056386956401,-13.642505018213294,-16.388682539396655,-12.81906293872756,-13.158616305756226,-11.46494949127204,-10.530927921142752,20.80978070552712,0.0059580001879458,0.0005787140874127,0.561916411844483,74937.00583427766,1608649.787452252,0.0843090749476147,0.9602541822248464,0.005958000397876169,0.005958000271477618,-2.0993036909527918e-10,-8.35318177475064e-11
10,-1.374009971167914,-6.002304744416224,-7.91680513094658,-10.44815609882064,-13.867763053435842,-13.145807618523223,-16.138490834003413,-13.754825757496649,-12.198052402982738,20.530915501775592,0.0059580010581479,0.0005599449193303,0.5807517909359196,74937.01677928152,1556477.188057901,0.0843090749476147,0.9661317966432696,0.005958001742972515,0.005958001752470927,-6.848246154184112e-10,-6.943230270242684e-10
11,-1.4723474687772675,-8.236722670602859,-7.34266437291377,-13.27719112242846,-16.553196615704547,-16.535511516694115,-14.236967045572374,-12.830631395786996,-11.205871413574878,21.36086077395101,0.0059580004164547,0.0005738302817546,0.566698852484034,74937.00870835784,1595074.287728266,0.0843090749476147,0.9618115354426828,0.005958000984272262,0.005958000961351821,-5.67817562066586e-10,-5.448971204802255e-10
12,-1.407602626825479,-5.612116561482846,-7.655344756014857,-12.911346698804804,-13.125818063740043,-12.35700059011246,-12.724598451791588,-14.46838631436566,-11.077426155592244,20.673487537280963,0.0059580004511927,0.0005581009069852,0.5826705546700593,74937.00914527681,1551351.3925544843,0.0843090749476147,0.9645227817385356,0.005958000812422609,0.005958000723854747,-3.6122990883236117e-10,-2.7266204658676907e-10
13,-1.0445397121766895,-7.705896227740783,-6.2784469568553884,-13.639839837511044,-13.650901007068132,-13.60201394455424,-16.27179546943505,-15.528101461710005,-9.82964459491862,21.317200053373,0.0059580001683087,0.0005691900033419,0.5713187862855038,74937.0055872911,1582175.7199472417,0.0843090749476147,0.9650252043603004,0.005958000349448845,0.00595800038781229,-1.8114014455061778e-10,-2.1950358978367612e-10
14,-1.021076987887164,-5.784308337697446,-8.254055000202506,-14.742402721983217,-14.917611772325136,-14.970444044088094,-17.415564494384732,-10.763389861418991,-10.606436178884262,21.286081981292657,0.00595800030117,0.0005848474891069,0.5560235083663863,74937.0072583597,1625698.7854745255,0.0843090749476147,0.9600570588485304,0.005958000044263965,0.005957999850465995,2.5690603550759805e-10,4.507040053669531e-10
15,-1.1188891458582335,-7.81496546671928,-7.625636758899067,-12.400851482093278,-15.900439613196282,-17.14615359714211,-13.260746374283366,-11.34235573628397,-11.717559105630407,20.788451735530565,0.0059580005697817,0.000574248286086,0.5662863653634969,74937.01063683498,1596236.2130960329,0.0843090749476147,0.9612214238534,0.005958000856336251,0.005958000825567551,-2.86554550921192e-10,-2.557858508334121e-10
16,-1.176623609752273,-6.012264231543258,-6.731771172010406,-11.534363356011308,-14.154906651239784,-14.442736442576122,-15.84697490159554,-14.638635861841134,-9.826914974520465,20.65511605364314,0.0059580012051115,0.0005674403260113,0.5730805722680473,74937.0186277232,1577312.1471965483,0.0843090749476147,0.9654427100872,0.005958000513714601,0.005958000412617042,6.913968989344377e-10,7.924944580781079e-10
17,-1.16222047839266,-7.42760416407435,-8.32637465859997,-12.366106060834104,-12.58346768515133,-15.897952458910854,-16.950201467250952,-11.628925864437656,-9.943222572904697,20.68072746961195,0.0059580000461978,0.0005776711272466,0.5629309074660758,74937.00405143593,1605750.6742526377,0.0843090749476147,0.961680419281656,0.005958001449051595,0.005958001476811832,-1.4028537949350994e-09,-1.43061403262007e-09
18,-1.1125482928913106,-6.716443354583143,-7.473383115981048,-12.745894647446082,-13.65467447030552,-13.689141014435288,-14.550165376086431,-14.512364436097323,-11.311206827243817,20.996661915523323,0.0059580008453768,0.0005590593430849,0.581671697878282,74937.01410314451,1554015.554463806,0.0843090749476147,0.9647732941380884,0.0059580007135853815,0.0059580007099419305,1.3179141805652606e-10,1.3543486904882274e-10
19,-1.15748663264176,-7.53462215310331,-8.898245156343597,-10.78493617804114,-13.970193453803851,-16.692085846754267,-13.60114877701147,-11.673955654402985,-12.905969111027725,20.507815712034382,0.0059580055804029,0.0005634592385872,0.577130274375278,74937.07365814086,1566245.930600481,0.0843090749476147,0.9631066343795068,0.005958003388244101,0.005958003545186644,2.1921587991038938e-09,2.0352162559411635e-09
20,-1.041444704053791,-7.102786815336252,-6.591471042052194,-10.557186581309429,-12.203201210806863,-13.231677430503408,-16.63575776714479,-14.662274027982912,-13.355521798444752,20.51455312214588,0.0059580022047344,0.0005607627032218,0.5799050235146691,74937.03120052359,1558750.3794520593,0.0843090749476147,0.968564797576372,0.005958001932380158,0.0059580019533576655,2.7235424159000043e-10,2.513767345321827e-10
21,-1.443501134952756,-6.879241464615739,-6.189098589274346,-11.417120344758022,-13.981184370660726,-12.625432201050554,-13.050189585937396,-12.891369392003682,-10.229817616106102,20.00227065583644,0.005958001672093,0.0005637040555179,0.5768790588027083,74937.02450120346,1566926.447477562,0.0843090749476147,0.9637222590465712,0.005958000776359192,0.00595800064275455,8.957338083065425e-10,1.029338450413142e-09
22,-1.104112565286917,-5.824043917531844,-6.332697311391708,-12.263853212093055,-11.982353142129885,-12.725112991675044,-16.90165874638659,-13.853662370569614,-9.747111492693923,20.384755308531485,0.005958000687474,0.0005689537561407,0.5715560902263143,74937.01211711495,1581519.0243211542,0.0843090749476147,0.96492802552017,0.00595800121756481,0.005958001285900814,-5.300908097888302e-10,-5.984268141787097e-10
23,-1.4135643229277657,-7.061042591200023,-8.683310545734773,-11.00625041127237,-12.957232066427132,-13.883975863782371,-11.903152638214957,-12.973566291919196,-11.80160319110091,20.244091203614182,0.0059580059552991,0.0005588657514746,0.5818739380611115,74937.07837341422,1553477.428453951,0.0843090749476147,0.9637999966941294,0.005958003554811505,0.0059580034610398885,2.4004875951583182e-09,2.4942592114982065e-09
24,-1.2754307040337087,-7.887421834511453,-6.962239596176337,-11.489684828216038,-12.093176153106509,-12.751257351633296,-15.912040827118348,-13.133248674822184,-11.455699663209009,20.38668496686677,0.0059580017073986,0.0005630434797441,0.5775558719349946,74937.02494526109,1565090.2470096035,0.0843090749476147,0.9647434203291588,0.005958002220433613,0.00595800224656804,-5.130350129098349e-10,-5.391694399975444e-10
25,-1.4317522402068832,-8.01288451280229,-8.992802184827326,-13.292052018138747,-15.633155044952687,-12.674062007891065,-11.77090891204442,-12.938522845398603,-12.74035882632183,21.209693656472112,0.005958000773497,0.0005641881349613,0.5763839600143494,74937.01319907287,1568272.0416329552,0.0843090749476147,0.9619397879012388,0.0059580012286908875,0.005958000841827483,-4.551938877911388e-10,-6.833048363241723e-11
26,-1.2307195028736109,-6.320430654130992,-8.867925680232167,-10.573165918525852,-11.347455241961656,-16.664145581435513,-13.184458137355126,-15.010950852248058,-11.34957089787244,20.47685612786853,0.0059580086716081,0.0005610537056194,0.5796051871438301,74937.11253790828,1559559.2779310218,0.0843090749476147,0.966377743293148,0.005958004819507279,0.005958004881173945,3.852100820614379e-09,3.790434154916922e-09
27,-1.2435135237125137,-6.097083279116364,-7.467008550507958,-14.172328365719654,-14.634261728953728,-14.840465426150653,-14.666982613841,-14.516823597113175,-9.218935073706522,21.316625463319028,0.0059580002472449,0.0005721394989807,0.5683735328831303,74937.00658011445,1590374.4239976732,0.0843090749476147,0.9628597608937556,0.0059580000892021255,0.00595800015675736,1.580427741801338e-10,9.048753933649234e-11
28,-1.274410569319287,-7.899248786054057,-6.492827492253925,-11.047329674678624,-16.202218249535136,-15.884521391885446,-13.910561872163866,-11.84476109790753,-9.574595228453031,20.26200724130081,0.005958000645822,0.0005799852352695,0.5606849298813258,74937.01159323553,1612183.193280984,0.0843090749476147,0.9619661462506548,0.005958000839051479,0.005958000884807991,-1.93229479292234e-10,-2.389859915866155e-10
29,-1.1710716586329908,-5.629317488350754,-6.616182780142305,-11.9319426552722,-15.969152593712426,-13.586194253650778,-14.384822085626883,-12.158769304872315,-9.800636198461644,20.31820548603647,0.0059580008627692,0.000572950618996,0.5675689805531485,74937.0143218984,1592629.0918353852,0.0843090749476147,0.962427416882256,0.005958000726527374,0.005958000766827972,1.3624182598065415e-10,9.594122718503684e-11
30,-1.2857988673908525,-8.222244606535451,-6.520534109850384,-10.220664797067045,-11.330893502442985,-16.803282841037955,-16.49042793666038,-14.248384893768076,-12.275148640437576,20.407365502535058,0.0059580023006226,0.0005678010158259,0.5727166866289707,74937.03240656132,1578314.7555764755,0.0843090749476147,0.9673572640230096,0.005958002265034572,0.0059580022402703926,3.558802818409701e-11,6.035220760647331e-11
31,-1.0403476272706544,-6.026505450210484,-7.393612927009863,-11.820410125225797,-16.30333383210072,-16.933647592020243,-14.761719262038714,-11.136851949265736,-12.06781251136714,20.642746067687625,0.0059580006859849,0.0005720845046664,0.5684282332503581,74937.01209838531,1590221.5564695927,0.0843090749476147,0.9621667355613052,0.0059580008596737625,0.005958000801420026,-1.7368886277152606e-10,-1.1543512586781324e-10
32,-0.9871613783801982,-6.839024604236446,-6.085499151588948,-9.991734759831626,-14.08567129256142,-15.009420862363536,-13.563529821233352,-12.099250030876608,-11.595159312518458,19.744742971385968,0.0059580012456684,0.0005633015382383,0.5772912161679993,74937.01913782935,1565807.5714206095,0.0843090749476147,0.9646850078165552,0.0059580013187831545,0.005958001287515279,-7.311475470200834e-11,-4.184687926039876e-11
33,-1.2239788432253844,-5.801969730632647,-6.133483523167544,-13.226978345810169,-12.621066459130825,-14.678596436979166,-15.03443986455886,-14.48542300429997,-13.33305301256535,20.96716308542199,0.0059580002022043,0.0005538697913947,0.5871216479080684,74937.00601361459,1539590.173425135,0.0843090749476147,0.9666349645373395,0.005958000680526511,0.005958000794991113,-4.783222108326046e-10,-5.927868126920366e-10
34,-1.2594712983665473,-7.920400591691836,-7.399054004646409,-10.501894120995807,-13.204343131557057,-14.081629236623888,-11.817131473889477,-13.635223990460483,-13.030564438540866,20.216967853466464,0.0059580025993618,0.0005559901405426,0.5848829272204431,74937.03616396671,1545484.1014981093,0.0843090749476147,0.9659285733685192,0.005958003085154496,0.00595800300977125,-4.857926960005754e-10,-4.1040944948056435e-10
35,-1.0438727320160406,-6.262739551200104,-7.885119958389332,-13.696495227975056,-15.15968832183998,-14.156424810275238,-17.024286173946585,-14.051050231178705,-10.9511427026346,21.56566750717764,0.0059580005037095,0.000567158839293,0.5733648967542055,74937.00980580876,1576529.6994226023,0.0843090749476147,0.963524711298895,0.0059580001424344425,0.005958000060699219,3.612750576129087e-10,4.430102812369441e-10
36,-1.0839565639088455,-8.27670697292714,-6.512259586911711,-10.666193284892191,-15.311553415899684,-13.059668245776464,-12.604354334808924,-15.653426873581212,-11.53573150001661,20.63054427001049,0.005958001381193,0.0005619502970819,0.5786793651733557,74937.0208423951,1562051.5304906932,0.0843090749476147,0.9670366880667786,0.005958001036274605,0.005958001041791744,3.4491839506073374e-10,3.3940125623160844e-10
37,-1.1409107458802383,-5.92540970675274,-8.872851458011167,-12.919415824021884,-13.5235645743504,-15.040392769724988,-15.346134948461298,-13.49357434812585,-10.915098035696282,21.101950929673585,0.0059580005156005,0.0005640393997662,0.5765359129925721,74937.0099553689,1567858.6028640438,0.0843090749476147,0.9631757657377072,0.005958001257760382,0.005958001274609005,-7.421598812937247e-10,-7.590085044847927e-10
38,-1.020373736890808,-7.667184151355199,-7.411139399686662,-10.700274886498129,-12.46995929517162,-13.0428141854024,-12.891449200522995,-13.2795627569353,-13.691805424565592,20.200240793633338,0.0059580048385042,0.0005540420502829,0.5869397892444962,74937.06432687677,1540069.0009322534,0.0843090749476147,0.966304896262245,0.005958003708880705,0.005958003729490384,1.1296234954383255e-09,1.1090138165442687e-09
39,-1.464143017507317,-7.768195592714226,-6.077314458142618,-12.361843933652288,-12.336749523451134,-13.525932277892592,-16.550020661310867,-12.447850929881568,-11.059817181110056,20.440554747898297,0.0059579997583458,0.0005669834319302,0.5735421707196451,74937.00043096405,1576042.1201099553,0.0843090749476147,0.9637273551843186,0.005958001104248654,0.005958001237927008,-1.3459028544438034e-09,-1.4795812084203441e-09
40,-1.156734137660807,-7.854583541152393,-8.061439804659276,-14.033220983327864,-16.213677097390132,-12.056397738597118,-14.39279059759335,-14.65329928448912,-12.711179064915502,21.812381580795662,0.005958000622451,0.0005599782296678,0.5807171811818412,74937.01129928585,1556569.7807017437,0.0843090749476147,0.963788115787356,0.00595799999694811,0.005957999814136916,6.255028899351811e-10,8.083140840692282e-10
41,-1.1227270841139798,-5.94557690862237,-7.299717529005905,-11.99947664125942,-16.253086122838695,-12.977309777989284,-15.780733921249473,-15.295292050931137,-10.295567366844155,21.15717492688589,0.0059580008276594,0.0005674584116136,0.5730622530234187,74937.013880303,1577362.4196902872,0.0843090749476147,0.9654326370712034,0.0059580001589148975,0.005958000195230125,6.687445024827765e-10,6.324292747481031e-10
42,-1.468348998170651,-7.206648969813017,-7.06951813097042,-10.826909554283896,-12.70021665866481,-13.996725497664526,-17.271898936314336,-10.74991137650331,-10.705207179285557,19.979567341205723,0.0059580018780713,0.0005737088955639,0.5668189640572505,74937.02709190456,1594736.8709034307,0.0843090749476147,0.9626681783934288,0.005958001855886791,0.005958001888835326,2.2184508570444184e-11,-1.0764025955289913e-11
43,-1.020010296676403,-7.670805181877896,-6.713686337486923,-10.89254226576749,-12.79630748056502,-16.17093537804032,-13.04144946422467,-12.5426047072786,-9.781250848542808,19.921890992704824,0.0059580013262529,0.0005684422806213,0.5720704595038053,74937.02015138423,1580097.277376449,0.0843090749476147,0.9632655154022997,0.005958001699880247,0.005958001646245543,-3.736273469431839e-10,-3.1999264349380496e-10
44,-1.035647993886361,-7.742441159136641,-8.275617409057654,-10.232313572493457,-11.302891917639196,-12.15993006561991,-12.231704657000648,-14.327312479090743,-13.430744931312235,20.140045032050867,0.0059580114983358,0.0005560357106265,0.5848363032333732,74937.14809119873,1545610.772521817,0.0843090749476147,0.9673779918135362,0.00595800673006005,0.005958006462038882,4.768275749938988e-09,5.0362969176986905e-09
45,-1.2070790482797542,-7.35794373048133,-6.228423158892007,-10.757942515893856,-15.937049773567344,-12.26492429707804,-17.34373025340732,-13.237251953405028,-10.789293179713026,20.552440937646324,0.0059580009393078,0.0005723994953394,0.5681154641903685,74937.01528456512,1591097.1350845608,0.0843090749476147,0.9648221418493532,0.005958000482279162,0.005958000558259647,4.5702863802482563e-10,3.8104815310024964e-10
46,-1.3372262832059796,-8.258451768362383,-6.171388735214766,-10.55210285624372,-11.910333503988562,-14.411463828887348,-12.683579764545373,-14.213998763519236,-10.462463176817462,19.929825064837928,0.0059580018101288,0.000563036359814,0.5775631904108006,74937.02623735488,1565070.455761658,0.0843090749476147,0.9657802409676316,0.005958002501291726,0.005958002553607727,-6.911629255035301e-10,-7.43478926860941e-10
47,-1.0452611338777884,-6.743113714312909,-7.331592821162753,-14.79227861681351,-15.32618859338547,-13.984451744476408,-15.01348168051868,-13.247615469555706,-11.819712488618496,21.541529300054872,0.0059579999676445,0.0005657185777415,0.5748245474717995,74937.00306342808,1572526.208771378,0.0843090749476147,0.9623341970136912,0.005958000036529876,0.005958000017887314,-6.88853757022101e-11,-5.0242813381951024e-11
48,-1.4014747078475855,-6.903932659697642,-8.007211046425263,-12.355529225466949,-16.46829615185407,-15.961635400307042,-14.67273161059722,-13.529809379935656,-13.59247584931794,21.438708517758297,0.0059580006852689,0.0005598999803599,0.5807983490012105,74937.01208938046,1556352.27133855,0.0843090749476147,0.9643702438076234,0.005958000432588858,0.005958000316132366,2.526800426880249e-10,3.691365347072151e-10
49,-1.4242657377128587,-7.102204144424806,-8.304708869370113,-13.676888401813477,-15.543448287217906,-17.046678094561656,-14.141856968582209,-13.51846323126968,-11.143157601529452,21.52878252924493,0.0059580002017529,0.0005691716635389,0.5713372000835512,74937.00600793619,1582124.7408526912,0.0843090749476147,0.9621783619381996,0.005958000337418663,0.005958000379533117,-1.3566576334556046e-10,-1.7778021763059648e-10
50,-1.1943681823961405,-7.132728061802158,-7.894104650900157,-11.389838774115754,-15.12409121429602,-14.256312791828355,-12.721375261155028,-11.465663880831576,-11.816517510630833,20.30299194054604,0.0059580013046055,0.0005662540469951,0.5742811669598644,74937.01987911356,1574014.6510258762,0.0843090749476147,0.9621759621699468,0.005958001606177314,0.0059580016360936,-3.01571814395607e-10,-3.314880999902292e-10
51,-1.3793324182356888,-6.560002499121645,-8.587699720680213,-10.42135762578066,-13.74788371816424,-13.571970411031463,-14.20086175925558,-15.74881060009609,-12.826603386181183,20.866310760259204,0.0059580000954915,0.0005568073694221,0.5840241235510756,74937.0046714297,1547755.7501274156,0.0843090749476147,0.968064546481708,0.005958002126763002,0.005958001997632688,-2.031271501695686e-09,-1.9021411884825867e-09
52,-1.0850165564521586,-7.832289943931043,-8.624744017466073,-14.600036680400288,-13.33584414325945,-15.310000469753684,-12.185088546654422,-15.614673975529849,-11.4538633671423,21.704793115827467,0.0059580003701574,0.0005614641774455,0.5791802424155676,74937.00812605172,1560700.265216797,0.0843090749476147,0.9636615542841684,0.0059580004796850475,0.005958000489012177,-1.0952764736837928e-10,-1.188547767150272e-10
53,-1.3584485159915205,-6.146854643717395,-8.804024516136364,-11.88928119676182,-12.98126037846304,-16.03410753342253,-16.9573508682915,-14.314884420153929,-13.304184177391468,21.31352265000072,0.0059580008661904,0.0005584883851988,0.5822663597474645,74937.01436492782,1552428.464565431,0.0843090749476147,0.9660867608281998,0.005958001706481857,0.005958001746705176,-8.402914562083419e-10,-8.805147756751897e-10
54,-1.237038302936571,-6.607050672989681,-8.702464305319223,-13.10682969428029,-12.089374748332432,-15.052820205057902,-14.8521124912974,-15.095615197962491,-10.36936232010156,21.19876744208469,0.0059580008982647,0.0005642637497452,0.5763067391511767,74937.01476834442,1568482.2278176644,0.0843090749476147,0.964436233847597,0.005958001511969682,0.005958001554123429,-6.137049817986351e-10,-6.558587284377637e-10
55,-1.2601286366380722,-6.556296476458277,-8.507143846226613,-10.597697456594066,-15.319229182080935,-14.70041257111356,-13.351350494792817,-11.814834805360814,-9.631911094110569,20.15478595953476,0.0059580027199807,0.0005745126058812,0.5660261366808206,74937.03768105604,1596970.9420263108,0.0843090749476147,0.9618307670689198,0.005958001759925029,0.005958001693740555,9.600556703792673e-10,1.0262401449467884e-09
56,-1.0872090895183657,-7.229885396964081,-8.934737034921106,-13.415460823616092,-14.270413517013964,-13.680499079439713,-12.946708750817686,-15.80019159100086,-11.372358355727922,21.549985661178464,0.005958000485627,0.00055917570092,0.5815506062210338,74937.0095783756,1554338.9939837886,0.0843090749476147,0.9645678781018336,0.00595800072521238,0.005958000681612787,-2.395853801809289e-10,-1.9598578662738397e-10
57,-1.4421799876782262,-8.323295019352605,-7.324272707248684,-10.860188334434993,-11.93122966691049,-14.164224825933328,-14.341098124472865,-14.849582862077144,-11.302327806208886,20.501667419318903,0.0059580029269496,0.0005621022904361,0.5785231144916277,74937.04028421613,1562474.0259546794,0.0843090749476147,0.9663534888536582,0.0059580029634718635,0.005958002999255903,-3.652226351208432e-11,-7.230630330590238e-11
58,-1.3641390304132888,-6.0378797772764585,-8.124506259578911,-13.46227531662341,-14.276630626876033,-14.496282433417887,-16.034580037705904,-11.195861286782236,-11.71475620161834,20.933495805708787,0.0059580007042268,0.0005697754540261,0.5707318268154576,74937.012327824,1583803.09543229,0.0843090749476147,0.9614458346344322,0.005958000547701189,0.005958000613178348,1.5652561104889662e-10,9.104845176410858e-11
59,-1.1707517887731689,-7.373703571528676,-6.449245423594691,-14.366421350821865,-11.592388100556352,-14.507786892325766,-16.31435545786319,-11.29738093838619,-12.492881629613082,20.795406832095672,0.0059580009748138,0.000567227002695,0.5732960637609645,74937.01573114417,1576719.173023495,0.0843090749476147,0.9622509408328898,0.005958000015477798,0.005958000018963357,9.593360021306618e-10,9.558504430670633e-10
60,-1.397945529965909,-6.2665706513230575,-8.533019587170033,-11.359556497283087,-13.221278852752183,-16.471627505195574,-12.396393498803215,-10.771637994131192,-10.561223499868266,19.96232602970176,0.0059580020351102,0.0005719322809203,0.5685797174929829,74937.02906706824,1589798.4205858114,0.0843090749476147,0.9611262795182384,0.005958002188889798,0.005958002021702641,-1.5377959843021483e-10,1.3407558917266638e-11
61,-1.09002332671866,-7.013989021382672,-7.546404029712017,-10.793876094510884,-13.58910676933733,-12.214435429822304,-17.027668742039396,-14.129491330108824,-9.404137259397428,20.482635035345712,0.0059580003770674,0.0005724273947103,0.5680876945639874,74937.00821296197,1591174.6868810593,0.0843090749476147,0.9649443776548636,0.005958001326164352,0.005958001525120293,-9.490969520714598e-10,-1.148052893203133e-09
62,-1.4190347096407214,-6.650034241746262,-7.042048420228301,-13.617556888831013,-14.171145004898571,-11.823119035867132,-12.046674997262896,-15.12797103663203,-12.441827454347523,21.076497158459315,0.0059580004818661,0.0005561052211234,0.5847615796328132,74937.0095310731,1545803.9906383457,0.0843090749476147,0.9652155898090158,0.005958000263902106,0.005958000165645713,2.1796399407580935e-10,3.162203866813318e-10
63,-1.0606502655125616,-7.398645646226337,-7.117747518847188,-13.674521858611518,-15.05197592441672,-12.92303263134438,-16.019480918630194,-14.270969336594128,-12.288354676943792,21.51216290049067,0.0059580003027266,0.0005600735607146,0.5806182896136867,74937.00727793797,1556834.772122298,0.0843090749476147,0.9643864075401668,0.0059580000974300265,0.005958000064617403,2.0529657314416472e-10,2.381091964223647e-10
64,-1.1020942946865036,-5.5792990520885954,-8.375201923591856,-13.800725987513744,-14.628202407098724,-14.835764634549816,-13.762845318050864,-11.124569320964564,-13.44006102041068,20.96556081640823,0.0059580006573286,0.0005640008618588,0.5765753279872542,74937.01173796011,1567751.4791600492,0.0843090749476147,0.9616746595549174,0.00595800053777618,0.00595800043341833,1.1955242004701994e-10,2.2391027053314527e-10
65,-1.4658917498519923,-5.865376450773108,-6.415485015837032,-12.16065125926511,-12.809462701680385,-13.304205777908503,-14.393682120851556,-13.56801217861769,-9.731109876646869,20.24078748426892,0.005958000784775,0.0005643861045053,0.5761817836221359,74937.01334092252,1568822.3369720113,0.0843090749476147,0.964185455461004,0.005958000737235562,0.005958000740318113,4.753943766422353e-11,4.445688695647876e-11
66,-1.2542631847311296,-5.9108074441759175,-6.196405705143585,-13.968323259433866,-13.928917206891455,-15.354360360725076,-14.117662972569198,-13.38561189259119,-12.124676497540584,20.98842409650016,0.0059580006051359,0.0005597270353439,0.580977792931718,74937.01108150421,1555871.5366039968,0.0843090749476147,0.9638418066496284,0.005958000418556373,0.005958000438044304,1.8657952700201763e-10,1.6709159663536033e-10
67,-1.195807799356248,-7.944793562816602,-8.078313798734,-10.46942541133948,-11.779249274981748,-12.37966283378091,-12.7647244071275,-11.633850181966803,-9.535577654105516,19.556235265040453,0.0059580062749198,0.0005690462488832,0.5714639934165172,74937.08239345682,1581776.126115999,0.0843090749476147,0.9622274093603146,0.005958004640966831,0.0059580044277289254,1.6339529685868714e-09,1.847190874218474e-09
68,-1.3120952912028927,-6.441622716445628,-8.978937519838839,-11.166540999552506,-15.55457012215046,-14.30761667502365,-13.686071298647825,-13.040420194038363,-10.45270443554181,20.66998526894909,0.005958002842627,0.0005678723085221,0.5726448638933358,74937.03922364546,1578512.9276672592,0.0843090749476147,0.962818409273488,0.005958001581099073,0.005958001418734882,1.2615279272598645e-09,1.423892117928538e-09
69,-1.4046525745187095,-5.812958501845515,-8.72350095402016,-12.717372371138673,-14.045246954103764,-13.968371364369194,-14.979853204263506,-13.598748099975154,-12.999087889193316,21.185712977625265,0.0059580007754739,0.0005554924132675,0.5854067199066227,74937.01322393704,1544100.5705063664,0.0843090749476147,0.9644170496688788,0.005958001176757884,0.005958001120879449,-4.012839834727222e-10,-3.4540554878087493e-10
70,-1.4655424661364869,-7.297569842996275,-6.24056089975959,-12.722915454938311,-15.85650347389412,-14.145953741415118,-11.97042733299806,-14.085866418914764,-9.556044737510067,20.68510704914861,0.0059580003761309,0.0005715516999507,0.5689580818632267,74937.00820118406,1588740.5208228093,0.0843090749476147,0.963028669697074,0.0059580007297596336,0.005958000715834072,-3.53628733934519e-10,-3.3970317270953787e-10
71,-1.406117476610136,-7.698814680828321,-8.378988047622437,-14.309630574783029,-13.926195771340812,-16.62648582582132,-13.485553191213196,-14.983883001638262,-11.79157955757033,21.771778697799284,0.0059580005211186,0.0005612227448348,0.5794294221905071,74937.01002477262,1560029.1557235694,0.0843090749476147,0.9635305555909576,0.005958000202557299,0.005958000213595614,3.1856130146973305e-10,3.075229862425921e-10
72,-1.2063509023108216,-8.355272767467056,-6.750446121333633,-11.846240940363264,-13.40256988399943,-15.344807284565054,-13.217814293388289,-13.12081188032984,-13.750583647486868,20.659559498175067,0.0059580013344219,0.0005560228657174,0.584848317210198,74937.0202541297,1545575.0675668428,0.0843090749476147,0.9652033822002258,0.0059580014986879,0.005958001308326449,-1.6426600010777115e-10,2.6095451320651275e-11
73,-1.1160226127002435,-7.215385272561045,-8.11120845502525,-13.715652218157018,-13.81083645651109,-14.759916832670111,-13.168226709774007,-12.8075588029578,-11.614662692743632,21.03037850074183,0.0059580004357709,0.0005637126053588,0.5768701297097113,74937.00895130765,1566950.213444285,0.0843090749476147,0.9620620465418364,0.005958000535531674,0.005958000499963313,-9.976077429418861e-11,-6.419241267013875e-11
74,-1.1668515401381752,-7.203620906429731,-8.650897761142705,-10.298108817875365,-15.177555722483335,-14.655732145740805,-14.513179310600044,-10.82754268711776,-12.992050570039575,20.32005630305551,0.0059580034636443,0.0005661120316652,0.5744255438430506,74937.04703451725,1573619.8914453578,0.0843090749476147,0.9628610217116004,0.005958002920151174,0.005958002813650523,5.434931263717524e-10,6.499937766843433e-10
75,-1.44175862817507,-7.485778248257874,-8.726545284878428,-12.617767616619291,-14.944061457723148,-16.11052137987661,-14.17466894338866,-11.364410325866718,-13.534568989532952,21.067712545162124,0.0059580013771337,0.0005647748669439,0.5757852551082197,74937.02079133948,1569902.9787394293,0.0843090749476147,0.9620343956836822,0.0059580013447006926,0.00595800124243368,3.243300766841983e-11,1.34700020235079e-10
76,-1.0724105227968588,-7.764461926471839,-6.264865325559734,-12.113211886275884,-16.1212346751554,-14.79699411167297,-17.204988970873902,-11.872126645581838,-12.326742543807953,20.93316832423084,0.00595800059806,0.0005708654001061,0.5696421205393898,74937.01099250592,1586832.8152336031,0.0843090749476147,0.9633160776506046,0.005958000543243053,0.00595800045147369,5.4816946988556214e-11,1.465863099306408e-10
77,-1.156602096905178,-7.330130549692557,-8.365925298765601,-10.070089246903926,-16.415052473182953,-14.483353075680771,-15.869701721191827,-11.04284807154876,-9.628340723368826,20.260951298081373,0.0059580008945388,0.0005835163985563,0.557291966663472,74937.01472148184,1621998.757122046,0.0843090749476147,0.9615847588046462,0.005958001714814852,0.005958001687456322,-8.202760519437913e-10,-7.929175215720674e-10
78,-1.403510034311707,-6.357907236351306,-8.482822785755813,-10.840193525335062,-12.293938996486128,-12.070528439314035,-15.62188500167806,-14.304157222242694,-9.582541732398488,20.366425106444726,0.0059580049288898,0.0005679947701264,0.5725217004254766,74937.06546370614,1578853.3338157963,0.0843090749476147,0.9649713814233682,0.005958002759269661,0.005958002746136514,2.169620139796935e-09,2.182753286276984e-09
79,-0.9842842386247646,-6.066512794225215,-6.839105402350807,-12.630496878804204,-13.295392024697296,-13.591045251676096,-13.951422334330031,-15.405657319294669,-9.57028781402255,20.737812869763136,0.0059580006876243,0.0005639494815679,0.576627862991528,74937.0121190059,1567608.657521687,0.0843090749476147,0.9653175430689386,0.005958000727742875,0.0059580007684918,-4.0118575128644807e-11,-8.086750019620226e-11
80,-1.0705119509793368,-8.359559605989707,-6.185132271817336,-10.035085346895483,-13.46934428001373,-15.9052946734205,-15.01478112336273,-14.376523714414128,-10.041697303684831,20.24227520607837,0.0059580009110154,0.0005708280811943,0.5696794068020645,74937.01492871651,1586729.0799682548,0.0843090749476147,0.9659907503313344,0.00595800120257265,0.0059580012652925545,-2.915572496972607e-10,-3.542771544878809e-10
81,-1.2097081320878178,-6.942723563655058,-7.03581033761115,-9.961410643070153,-16.627919171483356,-14.73911871857965,-16.28074553023915,-14.932013000345544,-11.158346771037548,20.833120933289383,0.0059580000827874,0.0005711852493056,0.569323061596564,74937.00451164333,1587721.899080058,0.0843090749476147,0.9666658276856972,0.005957999702846725,0.0059579997316394065,3.799406752755252e-10,3.511479934950601e-10
82,-1.3887969575991093,-8.061937722508947,-7.699841256091584,-14.262055652909575,-13.734759998205837,-15.747784927222888,-12.803275921239878,-13.319346534229624,-10.076994764608202,21.147020198876067,0.0059580003485404,0.0005722737899743,0.568240171623718,74937.00785416242,1590747.7122637911,0.0843090749476147,0.9613874219996174,0.005958000148557466,0.005958000088383376,1.9998293385864452e-10,2.601570243954132e-10
83,-1.3351389549411858,-7.089070753828499,-6.987246517632835,-9.890156813816365,-15.18864138760371,-13.62924356355066,-15.22008581600955,-13.483772285297178,-12.448366116570323,20.3846494815531,0.0059580004837659,0.0005622149891068,0.5784067910005909,74937.00955496781,1562787.2941066602,0.0843090749476147,0.9661943747464554,0.005958000928376609,0.005958000973243203,-4.4461070849294293e-10,-4.894773024399779e-10
84,-1.459870106446956,-6.961330130105712,-7.419063264818622,-12.568003060902235,-13.037587103349418,-14.68479077544525,-15.001303281676009,-11.40396380206422,-10.097524981613564,20.37148280678468,0.0059580008577958,0.0005723543570506,0.5681602565224728,74937.01425934464,1590971.664320754,0.0843090749476147,0.9615353959224908,0.005958000717922899,0.00595800066471988,1.3987290145567322e-10,1.930759207027788e-10
85,-1.3439793609925454,-8.30953695615692,-6.441557631043408,-12.882188100924942,-14.343455823819973,-13.7915148120934,-16.71173414264234,-14.620684862181124,-11.63321329334512,21.324368505316016,0.0059580005005703,0.0005637825837566,0.57679853625608,74937.00976632533,1567144.7321836858,0.0843090749476147,0.9651597169600978,0.0059580005091322335,0.005958000544862186,-8.561933280415435e-12,-4.429188613097601e-11
86,-1.144886277906328,-7.508346520832887,-8.212219425805559,-12.866503254784876,-14.53557297621112,-12.228288336446257,-14.733291822339057,-14.553238115810505,-10.931553701266106,21.22465743571093,0.0059580008356379,0.0005625848232545,0.5780266069538851,74937.01398065254,1563815.3209615145,0.0843090749476147,0.9639440484897556,0.005958000635022815,0.0059580006201563,2.0061508444052523e-10,2.1548159957751611e-10
87,-1.2528791663826564,-7.753223597026324,-7.456626584535023,-11.63410197641068,-14.761826949438122,-14.845512370555774,-12.233361432318627,-15.277465615317585,-11.116945252089687,20.878660660693072,0.0059580007063429,0.0005609180740686,0.5797441746981503,74937.0123544392,1559182.263322015,0.0843090749476147,0.9653587539082564,0.0059580009999962835,0.005958001127475874,-2.9365338372749905e-10,-4.211329739794989e-10
88,-1.344538442415766,-6.675844601449863,-7.236416088695217,-13.725328503584176,-12.198387696740506,-14.148859727079277,-12.680519740107403,-11.553211179035394,-12.216252260015716,20.44460695313175,0.0059580006021311,0.0005630669029972,0.5775316852426317,74937.01104371049,1565155.3565548272,0.0843090749476147,0.9619308055460642,0.0059580003812750365,0.00595800032472892,2.208560634722745e-10,2.7740218021959917e-10
89,-1.0714081383660534,-6.450146883099954,-8.550285229511472,-13.637725802278856,-14.611961067204115,-12.18760825961941,-13.908518634563602,-14.374029360862204,-10.703598734888851,21.25947150603081,0.0059580005256908,0.0005637080653732,0.5768747887593073,74937.01008227999,1566937.5936602517,0.0843090749476147,0.9631360126805328,0.005958000275097403,0.005958000290186297,2.505933967278384e-10,2.355045030516534e-10
90,-1.054926019680098,-6.030290687123221,-6.208920247110811,-13.088841285064111,-15.56301668762814,-14.235253045783825,-14.577588304518668,-13.819099252732176,-11.918581081294636,21.012071566466,0.0059580003225316,0.0005609661738938,0.579694408745204,74937.00752703664,1559315.9662597242,0.0843090749476147,0.9644763176400528,0.005958000669226147,0.005958000696786934,-3.466945472027638e-10,-3.7425533418872226e-10
91,-1.1689929858707644,-8.189773112243845,-7.005425516226207,-13.141844057920313,-12.599325825011746,-15.024813203357288,-15.547763188955171,-15.215735569090612,-12.09713012166868,21.343708472357704,0.0059580002333362,0.0005595054722624,0.581207804606502,74937.00640517734,1555255.6583806635,0.0843090749476147,0.9658001570894572,0.005958000758505032,0.005958000862433792,-5.251688320329073e-10,-6.290975917283559e-10
92,-1.4017752040491092,-7.339480424456743,-8.740641364495078,-14.595958045327212,-15.93527017547809,-12.579696748561071,-15.297388956146056,-11.002452684365169,-13.39803194524128,21.517891388263816,0.0059580002922814,0.0005717001507454,0.5688103310813939,74937.00714656251,1589153.1690452762,0.0843090749476147,0.9605835900943756,0.00595800015573965,0.005958000126172517,1.3654175012867142e-10,1.661088835924751e-10
93,-1.3054909765704843,-6.959201608322148,-6.425733927521986,-13.54684724587502,-11.473724512202164,-13.278618324006803,-16.672888344254833,-13.328216715779645,-10.222944371145523,20.703114568930875,0.0059580004433527,0.0005696335885881,0.5708739282721204,74937.0090466682,1583408.7525062363,0.0843090749476147,0.9636216592215612,0.005958000723614374,0.0059580006652008655,-2.802616741112707e-10,-2.2184816570597343e-10
94,-1.1862079206006944,-7.599278465708734,-9.058880107906658,-12.994700800598515,-13.702451327614996,-16.65946346489376,-12.744109615530933,-14.332808349982557,-11.626246209769851,21.318709998556617,0.0059580010661041,0.0005615254622917,0.5791171321969272,74937.0168793515,1560870.6185172773,0.0843090749476147,0.9633479715865182,0.005958001534487421,0.0059580014631668956,-4.683833217111744e-10,-3.970627958371775e-10
95,-1.20451317178105,-8.129365518747905,-6.299206451221054,-12.599375027584966,-15.41813749563196,-11.745536676359478,-16.54788879402139,-10.599369218444531,-9.566187939037302,20.38780503093473,0.0059580004071028,0.0005847910816628,0.5560771557948582,74937.00859073435,1625541.9898738198,0.0843090749476147,0.960735236846702,0.005958000875659585,0.005958001031684862,-4.685567853851547e-10,-6.245820622849396e-10
96,-1.267261571018491,-8.164286491896961,-7.535851602452457,-10.854116260156742,-12.260277450329337,-11.9176135604264,-15.38694799250792,-11.058387014743268,-12.784710847782875,20.0153380070234,0.005958003746271,0.0005624213710643,0.5781950180675035,74937.05058926648,1563360.9734058732,0.0843090749476147,0.9636127716235432,0.005958003817610207,0.005958003791331461,-7.133920711110964e-11,-4.50604614385397e-11
97,-1.273321735313814,-8.068338138767485,-9.074572207969611,-10.60815130066647,-11.654118416586323,-13.580700708390864,-16.611704338664655,-13.926061089849696,-13.188152216657528,20.80525435938525,0.0059580042190136,0.0005617255692098,0.5789112893065071,74937.05653520749,1561426.8551086169,0.0843090749476147,0.966283049674968,0.0059580053263086855,0.005958005366265799,-1.1072950854840169e-09,-1.14725219862305e-09
98,-1.2497727775913674,-6.6364427216719655,-7.978537557770148,-10.24900473582373,-12.279241741378216,-14.694519261862515,-13.79145816501385,-11.334600129540927,-11.137984081938496,19.7292220498852,0.0059580032805903,0.0005642531483384,0.5763179126891746,74937.04473214723,1568452.7591193924,0.0843090749476147,0.9631544236338508,0.005958003665843161,0.005958003571243317,-3.8525286086277255e-10,-2.9065301727915216e-10
99,-1.1677461038169137,-5.778781890517737,-6.140098261146018,-10.16498169877772,-12.140050770267468,-12.560318904122845,-15.816858933295618,-14.049247243873758,-11.96998079883468,19.945927570757224,0.0059580013845515,0.0005606542441918,0.5800170868555535,74937.02088463765,1558448.8962165024,0.0843090749476147,0.9677401835268036,0.005958002069362092,0.005958002111335214,-6.848105919138314e-10,-7.267837139404709e-10
100,-1.2814029050043965,-5.75895357386303,-6.911593969549739,-12.08757115627061,-14.823464328512747,-11.607043747601356,-15.5166252889044,-13.84993042259606,-13.286000628293143,20.84927253410073,0.005958001324113,0.0005554119654921,0.5854915930971675,74937.02012446904,1543876.9500699656,0.0843090749476147,0.9660752894294826,0.005958000549198727,0.005958000494644412,7.749142733742831e-10,8.294685884327468e-10
101,-1.2197832304937466,-6.195297659136758,-6.896352482445356,-11.676879283610605,-11.363774618585207,-14.399865780490174,-12.053272897119127,-12.738292227075435,-9.872180603468264,19.74480507293489,0.0059580009178612,0.0005630662677957,0.5775323826701181,74937.01501482006,1565153.590887304,0.0843090749476147,0.963408724111062,0.005958001804300679,0.005958001972846503,-8.864394791113783e-10,-1.0549853031102674e-09
102,-1.207932514391595,-8.020748136152335,-6.9430930935686535,-14.44431705537831,-15.609968977279804,-14.770739039714172,-15.550890945471153,-11.188509610450929,-10.072016925132631,21.129629641764648,0.0059580001203102,0.0005858013570204,0.5551181028317711,74937.00498358763,1628350.249210551,0.0843090749476147,0.9599764892194044,0.005958000346569651,0.005958000263799169,-2.2625945127890956e-10,-1.4348896897053987e-10
103,-1.377182898765513,-7.170112740166166,-7.225403018479278,-12.623789118485773,-15.72046351622727,-12.240717433122652,-11.956082047818938,-13.079228594452417,-10.75746871765746,20.61059238188685,0.0059580002482377,0.0005672025676108,0.5733206564785708,74937.00659260171,1576651.2508942855,0.0843090749476147,0.9623985670609828,0.005958000569494812,0.005958000477835109,-3.212571120583818e-10,-2.2959740879346935e-10
104,-1.3320535755568177,-7.581386413636926,-8.31940645621212,-11.182421201171389,-12.591643052352202,-12.477300030847193,-16.022720203657606,-10.80755901188746,-12.264075671113282,20.21163112866332,0.0059580039839277,0.0005656261199855,0.5749190901393707,74937.05357840487,1572269.2042283642,0.0843090749476147,0.9626755251332868,0.005958003497098162,0.005958003546179719,4.868295376200815e-10,4.377479802253337e-10
105,-1.1783256185587576,-6.016672193540396,-8.092250521076954,-12.577487977244754,-13.243737536993487,-14.888836322969237,-11.935711398882962,-15.342131819338658,-12.855734676389872,21.01095176201888,0.0059580004627453,0.0005531062156016,0.5879322213492832,74937.0092905802,1537467.6641169484,0.0843090749476147,0.966218277883018,0.005958001435972528,0.005958001579808644,-9.73227227973883e-10,-1.1170633437349031e-09
106,-1.0977123337073638,-6.653158081810663,-6.103190623328493,-14.251590200595444,-13.511594030142314,-12.56436415763949,-15.715048353073673,-10.86952626276409,-9.89727088434456,20.46519787011406,0.0059580003650299,0.0005789447623841,0.5616925466976136,74937.00806156003,1609290.993967982,0.0843090749476147,0.9607086476815652,0.005957999817872283,0.005957999834238072,5.471576169577275e-10,5.307918280253454e-10
107,-1.1404412446766583,-7.385255856427077,-7.468994475809405,-12.59086862395758,-15.862299814868448,-16.07571096497527,-12.199192632327591,-12.3589872465436,-12.015503036115652,20.82735728108277,0.0059580002181425,0.0005677221519232,0.5727959440255113,74937.00621407763,1578095.537826119,0.0843090749476147,0.9621658863584064,0.005958000771473556,0.005958000807446511,-5.533310554542425e-10,-5.893040109714032e-10
108,-1.0472529133078057,-5.829641436103889,-6.833342758631533,-10.284964417646515,-15.797264052335056,-16.139362263835395,-15.236705703510774,-10.658348407360172,-9.40016912553115,19.832908512763723,0.0059580010194759,0.0005826373887124,0.5581327560854282,74937.0162928834,1619555.3761342335,0.0843090749476147,0.96184282823187,0.005958000834997812,0.005958000829946049,1.8447808818738975e-10,1.8952985101489128e-10
109,-1.030031262514442,-6.738480086680236,-7.368247444015087,-11.526522079153429,-15.742344459399987,-12.052457304098755,-16.920182979842366,-15.560654310813783,-10.980173788966596,21.199466742408003,0.0059580002037765,0.0005667923895965,0.5737355524663175,74937.00603338878,1575511.0803165543,0.0843090749476147,0.9664207334248094,0.005957999871308798,0.00595799973436226,3.3246770180656027e-10,4.694142401173718e-10
110,-1.175589303735701,-6.782843810798028,-7.923326639094274,-13.037037606491651,-14.204638816412867,-13.407696608624732,-13.151306111107155,-11.51922394570678,-12.01012725117014,20.60000049906457,0.0059580007671779,0.0005644807974781,0.5760851252293078,74937.01311959396,1569085.5547404003,0.0843090749476147,0.9616582888384368,0.005958000762943801,0.005958000778008256,4.234099182376383e-12,-1.08303557094791e-11
111,-1.1278171863512672,-7.822780668987135,-8.918315151241936,-13.864633527889367,-14.327319507885267,-13.03516578995244,-14.336919363801256,-15.639366095159629,-10.248784747546344,21.697986767167382,0.0059580003697203,0.0005659435704216,0.5745960822958279,74937.00812055351,1573151.6202392755,0.0843090749476147,0.9636696259742742,0.005958000271157213,0.00595800020177969,9.856308737926645e-11,1.6794061020314333e-10
112,-1.2165391005109472,-6.068168515970517,-7.4851867252549695,-13.89653870424124,-16.34089268686792,-15.246577297329656,-12.98900977627382,-12.721953690468409,-11.696234059937598,21.180266256003623,0.0059580002965459,0.0005693643967662,0.5711438126811769,74937.00720019982,1582660.4808179513,0.0843090749476147,0.9618532559645596,0.00595800055504699,0.005958000560206769,-2.585010903249918e-10,-2.63660869179172e-10
113,-1.0193566403115826,-5.591976772605635,-7.509748486172512,-13.709981247531088,-12.221122121716052,-14.056815676563463,-15.665751352982277,-14.135027901723298,-9.351059616340024,20.88901303709348,0.0059580004228519,0.0005697969901593,0.5707102149201407,74937.00878881905,1583862.9593562216,0.0843090749476147,0.9635215393310468,0.005958000735639466,0.0059580007750845996,-3.127875658134882e-10,-3.5223269960471537e-10
114,-1.3797761178600818,-7.674026113713476,-7.539749643155649,-12.843734444593528,-12.589909936709557,-14.106066324300675,-16.97558560267462,-12.063902388697636,-13.72709570464662,20.99335225045707,0.0059580005527608,0.0005603937992625,0.5802865302548365,74937.01042275407,1557724.9382391437,0.0843090749476147,0.963941416986853,0.005958001198787735,0.005958001188493764,-6.460269342048464e-10,-6.357329636677567e-10
115,-1.406861093757518,-6.617828671671048,-7.575055582240433,-14.107165756304177,-15.511210351177017,-13.911650171526212,-11.691728051986509,-14.60423470790304,-9.269964392272232,21.15369283380155,0.0059580003858078,0.000573504360783,0.5670209015287547,74937.00832289532,1594168.3261954675,0.0843090749476147,0.9621905999547288,0.005957999990846146,0.0059579999835279365,3.9496165452762577e-10,4.0227986393415183e-10
116,-0.9841591796623432,-5.82460925323202,-7.183426765509038,-10.105856923767336,-14.068598749967055,-14.19883508143248,-15.768758400615898,-15.184370566829225,-11.524524692342684,20.521999078081624,0.0059580004391817,0.0005628401272465,0.5777643567142714,74937.00899420759,1564524.9886910454,0.0843090749476147,0.9677788043222992,0.0059580011126516425,0.005958001117416811,-6.734699421404033e-10,-6.78235110435077e-10
117,-1.3079868625455542,-6.279031206298685,-8.756715879728445,-10.934142034013682,-11.282647437559092,-14.049002906290182,-12.0100354481472,-15.72946151780113,-13.069232850808884,20.5578757907876,0.0059580124750099,0.000555507544863,0.5853924981513775,74937.16037535864,1544142.6317562792,0.0843090749476147,0.9681116670431724,0.005958005025675848,0.0059580047787795316,7.449334051522205e-09,7.696230368281487e-09
118,-1.280464109006073,-5.800829227948639,-8.998482900605781,-12.574548507468158,-15.234196632473294,-15.413936608411008,-11.671877256451223,-10.905715715316802,-11.32430313911064,20.473304375451065,0.0059580011533503,0.0005746848295849,0.5658562846624358,74937.01797669438,1597449.6717314722,0.0843090749476147,0.960382358497607,0.005958001264620169,0.005958001284724975,-1.11269869186581e-10,-1.313746750275513e-10
119,-1.4194827563050327,-6.965295916550739,-6.337365864601104,-12.041191037125008,-12.519234297064836,-12.249800886113,-15.749383731630124,-12.562176162217796,-13.284512747510645,20.41564991728568,0.0059580000290377,0.0005571496093304,0.583665365688397,74937.00383560437,1548707.0733586815,0.0843090749476147,0.965293854224262,0.005958001326911142,0.005958001380539532,-1.2978734423990668e-09,-1.3515018323223549e-09
120,-1.2658201159513305,-6.107732856383636,-7.055366881249144,-12.389159341409083,-14.05520633729862,-17.1334937448819,-12.688944327530766,-11.3035090146003,-9.421568455914004,20.137852973934148,0.0059580002606276,0.0005775144413998,0.5630836670422773,74937.0067484354,1605315.1350813666,0.0843090749476147,0.9609491447135382,0.005958000107054426,0.005957999991812604,1.5357317414282923e-10,2.688149963042674e-10
121,-1.3956180744301885,-7.236132264538346,-7.31306859374124,-11.376433007527831,-12.387023233952972,-11.611283025509502,-12.955101769638487,-14.81505323784278,-9.348305397551169,20.20217127793712,0.0059580016868849,0.0005650119696701,0.5755436763425485,74937.02468724878,1570562.052465655,0.0843090749476147,0.965004876261145,0.005958001825846564,0.0059580019262899875,-1.3896166422416867e-10,-2.394050877679854e-10
122,-1.2798042872398503,-7.601816875428952,-6.542517545898649,-13.691924620736172,-15.666490769846252,-16.59896342837114,-12.257143508644065,-14.491537781447215,-11.24197692883853,21.29336501067402,0.0059580002660095,0.0005663831970236,0.5741500658613957,74937.00681612662,1574373.6489670393,0.0843090749476147,0.963432514576754,0.0059580006294968485,0.0059580006306657095,-3.634873487270984e-10,-3.646562097420203e-10
123,-1.1657597002001463,-7.679779773130432,-8.635147380661724,-13.664870241022268,-16.25905146020988,-15.299195212473418,-11.792707367568456,-12.505084246779123,-9.913266119584812,21.11278570177055,0.005958000344433,0.0005815558783726,0.5591706117810196,74937.00780250203,1616549.105134439,0.0843090749476147,0.9600925241968128,0.005958000555541632,0.0059580005866481925,-2.1110863231144084e-10,-2.422151923475724e-10
124,-1.4507579553971786,-6.703744061663927,-8.944691967688017,-14.612900290048968,-13.64286276732714,-12.246720842040052,-16.13111633868152,-10.591629367824208,-12.57426017346416,21.172338593929474,0.0059580003046577,0.0005731478285937,0.5673736108115814,74937.00730222592,1593177.274754159,0.0843090749476147,0.9604182293287776,0.005958000173385449,0.005957999918411098,1.3127225088199745e-10,3.8624660154279455e-10
125,-1.4664399473892675,-7.057530288735611,-8.438466278342842,-10.33172557717698,-15.698289707681155,-15.70747323147888,-13.363539655394838,-11.83030558084322,-13.672174039407764,20.50936782128395,0.0059580007970641,0.0005628162359561,0.5777889346050711,74937.01349548907,1564458.5781437934,0.0843090749476147,0.963941382723194,0.00595800216318091,0.005958002020971328,-1.366116809953244e-09,-1.2239072281691743e-09
126,-1.1398538374924256,-8.27408806801182,-6.8518442229800725,-13.742222136235128,-16.242865813111415,-14.712988329317657,-12.417833995618086,-15.784811325589576,-12.25377403958763,21.686314157294834,0.0059580002740688,0.0005606987801233,0.579970854336805,74937.0069174929,1558572.6926098787,0.0843090749476147,0.9649376538750052,0.0059580005952788746,0.005958000456346773,-3.2121007416396896e-10,-1.8227797222991615e-10
127,-1.1564402593632412,-7.6521097469843555,-7.58069919267093,-11.871869199004294,-13.560975356602905,-13.871052844206236,-14.12613433271882,-12.465518904629024,-12.944013876173148,20.60474568306086,0.0059580015146102,0.000557506251241,0.5832922077077912,74937.02252045664,1549698.4297922542,0.0843090749476147,0.9639679023892892,0.005958001755857126,0.00595800170616335,-2.412469260817951e-10,-1.9155315007790552e-10
128,-1.254556022773503,-8.078810832401269,-8.900923463254276,-13.764689587325778,-15.258170273741555,-12.45731973402007,-14.52136807845297,-13.902619918957647,-10.485421858193217,21.515563954262245,0.0059580006384714,0.0005694983143917,0.5710095572712084,74937.01150078273,1583032.7312340457,0.0843090749476147,0.9620018021675116,0.005958000403735929,0.0059580003702140736,2.3473547064445377e-10,2.6825732607482777e-10
129,-1.441337639427311,-7.209982014577744,-7.213937301460123,-13.306056770646062,-15.398271226198704,-12.392321499170638,-17.22025229937967,-12.72948500704661,-11.320680128205645,21.224634847683795,0.0059580003214381,0.0005696463412066,0.5708611306500945,74937.00751328297,1583444.2009208845,0.0843090749476147,0.9627735252383436,0.005958000542178849,0.005958000526939035,-2.207407494639324e-10,-2.0550093484533738e-10
130,-1.2099884553711906,-6.664467439480479,-6.872282689286443,-14.669692753425007,-14.215623913114454,-13.518908830122754,-15.654659554190427,-11.525762687681336,-9.655613338978076,20.895045503782,0.0059580004399144,0.0005811426527656,0.5595682274636659,74937.00900342347,1615400.4631721668,0.0843090749476147,0.9604998922173256,0.005957999763320494,0.005957999829958297,6.765939059016901e-10,6.099561029870859e-10
131,-1.2350170424534128,-6.888782489793213,-6.296338297170335,-14.009228252418652,-11.96192564994904,-12.712388268705167,-13.327475005823992,-14.536811267458186,-11.2981041351979,20.79803377554732,0.0059580003636407,0.0005597862918653,0.5809162578515495,74937.00804408736,1556036.2517763416,0.0843090749476147,0.964601459609471,0.005958000566887891,0.00595800048643395,-2.0324719164632743e-10,-1.2279325039415978e-10
132,-1.152069261317993,-7.344639578189937,-8.89606826808762,-11.231302376404772,-14.762951500325682,-15.626736751418102,-13.637616181828106,-10.93593205748597,-12.164677893451929,20.46614116651743,0.005958003920278,0.0005686996714893,0.5718119164699232,74937.05277784762,1580812.745988998,0.0843090749476147,0.9617273216113952,0.005958002660620881,0.005958002516861962,1.259657119064006e-09,1.4034160387629835e-09
133,-1.2770197539694164,-6.119177034517016,-8.802576273932917,-13.581030507896442,-16.267631734746963,-17.042259471416443,-13.731073256723786,-11.978187673792652,-9.92040783521878,21.176048544159983,0.0059580002184666,0.0005832359017551,0.5575598912944262,74937.00621815398,1621219.0610174031,0.0843090749476147,0.9602228835087004,0.005958000535406003,0.0059580005873837326,-3.1693940354127204e-10,-3.689171329535057e-10
134,-0.9947393941742574,-7.935050982512804,-6.137881843298263,-10.7187290590075,-15.711915933646551,-12.987164500612783,-12.6079399135624,-10.987750165299593,-13.540213756015437,19.9673665083451,0.0059580011110474,0.0005637638421518,0.5768177998366063,74937.01744462807,1567092.6362019093,0.0843090749476147,0.9637029780813458,0.005958001512070858,0.005958001640024573,-4.010234583642913e-10,-5.28977173695766e-10
135,-0.985623983379304,-7.395847751753418,-8.5430544399375,-13.353854080535667,-13.225597053968627,-12.68659890719066,-16.16794052646597,-14.829897375429464,-13.53152260255144,21.62132775199015,0.0059580002622151,0.000555413214126,0.5854901203152114,74937.00676840289,1543880.420893734,0.0843090749476147,0.9656302022217924,0.005958000892949001,0.005958000756264304,-6.307339008720936e-10,-4.940492043248312e-10
136,-1.0581743919438091,-6.206526760968279,-7.173051168227763,-14.036211331384798,-16.125976228840045,-14.799693084973915,-17.10004300013686,-12.167481510353976,-12.649186468755426,21.49201206113674,0.0059580003173572,0.0005684531835323,0.5720593419093456,74937.00746195516,1580127.5841651508,0.0843090749476147,0.9625427070725228,0.005958000487703918,0.005958000623165831,-1.7034671763449527e-10,-3.058086310223085e-10
137,-1.0972023022465764,-7.139915027962783,-8.053704453205476,-11.906575946638997,-11.829304290939431,-16.031001916540408,-12.842691459848815,-13.542106436298408,-10.145749618972038,20.3932787037087,0.0059580011989434,0.0005648202786377,0.5757389359989582,74937.01855014372,1570029.2094864913,0.0843090749476147,0.9634641248669554,0.005958002543414349,0.005958002488366034,-1.3444709486346018e-09,-1.289422633769799e-09
138,-1.3937571636442654,-7.208672444651336,-6.603846321967428,-13.625031253344313,-11.615986582487553,-14.85221903968461,-12.329240761944677,-12.845871144179617,-12.505836913568274,20.54612282726427,0.0059580005039403,0.000558700356221,0.5820453946958666,74937.0098087121,1553017.679770898,0.0843090749476147,0.9635124772897516,0.00595800070537784,0.005958000765941294,-2.0143754025925276e-10,-2.6200099381701314e-10
139,-1.4113907466368834,-7.391065046950845,-8.73573377234923,-13.215154073727984,-12.12113803236775,-16.83773357796027,-13.547410473661133,-14.936934319879228,-13.436829611431508,21.461073364686364,0.0059580012483639,0.0005552036112129,0.5857113025420684,74937.0191717317,1543297.78831434,0.0843090749476147,0.9653930299996296,0.0059580017889910054,0.005958001743106842,-5.406271055830025e-10,-4.947429419269178e-10
140,-1.413050421127247,-6.847488765054727,-8.354099266992566,-12.019321263341595,-11.608820441902388,-16.41448984467817,-17.259278562630623,-11.54082879979098,-12.610892357586494,20.695267217952704,0.0059580027530949,0.000567003932741,0.5735218659249582,74937.03809755099,1576099.10615144,0.0843090749476147,0.9632884575094812,0.005958002483350423,0.005958002436011902,2.697444776225688e-10,3.1708299787908123e-10
141,-1.355716867075324,-7.455671363360076,-6.334339087990109,-12.07323315438182,-12.44724028835229,-14.640179891890137,-11.938600714920709,-14.145063594139897,-12.945546870957816,20.44518296674793,0.0059579999682804,0.000554589273553,0.5863599261763641,74937.0030714259,1541590.1157907252,0.0843090749476147,0.966030524375206,0.005958001430642999,0.005958001507743258,-1.462362599069511e-09,-1.539462858406171e-09
142,-1.0237274433307626,-6.065253413311593,-6.1797931902596055,-14.373911886810651,-11.95378629053542,-16.36066007204448,-14.627592285686616,-10.726830069971252,-12.431737552001946,20.51912583860862,0.0059580004662871,0.0005679737213868,0.5725422744501285,74937.00933512708,1578794.8246985343,0.0843090749476147,0.9617781857613108,0.005957999574617264,0.00595799959992838,8.916698360575404e-10,8.66358720007232e-10
143,-1.4688330715731577,-7.062825527645583,-6.191887747951956,-10.409589413362095,-13.45051507498228,-15.295709801136397,-14.116142459545582,-15.810782538195896,-9.52980043155292,20.34853160791901,0.0059580003733467,0.0005692331149058,0.5712755462504401,74937.008166165,1582295.5570302566,0.0843090749476147,0.9671478531516,0.005958000528335599,0.005958000642456528,-1.5498889931880866e-10,-2.6910982817152096e-10
144,-1.103636998565061,-7.337250758821258,-8.56626098829333,-12.26222069024128,-13.230896604506569,-15.630722213177568,-16.412183206534163,-11.207712729327213,-11.031670763411388,20.70868253400039,0.0059580012201584,0.0005728528508502,0.5676658979837074,74937.01881697564,1592357.3260181425,0.0843090749476147,0.961625121399769,0.005958001719050266,0.005958001665870466,-4.98891865319262e-10,-4.4571206534588237e-10
145,-1.3390012813829892,-6.9172594913095855,-7.0307882405240525,-13.28709106887746,-15.287202134655498,-14.41983612326656,-13.444963153305851,-14.65795959503659,-13.505201616728424,21.388980346257163,0.0059580005637188,0.0005543942424587,0.5865662904529674,74937.0105605783,1541047.9884514543,0.0843090749476147,0.9654087136317772,0.0059580002354784785,0.0059580001898860745,3.2824032120820634e-10,3.738327251923135e-10
146,-1.0176841661954676,-6.259892767973529,-7.812962124651031,-9.966579862696095,-13.43522010945617,-12.665114280882026,-12.84184209356799,-13.90640850066534,-13.78851062323734,20.16805400545948,0.0059580006395239,0.0005532072291755,0.5878248932833673,74937.01151402017,1537748.4512408206,0.0843090749476147,0.9675545379298104,0.005958003327926816,0.005958003432443755,-2.6884029160831324e-09,-2.7929198554571544e-09
147,-1.2206614813318335,-8.210214503815104,-7.861313004708969,-9.926995535119898,-11.926348766371888,-15.871452700024127,-17.165023553378795,-13.774109599642545,-12.93061258815032,20.581349016558622,0.0059580020885448,0.0005663962217092,0.5741371263109282,74937.02973914372,1574409.8536458309,0.0843090749476147,0.9668779332335126,0.005958003493669047,0.005958003442811592,-1.40512424699063e-09,-1.3542667915908413e-09
148,-1.2316695158292734,-7.240897018197044,-8.96392420564759,-10.518181459651268,-15.37739543721484,-12.141671287767895,-16.2921602755195,-15.467165756864926,-12.094542158101348,21.19770356601501,0.005958000149103,0.0005626661522039,0.577942957878347,74937.0053457305,1564041.3907944683,0.0843090749476147,0.9668142050854645,0.0059580009548693596,0.00595800102110886,-8.057663598848297e-10,-8.720058607483705e-10
149,-1.246859976029243,-6.1140357898391535,-6.923516787146929,-10.358823436040604,-11.289135054708227,-12.67725744808653,-17.081572677890296,-11.081068584792224,-10.481332544181653,19.55386572874672,0.0059580031215346,0.0005703463449046,0.5701608970793584,74937.04273161768,1585389.9990696788,0.0843090749476147,0.963648913915447,0.00595800305164263,0.005958002991814931,6.989196981582735e-11,1.2971966903418952e-10
150,-1.237825496873951,-6.829877578390599,-8.169063619303424,-13.747975896411903,-15.50297290546822,-15.667918190424574,-14.167006874416645,-13.731742514932606,-10.35717231789131,21.41281247989082,0.0059580006007258,0.0005704690468986,0.5700378995935899,74937.0110260351,1585731.073429126,0.0843090749476147,0.9621719314308448,0.005958000199025898,0.005958000200052848,4.0169990164068414e-10,4.0067295141443804e-10
151,-1.0845635086373706,-5.900575777300313,-8.352075146056013,-11.276300377647472,-15.20540164390666,-11.843289274327477,-15.301769653906026,-12.03962410388676,-10.29868729157003,20.372935719769146,0.0059580022331296,0.0005694411215953,0.5710671368650794,74937.03155766499,1582873.7525921222,0.0843090749476147,0.9625259594715904,0.005958001447031584,0.005958001784741928,7.860980165419473e-10,4.4838767247756817e-10
152,-1.0470161943582368,-7.631687653052669,-8.81762712875594,-11.494438225502078,-15.292291784887526,-15.072684391599864,-11.910466883606851,-14.895445821703536,-13.257521134404612,21.16309439981195,0.0059580010866178,0.0005561491764811,0.5847154519133521,74937.01713736322,1545926.173212395,0.0843090749476147,0.9655703547058936,0.005958001918072404,0.005958001886283465,-8.314546039514537e-10,-7.996656652825562e-10
153,-1.247020364678541,-5.86085573266282,-7.478574764186346,-11.379159879895452,-14.942021123443451,-14.215357922151243,-12.413337400330985,-15.705573141139206,-11.404898839776251,20.77887663960152,0.0059580004723857,0.0005582986656658,0.5824641661684612,74937.00941183197,1551901.1017571045,0.0843090749476147,0.9665959522404708,0.0059580006633995096,0.005958000660963726,-1.9101380980407479e-10,-1.885780264582193e-10
154,-1.0794163666353382,-6.179092122800949,-7.087950403599978,-10.940694758603364,-13.530264086094189,-15.760714996171226,-16.142957171378633,-12.993970987868565,-11.343692918226337,20.42185005260549,0.0059580008021227,0.0005646244288051,0.5759385835534039,74937.01355911391,1569484.8063028946,0.0843090749476147,0.9648827857625506,0.005958001187781313,0.0059580011970542125,-3.8565861355116526e-10,-3.9493151283986894e-10
155,-1.0264856260628927,-5.674000660224175,-6.917360931556564,-14.5088914334219,-14.352445216996408,-14.518890304899546,-16.43200264277865,-14.282557936250518,-12.776119827627952,21.623966793055093,0.0059580002938815,0.0005583930837651,0.5823656517432401,74937.00716668785,1552163.555460455,0.0843090749476147,0.964729430967042,0.0059580002977891915,0.005958000336695901,-3.907691878413111e-12,-4.281440132980485e-11
156,-1.4236403163870597,-7.425189648025249,-6.292788269204545,-12.292121596840468,-11.409603486444508,-14.754736096398528,-14.906776049669771,-14.060557506128394,-12.664514504625688,20.624352290610503,0.0059580009894907,0.000557620650039,0.5831724651567602,74937.01591574353,1550016.42378284,0.0843090749476147,0.9661759670742596,0.005958001516780241,0.005958001474011174,-5.272895410232681e-10,-4.845204740894227e-10
157,-0.9992985834189516,-7.918318749938766,-6.765853989763455,-10.994202886552117,-11.176722040876916,-13.12264566885482,-14.562008335926429,-10.89521636950657,-9.252536955707688,19.4677097864386,0.0059580023280968,0.0005731880901171,0.5673340467197501,74937.03275211895,1593289.1895880168,0.0843090749476147,0.9620218544473624,0.005958002967960366,0.005958002818886224,-6.398635657781093e-10,-4.907894238584398e-10
158,-1.3615960720584144,-5.680726947747966,-9.000182415464794,-14.56446781896438,-11.499227265719082,-16.420687883355566,-12.719509779935176,-11.433060773172834,-12.961610758295786,20.881515937357445,0.0059580008633211,0.0005669172064111,0.573609329719654,74937.01432884004,1575858.033236109,0.0843090749476147,0.9612812065722062,0.0059580009271543175,0.0059580008183999795,-6.383321735775604e-11,4.49211206426936e-11
159,-1.2581562753490438,-7.85294055999137,-6.884704184128832,-10.47129702189896,-16.583274232019882,-13.320233790286402,-12.328206100464731,-10.751257632437309,-13.730840574323654,20.07608267601936,0.0059580022401838,0.000566949944376,0.5735764060407715,74937.03164638925,1575949.0348575586,0.0843090749476147,0.9631894412139024,0.005958001734209349,0.005958001625042472,5.059744515728548e-10,6.151413284999352e-10
160,-1.414650606368114,-8.167495035319165,-8.324594805385438,-14.499408374888745,-16.543924352036,-12.970952055213576,-17.41002394355206,-12.58735150709953,-9.4552475432788,21.75030041903336,0.0059580001123181,0.0005882444329737,0.5528126048677389,74937.00488306634,1635141.260002317,0.0843090749476147,0.960490674236304,0.005958000428506383,0.0059580004357113955,-3.161882830213236e-10,-3.2339329564951003e-10
161,-1.2546581446671043,-5.868808469995388,-6.785848860378128,-10.712546421342395,-15.953480006384169,-16.176973166475495,-12.24402870069,-13.336058257852953,-13.175839775980409,20.42196638296229,0.0059580007861568,0.0005602445869977,0.5804411144803858,74937.01335830212,1557310.1733608986,0.0843090749476147,0.9656195352730692,0.005958000706286704,0.0059580006387474375,7.987009578019899e-11,1.4740936249424408e-10
162,-1.049977659343896,-7.20112601356722,-7.8902005679852945,-10.588554417968105,-15.397981374582333,-15.349795433241937,-16.58938812853469,-12.9814764524489,-10.031307035601056,20.655520941537343,0.0059580001736839,0.0005750392256544,0.5655074085513465,74937.00565489786,1598434.7854071236,0.0843090749476147,0.963642885341078,0.005958000914806426,0.005958000927174126,-7.411225253287079e-10,-7.534902259423437e-10
163,-0.9886606406383488,-5.639257363892389,-6.280440492191916,-13.067634977429664,-13.198901670851962,-13.818016921603776,-13.532144707536728,-13.898736332961969,-13.34559994741766,20.719611366903464,0.0059580005966645,0.0005522872705005,0.5888040415091158,74937.010974954,1535191.2449119715,0.0843090749476147,0.9658848390571112,0.005958000775057213,0.005958000787528255,-1.7839271292813264e-10,-1.9086375535604105e-10
164,-1.3665862468182548,-7.700068338050642,-6.343200011531085,-11.211173574138906,-12.970299875178354,-14.395400132728586,-14.843891140700098,-14.49497161093901,-11.836968843703987,20.548190529701944,0.0059580009885171,0.0005600127989038,0.5806813873939765,74937.01590349793,1556665.872701799,0.0843090749476147,0.9664879506460238,0.00595800121536592,0.0059580012293044635,-2.26848819243064e-10,-2.407873631385393e-10
165,-1.0547094202023772,-5.684724771960605,-7.500389201408808,-10.036790528054429,-13.043439883782847,-12.973403126431087,-12.251845061536432,-14.700121834918669,-10.312366500654528,19.896958043400872,0.0059580022978965,0.0005595431999302,0.581168918263569,74937.03237227396,1555360.5298641268,0.0843090749476147,0.9663361761570952,0.005958002663672675,0.005958002808216187,-3.6577617584104827e-10,-5.103196875494431e-10
166,-1.2944645050316392,-6.627050053619147,-8.200755011699783,-12.186724985767828,-15.313021864550974,-12.94448435606568,-15.12185757470041,-11.24547120504632,-12.01469804120942,20.672160597361334,0.005958001543182,0.0005670661162329,0.5734587998251334,74937.02287981924,1576271.957414674,0.0843090749476147,0.9619453250894104,0.005958001099843185,0.0059580010634828874,4.433388153118889e-10,4.796991128971917e-10
167,-1.0788153297864231,-8.12093928382148,-6.844522043169755,-10.424958731643892,-13.528345314093922,-15.584794710527715,-13.517619126814,-14.385255949581015,-11.986153098339546,20.430910936044544,0.0059580024433781,0.0005604999044982,0.5801769554750631,74937.03420207433,1558019.8786398736,0.0843090749476147,0.9663998340254468,0.005958001860938936,0.0059580018633048175,5.824391646064297e-10,5.800732828104005e-10
168,-1.0146085701148084,-7.563582099407895,-8.68896273566915,-9.995439335539997,-14.655009669986898,-12.075042780959835,-14.79504101440555,-14.924266249646648,-12.657356742426122,20.77273151151116,0.0059580000762928,0.000559074583239,0.5816557291117503,74937.00442995671,1554057.917473873,0.0843090749476147,0.9670431766437873,0.00595800261915545,0.005958002769515347,-2.542862649612676e-09,-2.693222546888696e-09
169,-1.166440198945765,-7.302813694101468,-6.110836346836492,-10.759993288648616,-11.492444699232978,-16.97573297484602,-15.983046297724671,-13.815641840833152,-12.841570057743183,20.36840262656167,0.0059580025305627,0.0005629035218839,0.5776995926145416,74937.03529864269,1564701.2065716546,0.0843090749476147,0.9672167201262144,0.005958001505350565,0.005958001515824919,1.0252121348044985e-09,1.0147377807814828e-09
170,-1.1917542302730904,-6.190590658839051,-8.226968987770459,-12.077579149157993,-12.21750440342318,-16.91909370280511,-13.003839028764467,-12.8017492045172,-13.681028888314891,20.628195627266148,0.0059580019923361,0.000555608973042,0.585284088247235,74937.02852907473,1544424.5713567452,0.0843090749476147,0.9646541797796888,0.005958002465058804,0.005958002431696977,-4.727227047307547e-10,-4.393608775410396e-10
171,-1.3562738499681724,-7.327041423020471,-7.082070163372933,-11.045111419645414,-14.88811496938856,-14.474510445764096,-17.305824927845403,-14.387334693940431,-12.343674668121304,21.042449441050785,0.0059580011361724,0.0005640414276353,0.576533930278383,74937.01776063854,1567864.2397256223,0.0843090749476147,0.9663837228892892,0.005958000196140374,0.0059580001292150195,9.400320261782058e-10,1.0069573803256349e-09
172,-1.04684026719576,-8.298231856573201,-8.82348498165596,-13.726681202086702,-13.218399679347051,-15.410831030318947,-12.192939247025365,-15.162156047587333,-9.710029095631231,21.33833506145199,0.0059580003420581,0.0005686526591546,0.5718586748253176,74937.00777263189,1580682.0659452942,0.0843090749476147,0.9628137412268056,0.005958001272637678,0.005958001181838643,-9.305795778055681e-10,-8.39780542848112e-10
173,-1.2755872063059397,-8.092550289236224,-8.00164642974157,-10.84438388960345,-11.328488665385198,-17.291937198511476,-14.3065841680178,-14.669854730493125,-9.376939007698915,20.46983407695943,0.0059580045540604,0.0005717994446595,0.5687121664341221,74937.06074927338,1589429.1760358298,0.0843090749476147,0.964911122890387,0.005958003210250253,0.005958003244478564,1.3438101473597919e-09,1.3095818362021672e-09
174,-1.446356491235786,-6.258562339802138,-7.387266633171336,-10.707447109204214,-13.623878483959428,-12.342871462658298,-14.582649501646957,-13.408009431927812,-11.204360142199468,20.207862086864942,0.005958001072292,0.0005599976140573,0.5806971453475316,74937.0169571795,1556623.663430259,0.0843090749476147,0.965107132145014,0.005958001605624066,0.005958001471579375,-5.333320660105834e-10,-3.9928737486510935e-10
175,-1.2265759638841045,-8.005764032944285,-7.263879436160057,-14.707600956897831,-15.630663726337364,-13.928552003645231,-13.922594106442835,-14.015328658428324,-12.972249911337505,21.75857232903904,0.0059580003135347,0.0005603696005665,0.5803115540815631,74937.00741387653,1557657.6731976476,0.0843090749476147,0.9631852717012306,0.005958000188878549,0.005958000315808273,1.2465615085305304e-10,-2.2735736904255788e-12
176,-1.026859393705862,-6.08452144894067,-6.247205320690711,-14.150617215807644,-15.620809678701688,-17.29633180813044,-13.02377263860071,-14.177860386713784,-11.385616595741087,21.293975145394302,0.0059580004370519,0.0005663630717449,0.5741704925699408,74937.0089674202,1574317.706791057,0.0843090749476147,0.9634770065577354,0.005958000803977492,0.005958000704197078,-3.669255923405279e-10,-2.67145178374506e-10
177,-1.3029651496519554,-8.100448694663765,-6.899838475583952,-12.089555794401246,-16.274382083369705,-14.592100721924202,-11.99990916100495,-14.61519297570958,-10.08768337510292,20.88048434572076,0.0059580006181285,0.0005696608613814,0.5708466225210506,74937.01124491902,1583484.562606694,0.0843090749476147,0.9636674399145364,0.005958000863871541,0.0059580008805105705,-2.4574304050006823e-10,-2.623820700639601e-10
178,-1.197627108383693,-7.5301567645234515,-6.680528895480597,-14.059714045268686,-16.101189188743465,-16.290386645902366,-15.175635899348167,-14.356091072884972,-13.482922127430786,21.851310560673483,0.0059580000036826,0.0005596414682291,0.5810665343047478,74937.00351669885,1555633.685955549,0.0843090749476147,0.9645771920193932,0.005958000211591476,0.005958000122043849,-2.0790887587940343e-10,-1.1836124875347354e-10
179,-1.110610716319156,-6.736943376583187,-8.611236648684837,-14.511932232187736,-12.905553078654556,-16.37839468707945,-13.98930575475751,-11.49570184116616,-9.678981979924838,20.9256921342777,0.0059580002772311,0.0005819423233502,0.5587992791459299,74937.00695726655,1617623.305062568,0.0843090749476147,0.959826107318235,0.005957999742496317,0.005957999824452861,5.347347824952164e-10,4.5277823851330723e-10
180,-1.4267448446072637,-6.407899957984462,-8.432565530109564,-13.87852276070397,-11.846806052917104,-14.68699244369168,-13.823505524027755,-15.475664365319274,-11.693288881912602,21.362169940316868,0.0059580006264575,0.0005586435864526,0.5821045605282493,74937.01134967663,1552859.8770183376,0.0843090749476147,0.9650313893730248,0.005958001137418831,0.005958001219831752,-5.109613305381844e-10,-5.933742516436857e-10
181,-1.0573591675261322,-6.895447367011627,-7.822271870156451,-12.335399933752534,-13.70969791421468,-16.59653904906382,-17.488335419995714,-13.781298528150057,-12.928749640403012,21.356730531078984,0.0059580007177738,0.0005615640020733,0.579077336972062,74937.01249821181,1560977.7474310133,0.0843090749476147,0.9652294810133196,0.005958000391762434,0.005958000404614033,3.2601136634030636e-10,3.1315976721513206e-10
182,-1.1034108720015812,-8.32563630740228,-8.293826510657409,-14.221376363473864,-15.48647684064919,-15.88050083292574,-13.80846093547192,-13.710584855624578,-9.58162369802577,21.561415764647737,0.0059580002901947,0.0005775902364012,0.5630097798746169,74937.00712031756,1605525.82221596,0.0843090749476147,0.9611781888193088,0.0059580002312027164,0.0059580002121657205,5.899198317338428e-11,7.802897911135531e-11
183,-1.1316604853944032,-6.867861362453346,-8.718143932877538,-10.176641536353689,-16.704213429159076,-11.75998962554212,-12.822192554295492,-15.60626450621162,-12.259665688327267,20.89072659054017,0.0059580001315016,0.0005608307717225,0.5798343373045515,74937.00512434736,1558939.5892563262,0.0843090749476147,0.9668241946360244,0.005958000945950949,0.005958001159770216,-8.144493491082927e-10,-1.0282686160878463e-09
184,-1.4720138308701158,-5.808669201218597,-6.157692924437617,-12.407467096255374,-13.497472286689604,-11.763036164931837,-15.046953771088102,-13.059931627691792,-12.96372470993576,20.48287001490237,0.0059580005838293,0.0005555712669678,0.5853236033402586,74937.01081351921,1544319.7598972511,0.0843090749476147,0.9653996237917488,0.00595800087137765,0.005958000851346491,-2.8754835058181216e-10,-2.675171915586527e-10
185,-1.123291273610738,-8.002740259444408,-8.98896918007883,-11.26575673852344,-13.516675493097855,-17.05862743348363,-11.899562951779483,-14.44135686678561,-9.60921000985531,20.699227954002616,0.0059580035648534,0.0005694015278069,0.5711070379524414,74937.04830747878,1582763.6938588144,0.0843090749476147,0.9634069100351472,0.005958002963815995,0.005958003216005381,6.010374047418776e-10,3.488480190480536e-10
186,-1.1881433452915329,-8.146324642771162,-6.068893134298548,-13.728384823891966,-13.172930376828075,-15.372793762661054,-12.479368760167503,-14.345126312572969,-9.536095074494575,20.80200949827583,0.0059580003654943,0.0005689674659348,0.5715422717263403,74937.00806740124,1581557.133394164,0.0843090749476147,0.9631400228835054,0.005958000460713142,0.005958000287323381,-9.521884149210624e-11,7.817091939033016e-11
187,-1.0427400862352116,-7.494058284973792,-7.484080216448071,-14.764279820188747,-12.13024417865084,-12.084614352550908,-12.392255752025513,-12.940806135691783,-11.255623511581907,20.81528053453399,0.0059580005760332,0.0005668947939895,0.5736319661134313,74937.01071546377,1575795.7334959402,0.0843090749476147,0.9617911808755062,0.005958000141465037,0.005958000090125637,4.3456816270492915e-10,4.859075633176224e-10
188,-1.3171548122995078,-7.158354274397863,-8.347457321210513,-13.32936210109434,-15.480384712059356,-15.69727384216952,-15.706728116958292,-12.381037393247029,-11.5458002536258,21.367410943506627,0.0059580004886686,0.000570077025622,0.5704298778718537,74937.00961663123,1584641.3730795446,0.0843090749476147,0.9618527007827756,0.005958000439353363,0.005958000435384452,4.931523679002625e-11,5.328414792726832e-11
189,-1.347894694363156,-7.762818713365477,-7.682599805328459,-13.04783203353322,-13.614329622292042,-13.585298221227305,-14.547809186248896,-13.167585647917097,-11.76891107799224,20.98457692761402,0.0059580008031296,0.0005611734359177,0.5794803763587327,74937.01357177852,1559892.0918768842,0.0843090749476147,0.9631896273634194,0.005958000913507736,0.005958000931822771,-1.1037813631847859e-10,-1.286931707034089e-10
190,-1.2713241095751773,-8.232060758639891,-7.329311546906236,-13.129220613861966,-15.241958720946256,-16.86920110461138,-11.79933848525009,-13.709191423077552,-11.682353318014211,21.139950815811428,0.005958000671605,0.0005659052133973,0.5746350720607848,74937.01191752155,1573044.999335731,0.0843090749476147,0.9628035529726886,0.005958000746236888,0.005958000798478081,-7.463188834294643e-11,-1.2687308148517928e-10
191,-1.204117797041257,-5.795391599728916,-6.127641647466474,-13.458742318695966,-15.136892081157164,-16.478115858098125,-16.19353027368182,-11.031520797898168,-13.491014505767303,20.91875152657024,0.0059580000945301,0.0005671723503999,0.5733511790649765,74937.00465933768,1576567.2562052435,0.0843090749476147,0.962846869276026,0.005958000517703163,0.0059580004779861955,-4.231730634310371e-10,-3.8345609586903917e-10
192,-1.293426080470635,-6.094602084472189,-6.372081759362986,-12.198618436992152,-15.335571102784671,-14.757772298676,-15.950680992233762,-15.270679448332338,-9.521689730533394,21.01417370540783,0.0059580004019635,0.000571209104205,0.5692993312092103,74937.00852609369,1587788.2084712584,0.0843090749476147,0.9654139064512616,0.005958000381844568,0.005958000488434155,2.0118932561596914e-11,-8.647065442152213e-11
193,-1.129885599637911,-6.228944632112098,-6.984128844804109,-12.695925675414326,-14.948558179633912,-15.742574500460766,-16.641223031354563,-13.389409619464452,-9.346937121892974,20.96467264286754,0.0059580003233605,0.0005763055035578,0.5642648778498761,74937.00753746125,1601954.6542412988,0.0843090749476147,0.9631084432341582,0.005958000348878929,0.005958000206907918,-2.5518429383475372e-11,1.1645258195247532e-10
194,-1.064495117498446,-5.806750622100218,-6.351705373234459,-11.081026878365195,-12.962055320699086,-14.629258556365809,-16.163267030597233,-12.341234444563344,-10.038661788814224,19.997497529219785,0.0059580000808624,0.0005686884391403,0.5718226577762788,74937.00448743138,1580781.5234627146,0.0843090749476147,0.96405059436888,0.005958001141759943,0.005958001053629293,-1.060897543425643e-09,-9.727668930786804e-10
195,-1.333749022701783,-7.526947068408662,-8.685885818872773,-11.175390344635574,-15.793017544523346,-13.095172436078885,-16.521729579154666,-15.253423026260018,-12.52660399630634,21.459152187952945,0.0059580003268509,0.0005612864656484,0.579363613336635,74937.00758136174,1560206.2802753386,0.0843090749476147,0.9663303290186278,0.005958000324015126,0.005958000389592745,2.8357741502227363e-12,-6.274184470578259e-11
196,-1.306894337887016,-8.090972592056131,-7.487482076911867,-9.985970144938443,-11.45567425024812,-16.569329951207862,-13.45200119680673,-13.010479078511551,-13.515007003199404,20.10619858608687,0.0059580022911919,0.0005595841905939,0.5811263454944009,74937.03228794596,1555474.4714871766,0.0843090749476147,0.9663607604047156,0.0059580044969960244,0.005958004363337612,-2.2058041244249482e-09,-2.0721457119621256e-09
197,-0.9960835472150048,-6.061211398520653,-6.985712571772915,-12.67622292247792,-12.914385527321691,-17.02160076578126,-16.348787980472025,-10.63332446142006,-9.470551097617877,20.275433744809813,0.0059580008231808,0.0005818486261652,0.5588893414305168,74937.0138239727,1617362.855282402,0.0843090749476147,0.9610799899071216,0.005958000251441455,0.005958000353077558,5.717393451037944e-10,4.701032419243689e-10
198,-1.229479015067301,-7.495034023733704,-8.476747541640842,-10.98091049174359,-14.657763330991996,-13.399040124448192,-11.819911674551346,-11.917408045237458,-10.409332114978548,20.110381424396884,0.0059580026438231,0.0005690892558254,0.5714202846347174,74937.03672318113,1581895.6723823464,0.0843090749476147,0.9617922578997492,0.005958002483704897,0.00595800263523745,1.601182034183246e-10,8.58565041977899e-12
199,-1.2106301331302087,-7.784310022975594,-8.083685469998544,-10.581089913274877,-15.923188601212129,-15.818952684122872,-12.159301290482992,-11.48156524592068,-13.21755955613191,20.38738491208453,0.0059580013425056,0.0005664050312536,0.5741280886705437,74937.02035580388,1574434.341509598,0.0843090749476147,0.9629624288746392,0.00595800225161893,0.0059580023655838085,-9.091133297556286e-10,-1.0230782080886125e-09
200,-1.2298296857047293,-7.368985971575673,-7.361224374601918,-11.46057719765815,-12.95108251355389,-14.86780392969756,-16.172981156275988,-14.075303313946318,-11.034530282670506,20.74238450677466,0.0059580013738401,0.0005643943711053,0.5761734298226979,74937.02074991392,1568845.3156148707,0.0843090749476147,0.9652100310469776,0.0059580013010926735,0.0059580012517543995,7.274742613860852e-11,1.2208570005639574e-10
201,-0.9880861425056424,-5.9853112236392825,-6.117264780965002,-13.38170304495988,-16.53193320399359,-12.868252679673205,-17.376659989731788,-12.538539654543971,-12.614140780803703,21.19768164978609,0.0059580004090715,0.0005671010745177,0.573423285898382,74937.00861549497,1576369.1308524008,0.0843090749476147,0.9637116127399626,0.005958001053058188,0.005958001038092295,-6.439866877608336e-10,-6.290207946527127e-10
202,-1.214523331024976,-6.344403980891489,-6.684712499349806,-13.37688497858535,-13.915568929070634,-16.27020797724026,-14.803207547801218,-11.647047513248886,-12.087586878761677,20.749794659104,0.0059580003354214,0.0005657083422951,0.5748350010844803,74937.00768915816,1572497.7573319774,0.0843090749476147,0.962392929363372,0.005958000185232117,0.005958000205171549,1.5018928288534905e-10,1.3024985083542884e-10
203,-1.151894801779454,-6.873283888828795,-7.222114803441979,-10.817344777076087,-16.50364589721625,-15.714669771224594,-16.04015059414036,-14.433069684885684,-9.2747860811086,20.86415792557288,0.0059580002744588,0.0005779163578842,0.562692068028972,74937.00692239788,1606432.3411098337,0.0843090749476147,0.9645842350541688,0.0059580000521686095,0.005958000082443194,2.2229019059488708e-10,1.920156056725575e-10
204,-1.208470471530945,-6.975466828868028,-7.125948155975942,-12.467246751720694,-12.272670613568035,-15.991672165979807,-15.91897145899882,-14.987852658564208,-10.152418931338175,20.96052083382563,0.0059579996675559,0.0005671898389499,0.573333438907153,74936.99928905087,1576615.8690743472,0.0843090749476147,0.9652842537253497,0.0059580007994678,0.005958000868243138,-1.131911900147109e-09,-1.2006872380024292e-09
205,-1.0666561397597976,-6.355848132251435,-7.706994171753248,-10.185621662113714,-11.634413631656797,-13.836077250591384,-13.323653889593707,-15.705204441391778,-10.60108493949918,20.17641549114553,0.0059580027410314,0.0005618972935279,0.5787341499067946,74937.0379458226,1561904.19667282,0.0843090749476147,0.9676331790154296,0.005958003775035983,0.005958003986788104,-1.0340045833445721e-09,-1.2457567043905327e-09
206,-1.1010041532475534,-6.334790776276856,-8.220724606970162,-13.343958278733266,-12.991409884829832,-13.800416662672196,-16.008565289043098,-14.880360553474189,-11.17743901423974,21.3366936693144,0.0059580003608646,0.0005617138845949,0.578922769328078,74937.00800917132,1561394.375420123,0.0843090749476147,0.9647594158307145,0.005958000773118676,0.005958000720476709,-4.1225407549499993e-10,-3.5961210918811215e-10
207,-1.4275010336270846,-5.928680367083671,-9.02963550162904,-12.928688624261502,-13.355218207445809,-11.66190969814994,-11.78525440886633,-13.651422899461105,-10.260277639600313,20.599053781870804,0.0059580011480959,0.000564756185724,0.5758042679492927,74937.01791060712,1569851.050609156,0.0843090749476147,0.9624990011714069,0.005958001112821666,0.005958001708463559,3.5274234054527565e-11,-5.603676585252959e-10
208,-1.0721975862149151,-6.018788803931109,-8.645535715344252,-11.58660434564238,-12.451776363428994,-12.925607485596643,-13.302304552851393,-13.749920453482314,-9.803611560797703,20.299164304487835,0.0059580032302267,0.0005633561676748,0.5772355238384596,74937.04409869717,1565959.424698804,0.0843090749476147,0.9637646648896008,0.005958002873852429,0.005958003177888731,3.5637427037160663e-10,5.2337968160787174e-11
209,-1.085348462790972,-7.450909155095229,-8.53038965792512,-11.104622167411724,-16.547530335836015,-16.514387256714055,-12.298367876764951,-11.754760452268844,-12.43726265648452,20.654654815242147,0.0059580018332127,0.0005698944809529,0.570612787191097,74937.02652769264,1584133.95421852,0.0843090749476147,0.9621709356516188,0.0059580019302771185,0.005958002105354346,-9.706441813500666e-11,-2.7214164602384905e-10
210,-1.3839066208888593,-8.041161202293551,-7.549299748022491,-10.7799038683184,-13.160281927467487,-11.820467683029865,-12.145690284804443,-14.134165375120352,-13.147826449378735,20.33654920225897,0.0059580031930922,0.0005553300900486,0.5855781909579232,74937.04363163673,1543649.3611488864,0.0843090749476147,0.9663619983317452,0.0059580031514989825,0.005958003063666413,4.159321758540058e-11,1.2942578692803908e-10
211,-1.389464055475492,-5.733186521493431,-6.469611835386738,-12.888512255348216,-14.200166015743054,-16.21052153407814,-12.739000525262623,-14.739846081947263,-12.673149377592184,20.964626502898856,0.0059580006572463,0.000555655494094,0.5852348898931208,74937.01173692483,1544553.8857834623,0.0843090749476147,0.965858619366576,0.005958000549107007,0.005958000558750331,1.0813929265940381e-10,9.849596832589569e-11
212,-1.2002475140073423,-6.740800927853354,-8.136404932758847,-12.016176516519446,-16.324173247168492,-14.047152976708714,-12.19017671028968,-10.62452912801605,-10.403065133427427,20.275295306914742,0.0059580008808014,0.0005800337466005,0.560638069962354,74937.01454869923,1612318.0400800596,0.0843090749476147,0.9601002011668152,0.005958001016826465,0.005958001083752129,-1.360250644760752e-10,-2.0295072827164473e-10
213,-1.4570094770535522,-7.017246915163746,-8.375916701267755,-11.96265115231397,-16.474024084878362,-15.535338036540992,-15.172385515410172,-11.764375366794887,-12.387017968361745,21.045229419369143,0.0059580008445923,0.0005693033615976,0.5712051239783603,74937.0140932768,1582490.8215457865,0.0843090749476147,0.9622536313541676,0.005958001088680161,0.005958001046658067,-2.4408786103435887e-10,-2.020657668966308e-10
214,-1.0319023049382727,-7.14369160097116,-8.351572972943947,-13.497300337101043,-12.683449158091053,-12.390809203109828,-16.342312786912334,-13.10819245795666,-12.804205715473485,21.20482383151528,0.0059580012762471,0.0005599240086932,0.5807735112865919,74937.01952243372,1556419.0628235058,0.0843090749476147,0.9637171567943328,0.005958001216521763,0.0059580012987855225,5.972533665549173e-11,-2.2538422517204282e-11
215,-1.228610644273417,-7.655445704630708,-8.042407951709158,-14.191234770927618,-11.287619498211242,-16.575914067875512,-16.267712706839053,-15.498939772049342,-10.694336923388114,21.641298871664738,0.0059580006670605,0.0005681692955369,0.5723452239719882,74937.01186036345,1579338.4615684,0.0843090749476147,0.9646181149252702,0.005958000679326311,0.005958000723720127,-1.2265810762912555e-11,-5.665962664325175e-11
216,-1.0069032882332516,-6.130080181286942,-6.624318763431552,-13.24227654811586,-12.8388586344676,-15.190486176027331,-17.290290472075455,-14.576532776042304,-11.502706334057052,21.18815200632156,0.0059580003637886,0.0005634978008123,0.5770900213103707,74937.0080459473,1566353.1219001396,0.0843090749476147,0.9655348620151056,0.005958000519185981,0.005958000413387327,-1.5539738159459082e-10,-4.959872703519386e-11
217,-1.0092948062235,-6.661822407216219,-8.368625244051684,-10.26761604510145,-15.11658579635418,-16.582603141546123,-14.495295824351878,-11.36523181691836,-13.100254944382588,20.39538861199855,0.0059580008550523,0.0005650084697646,0.5755471209741889,74937.01422483832,1570552.323789063,0.0843090749476147,0.9635928835101067,0.005958002336117967,0.005958002245071613,-1.4810656668098887e-09,-1.3900193123264626e-09
218,-1.327654669586852,-7.478678827693033,-7.608759596604373,-14.623759299059074,-14.779405899318002,-13.666375890781657,-15.30495792319394,-11.126582905004655,-9.989859683302674,21.04998096665711,0.0059580000940353,0.00058367394655,0.5571414275324021,74937.00465311414,1622436.6928006515,0.0843090749476147,0.9597621522730142,0.005957999798100773,0.005957999787976923,2.9593452688381205e-10,3.060583774264214e-10
219,-1.3575686731262242,-5.832710090212046,-7.785781491360274,-14.67198529274916,-16.470750628778518,-16.674863547641387,-15.93148571866378,-13.36502595216639,-11.26381809282772,21.83292201248297,0.005958000202119,0.0005734350747656,0.5670893863199669,74937.0060125418,1593975.7320638758,0.0843090749476147,0.9621004195009406,0.0059580008887581875,0.005958000980881145,-6.866391873486255e-10,-7.787621450483506e-10
220,-1.4747624868115965,-6.803741975517536,-8.321883386646803,-11.522981774243997,-15.28442818790306,-13.003450735406858,-15.582936529455315,-12.288498146352808,-11.997295060620813,20.76882993866923,0.0059580015465934,0.0005639576382013,0.5766196478035481,74937.02292272603,1567631.3304907377,0.0843090749476147,0.9632105716791316,0.005958001309299876,0.005958001483955189,2.3729352423979e-10,6.263821059060426e-11
221,-1.268095452038821,-7.144777211529076,-8.513631210829052,-14.541486998007011,-13.28096882578608,-17.319558077710553,-16.878560018930678,-11.097749326199146,-10.752470819025902,21.32345346948156,0.0059580002478232,0.0005825074346905,0.5582571638039211,74937.00658738744,1619194.143335017,0.0843090749476147,0.9602297513496012,0.005957999718730504,0.005957999766069999,5.290926958709252e-10,4.817532006998193e-10
222,-1.1680450471786616,-7.883193232793237,-6.0832140799117465,-14.41081914779094,-14.143722629602898,-16.696903633235685,-13.500361995301844,-14.127392723137095,-13.432770607818265,21.470543858031853,0.0059580004215294,0.0005577606878077,0.5830259638493679,74937.00877218506,1550405.6863423144,0.0843090749476147,0.9644461565961638,0.005958000115926562,0.00595799986187161,3.056028373069064e-10,5.596577897296062e-10
223,-1.4223340420525592,-6.889872980245693,-9.056345581664711,-12.687022582045596,-12.345132894750428,-13.951910796364285,-15.204361961091273,-15.037136645488918,-13.748225309938912,21.43361652626669,0.0059580023757912,0.0005541405445032,0.5868351013621768,74937.03335199812,1540342.785016841,0.0843090749476147,0.966307199496196,0.005958002169363417,0.005958002130879824,2.0642778285340224e-10,2.449113759017685e-10
224,-1.1869848431861214,-5.668216850046575,-6.381886301445626,-10.37164701009162,-16.282719023416583,-16.002333986136456,-12.528422181784764,-11.543173893958064,-12.800700315799784,19.980872420663808,0.0059580005645972,0.0005657431556952,0.5747996613759875,74937.01057162699,1572594.5280343744,0.0843090749476147,0.9640460510168144,0.005958000873797982,0.005958000905521134,-3.092007812982578e-10,-3.4092393404877575e-10
225,-1.0551627905369592,-6.476568668763593,-6.148311409337508,-13.17096308346712,-15.717771921976489,-15.360664047545624,-16.39087617476804,-13.171615496814416,-12.177250058842889,21.198987071711507,0.005958000305272,0.0005653072183677,0.5752428812554314,74937.00730995316,1571382.7543719849,0.0843090749476147,0.964046600023018,0.005958000576869128,0.005958000504856563,-2.715971276004425e-10,-1.9958456328600382e-10
226,-1.0753629417056454,-6.028785561762051,-8.021728801868596,-14.79908018971362,-13.19725872147173,-13.643753092721855,-13.374278128926886,-13.145470354524813,-12.404868944293671,21.202086869453257,0.0059580003957142,0.0005608299277332,0.5798352484633575,74937.00844749389,1558937.243221972,0.0843090749476147,0.9625528854190922,0.005957999996869841,0.005957999930238732,3.988443585817292e-10,4.654754680658013e-10
227,-1.06594267070003,-7.054731251868514,-8.710848684844226,-14.200085003986956,-16.607004627262718,-12.683527509354462,-12.180962498928505,-11.290719146744038,-11.692354416616762,21.081839147002068,0.0059580002489542,0.0005790032692494,0.5616357726255681,74937.0066016129,1609453.6253233792,0.0843090749476147,0.9596919563099212,0.005958000263049049,0.005958000270089926,-1.4094849419554745e-11,-2.1135725981891174e-11
228,-1.2912365740075389,-6.526681520707028,-7.746824196708822,-11.849688996269736,-14.722165001951767,-13.35800408794397,-13.070492609481526,-13.524687389262075,-9.404737330049588,20.46878287364001,0.0059580010168097,0.0005681964144883,0.5723179574003487,74937.01625934921,1579413.8440351214,0.0843090749476147,0.962958814843528,0.005958000674687881,0.005958000574556447,3.421218195895359e-10,4.4225325311619823e-10
229,-0.985341316951155,-5.768152660542675,-6.798235034314283,-12.432695102301803,-15.38412279153926,-16.399232394057414,-13.55103376654622,-15.803176544738,-10.968574458116612,21.157339803741085,0.0059580002759747,0.0005625465578715,0.5780658438657228,74937.0069414642,1563708.9547928155,0.0843090749476147,0.9660446876138524,0.005958000479763777,0.005958000558538015,-2.0378907675949742e-10,-2.825633147601758e-10
230,-1.3267433891156657,-5.61434066508575,-8.013713503877392,-10.31576642814776,-11.99378113418767,-15.604561973551592,-15.693827830102656,-11.878043326082306,-9.663460454051318,19.837189417806343,0.0059580054298127,0.0005716096375686,0.5689011368308642,74937.07176408549,1588901.5698430806,0.0843090749476147,0.9633232219570216,0.005958002981299098,0.005958003304356947,2.4485136019408715e-09,2.125455753239358e-09
231,-1.393555444574785,-6.510604863782248,-8.882667702858333,-11.56665302414764,-14.116731011839216,-11.737823790311165,-16.731939552925667,-10.644972315898157,-13.713293221464458,20.596040919311903,0.0059580037853255,0.0005632720228936,0.5773218352492712,74937.0510804769,1565725.5277067097,0.0843090749476147,0.9629367921613136,0.005958002529414679,0.0059580027691530915,1.2559108206536274e-09,1.0161724083718182e-09
232,-1.0514116431216172,-6.188512221767614,-7.154307478080767,-10.849919686290455,-16.24339352422704,-13.119660208854452,-13.3181402943486,-12.34557777508208,-11.422602379499706,20.23390977814748,0.0059580016262798,0.0005649176496384,0.5756397617384725,74937.02392498605,1570299.871360657,0.0843090749476147,0.9635137685381384,0.005958001037357743,0.005958000976517732,5.889220569543774e-10,6.497620679349336e-10
233,-1.0678163209305402,-6.835432313912815,-8.196043729130661,-11.877865978116027,-16.353214598344287,-13.297507971073491,-16.16601266616707,-11.292184596781528,-11.368989652568336,20.79051659871605,0.005958001231359,0.000573210381546,0.5673118271694714,74937.01895785211,1593351.1530052724,0.0843090749476147,0.961784034544088,0.005958001051843969,0.005958001069904769,1.795150304448323e-10,1.6145423106100898e-10
234,-1.1809216716550976,-6.517122769647891,-7.090693515128673,-10.837735363855538,-16.145672536055695,-13.651802068808385,-12.93519202165219,-15.437681244745075,-11.129033826141653,20.72082505862648,0.0059580011085656,0.0005625830242165,0.5780284950957397,74937.01741341327,1563810.3201808794,0.0843090749476147,0.966383608163208,0.005958000321814138,0.005958000348356461,7.867514625892191e-10,7.602091395622623e-10
235,-1.185895542306037,-7.205575974292435,-7.2242577720054975,-12.03424225568157,-12.99910343825094,-12.633731091950413,-17.082446792815873,-11.797138608866144,-12.886932486886996,20.587940332655634,0.0059580008572695,0.0005620779293589,0.5785478868588354,74937.01425272482,1562406.3095424369,0.0843090749476147,0.9639482843225304,0.005958001439302278,0.005958001472438382,-5.820327778766066e-10,-6.151688819802659e-10
236,-1.4073482064270038,-6.882546816543283,-7.918127973275919,-13.913777376120445,-12.814317814067804,-15.45651158882727,-13.918163673958537,-12.21073749670419,-9.892743765993934,20.789804167301508,0.0059580003311076,0.0005737451053632,0.5667829706323727,74937.00763490166,1594837.5231722926,0.0843090749476147,0.961049248650672,0.005958000065922191,0.005958000112128921,2.6518540922199074e-10,2.1897867893971856e-10
237,-1.1395651407481489,-7.988156923825874,-6.728521935734754,-10.96760997199232,-14.927202170802344,-13.155352842297194,-17.49075736529926,-12.75847755448838,-11.755278862460768,20.659318008757296,0.0059580005392726,0.0005681768941226,0.5723375512272857,74937.01025310536,1579359.5833338534,0.0843090749476147,0.9645922540291436,0.00595800082274056,0.005958000687678298,-2.8346796004247166e-10,-1.484056974532244e-10
238,-1.423338417439064,-7.75691888178162,-6.78793824496536,-12.891707016475518,-12.642949743154922,-15.778720146828125,-14.12173389819471,-14.4246841320838,-10.465999003270918,20.87981125523515,0.0059580003053612,0.0005643025941114,0.5762669824470578,74937.00731107495,1568590.2033843815,0.0843090749476147,0.9642679432266814,0.005958000742148825,0.0059580007256892385,-4.367876251659686e-10,-4.2032803886787873e-10
239,-1.1217026513897543,-7.291744119827942,-6.726959624787707,-14.269015228342695,-16.181815024109362,-15.48460343792778,-14.039869584534152,-11.236086235190054,-9.98350932819064,20.95043986758604,0.0059580000603902,0.0005863241153702,0.5546231589578857,74937.00422994143,1629803.3590042875,0.0843090749476147,0.9599158759748928,0.005958000479804194,0.005958000674212935,-4.194139939864283e-10,-6.138227348281844e-10
240,-1.0420644081350885,-6.3828056406075255,-8.346791621949235,-14.300317953325136,-11.215724926772662,-16.46172288267982,-14.653704593923392,-12.142453428657005,-13.363097653291506,21.076872731177303,0.0059580013117754,0.0005615336301101,0.5791087444350045,74937.0199692924,1560893.3225773224,0.0843090749476147,0.962738026137431,0.005958001091503833,0.0059580011201637965,2.202715666116406e-10,1.9161160332015204e-10
241,-1.3597522611575426,-6.31100770755782,-6.217711386278346,-11.71132000350102,-12.498267799912965,-15.401591285404823,-14.226854154963338,-11.778164563347104,-13.724853957757595,20.16595486044701,0.005958001123632,0.0005565018372873,0.58434491730143,74937.017602911,1546906.4633821016,0.0843090749476147,0.9649865448070092,0.005958001066277853,0.00595800095803128,5.735414660562599e-11,1.6560071976895463e-10
242,-1.4283996179641365,-7.84043833414119,-8.967530176426592,-11.923931617932244,-16.287919223231825,-15.711057077535337,-15.663485844279696,-12.512051397765187,-13.705294998430418,21.443314861028664,0.0059580006353197,0.0005633076180693,0.5772848967035098,74937.0114611413,1565824.4715083449,0.0843090749476147,0.9633416545424306,0.0059580011638995034,0.005958001258483414,-5.285798031912092e-10,-6.231637133397028e-10
243,-1.1936551535533375,-6.9058338615808905,-6.76406563858361,-10.047879954774212,-12.389420724714869,-12.343600680345707,-15.774179157624292,-14.496688743295955,-11.085581922911045,20.11719124515917,0.0059580011044612,0.000564134026362,0.5764392915905309,74937.01736179007,1568121.6361243147,0.0843090749476147,0.9671512017641644,0.005958002253819539,0.005958002472939681,-1.1493583385382977e-09,-1.3684784807080352e-09
244,-1.385123703888699,-6.683203248344213,-7.570797272041563,-13.521064509551683,-13.13305204838088,-14.934713807202986,-15.087555602334865,-14.862138339927665,-13.707576572795563,21.49042322386202,0.0059580007068418,0.0005531600176833,0.5878750733411728,74937.01236071478,1537617.217599854,0.0843090749476147,0.9660451915345942,0.0059580003940349355,0.005958000369825801,3.1280686461215845e-10,3.37015999309076e-10
245,-1.341208611719347,-7.262060066701723,-6.814811972682073,-14.419027423395296,-13.332546872499416,-11.782348078634636,-15.264953028544282,-10.782250972468471,-9.72514351153404,20.53659491583165,0.0059580006425976,0.0005819153800908,0.5588252035108222,74937.0115526799,1617548.4109662068,0.0843090749476147,0.9600487577952176,0.0059579995808620775,0.0059579995897685615,1.0617355224173952e-09,1.0528290383601813e-09
246,-1.3536365582037646,-6.498434978897268,-8.605487066518982,-11.601976039565242,-14.840814374364722,-17.215729321823684,-15.09745980678613,-11.378063483817751,-9.720909464810646,20.56040065933427,0.005958002023628,0.0005801537511511,0.5605222634956436,74937.02892264938,1612651.6163642444,0.0843090749476147,0.961176783229638,0.005958001160695223,0.005958001128613329,8.629327773179707e-10,8.950146708833207e-10
247,-1.4496588999790825,-6.832116336579584,-8.470064853094064,-13.900986191503678,-14.857105610609583,-12.841179533423174,-13.402971660810476,-12.361674468619965,-10.629257171864154,21.011041248105425,0.0059580004176509,0.0005716052790251,0.5689047568690921,74937.0087234026,1588889.4544128585,0.0843090749476147,0.9609064925031658,0.005958000134935537,0.0059580002702491275,2.8271536240548345e-10,1.4740177221167494e-10
248,-1.242838751123126,-8.004206335285213,-8.72041601432267,-13.04581202285141,-13.806363230029524,-12.745011991348116,-15.223426278058035,-15.033055001863993,-12.322607556603256,21.554112974788563,0.0059580001804875,0.0005581514321237,0.5826177702974095,74937.00574047054,1551491.8371281584,0.0843090749476147,0.9648694538057054,0.005958001041478788,0.00595800107252956,-8.609912886814453e-10,-8.920420600105894e-10
249,-1.2961971292157335,-7.714326092823603,-6.42745874793181,-14.506004380065574,-15.880828479904675,-16.1964852652001,-12.787734091582829,-14.436938135791582,-11.056782797516668,21.51651516716584,0.0059580001860828,0.0005691143454835,0.5713947397583407,74937.00581084557,1581965.4140286332,0.0843090749476147,0.9628588147913384,0.005958000856058366,0.0059580009495619046,-6.699755663447382e-10,-7.634791045901812e-10
250,-1.3643309151625789,-5.793978216462747,-6.610145896760975,-10.767683225589913,-11.266857123204824,-12.80345688052249,-12.103228193024702,-11.485024726123283,-9.676894381804289,19.152617082152545,0.005958001155377,0.0005635745321045,0.577011564863285,74937.01800218566,1566566.4116396075,0.0843090749476147,0.9629684504727368,0.005958002020856882,0.005958001932962091,-8.654798813387266e-10,-7.775850909344517e-10
251,-1.4591573407856495,-8.239615973593937,-7.841326363821824,-13.119621173146612,-14.031909772919526,-15.691318522529802,-14.361036969733126,-11.425375295728037,-11.992335052967796,20.90761940702793,0.0059580007132131,0.0005689024795687,0.5716076096787882,74937.01244084949,1581376.490990134,0.0843090749476147,0.9613902415880656,0.005958000963748939,0.005958001000970842,-2.505358386029055e-10,-2.877577421137034e-10
252,-1.4704475583223815,-5.8683194558605685,-7.460215855259272,-10.577672189439168,-14.397490685846106,-14.73484420651492,-16.612821060017836,-14.477104011639137,-11.381567657094164,20.716802237577195,0.0059580007982933,0.0005646993434911,0.5758621772814235,74937.01351094934,1569693.0464274131,0.0843090749476147,0.9664110517833444,0.005958000743032792,0.005958000629830196,5.526050797510784e-11,1.684631037099371e-10
253,-1.0670799641166209,-7.376865890386669,-7.200437485194019,-10.086522725143254,-11.915227741983683,-15.241404694954198,-14.567954160840785,-14.042256175716602,-10.181079237682637,20.054625971362817,0.0059580022630971,0.0005662285864558,0.5743071281716946,74937.03193458285,1573943.8784421314,0.0843090749476147,0.9657165915978944,0.005958003000600149,0.0059580029262080005,-7.37503049082211e-10,-6.631109003910063e-10
254,-1.0448152022502102,-6.39687132217175,-7.982722970890768,-14.57403794952321,-14.411696434588002,-13.084009778278908,-15.61723221575728,-13.028939509199358,-12.07291524077428,21.450588651991627,0.0059580003440473,0.0005636512381545,0.5769329227903691,74937.00779765035,1566779.6312132876,0.0843090749476147,0.9624842006646662,0.005957999928440482,0.005957999826300369,4.1560681805774546e-10,5.177469312653282e-10
255,-1.260968455074524,-7.3042313092273154,-7.274070889114878,-12.592782009512272,-14.243814131653842,-15.928836653166734,-17.21784428216429,-12.50649213920152,-11.392587987831584,21.05330557354884,0.0059580003897408,0.0005695516490766,0.5709560503091446,74937.00837236247,1583180.9854953878,0.0843090749476147,0.963118996810667,0.005958000367464666,0.005958000448601357,2.2276134062360065e-11,-5.886055705339732e-11
256,-1.1512897228101977,-7.490977503722462,-6.467321453641187,-14.02961199762431,-11.558293832304956,-17.180902245158162,-12.610989962887173,-12.242925130103249,-11.37921790407399,20.571419654513534,0.0059580002534597,0.0005670880020734,0.5734364819172321,74937.006658281,1576332.7934188272,0.0843090749476147,0.962074300692143,0.005957999974289344,0.005957999845137219,2.791703561030867e-10,4.0832248086181133e-10
257,-1.2269092895599716,-5.623848553271952,-8.044686918748706,-13.264964942864138,-11.786543692049552,-15.822455567032648,-17.40558944746092,-13.437807882285291,-12.689984771987122,21.19153421307997,0.0059579999205698,0.0005615616151218,0.5790796821504769,74937.00247134369,1560971.1124291278,0.0843090749476147,0.9647118746569152,0.005958001405325824,0.0059580014576448275,-1.484756023857614e-09,-1.5370750271540001e-09
258,-1.3090104537241587,-7.019280855940653,-7.650171809096119,-12.644361106715118,-14.28784224403694,-14.708644274466776,-14.926768520117747,-13.960406044050172,-10.154654049430205,21.000883867160628,0.0059580006517003,0.0005665396168718,0.5739916005275875,74937.01166716946,1574808.4487429638,0.0843090749476147,0.9634882644012328,0.005958000473953072,0.0059580005179232275,1.7774722839425383e-10,1.3377707275274986e-10
259,-1.4470712053014008,-5.725269906584643,-6.463106298068165,-9.9096054934654,-12.457366579385669,-14.24827256027268,-15.09197273619021,-15.228834715487691,-10.346735008083566,20.05488323853981,0.0059580014903219,0.0005658747115635,0.5746661645478051,74937.02221496859,1572960.2134809636,0.0843090749476147,0.967840208750285,0.005958001444539558,0.005958001541552317,4.5782342326938785e-11,-5.123041661031502e-11
260,-0.9941786768784392,-7.295954506729694,-8.086554088115987,-10.646758129835227,-16.216931056033463,-17.33383920331242,-11.848785670804135,-12.372538848381604,-10.060359021873516,20.340981360147847,0.0059580009598531,0.0005764530888196,0.5641205034480684,74937.01554297462,1602364.8965443722,0.0843090749476147,0.9619884379522498,0.00595800161379806,0.005958001937296652,-6.539449598150227e-10,-9.77443551444801e-10
261,-1.3505818984956754,-6.776330378598478,-8.12079946743227,-14.129111508122744,-11.979265801869056,-13.603421891026434,-14.110123189385993,-10.615005799723011,-9.747604536109016,20.40829753996844,0.0059580003246703,0.0005806900809211,0.5600043213423838,74937.00755393512,1614142.4505935635,0.0843090749476147,0.959710564035282,0.005957999882190159,0.005957999902307502,4.424801410690682e-10,4.2236279751417527e-10
262,-1.0821598441005884,-8.064368466605298,-6.562542103342491,-11.434209717617955,-12.656260586010188,-14.540821845747187,-16.888875752434483,-12.995370691515882,-11.89445151993352,20.55840776106178,0.0059580020782701,0.0005646199501054,0.575943337077633,74937.02960991285,1569472.3568747777,0.0843090749476147,0.9649768263071126,0.005958001413310044,0.005958001425763929,6.649600557684376e-10,6.525061706230684e-10
263,-1.110933316617117,-8.085409280602109,-7.087043347171139,-11.70051782187164,-14.33443968476957,-14.576831507641169,-13.680895763923704,-15.503888966595126,-12.31940562974919,21.059596058680185,0.0059580005992858,0.0005573933261851,0.5834102453020544,74937.0110079237,1549384.5323578888,0.0843090749476147,0.9666600922946104,0.00595800089669077,0.005958000829399447,-2.974049695750325e-10,-2.3011364688740876e-10
264,-1.375242969398675,-6.1243530140025175,-8.6738265079066,-11.990521702987454,-13.985519392605031,-12.792022838969752,-11.705555487032068,-13.560003724731777,-9.625844865399248,20.39111699782177,0.0059580013120292,0.0005660765195974,0.5744612684927338,74937.01997248559,1573521.178658794,0.0843090749476147,0.962650001833216,0.0059580012723044135,0.005958001144098595,3.9724786828065906e-11,1.6793060518549563e-10
265,-1.181752537658293,-5.771999354432216,-6.2521868202212,-14.520373832555496,-11.316067294112775,-11.93638647809223,-13.720219151333088,-12.144022749558832,-10.092508675779367,20.257408911656608,0.0059580010265783,0.0005702154652537,0.5702914634158978,74937.0163822138,1585026.1933026414,0.0843090749476147,0.961871860722326,0.00595799976245031,0.005957999699071439,1.2641279906536185e-09,1.327506861381611e-09
266,-1.2134595138316826,-7.924872137746867,-8.151600038568874,-13.910417735268927,-15.763552351718364,-15.113521263863973,-15.401600715523562,-14.782308299608786,-11.171125149858554,21.892341909605417,0.0059580000566163,0.0005655941659085,0.574951002559351,74937.00418247473,1572180.3815777688,0.0843090749476147,0.9633505304657582,0.0059580000353457304,0.00595800011421824,2.1270569507125803e-11,-5.7601939711104944e-11
267,-1.3792224165806228,-5.704235795011627,-7.657706548013023,-11.39457804345465,-14.506309505388998,-13.42854468874151,-12.065231233909737,-13.73009159501013,-9.282232068529328,20.197415282239547,0.0059580018547015,0.0005664535680744,0.5740789682835207,74937.02679796921,1574569.2591625703,0.0843090749476147,0.9634594121186868,0.0059580007479223375,0.005958000712345779,1.1067791622423884e-09,1.1423557204348622e-09
268,-1.3165655652077195,-7.57193724714149,-8.71131085689795,-11.951233017190042,-14.607161184541956,-16.430603079746902,-17.037989549780676,-11.356440205189376,-11.762141557950478,21.011241423286624,0.005958001230419,0.0005732594320499,0.5672632854336528,74937.01894602914,1593487.498541463,0.0843090749476147,0.9619571749161416,0.005958001337894372,0.005958001332046932,-1.0747537235178406e-10,-1.0162793176449192e-10
269,-1.3329305604840327,-7.740237187977256,-7.912742466976594,-13.698884999032083,-16.327187925160743,-16.633474869082146,-14.501464463473768,-13.154939059493374,-11.33698484046847,21.575903580316982,0.0059580004190413,0.0005717610192536,0.5687497948482035,74937.00874089137,1589322.3650521094,0.0843090749476147,0.961886835320145,0.005958000497763429,0.005958000450447771,-7.872212950954527e-11,-3.140647117372275e-11
270,-1.0829407032636185,-6.47340885778617,-6.293062952765353,-12.248483686906049,-14.510775254306374,-16.395168314277043,-13.462273426030707,-13.111907499351332,-9.457041903695302,20.4193366942254,0.0059580004022132,0.0005713858663713,0.5691232145627765,74937.0085292343,1588279.553726895,0.0843090749476147,0.962969728885313,0.005958000341570703,0.005958000377770563,6.0642497100305e-11,2.4442637150401403e-11
271,-1.2218397366717124,-7.287439380685064,-8.55416064326363,-11.305986484396897,-11.859307998969182,-16.368835647879582,-14.616705213512024,-12.795193870452666,-9.283805394497058,20.326784697417963,0.0059580029174286,0.000572999682323,0.5675206758023261,74937.04016446558,1592765.47301633,0.0843090749476147,0.962736066139668,0.0059580029578002545,0.005958002890339796,-4.03716548039168e-11,2.708880342261466e-11
272,-1.0697940057191968,-6.056926748344919,-6.155203150215287,-12.046689941040372,-11.725043952471156,-14.697041174898086,-12.69209869749162,-13.662129555485992,-10.68442983584956,20.042130465660804,0.0059580010248612,0.0005591716346111,0.5815549142214479,74937.01636061653,1554327.690877555,0.0843090749476147,0.9648727043354496,0.005958001361633165,0.005958001286271428,-3.367719653493695e-10,-2.6141022766573707e-10
273,-1.4188254126524682,-5.741307756743719,-7.975156518286041,-13.942458933591636,-14.744732633602917,-14.923353802719074,-11.84078180201074,-10.561419020229096,-11.984394251786442,20.589119191695,0.0059580003685228,0.0005749240201639,0.5656207548503893,74937.00810549283,1598114.549055777,0.0843090749476147,0.960129757285838,0.005957999979698796,0.005957999861203495,3.888240033764201e-10,5.073193046212232e-10
274,-1.0221548935682212,-6.564726780217772,-6.164855538067478,-10.15138627842204,-15.009697195738932,-15.279691279346784,-16.217603073755498,-15.750825388287362,-13.300288238087514,20.842734384101085,0.0059580003468802,0.0005645523265739,0.5760120739706731,74937.00783328104,1569284.3839502805,0.0843090749476147,0.9696301508511896,0.005957999466099838,0.005957999136064994,8.807803618393617e-10,1.2108152059112087e-09
275,-1.2346315504497172,-7.33884327804399,-6.859280505716384,-12.906586320864731,-14.560180145058998,-15.148987273142524,-13.1940932020851,-13.019212149661596,-10.415246934488373,20.717319129634014,0.0059580004635869,0.0005677701503808,0.5727475560868329,74937.00930116505,1578228.958992622,0.0843090749476147,0.9624945530414208,0.005958000427822304,0.005958000399957384,3.576459614573757e-11,6.362951658622773e-11
276,-1.4152503934156189,-7.707625352317449,-7.833464626187341,-10.856572257351848,-16.39607227248805,-16.93685989331114,-16.076592793916067,-14.507079180362895,-12.561078102706588,21.33727613403558,0.0059580001042015,0.0005661042147748,0.5744329897914542,74937.00478098026,1573598.1628590776,0.0843090749476147,0.9657951429794596,0.005958000010032906,0.005958000089663365,9.416859392957777e-11,1.4538134585073692e-11
277,-1.2828446697363456,-7.349702379854015,-8.70907511880193,-13.512882681291034,-15.70790096830592,-12.920059026685092,-13.340580724120793,-13.668341644517746,-12.118817171404707,21.417729804430905,0.0059580005596977,0.0005622602876315,0.5783602026884873,74937.01051000279,1562913.2102779627,0.0843090749476147,0.962635064361171,0.00595800045872484,0.005958000504283186,1.0097286028132313e-10,5.541451412321985e-11
278,-1.4676171324618037,-6.490301830796512,-7.353391566433968,-10.61742406520725,-13.42202233419454,-12.279088212683522,-12.432361917711953,-12.455609437379175,-12.571070934399833,19.913977335571584,0.0059580024612035,0.0005559131769693,0.5849638811730115,74937.03442627464,1545270.166087709,0.0843090749476147,0.9647672677575696,0.005958002266694823,0.005958002289564078,1.9450867739384536e-10,1.716394222930906e-10
279,-1.3281418220823715,-6.246275835783542,-7.416692232380559,-13.024441712959783,-12.306065699738156,-13.6579581112749,-14.674864523072284,-12.697455717966813,-10.286663980139634,20.4984775700114,0.0059580010414854,0.0005658043397011,0.5747375736533812,74937.01656970817,1572764.6010294005,0.0843090749476147,0.9627394467407115,0.005958000811075538,0.005958000845506896,2.304098621966344e-10,1.9597850425823182e-10
280,-1.1474472622803062,-6.560330511119685,-7.713554677393915,-11.17732484840229,-15.431124554400984,-16.924261455349125,-13.997461053268983,-11.171288341116613,-10.00319480180158,20.25921555287829,0.0059580011458907,0.0005782227636478,0.5623940155150469,74937.0178828714,1607284.0562781668,0.0843090749476147,0.9614126558075424,0.005958000958695181,0.005958000947106835,1.8719551863471962e-10,1.98783864369112e-10
281,-1.2521801488444406,-7.474019262840928,-7.025702029398831,-11.242516613436026,-14.26316322848906,-12.941856370149846,-17.090423572552016,-10.678542573513996,-12.019406901441672,20.291228412184733,0.0059580022285544,0.0005694666487635,0.5710415372949473,74937.03150012082,1582944.7103838148,0.0843090749476147,0.9627564061374836,0.005958001362161261,0.005958001422985375,8.663931386557189e-10,8.055690246810965e-10
282,-1.4626252963356572,-5.922576484440507,-6.692593046392464,-10.649875524011506,-14.882389952375265,-12.218798887553774,-13.476543620568435,-11.85566306981602,-12.76126774822984,19.95201628046521,0.0059580015038926,0.0005586728731455,0.5820741740848947,74937.02238565491,1552941.2851495428,0.0843090749476147,0.9645275851892908,0.005958001171850886,0.005958000964240874,3.320417135688203e-10,5.396517252162503e-10
283,-1.1193030497146232,-7.808504570115868,-8.343316900220882,-10.95305936354213,-12.466095131147004,-17.17021199739377,-15.479666320854037,-15.31299073428879,-10.494830843331014,20.93916457019712,0.0059580017597643,0.0005682327230991,0.5722814947977056,74937.02560389286,1579514.7709698756,0.0843090749476147,0.9659230415336856,0.005958002324025242,0.005958002402382783,-5.642609417905176e-10,-6.426184827323933e-10
284,-1.2750605401177106,-7.656293613801273,-8.017053644073922,-12.294531973665302,-11.780691993356443,-14.610810409945074,-15.448822205162996,-10.690112983665705,-13.221993374609289,20.442825987478745,0.0059580013627635,0.000563739620168,0.576842620301556,74937.02061059784,1567025.3064272536,0.0843090749476147,0.9625615973778746,0.005958002599400231,0.005958002627201244,-1.2366367313845772e-09,-1.2644377437448506e-09
285,-1.3908901598899392,-6.02523376953099,-7.084970999107643,-12.982396557127547,-15.095954062456023,-11.84807031765828,-14.640497469680469,-15.133843756692784,-12.520289072729453,21.23894639473944,0.005958000630343,0.0005562018059417,0.5846600572456758,74937.01139854695,1546072.4671638114,0.0843090749476147,0.9659768460298668,0.005958000238202339,0.0059580002169892935,3.921406610887801e-10,4.1335370629808077e-10
286,-1.3491614320518144,-7.586205506727315,-6.769091527013353,-10.812807839932775,-11.489335608175244,-12.10047567136118,-12.715385913476744,-11.06622266310761,-13.353401582104432,19.566663126256632,0.005958003020324,0.0005575550905454,0.5832413350445041,74937.04145863694,1549834.1882580393,0.0843090749476147,0.9643182140346512,0.005958003662888041,0.0059580035730911005,-6.42564041038185e-10,-5.527671003216494e-10
287,-1.2136521204057007,-7.510342162876377,-6.084764235017037,-13.762491646636745,-14.188472943229725,-12.316966666547234,-14.043531866748758,-12.127727567342529,-13.777176502981089,20.831197204977748,0.0059580003647132,0.0005584351003351,0.5823218450266718,74937.00805757692,1552280.3487922363,0.0843090749476147,0.963492993329686,0.0059580003385455325,0.005958000351718006,2.616766785895619e-11,1.2995194330345239e-11
288,-1.3508338785400549,-5.688919428440055,-8.857147009165592,-11.402345867289991,-16.29074678823723,-13.422463650564724,-14.537433313495333,-14.083786625126324,-13.167254199703962,21.15503812600365,0.0059580008183044,0.0005570755821435,0.5837430422623223,74937.01376263936,1548501.3002125106,0.0843090749476147,0.9653211965260172,0.0059580009139031135,0.005958000964398265,-9.559871384096086e-11,-1.460938653038979e-10
289,-1.1794845315439346,-5.654237428081885,-7.84574781244478,-13.856485896193176,-13.547139391766509,-12.70561581337584,-15.982428343469683,-15.63130975518148,-11.167445767307212,21.49454856120446,0.0059580002690488,0.0005615358433157,0.5791063099420555,74937.00685435405,1560899.4746180442,0.0843090749476147,0.9653973520611752,0.005958000314337361,0.0059580003043901006,-4.528856022839589e-11,-3.5341300198832304e-11
290,-0.9868701796344724,-7.280104703364106,-6.701862246177786,-12.493338005886812,-14.018465910131193,-15.32455503454224,-14.490282122397286,-14.04127837807007,-11.00860781273316,20.865964406811848,0.0059580008903393,0.0005623468364756,0.5782712374200488,74937.01466866184,1563153.7898364128,0.0843090749476147,0.9644028492122536,0.005958000566045927,0.005958000513919895,3.242933734048936e-10,3.7641940519445027e-10
291,-1.2631821148072997,-7.972034047583471,-7.075919142104905,-12.685359050865124,-16.059635932426826,-12.610498410754984,-12.848471857663236,-11.235472739484894,-12.681793055518108,20.626086438162325,0.0059580011858059,0.0005681419011267,0.5723728958083945,74937.01838490639,1579262.313409532,0.0843090749476147,0.9616700244276584,0.005958001027223014,0.0059580009710160815,1.5858288640591134e-10,2.1478981874351044e-10
292,-1.2555599288184287,-7.258387202911827,-8.647202747933282,-13.13355399049213,-12.476109926122737,-12.154100806123004,-16.211275995664707,-10.836039387085354,-12.029787985420295,20.67781002075724,0.0059580008349478,0.0005691597649412,0.5713492352831336,74937.01397197333,1582091.6663569212,0.0843090749476147,0.961426404555896,0.005958001820531086,0.005958001842781173,-9.855832859909097e-10,-1.007833373180278e-09
293,-1.1119909840397124,-6.772388392187141,-6.406740960832018,-10.466616515295954,-16.00001907955189,-15.061611139191202,-15.584623164945118,-12.04745148530418,-10.261368123740528,20.196980966483896,0.0059580008489409,0.0005750356186135,0.5655110519637112,74937.01414797244,1598424.758926429,0.0843090749476147,0.9633857547078036,0.005958000610107693,0.005958000543679894,2.3883320668383057e-10,3.052610057091565e-10
294,-1.4669494822275029,-7.047817172612808,-7.092148748572335,-11.880000058209117,-15.260842838212051,-15.54697137153146,-14.54460829330937,-14.573568372930469,-9.510227719608858,20.903828249846853,0.0059580001944332,0.000570969877036,0.5695378286890802,74937.00591587265,1587123.2294376462,0.0843090749476147,0.9641977368518512,0.005958000340531964,0.005958000267951277,-1.4609876416299405e-10,-7.351807704281121e-11
295,-1.1903274349730617,-7.5663514572599,-8.492123502839643,-10.749060467251963,-11.924256759629255,-16.329714270649575,-13.138953378133698,-12.396765690565127,-9.992241601381137,20.05563794874767,0.00595800595676,0.0005689857981645,0.5715246616464518,74937.07839178774,1581608.091437303,0.0843090749476147,0.9627612124682235,0.005958003992835098,0.005958003800264547,1.9639249020445004e-09,2.156495452695917e-09
296,-1.162086029453934,-7.915681829745825,-7.512637246329075,-11.073271677621769,-13.848625461241056,-14.562249611932842,-16.81772834773977,-13.113920381996056,-12.726465756341838,20.815540170362016,0.0059580005568678,0.0005620687403248,0.578557301547556,74937.0104744093,1562380.7668125287,0.0843090749476147,0.9651847189417764,0.005958001386840417,0.005958001384841963,-8.299726175428623e-10,-8.27974163189471e-10
297,-1.410930936142237,-7.032459308844123,-7.899717068802545,-13.471553182647147,-13.785474600198697,-16.19402042003321,-17.44821924587598,-10.574380807813435,-11.498616883087962,21.000460466561083,0.0059580005200966,0.0005777745354737,0.5628302230549186,74937.0100119189,1606038.1177868613,0.0843090749476147,0.9609534299949848,0.005958000332723626,0.005958000360807792,1.8737297390741814e-10,1.5928880783833144e-10
298,-1.3905080826552576,-7.791877306785487,-6.383119490547925,-14.67543619679402,-16.351112124844164,-16.67745492269468,-16.036079459689034,-13.31827352359024,-11.95736339653871,21.81655632488785,0.0059580000994754,0.0005715417740281,0.568967923285581,74937.00472153739,1588712.9297660424,0.0843090749476147,0.9625506288639948,0.005958001188468288,0.005958001165205359,-1.0889928880528088e-09,-1.0657299591432245e-09
299,-1.160173759082522,-7.642720259351653,-7.868472532982296,-11.645405755635158,-12.858921733498253,-11.97232035618486,-12.247943943497065,-15.384629419535456,-10.786881886876207,20.57819630277921,0.0059580014465937,0.0005600196970828,0.5806743016767131,74937.02166497606,1556685.0475488063,0.0843090749476147,0.9656440443878256,0.005958002400950954,0.005958002521863244,-9.54357254681626e-10,-1.075269544410784e-09
300,-1.2441158016544602,-8.170060779449434,-7.1085042079851055,-14.67890088159655,-13.538990434490868,-14.073778812254456,-17.353209747636114,-15.363198316972966,-11.07650268675863,21.910119168771207,0.005958000131491,0.0005673779190116,0.5731434515945644,74937.00512421495,1577138.6746494728,0.0843090749476147,0.9644515197091664,0.005957999952207007,0.005957999928417424,1.792839930334078e-10,2.0307357618404298e-10
301,-1.4589494330443389,-6.850858640155709,-6.151000001862025,-12.902816373457782,-12.929934248830207,-11.873473691373688,-16.387606484327303,-10.72956706276704,-11.364691900471064,20.225322671540525,0.0059580001556307,0.0005694160373228,0.5710919951711911,74937.00542783306,1582804.0259161724,0.0843090749476147,0.9621124615882536,0.005958000668959861,0.005958000598948784,-5.133291612960389e-10,-4.4331808449898924e-10
302,-1.253774129726026,-6.443028960113726,-6.754154840965134,-13.681946685835968,-16.37988892278812,-13.07106702867474,-15.05013617522784,-13.834928391310552,-10.113079006699405,21.22244482937835,0.0059580002371642,0.000571872724386,0.5686386736864978,74937.00645332428,1589632.8714687054,0.0843090749476147,0.9628634119039224,0.005958000748706044,0.0059580007573257045,-5.115418436063557e-10,-5.201615041472429e-10
303,-1.3704689866616269,-6.047947741610171,-6.49077263018874,-10.847764395019732,-13.890806524932271,-13.945435886527218,-12.874629707151428,-11.596835752211517,-10.731304830491132,19.694161632504112,0.0059580008295229,0.0005643594751856,0.5762089772693572,74937.01390374133,1568748.315532961,0.0843090749476147,0.9631259257647452,0.005958000968436714,0.005958001007961653,-1.3891381447916906e-10,-1.784387533565468e-10
304,-1.0927656191769115,-8.16241847916114,-7.61622164397297,-11.428696686965978,-11.860984940288896,-14.0296640722038,-16.11479021769477,-14.103598199299428,-11.581558086215278,20.70683223153389,0.0059580052773453,0.0005632683988826,0.5773257665418973,74937.06984642067,1565715.4540542166,0.0843090749476147,0.9654988184579858,0.005958002800090989,0.005958002823672758,2.4772543114059964e-09,2.453672542056251e-09
305,-1.425122654684595,-6.9902542975858974,-6.369787351016711,-13.781550978532993,-16.619527588814435,-16.258690340894937,-15.280350235374115,-15.728499103681614,-13.308629299754784,21.987738468229978,0.0059580000395187,0.000559596491864,0.5811132415213015,74937.00396742954,1555508.665290286,0.0843090749476147,0.9661820603053834,0.005958000641036557,0.005958000772665305,-6.015178572252311e-10,-7.331466050572444e-10
306,-1.4572505592916218,-6.277469544427347,-8.853722979749202,-13.687497653840158,-11.33331182560898,-15.72514110930908,-12.94915121972737,-11.206370692382723,-9.547485806337058,20.36871620885088,0.005958000920081,0.0005789355138108,0.5617015983048627,74937.0150427395,1609265.2857369964,0.0843090749476147,0.9600444725563648,0.005958000857740357,0.005958000828480187,6.23406430644291e-11,9.160081287235e-11
307,-1.4703129911165218,-6.430239738982451,-7.112874441392292,-13.749745118529807,-11.326735538751612,-11.983457519444364,-14.150335527546618,-12.655946449514456,-10.069631200603258,20.3874964643456,0.0059580010520122,0.000568174666635,0.572339868917666,74937.01670210985,1579353.3915933454,0.0843090749476147,0.9623465569402448,0.005958000512489916,0.005958000530050476,5.395222844872816e-10,5.219617238427787e-10
308,-1.31027367806155,-7.407817002233193,-8.202992324640668,-11.148209805701018,-13.874970860384243,-16.567910836986417,-17.140221756723392,-14.845147105688572,-11.087838878993152,21.18783347472589,0.0059580004321569,0.0005685325347656,0.5719795149639376,74937.0089058536,1580348.1565468698,0.0843090749476147,0.96569346150654,0.0059580007536575745,0.005958000756737277,-3.2150067417330286e-10,-3.2458037646510007e-10
309,-1.0506383060329416,-5.63740413227533,-8.663567201289242,-12.002606171543356,-14.97058028785462,-16.42535559928655,-17.438437408407086,-11.20979698439569,-10.274368978636105,20.79629393783133,0.0059580009001178,0.0005804323727053,0.5602530408029113,74937.01479165161,1613426.0998502525,0.0843090749476147,0.961552555504634,0.00595800127130316,0.005958001273915994,-3.711853593588166e-10,-3.737981937868007e-10
310,-1.0725854174229963,-8.185063079315949,-6.551168738850722,-11.619415084592369,-12.784908975638464,-14.460654995245063,-12.732828214740517,-15.491348288636525,-11.351386452732315,20.6215301877419,0.0059580002322529,0.0005592615360874,0.5814613130472918,74937.00639155197,1554577.5897376218,0.0843090749476147,0.9665879090842988,0.005958001771818984,0.005958001733616795,-1.5395660839939707e-09,-1.5013638951857922e-09
311,-1.1460736222909322,-7.470550744334658,-7.914641583938563,-10.159081465112164,-15.417212315827012,-16.029615231038807,-14.065695649843578,-11.630132684410512,-12.550362816001996,20.3378338822607,0.0059580006535154,0.0005665177174167,0.57401378915742,74937.01168999974,1574747.57489411,0.0843090749476147,0.9634974432268264,0.005958001971083894,0.0059580020692970624,-1.3175684935445853e-09,-1.4157816620452568e-09
312,-1.1632775172642624,-8.231567530502678,-8.961822573782174,-11.21642142104246,-12.174069251966635,-14.366533979793449,-12.73488573486701,-15.117507978965849,-9.822681368708242,20.639118371622097,0.0059580072205341,0.0005656613430823,0.5748837590196866,74937.0942869622,1572367.1137632818,0.0843090749476147,0.9646626070898476,0.00595800427401373,0.005958004343854481,2.9465203697093267e-09,2.876679619338851e-09
313,-1.421187216798474,-6.809921059607898,-7.258676165791628,-12.525056902642794,-14.616629493123106,-14.083085445285636,-13.387438500363242,-10.696114900142693,-12.62534982912296,20.39532511638885,0.0059580005159345,0.0005657961694866,0.5747457969367448,74937.00995956956,1572741.8903090649,0.0843090749476147,0.9617641012266428,0.005958000743458304,0.005958000762863543,-2.2752380448437526e-10,-2.4692904318501796e-10
314,-1.0911567946822065,-8.3478778382209,-7.908855741844462,-11.777670888266954,-12.020961457287209,-15.270916216960575,-13.311411289317697,-15.557469199715278,-12.483799871646738,20.97766181467711,0.0059580031748765,0.0005573947126986,0.583409172378887,74937.04340252791,1549388.3864452527,0.0843090749476147,0.9667360656001014,0.005958003031106347,0.005958003117034947,1.437701537682079e-10,5.784155359539467e-11
315,-1.0374964422680046,-5.834196670854421,-8.756131774771816,-11.803478794619952,-11.236258807862296,-13.497604012200114,-14.286833521702675,-13.017381723851926,-13.343872842773967,20.474306702434696,0.0059580054073986,0.0005547962298566,0.5861419982706848,74937.07148217167,1542165.3915980908,0.0843090749476147,0.9652080138117708,0.005958004583848593,0.005958004663157335,8.235500068357049e-10,7.442412649702468e-10
316,-1.1654602192157109,-5.6187258594270535,-8.057950032640344,-14.20835812681178,-12.972691306451798,-12.914794259882497,-16.494158622795435,-11.65939694926271,-12.305564319409347,21.008524760564857,0.0059580004151676,0.0005657763348329,0.5747659314552168,74937.00869216911,1572686.7559823547,0.0843090749476147,0.9621214179550596,0.005958000479371879,0.0059580004603982896,-6.420427904607617e-11,-4.5230689853237305e-11
317,-1.385769519111239,-5.9768974237698185,-7.587932550371049,-14.770758595863366,-11.399483810675754,-11.803847996665432,-13.25724476696265,-14.407618680263202,-11.95267460309384,21.02272233360312,0.0059580016446291,0.0005605175375339,0.580158587316839,74937.02415577507,1558068.8931355604,0.0843090749476147,0.9640523614330004,0.0059580004248546885,0.005958000416930986,1.2197744116843046e-09,1.227698114177056e-09
318,-1.4062149258764012,-7.701512702478494,-6.145772349978622,-13.705192344443937,-13.36966352685432,-16.868201112299893,-13.239975228730197,-11.070614087995724,-9.320808151276218,20.36369733676603,0.0059580003386105,0.000582627969067,0.558141684029596,74937.00772926914,1619529.1923745584,0.0843090749476147,0.9602293828195764,0.0059579995928437145,0.005957999494696058,7.457667851318295e-10,8.439144418004307e-10
319,-1.300188159694363,-7.483137324801495,-6.936328915640377,-14.45227592649639,-12.215372310828272,-12.864999538454306,-13.401733953804396,-13.80465562695396,-13.021729354334957,21.092805125523284,0.0059580012998433,0.0005572301071408,0.5835812357354025,74937.01981921622,1548930.8328774646,0.0843090749476147,0.9640721730090372,0.005958000413682433,0.005958000411780159,8.861608669086252e-10,8.880631403862527e-10
320,-1.1201506028559158,-7.163794244012717,-7.037650315034723,-14.434972658573315,-11.264124422078298,-16.488243508003602,-13.825926209273977,-15.20779666399881,-12.30730227698603,21.354811172742792,0.0059580011967302,0.000558563076679,0.5821885470944133,74937.0185223063,1552636.0842456864,0.0843090749476147,0.9652390844819382,0.0059580005830789555,0.005958000562163462,6.13651244402158e-10,6.345667376977948e-10
321,-1.4209358198627149,-5.776866431541539,-8.531365304873283,-11.43938281492989,-12.993608932888066,-16.045921069343283,-14.73461865279652,-15.538885208619352,-10.490549108678737,20.93263743396149,0.005958001051669,0.000563443363534,0.5771458770167899,74937.01669779322,1566201.8027633005,0.0843090749476147,0.9660313103448892,0.0059580016812359705,0.005958001606719487,-6.295669706044005e-10,-5.550504873427786e-10
322,-1.3331052072519989,-6.216050286276155,-6.758299615210374,-13.08758562079322,-13.18894148838535,-14.623361557802388,-12.632369887451205,-12.917452682356313,-9.704169230237074,20.36291957517544,0.005958000161277,0.0005673472239831,0.5731744645129434,74937.00549884992,1577053.351772282,0.0843090749476147,0.9624125293027344,0.00595800017580754,0.005958000228829029,-1.4530539965695866e-11,-6.755202907465785e-11
323,-1.4397452755898763,-6.177399596490032,-6.376878070949232,-11.156820171021344,-11.52043204690689,-13.75639152944201,-14.467381528678144,-11.382752765746265,-9.20682618548241,19.481710702203312,0.005958000557233,0.0005700528324608,0.5704540968820149,74937.01047900318,1584574.123423176,0.0843090749476147,0.9626926482785524,0.0059580012875516935,0.005958001364044973,-7.303186935411765e-10,-8.068119731335921e-10
324,-1.1348121698583933,-7.112080472921918,-8.100848802060197,-10.420199860291074,-11.891235925504674,-14.2810314896751,-12.67198396599214,-11.759764492891502,-12.116756465909644,19.79674685014972,0.0059580060602945,0.0005596705208794,0.5810372569615391,74937.07969399789,1555714.4435192067,0.0843090749476147,0.9637874248728292,0.005958004749276815,0.005958004621827481,1.3110176850378297e-09,1.4384670191103233e-09
325,-1.299678053292471,-8.271793023550646,-8.328956258025135,-14.661200889333749,-12.788554299421802,-11.727641625858748,-13.854385609211104,-11.580819740954356,-11.005637978919546,20.922958302349432,0.0059580006728979,0.0005751488609398,0.5653996821877595,74937.01193378308,1598739.5382762137,0.0843090749476147,0.9601930292416102,0.005958000312377439,0.005958000326775175,3.6052046157447615e-10,3.4612272509920716e-10
326,-1.2808210883360285,-7.702803496144365,-6.311999629863742,-12.249632006216462,-14.265352023041212,-14.69158751089696,-16.805513469993826,-13.454926677835063,-9.83912838659942,20.80946011135247,0.0059580003704878,0.0005729005645051,0.5676184988724589,74937.00813020738,1592489.9555195868,0.0843090749476147,0.963761629568682,0.005958000457218251,0.005958000509185013,-8.673045094609311e-11,-1.3869721343651165e-10
327,-1.07961204098828,-6.857743677361307,-7.32276752149995,-14.25952213893731,-11.61827802044613,-14.57141232971642,-13.270677001175503,-11.220587353145618,-10.114974214668177,20.38042452515733,0.0059580009976735,0.00057507724419,0.5654701399870503,74937.01601866193,1598540.465414819,0.0843090749476147,0.9604701374606998,0.005957999793597511,0.005957999758438654,1.2040759890877273e-09,1.2392348458165059e-09
328,-1.119833486640924,-8.06607934000255,-6.56946210841595,-10.127801281990427,-11.575213802065974,-12.192787733949164,-16.483784358714328,-15.54208544556874,-12.161886383955604,20.394599087729887,0.0059580007740494,0.0005672746336699,0.5732478982244187,74937.01320602039,1576851.5726995706,0.0843090749476147,0.968961038923344,0.005958002961944205,0.005958002784874957,-2.187894805431856e-09,-2.0108255572789946e-09
329,-1.109250394940673,-6.384399253262548,-6.3801131039207135,-12.1013608612875,-14.495249787086568,-15.317034128264837,-12.119619013427684,-12.764173012967062,-11.922733703042226,20.3426588247696,0.0059580008373675,0.0005607585207528,0.5799091491550203,74937.01400240665,1558738.7534557793,0.0843090749476147,0.963778618093196,0.0059580006325366435,0.005958000758554849,2.0483085626937791e-10,7.881265084996869e-11
330,-1.4693505692521067,-6.565880461560443,-7.793137742975155,-13.980835161670855,-11.875605721475694,-14.456706114619278,-15.898858585544511,-13.190954951597345,-12.2548216317723,21.148175234903785,0.0059580010858882,0.0005613801916519,0.5792669955823757,74937.017128187,1560466.8101619612,0.0843090749476147,0.9635397390446164,0.0059580007745445585,0.005958000883456604,3.1134364184004504e-10,2.024315966589474e-10
331,-1.0812854068254951,-5.961651232297472,-7.113266324022945,-12.742558567849066,-13.64588196046208,-11.620168435838744,-15.442126788235692,-10.865474402484825,-13.123147101164284,20.387667655883376,0.0059580007502262,0.0005610278839131,0.5796307079226858,74937.01290638326,1559487.501412562,0.0843090749476147,0.96286104840697,0.005958000884209393,0.005958000868797129,-1.3398319259616542e-10,-1.185709282494618e-10
332,-1.375847274574677,-6.456469365976456,-6.49799777720201,-10.762035788817876,-16.085662226727028,-16.791091759602896,-12.317887611705126,-12.41344026696735,-10.321362441454715,20.117861267005747,0.0059580009178051,0.0005728339009433,0.5676846337152047,74937.0150141149,1592304.651019597,0.0843090749476147,0.9629769489765236,0.005958000606831163,0.005958000521649852,3.109739367054831e-10,3.9615524749514464e-10
333,-1.098429443178736,-7.043338907803291,-6.162222951538389,-12.776870045380306,-16.43612300730069,-14.191486478599488,-13.849725739376412,-15.260448422160886,-10.231906761950276,21.14667891146887,0.0059580004813547,0.0005679586888882,0.5725574304371214,74937.00952464007,1578753.0389080471,0.0843090749476147,0.9647724917955623,0.005958000709231787,0.0059580008483466175,-2.278770869917901e-10,-3.669919177579084e-10
334,-1.3899516814324606,-5.720947065075984,-8.54129268901787,-13.858748176218771,-16.233392339611623,-14.33799763021939,-15.929366388301927,-13.799503029564589,-13.316481161019231,21.83964060759669,0.0059580003759159,0.0005590927999918,0.5816368210728896,74937.00819847983,1554108.5545261956,0.0843090749476147,0.9638130049929384,0.005958000306780462,0.005958000110588556,6.913543782599563e-11,2.6532734342943343e-10
335,-1.157083136364672,-6.733174385943845,-9.094604530433648,-14.004284565743587,-14.964012705307333,-17.322340082348717,-11.966570204929322,-14.928403222246054,-9.773340793921056,21.55910650463827,0.0059580003625303,0.0005721419160159,0.5683711482643474,74937.00803012164,1590381.1426229514,0.0843090749476147,0.9622280147875756,0.005958000269403074,0.005958000320730449,9.312722554916109e-11,4.179985090696503e-11
336,-1.3790044003516793,-7.6892317178722145,-7.940946804708906,-10.550175621725748,-13.210198266276109,-14.974226492888418,-16.515472642021557,-12.900292000414964,-13.677112680394078,20.689812975319622,0.0059580015815051,0.0005602189283008,0.5804678156097074,74937.02336183016,1557238.8499592352,0.0843090749476147,0.9658464645879178,0.0059580023686389245,0.005958002438249368,-7.871338242662618e-10,-8.567442675438963e-10
337,-1.241639282102467,-8.00872695723832,-6.952780671411789,-13.927983410344067,-11.217803538490482,-15.55507238726554,-14.267375365842742,-13.69121016762168,-10.911783949502222,20.91978566606767,0.0059580011003177,0.0005653088300589,0.5752413563841073,74937.01730967445,1571387.2343850336,0.0843090749476147,0.9632910372960952,0.005958000826998404,0.005958000782359767,2.7331929601526195e-10,3.1795793341976575e-10
338,-1.205210605375898,-5.609435598199662,-7.474950445450908,-11.74637593126288,-13.86194989808324,-16.04870265590604,-14.558525238410311,-13.01356245902191,-12.525625844882462,20.641580082983,0.0059580015663086,0.0005581035736539,0.582667934198718,74937.02317069571,1551358.8050853529,0.0843090749476147,0.9647212605436004,0.005958001164236929,0.005958001168659653,4.0207167109618247e-10,3.9764894675664575e-10
339,-1.0151841221579088,-6.036643653397489,-9.044076264705948,-9.94168924867985,-15.087153214539269,-12.709186899815997,-11.891210826017518,-10.700576501107776,-12.953339083201431,19.82319123633244,0.0059580023364716,0.0005633090661689,0.5772836599186002,74937.03285745396,1565828.4967864198,0.0843090749476147,0.9627921045762065,0.005958004264052363,0.005958004629785085,-1.9275807625410146e-09,-2.2933134844263514e-09
340,-1.328177995997866,-6.467669936749799,-6.215270782643065,-14.552288077361554,-13.420025551033977,-17.064344133118784,-17.149438251374804,-12.218489106675271,-11.0107207684911,21.18618970079126,0.0059580001779644,0.0005744416904552,0.5660956509057713,74937.00570873568,1596773.8186324611,0.0843090749476147,0.9622169572146558,0.005958000146224984,0.005958000070081195,3.173941578310524e-11,1.0788320497362447e-10
341,-1.4424450537177949,-6.764304010096801,-7.340842625377208,-13.510610539050395,-15.360134494090738,-15.561049031668574,-14.31875468833922,-12.06000032940193,-11.74778274213549,21.049434209230803,0.0059580002973157,0.0005689116649347,0.5715983209349043,74937.00720988143,1581402.0235239773,0.0843090749476147,0.961823535838332,0.005958000457642581,0.0059580004473403355,-1.603268811115055e-10,-1.500246359434354e-10
342,-1.172054320732518,-8.079646662411191,-6.406561444772777,-13.55984493612064,-12.824029283479208,-14.042131675505798,-16.504288249951514,-15.766970972824854,-12.57320520496036,21.54150277924796,0.0059580001193355,0.0005597871993267,0.5809152804079656,74937.00497132786,1556038.7742439266,0.0843090749476147,0.9667486039721294,0.005958000340324951,0.005958000257643109,-2.2098945156451277e-10,-1.383076092889568e-10
343,-1.0444197667210646,-7.723132615738322,-8.970508479613194,-11.078231350919404,-16.091386167978218,-14.16325685588408,-17.142466938888273,-12.311154966995767,-11.02897209765607,21.018382309701938,0.0059580016487349,0.0005739581595785,0.5665727678074832,74937.02420741499,1595429.7493262924,0.0843090749476147,0.9626559352605096,0.005958001505198288,0.005958001528636144,1.4353661228344583e-10,1.2009875646062929e-10
344,-1.3262975890879,-7.625942257963576,-7.273645336086,-12.105160813191056,-11.67590997062767,-16.74711725829304,-14.057932718792138,-11.274028919992524,-9.285209189044096,20.042490822923384,0.0059580009000867,0.0005769512035412,0.563633457717173,74937.01479126076,1603749.504520005,0.0843090749476147,0.9612903619682276,0.00595800112820843,0.005958001008233707,-2.2812172983943668e-10,-1.0814700697470148e-10
345,-1.3385065562599086,-6.677804044941631,-8.28533065363037,-14.533899753260664,-13.66943353212333,-14.615294762610509,-17.020573549958073,-14.500888614538448,-11.719974175045888,21.85403572503549,0.0059580000626278,0.0005637705288118,0.5768108061774159,74937.0042580846,1567111.22309022,0.0843090749476147,0.9637675990575764,0.005957999916098036,0.005957999945324597,1.4652976401685613e-10,1.1730320360892055e-10
346,-1.2476323006641818,-6.148002075207181,-7.741675983389697,-10.828941129532154,-12.40085032274591,-15.835182182752488,-16.42365612386985,-12.425717469787232,-10.535509832051552,20.2393241662934,0.0059580015712118,0.0005689865579309,0.5715232674631076,74937.02323236593,1581610.2033575885,0.0843090749476147,0.96394630274917,0.005958002158756486,0.005958002232806589,-5.875446856470901e-10,-6.615947885021956e-10
347,-1.1905050195339124,-5.847317630051158,-6.091529791496789,-11.751453120919283,-15.075470462618204,-17.135598495972594,-16.0734649166903,-15.756397475636495,-13.050961877438716,21.26248886619033,0.0059580003832597,0.0005615631598004,0.5790781567452372,74937.00829084593,1560975.406167368,0.0843090749476147,0.968304734580976,0.005957999818300703,0.005957999560991449,5.649589971193358e-10,8.222682508843282e-10
348,-1.0035457280368787,-7.604535444789505,-8.621784599424817,-14.142088094272008,-12.44877931020422,-11.839430912353086,-11.806720549819016,-13.359526740441192,-12.815372542220247,20.993282539720663,0.0059580008696163,0.0005603927030998,0.5802877116219308,74937.01440801755,1557721.8912390815,0.0843090749476147,0.9627706057218668,0.005958001547252024,0.005958001591426202,-6.776357244428488e-10,-7.218099026470859e-10
349,-1.1441701858814168,-5.814433882932562,-8.768121595218311,-13.320119723285265,-14.859602446375812,-16.614774203090576,-13.130097460972255,-11.247394062254582,-9.959697676555168,20.72337981189683,0.0059580003241587,0.0005806505003984,0.5600424944290484,74937.00754750124,1614032.428735077,0.0843090749476147,0.9600244730501544,0.005958000539522219,0.0059580006189140855,-2.1536351955259159e-10,-2.9475538589757155e-10
350,-1.2162665638846504,-6.363604445962613,-8.768640514001408,-10.63292270979608,-15.639674910486148,-14.744014382483916,-15.465623367121694,-15.158506267040591,-13.67392272176067,21.269601719372524,0.0059580001845851,0.0005572966042825,0.5835114384491208,74937.00579200835,1549115.6747796435,0.0843090749476147,0.9674512203516704,0.005958000679494191,0.005958000697241287,-4.949090902719999e-10,-5.126561865992363e-10
351,-1.3810442028557413,-6.319836348713727,-8.858524449697214,-11.42158575470786,-11.997282954846442,-14.008788755513006,-15.195480800509507,-15.80583025085362,-11.543506860386117,20.97699397895053,0.0059580042535689,0.00056071995666,0.5799495318015464,74937.05696982855,1558631.55696446,0.0843090749476147,0.9669534940402612,0.005958002938339154,0.005958002805820227,1.3152297454258055e-09,1.4477486726810485e-09
352,-1.184812777276341,-7.752009229592279,-6.906841980384629,-14.531362151067349,-13.077713208956474,-12.275566326129576,-14.019225926865175,-12.102013944240037,-13.22543368818086,20.97753219490647,0.0059580001027336,0.0005615337752334,0.5791084184941606,74937.00476251697,1560893.725975984,0.0843090749476147,0.9624553367633066,0.005958000085264483,0.005958000016147477,1.746911729855194e-11,8.658612282025357e-11
353,-1.1825408531107169,-6.085652163082073,-7.319227672070987,-14.732739801808016,-15.090637603159642,-14.15517545077006,-17.390085081691968,-14.99530607935174,-11.66529411288197,21.96475101498901,0.0059579999855182,0.0005644619232931,0.576104274691994,74937.0032882348,1569033.090225577,0.0843090749476147,0.9644206679616256,0.005958000176303635,0.005958000327185605,-1.9078543432582418e-10,-3.416674044381951e-10
354,-1.1006937108594332,-5.768378082888392,-8.414568967013182,-10.907364427052164,-13.2632334379559,-16.52644047307012,-16.443830733404774,-14.6943923086532,-10.97348525337744,20.86677146788178,0.0059580016013435,0.0005658239730956,0.5747177119750706,74937.02361134862,1572819.1759162971,0.0843090749476147,0.965961849999704,0.005958001839167403,0.00595800172868559,-2.3782390293214384e-10,-1.2734208999776175e-10
355,-1.2872508446828663,-8.299686519812216,-7.0890332410403065,-11.938222146862492,-12.579999742155794,-11.927107613195316,-14.657429805874592,-11.145287794529162,-11.579690118206036,20.119173255259387,0.0059580017370963,0.0005654852774965,0.5750619569653971,74937.0253187848,1571877.7047903694,0.0843090749476147,0.962349984592887,0.0059580022265764065,0.005958002269616666,-4.894801066204768e-10,-5.325203663447686e-10
356,-1.3963914611726362,-5.9531536842828405,-7.22994665454886,-12.063861130185243,-13.407301843399312,-13.6401107573912,-16.85133870720343,-13.476980035951078,-13.063193603019348,20.879714386584624,0.0059580009136557,0.0005577499513355,0.5830372591127848,74937.01496192491,1550375.8422030895,0.0843090749476147,0.9657390766824092,0.005958000975734376,0.005958000953327278,-6.207867553342794e-11,-3.967157765488727e-11
357,-1.0378563467074355,-6.534258885519697,-8.762485482227094,-13.73582455065614,-13.089965250664054,-12.831875571479696,-12.36194956417172,-15.66233135493077,-11.22121849225518,21.28218306575713,0.0059580006061063,0.0005594253851787,0.5812910646053235,74937.01109370888,1555033.0405578036,0.0843090749476147,0.9645549072734666,0.005958001034375827,0.005958000913042848,-4.282695266130676e-10,-3.0693654735902687e-10
358,-1.2968111924654888,-7.993400132027333,-6.827681818828857,-11.503666360740269,-16.7252482254561,-15.28891090111334,-13.359160031215875,-12.091924008212974,-10.08276730135233,20.4934700358347,0.0059580010521152,0.0005777443547801,0.5628597000422987,74937.01670340572,1605954.2246046816,0.0843090749476147,0.9618182181305563,0.0059580010772869625,0.005958001050161665,-2.5171762244036167e-11,1.9535354237043556e-12
359,-1.1512209418938082,-7.573177599530395,-7.827318731699025,-10.879875349756974,-12.085079966581116,-12.56917308091393,-16.209017841900703,-15.11263647073225,-11.238810505142268,20.66603030987588,0.0059580049084439,0.0005646165774057,0.5759471878169244,74937.0652065473,1569462.981791688,0.0843090749476147,0.9667596184942278,0.005958002849999632,0.00595800280312174,2.0584442683366233e-09,2.1053221605296657e-09
360,-1.3530275822982143,-8.254596516160529,-7.762071496622402,-13.97072570586652,-12.420909539124198,-16.267677372926514,-16.796990665437335,-12.913177739414293,-13.29704078539448,21.51987599642066,0.0059580003819754,0.0005623052843116,0.5783138953890634,74937.00827469242,1563038.287412495,0.0843090749476147,0.9634712258455724,0.005958000443784782,0.0059580003410706385,-6.180938226518773e-11,4.0904761348936614e-11
361,-1.330588969609514,-7.432198774480401,-6.461069446406783,-13.859910814517397,-14.667988159072316,-14.830197471328372,-16.75925958586806,-14.321477034040416,-10.000122673840496,21.41629946317888,0.0059580002921687,0.0005719652696379,0.5685466745584536,74937.00714514471,1589890.1192238033,0.0843090749476147,0.9635998204296232,0.005958000429348815,0.005958000376293913,-1.3718011535740482e-10,-8.412521373957205e-11
362,-1.3769782530836832,-6.794316074479576,-8.276682367717617,-12.661889173371664,-15.59743526373678,-14.424097826745044,-13.028116467383327,-12.078267788534257,-13.699510121523558,20.98280585233472,0.0059580007996103,0.0005606332322829,0.5800387398296246,74937.01352751367,1558390.4894773455,0.0843090749476147,0.962821932005628,0.0059580009252814935,0.005958000925333314,-1.2567119393736004e-10,-1.2572301446439615e-10
363,-1.3191910678705632,-5.701519907325151,-7.875740244419159,-11.213049407403304,-15.557240114535457,-16.699798769483454,-16.065231636467058,-15.082922129637003,-11.334834191465086,21.18819913926474,0.0059580005451844,0.0005658916367076,0.5746488402302858,74937.01032746187,1573007.260252695,0.0843090749476147,0.9660782616072024,0.0059580002562517114,0.0059580002394818725,2.88932688538579e-10,3.057025275282621e-10
364,-1.3854137991782582,-5.903522449817251,-7.240628512489181,-14.65688041261136,-13.779954197859688,-15.9199743985715,-15.249834145318664,-11.287858873870531,-9.551485565548829,20.86606025750165,0.0059580002500233,0.0005834482732557,0.5573569474299898,74937.00661505948,1621809.3894314645,0.0843090749476147,0.9602300384334368,0.005957999681323517,0.005957999536185301,5.686997834458696e-10,7.13837999127831e-10
365,-1.2505369332882317,-7.335971501870996,-6.366174921735734,-10.942359986256644,-13.010661016852303,-16.493327132810947,-11.89516775180896,-12.962648766842136,-12.261738672461842,20.05222828507035,0.0059580009709273,0.0005593820941802,0.5813361045500178,74937.0156822607,1554912.7047012008,0.0843090749476147,0.9649606981511456,0.00595800145269786,0.005958001538854845,-4.817705600776434e-10,-5.679275452696864e-10
366,-1.2896891278045728,-6.402124096422505,-8.805566319248102,-12.169912724781929,-14.36219624647909,-11.75464943267967,-14.488788858889729,-12.718408630245644,-13.357230601264876,20.870759265684995,0.005958001968155,0.0005562504141232,0.5846091633778278,74937.02822493525,1546207.583177994,0.0843090749476147,0.9639349788103452,0.005958001668566263,0.005958001683840244,2.9958873663110674e-10,2.843147557662906e-10
367,-1.296047797592247,-6.910011017860841,-6.098498542040103,-12.815587539514336,-15.867844072644736,-12.71607652460277,-12.95853635701184,-11.532362619285465,-11.551188659888323,20.39651804975855,0.0059580001764064,0.000569134063233,0.571374942295373,74937.00568914005,1582020.2233968335,0.0843090749476147,0.9619138607468996,0.005958000697467236,0.005958000658190732,-5.210608359715319e-10,-4.817843320473192e-10
368,-0.9972838545956452,-6.0091418534020775,-7.543687803480322,-12.829332857128254,-14.57852309836032,-14.229202898619592,-17.222104682082183,-12.97806414526207,-10.798354885042052,21.04329643567321,0.005958000247054,0.0005685666701348,0.5719451480420753,74937.00657771353,1580443.0425286023,0.0843090749476147,0.9632993501103938,0.005958000560579147,0.005958000628989289,-3.135251468167066e-10,-3.819352889511407e-10
369,-1.37429032930042,-5.583829594670366,-7.600150511912712,-11.399208012179749,-13.175356039721194,-15.337524161507485,-14.05245348608121,-11.4584216290083,-12.737428671017629,20.174323328333973,0.0059580021820574,0.0005593887671058,0.5813293470726518,74937.03091530244,1554931.2534121233,0.0843090749476147,0.963651945749738,0.005958001830549112,0.005958001605423336,3.5150828775476484e-10,5.766340642823775e-10
370,-1.342282772761476,-7.817144507188652,-8.073914844980035,-12.013102639040383,-13.24257308527828,-12.509094791368886,-13.147803019400037,-15.292217089539715,-11.850112983094396,20.9353750317556,0.0059580016195161,0.0005574101516677,0.5833927848515459,74937.02383991444,1549431.302100795,0.0843090749476147,0.9657535368983948,0.005958001909738359,0.0059580018549121195,-2.90222259419215e-10,-2.3539601951699796e-10
371,-1.3923462598290786,-5.7924533093981285,-7.470887721450029,-13.9313994048861,-14.897306324920786,-14.023295400584706,-14.87896193045754,-11.663211454968572,-12.947372377922353,21.04987788712695,0.0059580005503647,0.0005634273425443,0.5771622152480178,74937.01039261655,1566157.2692669893,0.0843090749476147,0.962200079049707,0.005958000373857806,0.00595800042368706,1.765068941700365e-10,1.266776397321201e-10
372,-1.409954109569558,-6.833862153701442,-8.42565780795801,-10.376859275737822,-14.511828586628049,-15.564103656281857,-15.990387224200092,-13.97562018653088,-10.26395613716168,20.709204822108752,0.0059580003376935,0.0005699654329558,0.5705415397848247,74937.00771773509,1584331.179284934,0.0843090749476147,0.964737466444032,0.00595800133690809,0.005958001330584033,-9.992145904094696e-10,-9.92890533679791e-10
373,-1.3249003670412844,-6.139723437821633,-8.736757827388123,-12.342876765290516,-12.532167958612227,-16.254310647149875,-14.64268085275114,-15.233740678156854,-11.708289378792651,21.1978903385406,0.0059580018634433,0.0005589448784212,0.5817909658192166,74937.02690792001,1553697.377386398,0.0843090749476147,0.9656664310364996,0.005958001831812841,0.005958001750661626,3.1630458668940875e-11,1.1278167375700088e-10
374,-1.160992229850529,-6.785543052265799,-7.620427114639963,-12.13095561844336,-15.641645245901548,-14.581741077204542,-13.41533919707637,-10.621550807772,-12.533459731137285,20.46016295617509,0.0059580012679498,0.0005691156224832,0.5713936132770953,74937.01941807506,1581968.9637006845,0.0843090749476147,0.961562422873821,0.005958000975172743,0.005958001048201519,2.927770569385868e-10,2.197482803362183e-10
375,-1.0102467350732438,-7.14654649068709,-8.515576737019895,-10.802399373442798,-13.064268864547444,-16.92683492340394,-16.21545365806795,-10.916830790334648,-13.311266671854662,20.46910379546113,0.0059580027541658,0.0005657200977132,0.5748234063003738,74937.03811102011,1572530.4338320426,0.0843090749476147,0.9634076567322772,0.005958003120743007,0.005958002979065042,-3.6657720695748575e-10,-2.2489924245833182e-10
376,-1.320386386761515,-7.621012120296254,-6.974987741756628,-12.679633665311515,-16.04481249995561,-15.08951868987383,-14.777898060155282,-13.946915108475348,-10.627280714557653,21.18804899265,0.005958000060846,0.0005690370661401,0.5714723212723425,74937.00423567367,1581750.600873057,0.0843090749476147,0.963443441028774,0.005958000550594176,0.005958000496104687,-4.897481760413047e-10,-4.352586867317765e-10
377,-1.3291878587358157,-7.596861234920356,-7.385268250748859,-12.994532988274656,-12.536072690508329,-13.73116600444168,-13.947631244896357,-15.583124392621333,-9.503540452123657,20.97677022361955,0.0059580000309325,0.0005664814570543,0.5740504416844239,74937.00385943547,1574646.782075322,0.0843090749476147,0.9647651281907864,0.005958000844066045,0.005958000893527801,-8.131335448718913e-10,-8.625953007435072e-10
378,-1.4550969725675604,-7.446386180824561,-6.935589226429641,-12.765144710389542,-13.931943154085756,-15.96924975601452,-11.884589461204111,-13.134181704376434,-9.767719172329947,20.521241661620625,0.0059580004454393,0.0005702092518717,0.5702975942541918,74937.00907291235,1585008.921983373,0.0843090749476147,0.9621958216329086,0.005958000416919895,0.0059580003832310335,2.851940471976233e-11,6.220826631597731e-11
379,-1.23627876226657,-6.521002633138432,-7.884531034175585,-12.828716894189554,-11.43781432612273,-12.291897443754657,-13.353839424569404,-12.445226142037397,-11.42101534614149,20.291965719915204,0.0059580015252107,0.0005611271985791,0.5795282313681593,74937.02265378436,1559763.5660875614,0.0843090749476147,0.9629378745689564,0.005958002046307218,0.005958002061596109,-5.21096518366071e-10,-5.363854091791631e-10
380,-1.2979289583959304,-6.403354575109725,-8.003046443072837,-11.254059795850978,-14.119079040324348,-16.312951891158438,-12.080366270052258,-15.636871279799989,-9.544655652475855,20.68755318210901,0.0059580016065872,0.0005661865923688,0.5743496296281444,74937.02367730136,1573827.1476064126,0.0843090749476147,0.965289458163026,0.005958001013031983,0.005958001115728151,5.935552171293379e-10,4.908590487198716e-10
381,-1.3573937488529588,-5.991889123089557,-7.761403050164011,-13.104344454188308,-16.474721884179544,-12.125077834389646,-17.327123824810847,-12.278319166490244,-11.522825866446642,21.21833583606292,0.0059580006312994,0.000571564533263,0.5689453436234524,74937.01141057682,1588776.193542191,0.0843090749476147,0.962448955683154,0.005958000700037378,0.005958000835044774,-6.873797798317982e-11,-2.0374537473832888e-10
382,-1.3012961168317048,-6.981936164200334,-6.249797319464147,-12.135071980220204,-13.73995514991125,-11.791419490777464,-12.336318619733222,-10.901427993978215,-13.58914137917746,19.96410713489834,0.0059580016121517,0.0005589893867301,0.581744605179879,74937.02374728858,1553821.096997182,0.0843090749476147,0.9632710907322204,0.0059580009023438634,0.005958000840118862,7.098078366393756e-10,7.720328378327257e-10
383,-1.3835057429971258,-6.06751915773691,-8.17922027509265,-14.726604010614036,-12.498716724224725,-16.404693004956016,-12.57927107323188,-10.861848810932056,-13.288661870683276,20.860645576886224,0.0059580005972581,0.0005686999395757,0.571811168532903,74937.0109824209,1580813.4911878172,0.0843090749476147,0.9609229380339452,0.005957999788605496,0.005957999762612235,8.086526040798625e-10,8.346458654426292e-10
384,-1.131294110552997,-6.358491372528011,-6.903593607354278,-11.353828942759376,-15.59484316733362,-14.429772868221104,-14.521782324673431,-14.45133588582844,-10.54499925302406,20.725114932846928,0.0059580005019995,0.000565259103524,0.5752918744115284,74937.00978430157,1571249.009687246,0.0843090749476147,0.965123380223336,0.00595800042317706,0.005958000443226213,7.882243989454363e-11,5.877328658476788e-11
385,-1.414238641053658,-8.243979810667657,-7.140390991562445,-10.524155862805785,-13.629001794334304,-11.88885182320956,-15.37608758322662,-13.00012084615517,-11.17972804468432,20.248397391488027,0.0059580030402067,0.0005644289962783,0.5761383258878626,74937.04170871289,1568941.563102988,0.0843090749476147,0.9646085492942956,0.005958002253071839,0.005958002095548025,7.871348607635387e-10,9.446586750685992e-10
386,-1.271769083113996,-8.161339882154094,-7.1787167043832,-14.22549659560048,-11.807087337930634,-15.850029323197989,-17.264023818104512,-13.227858158460634,-10.718941855374789,21.29646847849901,0.0059580005231937,0.0005727085175408,0.5678088608250647,74937.01005087214,1591956.1231574009,0.0843090749476147,0.9627689283442948,0.0059580002601667455,0.005958000272961069,2.630269543835162e-10,2.502326306233482e-10
387,-1.118205957204891,-5.576602675579338,-7.925385299818117,-11.487745356018902,-16.295670723404367,-14.336030816034846,-14.677517305193568,-13.32330183375521,-11.85382814425998,20.849394215423608,0.0059580008675079,0.0005627353086888,0.5778720369910095,74937.01438149928,1564233.6248652255,0.0843090749476147,0.9642089508013566,0.0059580008856049815,0.005958000991370084,-1.8097081125323378e-11,-1.2386218353060974e-10
388,-1.3801984936315483,-5.940809773544419,-6.9338045896956935,-14.352370692628492,-16.649228220353375,-16.759712985011088,-13.085545260179115,-14.970353028984157,-10.31550569924097,21.595794243819668,0.0059580001113968,0.000572179958578,0.5683333230053618,74937.00487147858,1590486.8894171885,0.0843090749476147,0.9631540841862228,0.005958001249777665,0.005958001146385995,-1.138380864400268e-09,-1.03498919417494e-09
389,-1.051860566777168,-7.496388374164771,-9.024943770678854,-11.91482640196926,-15.843415154822438,-15.92320148568061,-13.700511195818793,-14.184335094617674,-10.454452263438904,21.228002636400845,0.0059580010091686,0.0005686694338483,0.5718419020976746,74937.01616324329,1580728.694510221,0.0843090749476147,0.9631190722172304,0.005958001180752139,0.005958001045897878,-1.7158353904367374e-10,-3.672927760545175e-11
390,-1.028912345251625,-7.588936895371358,-8.751329627641852,-12.240623894206555,-13.802181100910982,-14.318495054981256,-16.002453774757345,-14.917798823973316,-11.735239570291355,21.40344803408976,0.0059580012527825,0.0005606036717216,0.5800693913806847,74937.01922730656,1558308.3200751368,0.0843090749476147,0.9651235432480708,0.005958001315217864,0.005958001336991033,-6.243536417038786e-11,-8.420853337548495e-11
391,-1.3970239320411677,-8.281345930468708,-8.867065715416231,-14.619859015451183,-13.705581920307194,-12.09683302375414,-14.780065096038538,-11.19141453055212,-12.915749708260076,21.28264396382099,0.0059580004403902,0.0005701436301173,0.5703632330042829,74937.0090094079,1584826.513392611,0.0843090749476147,0.9605633449125582,0.0059580005771310285,0.005958000487479655,-1.36740828729498e-10,-4.708945559872557e-11
392,-1.070780282624509,-8.328482074879236,-8.912364250518664,-13.869320850071004,-14.62133406169036,-12.500712237169736,-13.178664660562754,-15.732046668486248,-12.698653115076302,21.83466743747625,0.0059580004715973,0.0005569006442981,0.5839263610752485,74937.00940191656,1548015.0260162267,0.0843090749476147,0.9646520555791088,0.005958000638121525,0.005958000601067105,-1.6652422496488128e-10,-1.2946980466888025e-10
393,-1.4127380538540424,-6.410287231657327,-8.234985863198958,-14.728650733409674,-13.34190004942076,-14.56318505451792,-13.103644147258535,-14.110259653941071,-12.392925082429452,21.45481145580669,0.0059580002331876,0.0005591070514515,0.5816219744367999,74937.00640330777,1554148.1692653282,0.0843090749476147,0.9631904620526492,0.00595800004788882,0.005958000045018323,1.8529877979234222e-10,1.8816927703502184e-10
394,-1.105669675528441,-7.658851295833019,-6.582932231299817,-13.033915324870629,-16.408896945479054,-12.068310218328966,-13.548392822596988,-12.382471264266176,-10.783483189918451,20.74337797187062,0.0059580005508851,0.0005718137080022,0.5686974072953331,74937.01039916146,1589468.823806191,0.0843090749476147,0.9618383294579808,0.005958000822421613,0.005958000779318581,-2.7153651289274494e-10,-2.2843348046475143e-10
395,-1.111054099698498,-7.457896721266255,-7.20117349910356,-11.784004353637936,-12.487071945525908,-13.338948744045144,-12.571879212382644,-12.33809075691532,-11.284472675721055,20.07264102224033,0.0059580019885572,0.0005605645401108,0.5801099920362673,74937.02848154485,1558199.5460554908,0.0843090749476147,0.963195147465839,0.005958002144335074,0.005958002239812707,-1.557778741070881e-10,-2.51255506851511e-10
396,-1.0466805804323165,-7.637026601147243,-6.806727576743178,-12.54172804762056,-13.595721922300724,-17.119524990432996,-12.61608546852428,-15.668147896765108,-10.44702422571004,21.00671128411012,0.0059580004744097,0.000563676873789,0.5769067032142355,74937.0094372898,1566850.8905084094,0.0843090749476147,0.965347563432526,0.005958000633582813,0.005958000650939951,-1.5917311305818638e-10,-1.765302513542788e-10
397,-1.1916174437762015,-6.7230001936292805,-7.848120871776587,-11.726282782345956,-12.668218117919553,-13.430716577101537,-17.072485840888696,-12.614290788418144,-13.209606219406714,20.72965959755106,0.0059580012647451,0.0005594930154213,0.5812208958423617,74937.01937776733,1555221.032137498,0.0843090749476147,0.9649648972668224,0.005958001980197068,0.005958002044811431,-7.154519676352833e-10,-7.800663309742717e-10
398,-1.0556956502351864,-6.394727313687092,-8.221854717947286,-13.989635658719616,-15.538239612387294,-15.004143862587526,-15.851590944393532,-12.481301551243838,-11.156821653458508,21.41816715167424,0.0059580002279595,0.0005713343816171,0.5691744750916945,74937.006337551,1588136.441712411,0.0843090749476147,0.9616412957375686,0.00595800022731113,0.005958000119705329,6.483702463810914e-13,1.0825417125215342e-10
399,-1.2249328178987735,-7.157803134085496,-8.713839349820077,-12.21859776104468,-15.061864564870987,-16.35301937705627,-15.944044606600595,-13.3565324497172,-10.57954893030271,21.24521082476816,0.0059580006298722,0.000570672301441,0.569834875185538,74937.01139262575,1586296.0594619669,0.0843090749476147,0.9628790919536254,0.0059580007457691415,0.005958000745595589,-1.1589694134950257e-10,-1.1572338920462499e-10
400,-1.43229270550107,-7.367019550871846,-7.06317558947212,-13.530769661323369,-16.11184551914727,-13.047972731086148,-14.789610383320108,-14.72579137906168,-12.372708127511654,21.574567849276363,0.0059580002767935,0.0005601033898865,0.5805873640983831,74937.00695176283,1556917.6881807963,0.0843090749476147,0.9645702259921238,0.005958000413171525,0.005958000444155438,-1.3637802519228526e-10,-1.6736193767658003e-10
401,-1.2556545615464514,-6.086385254843055,-8.907259833046444,-11.567553519351575,-14.95465231578859,-16.14644156913946,-17.00944556168726,-15.19913069625214,-9.929557600436665,21.36612920549197,0.0059580001512144,0.0005719560746274,0.5685557945816341,74937.00537228594,1589864.5598811477,0.0843090749476147,0.9650252709937877,0.005958000481918709,0.005958000722261864,-3.30704308555696e-10,-5.710474636558271e-10
402,-1.2199695414953986,-6.448164530361455,-7.209076508310723,-11.5117191102233,-15.395030039119009,-16.26088138905237,-15.153561257619392,-13.779124928707304,-9.416567398475532,20.73640697227881,0.0059580006107494,0.000573756211566,0.5667720393131985,74937.011152108,1594868.3950505296,0.0843090749476147,0.96374451651726,0.0059580003508074965,0.005958000398184527,2.599419030718808e-10,2.1256487282156344e-10
403,-1.3513568636793627,-7.198566210012293,-7.803794666058831,-10.142505452465,-11.462725151764849,-15.463914632678176,-16.22948918145218,-12.005560123499524,-13.567435874616258,20.17176590811438,0.0059580034068522,0.0005619853488778,0.5786435672480279,74937.04632021274,1562148.9638609386,0.0843090749476147,0.9656465780093434,0.005958004124630902,0.0059580041598767865,-7.177787019266302e-10,-7.530245862627516e-10
404,-1.2990454201347654,-5.6340499652447225,-6.393259688496012,-12.42683278004704,-13.546794816222356,-13.055860700689587,-11.73519613282107,-12.108595014967202,-9.430142167510464,19.83142861821656,0.0059580008811155,0.0005679666011313,0.5725495118640604,74937.0145526492,1578775.0325461065,0.0843090749476147,0.9620452735987148,0.005958000086696575,0.005958000178215045,7.944189247405253e-10,7.029004548547713e-10
405,-1.3251582433093805,-7.024668003876577,-9.06993169174558,-13.90494991475486,-14.950027082774076,-16.40661730675042,-16.667318970064134,-14.351505854773478,-10.513419151765971,21.920248229210667,0.0059580003198164,0.0005711089181466,0.5693991880470275,74937.00749288537,1587509.721589744,0.0843090749476147,0.9627839250311444,0.005957999976977491,0.005957999919892435,3.428389083043326e-10,3.999239646043651e-10
406,-1.039043945921783,-8.106597960251989,-6.3981102303524775,-11.626900256940583,-12.514939389598608,-16.190639282330448,-17.391636921533397,-13.863456419277528,-13.634867244022884,20.95583456884341,0.0059580024210516,0.0005620199118281,0.5786078383774648,74937.03392126289,1562245.038388659,0.0843090749476147,0.9668235876655652,0.005958000661087168,0.005958000269032514,1.7599644320034913e-09,2.152019086369694e-09
407,-1.056894143184318,-6.391605613094678,-8.427684331524144,-13.47488012062199,-14.017727953593385,-15.479005570258026,-12.866012159444914,-11.536558032583429,-10.342847033750568,20.66356859037477,0.0059580003786298,0.000574362517393,0.566173713023963,74937.00823261362,1596553.7415124555,0.0843090749476147,0.9604844419580694,0.005958000477046022,0.005958000419933694,-9.84162222203433e-11,-4.1303894332545e-11
408,-1.0417311449049906,-7.309077220134409,-7.26076043281056,-13.528711715856264,-13.62531450476344,-14.416418195360144,-14.278415095800383,-13.071590222263223,-9.383104896466072,20.809961066854587,0.0059580001526624,0.0005721179527404,0.5683949245719803,74937.00539049927,1590314.531979044,0.0843090749476147,0.9619637932388134,0.0059580002166703065,0.005958000248654236,-6.400790661387212e-11,-9.599183600772498e-11
409,-1.256148878664903,-7.033212115635699,-8.609046661164934,-11.591409437385307,-13.018069831019307,-16.506441680665887,-17.033167121219833,-10.578620803454108,-11.506297071517128,20.53106017812821,0.0059580017552926,0.000574477744911,0.5660603473027302,74937.02554765006,1596874.03909363,0.0843090749476147,0.9617944651115165,0.005958002194006022,0.005958002338427423,-4.3871342149393033e-10,-5.831348225474042e-10
410,-1.417248066856876,-6.668095443258103,-6.619594360967962,-9.94714564481292,-15.587971620317653,-13.2429857576124,-14.985184865706415,-13.151463957957567,-10.001277243525326,20.08867740903151,0.0059580003794003,0.0005704971814153,0.5700097559649643,74937.00824230416,1585809.2788596165,0.0843090749476147,0.9646024589652068,0.005958000620064127,0.005958000580364719,-2.4066382740828285e-10,-2.0096441871730875e-10
411,-1.1217695720619103,-6.485724780954259,-8.832355862583658,-12.731720083855487,-11.628056438017062,-17.115804161656573,-11.673621083918883,-12.476765094377278,-9.211556989112871,20.30609931567488,0.0059580006512368,0.0005742049299471,0.5663291352140208,74937.0116613395,1596115.696168895,0.0843090749476147,0.9612205226626932,0.005958002089824577,0.005958002009891548,-1.438587776680933e-09,-1.3586547477351107e-09
412,-1.0195297865361328,-7.36015738330736,-7.21804599917265,-10.22968791709928,-16.37861984462527,-15.250705798317078,-12.658802440695844,-13.425274570734627,-10.103141214300544,20.299538184759854,0.0059580004920417,0.0005712921922953,0.5692165458672515,74937.0096590572,1588019.168182969,0.0843090749476147,0.96380142826299,0.005958001064109984,0.0059580010283861555,-5.720682842366709e-10,-5.363444558273422e-10
413,-1.0180560026376082,-7.953793467925097,-7.105291278364209,-9.889283179523195,-11.372230385213989,-12.007240103488634,-11.79770495453264,-15.649477447186348,-9.392579611253243,19.7719891725429,0.0059580046637697,0.0005663030917782,0.5742319168679414,74937.0621291464,1574150.9806601016,0.0843090749476147,0.9669616398229955,0.00595800468391266,0.005958004583035746,-2.014296021646267e-11,8.073395424412766e-11
414,-1.3010452432468973,-6.845842948419648,-6.487684414385846,-12.714666568949063,-15.104031651943746,-17.316449496892986,-15.651429844601974,-14.07336407867582,-13.518938515522631,21.374340026854075,0.0059580000125893,0.0005590661147527,0.5816645304467177,74937.00362872283,1554034.3776482784,0.0843090749476147,0.965669849350445,0.005957999985026972,0.005957999822347662,2.7562328287766835e-11,1.902416384147454e-10
415,-1.447700623980937,-7.519582995454765,-6.243963783176987,-14.747769591159187,-16.26222634443794,-16.88022094798818,-13.298632401412744,-15.01520896441068,-13.17708476982533,21.91784908333885,0.0059580002718367,0.0005615019703337,0.5791412453240711,74937.00688941857,1560805.3179931687,0.0843090749476147,0.964427373462472,0.0059580011094068136,0.0059580009767939025,-8.375701139595737e-10,-7.049572028558493e-10
416,-1.221629840824796,-7.732873494343009,-8.990978700107172,-14.693525613661867,-13.640126108826855,-11.809150349850883,-12.612251008480383,-10.90810114944238,-11.604674739919522,20.88858494696198,0.005957999864253,0.0005775087383524,0.5630891714464814,74937.00176301744,1605299.282337885,0.0843090749476147,0.9594263787541526,0.0059580001194577065,0.005958000046440318,-2.5520470632589554e-10,-1.8218731818314682e-10
417,-1.2255941736975813,-6.459401525145031,-7.187735259316052,-11.151744695034354,-14.049595086139451,-13.97950878269896,-14.591911447221406,-13.182870442200723,-10.48673669645198,20.32655868378149,0.0059580005185117,0.000563847763693,0.5767318618352816,74937.00999198413,1567325.9126546292,0.0843090749476147,0.9641576464247972,0.005958001068812853,0.005958001061926924,-5.503011527366319e-10,-5.434152234098932e-10
418,-1.2065688227875724,-5.916783656006547,-8.56288922500889,-13.165746287641612,-14.84687547312637,-16.969871480436282,-13.839817369203688,-13.878448785760831,-10.96025191474694,21.2835188173504,0.005958000278449,0.0005654661907159,0.5750811564536071,74937.00697258495,1571824.649324444,0.0843090749476147,0.9629807779677474,0.0059580006163592195,0.00595800057670383,-3.3791021977064295e-10,-2.982548305552335e-10
419,-1.1576977439979128,-7.859718674390819,-8.453304556199406,-13.846301373529837,-15.656048997520166,-12.020483891328524,-17.49501453664711,-11.538464906828509,-12.836161705805225,21.52486704724566,0.0059580004584309,0.0005701564574109,0.5703504036492203,74937.00923631575,1584862.1693815133,0.0843090749476147,0.9615797096756344,0.0059580003127134296,0.005958000240707179,1.4571747020825088e-10,2.1772372099659876e-10
420,-1.16996647008712,-7.913292873183278,-8.096679808945701,-11.934527289997828,-11.507445754249169,-12.296095884452416,-12.783972203266403,-14.461281175659517,-10.991612215916543,20.47484118015868,0.0059580049464756,0.0005606678248079,0.5800035576799308,74937.06568489262,1558486.6462139292,0.0843090749476147,0.9647628994627864,0.005958003651377018,0.005958003630722729,1.2950985821963412e-09,1.3157528712393063e-09
421,-1.154990903789269,-7.403305545403722,-7.8163943977204,-10.206598686557813,-12.190599173591051,-13.975831510271586,-12.90318401902919,-15.57633760949469,-10.433602709718777,20.275537496739062,0.0059580015652634,0.00056270448134,0.5779037968027096,74937.02315754887,1564147.9341773393,0.0843090749476147,0.9669043449605628,0.0059580035137026775,0.005958003573338195,-1.9484392771093595e-09,-2.0080747949874356e-09
422,-1.052559743581723,-7.954472852548145,-6.53293635227301,-13.797477528918211,-15.532376018446437,-12.026915132238866,-13.048088410633344,-11.612433127234093,-10.820990229082788,20.66479619279391,0.0059580001871901,0.0005748388654959,0.565704518152959,74937.00582477252,1597877.8448843262,0.0843090749476147,0.9607903694553768,0.0059580005038098495,0.00595800059996758,-3.1661974951580074e-10,-4.127774797316186e-10
423,-1.2227221592277795,-6.40581124605844,-8.648803620341264,-11.308170375670349,-15.95101893722042,-16.38103501781523,-12.506782741278885,-15.267535661686876,-13.274832028973206,21.25499353635333,0.0059580012247426,0.0005573526206406,0.5834529458065048,74937.01887463356,1549271.3832797192,0.0843090749476147,0.9663188560926264,0.005958000871118251,0.00595800088744114,3.536243485535717e-10,3.373014593327506e-10
424,-1.1197008780124522,-7.259862342993321,-8.734886023129759,-10.711322357608598,-13.424603507096812,-17.049740167556692,-16.96255161119763,-11.788737536129164,-10.843097594846578,20.565840410630123,0.0059580037774048,0.0005743932822493,0.5661438728524324,74937.05098085396,1596639.2584899208,0.0843090749476147,0.9628247084160536,0.005958002525353031,0.005958002681939091,1.252051769554119e-09,1.0954657094636167e-09
425,-1.2242012421971031,-5.770156077330242,-9.086427718958598,-10.870077132834227,-14.131726625375366,-12.619554203556834,-17.375097813434856,-13.69904206223522,-9.834162748196992,20.7181850092418,0.0059580025162867,0.000571498716962,0.5690111359016194,74937.0351190856,1588593.244170453,0.0843090749476147,0.9642248559900816,0.00595800194148079,0.005958001961586171,5.748059094673463e-10,5.547005285655437e-10
426,-1.3341920658031363,-6.009911413024625,-6.617837008530902,-12.50792094876258,-15.441684721939389,-16.90209538693616,-16.99917460779299,-12.95821227973796,-11.360781419228369,21.071786443871456,0.0059580003532182,0.0005705804314626,0.5699265854248234,74937.00791299838,1586040.688762725,0.0843090749476147,0.9637834226486252,0.005958000578013028,0.00595800046909619,-2.247948277175893e-10,-1.1587798949552752e-10
427,-1.25171941607715,-6.090999155501025,-7.314223357824376,-12.639088656554964,-16.579664536411542,-11.942297810873088,-13.08316634435765,-11.976736794830757,-9.778801044513024,20.464645948082627,0.0059580005712814,0.0005762277845052,0.5643410186231047,74937.01065569681,1601738.618827411,0.0843090749476147,0.9611799589996216,0.005958000465774347,0.0059580004382249726,1.0550705361461743e-10,1.330564278548274e-10
428,-1.435805599713399,-5.991354987962269,-6.522602649750646,-12.596338828215323,-12.865798792735482,-17.034342813298334,-15.884278119827073,-14.727039405139134,-12.126238705240066,21.052084180406293,0.0059580008357899,0.0005604050919567,0.5802748782788529,74937.01398256428,1557756.3285069368,0.0843090749476147,0.9662562307705892,0.005958000555662086,0.005958000641441333,2.801278133068852e-10,1.943485667538214e-10
429,-0.9877802188023368,-6.205238999095816,-6.856267458674383,-11.498393128405556,-16.022090365722065,-11.72599448007107,-16.92943940782967,-12.854375008150477,-9.649580920406486,20.54126774941299,0.0059580013412326,0.0005752247157351,0.56532521814053,74937.02033979187,1598950.3916199852,0.0843090749476147,0.9634366910441716,0.005958000616440268,0.005958000533733062,7.247923320546912e-10,8.074995385895511e-10
430,-1.1820369420049155,-5.811134218528591,-8.793321064476727,-14.688964654450842,-14.73827165831031,-13.21470939904527,-11.994258542170726,-13.28611709734042,-12.041574197405309,21.29352247324986,0.0059579997205485,0.0005647720359308,0.5757879011854563,74936.99995556755,1569895.109380931,0.0843090749476147,0.9617921652249426,0.005957999906451592,0.005957999848521093,-1.8590309239924219e-10,-1.2797259345970202e-10
431,-1.4581331745523305,-8.13009194295262,-7.92126906635746,-14.558476101460872,-14.168613323568806,-14.407841578000616,-16.84282162702816,-12.13595573200725,-12.581045953825727,21.61394683072046,0.0059580003730418,0.0005678322153061,0.5726849408524312,74937.00816232977,1578401.4806766734,0.0843090749476147,0.9617908550266574,0.005958000166811314,0.005958000264141768,2.0623048668094723e-10,1.0890003222102651e-10
432,-1.4756109721868864,-8.240934163754844,-6.251854532454468,-13.576880829139837,-15.675428588604662,-16.785046137492664,-16.315134655320925,-13.3979653954147,-12.247153600568929,21.555425089322565,0.005958000338886,0.000567702351192,0.5728159398275023,74937.0077327347,1578040.4977940042,0.0843090749476147,0.9635412772670352,0.005958000788096209,0.005958000816819115,-4.4921020896093733e-10,-4.779331149590282e-10
433,-1.305258516784213,-6.439241152759192,-6.948043966437583,-12.74436838874005,-11.546546216113104,-14.991941955406553,-16.081520189524458,-13.988357013593564,-12.11481544682074,20.83450843688138,0.0059580008464473,0.0005598734789888,0.5808258644111557,74937.01411660892,1556278.6055580515,0.0843090749476147,0.9654922999806008,0.005958001262630572,0.00595800135797865,-4.16183271872983e-10,-5.115313502640495e-10
434,-1.2303444163728787,-6.992490093194118,-8.788543548085059,-11.527844074673418,-13.454359092259295,-14.645667084322438,-15.354286486071354,-11.326588331080774,-10.105437536867743,20.376912158517705,0.0059580024043549,0.0005734161308653,0.5671084356316026,74937.03371125918,1593923.073761905,0.0843090749476147,0.9615522245899027,0.005958002288074909,0.005958002176754857,1.1627999084440344e-10,2.2760004297905922e-10
435,-1.415191974715533,-5.589774439102646,-6.93956127660196,-13.127605116250894,-11.869941520998117,-15.422411391957752,-12.176823599290994,-13.607580027191736,-11.560710599161794,20.45440956515481,0.005958000786353,0.0005580619563744,0.5827112720373523,74937.01336077,1551243.1216603504,0.0843090749476147,0.9641669131164078,0.005958000915882911,0.005958001034720449,-1.2952991110259937e-10,-2.4836744900308405e-10
436,-1.0305690081909402,-5.852735070209242,-8.055333992651073,-10.904211339028915,-13.567608240440586,-16.14994954977354,-12.582151711454,-13.720993442289508,-12.311722769865632,20.42316814807945,0.0059580030127509,0.0005567936581813,0.5840389343024296,74937.04136338603,1547717.6370329338,0.0843090749476147,0.9653666905697852,0.00595800243365914,0.005958002444601543,5.790917597878198e-10,5.681493574216656e-10
437,-0.9921690089199244,-6.693374720121874,-6.842521508481791,-10.16115676018438,-13.39393911766626,-12.42095971842973,-15.435937644550055,-14.291867328773533,-9.497873382474584,20.073587902551367,0.0059580016741646,0.0005680772903497,0.5724380655313152,74937.02452725876,1579082.7150293968,0.0843090749476147,0.9658049700115467,0.005958001573214191,0.005958001467448648,1.0095040949009704e-10,2.067159525151463e-10
438,-1.1264428621270817,-7.904672944382559,-8.785619541288618,-12.140896439805532,-11.808989695258532,-11.95736834470418,-14.01456782430814,-14.16643282896537,-10.47922701269992,20.66852993769816,0.0059580044033201,0.0005643183060541,0.5762515323501458,74937.05885333077,1568633.877823684,0.0843090749476147,0.9639012321462508,0.005958003614323887,0.005958003624287075,7.889962129817296e-10,7.790330247212096e-10
439,-1.0932709577460566,-7.796095971255219,-7.565109566727493,-14.333117846975489,-14.866200812721791,-13.78845336987728,-14.868321675383706,-10.70597966480084,-11.728678472048616,21.025055683125192,0.0059580003610753,0.0005757559574399,0.5648034613535909,74937.00801182103,1600427.0825697882,0.0843090749476147,0.9601893300265638,0.005958000015593187,0.005958000035239845,3.4548211253621064e-10,3.2583545497150146e-10
440,-1.229005920490467,-7.404850450691506,-7.494671814004126,-12.96026027921078,-16.715714232269647,-17.331298435232274,-15.822061207722086,-13.102599846580253,-11.425010724797108,21.49757020208597,0.0059580002804083,0.000572754377218,0.5677633624247329,74937.00699722889,1592083.5991623518,0.0843090749476147,0.9626527774118208,0.005958000442764864,0.00595800044531022,-1.6235656395691134e-10,-1.6490192024376515e-10
441,-1.032539622039492,-6.400034840981025,-6.672969314239854,-10.416666405459967,-14.278309485859117,-15.325931137153669,-16.6809720734014,-15.037857563160042,-10.201493807974233,20.59869836414756,0.0059580009002963,0.0005710431768748,0.5694648232781158,74937.01479389721,1587326.980776574,0.0843090749476147,0.9667417750191312,0.005958000315940138,0.005958000452303237,5.843561615495596e-10,4.479930627854234e-10
442,-1.2221632621866374,-5.94255766674659,-8.771795793520328,-10.118409061270013,-15.46000917975299,-16.880710685612037,-13.568737931932544,-15.378144603643513,-10.47682061398118,20.809670433555468,0.0059580002068966,0.0005671342475752,0.5733897157941871,74937.00607263166,1576461.3418994937,0.0843090749476147,0.9659372585411282,0.005958001230936581,0.005958001489681657,-1.0240399804170575e-09,-1.2827850569968602e-09
443,-1.07661739710281,-7.060124630836354,-8.776256407159648,-13.996109316001045,-16.420152516699716,-14.20213691220425,-15.368404980647982,-12.167949644056096,-10.695506301484537,21.47703996233269,0.0059580003643281,0.0005778301993557,0.5627759820893892,74937.00805273374,1606192.8465101644,0.0843090749476147,0.9606352243028669,0.00595800029776898,0.005958000302733149,6.655912019454258e-11,6.159495136159876e-11
444,-1.336878821219776,-6.543422676397422,-7.498130337835415,-12.604359665552376,-15.273843564845006,-15.450173166293618,-17.42404354014302,-10.843107565950978,-12.394732491122292,20.940686868010022,0.005958000917394,0.0005725100880778,0.5680057172351003,74937.01500894413,1591404.5493830452,0.0843090749476147,0.9620834811980928,0.0059580006270467676,0.005958000631767452,2.903472323678713e-10,2.856265475872921e-10
445,-1.051919427468131,-6.948327749557459,-6.125154928295127,-10.927725473692435,-15.004224486718195,-13.32682206407214,-12.622932046667358,-14.230236179703097,-11.549538305027198,20.2897594059982,0.0059580016625854,0.0005597490929259,0.580955053472614,74937.02438162031,1555932.849997719,0.0843090749476147,0.9658678195283172,0.00595800082201458,0.005958000798230687,8.405708195463601e-10,8.643547128039941e-10
446,-1.419957298247419,-7.805696449059242,-6.975347139227612,-12.273829099202198,-15.026238878775194,-14.820682341661886,-17.193238622832663,-13.917894588180356,-12.638598907476702,21.34312298360986,0.0059580004832241,0.0005624822605022,0.5781319527606393,74937.00954815307,1563530.227590921,0.0843090749476147,0.9651573402197354,0.005958000266898059,0.005958000253249179,2.1632604128157817e-10,2.299749210510349e-10
447,-1.018333026435723,-8.137542279795516,-6.960335923053595,-10.772788346210428,-11.238672612939231,-17.13111447072172,-17.16713846888467,-12.941790537349942,-12.72892422050004,20.481987760985326,0.005958004089173,0.0005669592881409,0.5735672202212795,74937.05490213117,1575975.0076922963,0.0843090749476147,0.9658118630406796,0.0059580025120452166,0.005958002381227728,1.5771277834045194e-09,1.7079452721904809e-09
448,-1.3505159830003848,-5.748572274507707,-8.638087488713358,-13.1173103469947,-11.340644225172756,-12.07291728958834,-14.35519152331894,-15.070468715674073,-12.05051663816283,20.986125898102788,0.0059580025880929,0.000557952630828,0.5828257131812236,74937.03602223178,1550939.2297715754,0.0843090749476147,0.9656518953511138,0.005958002366969765,0.005958002420622769,2.211231354271037e-10,1.6747013151241497e-10
449,-1.3932555322524398,-7.044643318453801,-7.495292014040009,-12.439890031772364,-13.854445551246132,-16.63728734960978,-16.983888704896135,-12.761288905814164,-12.071417496065973,21.094660305717817,0.005958000865446,0.000565825263765,0.5747162945432842,74937.01435556528,1572822.7635859689,0.0843090749476147,0.96373672668259,0.0059580004938274075,0.005958000519900049,3.71618592669154e-10,3.455459512274883e-10
450,-1.1320313611386077,-7.8916225830083455,-6.315541769733002,-12.368476982930272,-11.364612317508804,-11.893047904962394,-14.659504965373486,-12.295448151816505,-13.415250294925157,20.26831233775695,0.005958003658072,0.0005572882885253,0.5835206557878898,74937.04947994051,1549092.559494869,0.0843090749476147,0.9648553438753364,0.005958002193729569,0.00595800227473512,1.464342430299026e-09,1.3833368799412438e-09
451,-1.4565536023485537,-5.694028638177592,-7.359493504066751,-13.3415780365858,-15.531469006174104,-12.235825509315069,-14.758730497858648,-14.876277029456444,-10.277308765335372,21.21087524947583,0.0059580003523123,0.0005656879116711,0.5748557645131276,74937.00790160359,1572440.966388811,0.0843090749476147,0.9641698632469,0.005958000338496951,0.005958000251316171,1.3815349038381886e-11,1.0099612899466814e-10
452,-1.1440968192050212,-8.218977746910047,-6.307626745680897,-13.385329030294336,-15.045682149831023,-17.161163265885747,-16.59434113818826,-13.256182672059026,-12.53659899409304,21.47086128434113,0.0059580003257402,0.0005659735851278,0.5745656039594782,74937.0075673925,1573235.0520269312,0.0843090749476147,0.9638318763950998,0.005958000076753077,0.0059579998741985125,2.4898712345372553e-10,4.51541687720991e-10
453,-1.227763882059836,-6.557628327731834,-8.58873557248332,-13.095068383406542,-13.305506008156753,-14.719275226741296,-14.364300772826915,-10.896353419099372,-12.31339318076114,20.680527156955133,0.0059580009662501,0.0005662996356026,0.5742348869018455,74937.01562343288,1574141.3735394003,0.0843090749476147,0.961355505055112,0.005958001259971849,0.005958001249637859,-2.937217491796873e-10,-2.8338775943936856e-10
454,-0.9954572001152056,-7.886075800288227,-7.582199251260903,-9.930312593484068,-16.544756476297596,-15.035887593894756,-16.92245094531956,-14.035665974754158,-11.69992341413112,20.92137789342463,0.0059580007738202,0.0005714853899535,0.5690241555868479,74937.01320313747,1588556.1991256662,0.0843090749476147,0.9657226402954188,0.0059580002224506445,0.005958000309702916,5.5136955591506e-10,4.6411728453488177e-10
455,-1.3019646618916343,-7.617676129936765,-7.181403040915031,-10.66095999133504,-15.448589451943644,-12.845370309420748,-15.500977545871956,-13.332492241974034,-12.652804325027123,20.66104810211197,0.0059580015572139,0.0005612578499722,0.5793933316056666,74937.02305630625,1560126.7373673397,0.0843090749476147,0.9654258021464104,0.005958000953705997,0.005958000966895399,6.035079033739343e-10,5.903185015462831e-10
456,-1.1584935089932151,-5.862593962198034,-7.599134643029801,-9.881696282277597,-13.301283677404324,-14.780312666006036,-16.32568894121253,-11.121157668312852,-11.516803425652949,19.85707586641332,0.0059580022849509,0.000567500873553,0.573019585202411,74937.03220945052,1577480.4510139087,0.0843090749476147,0.963832252339784,0.005958002597197095,0.005958002750207239,-3.1224619504582884e-10,-4.6525633866367766e-10
457,-1.398979224135902,-7.177839103876272,-7.039867393556678,-14.668657848071168,-13.6498119303592,-14.543978697911896,-17.09744585073825,-15.06074523536843,-11.099272863648212,21.792047792791767,0.005958000186286,0.0005662763577304,0.5742583791600421,74937.00581340105,1574076.6681088435,0.0843090749476147,0.9643353547313002,0.0059580000824835,0.00595800020816092,1.0380250044933481e-10,-2.1874919410580507e-11
458,-1.4601330776411472,-6.8010023931816335,-6.200846099412749,-12.583636080636095,-12.882972131471949,-13.93071897521834,-13.12049403174877,-12.069950758415017,-10.604835887236534,20.11189033672996,0.0059580008331215,0.0005644949128186,0.5760707296365652,74937.0139490031,1569124.7911094236,0.0843090749476147,0.9626055961783392,0.005958000485026111,0.005958000451278005,3.480953893186811e-10,3.8184349519104765e-10
459,-1.285076211599001,-7.946337034402882,-6.805318701973606,-13.577966837043569,-14.345706332386008,-13.165335100074834,-15.086796228268376,-15.35663875091944,-13.281881620566889,21.590652809513287,0.0059580001968755,0.000555219912921,0.5856939505341228,74937.00594659113,1543343.1021225248,0.0843090749476147,0.9661249114506714,0.0059580001927587375,0.005958000083470398,4.116762486461312e-12,1.1340510214924437e-10
460,-1.141594196794088,-8.349261836292044,-9.048261654090286,-11.941237971773663,-13.887084787304634,-16.295273802375952,-14.731212010853309,-11.176992483389414,-13.564930129830888,20.91378657403869,0.005958003829531,0.0005646415764163,0.5759215318230132,74937.05163647361,1569532.4714654288,0.0843090749476147,0.9623023625598348,0.005958002845106374,0.005958002941343829,9.844246260173883e-10,8.881871713800615e-10
461,-1.398114059307483,-6.015847388692256,-7.613402761090599,-13.976206004917158,-11.92002267193316,-13.68488755371984,-13.833595098694737,-15.836542677407175,-11.213500701826952,21.22315135669756,0.0059580010445405,0.0005595937832513,0.5811162013328705,74937.01660813476,1555501.136167887,0.0843090749476147,0.9655614051996376,0.005958000764823265,0.005958000739236328,2.797172346177823e-10,3.0530417170077095e-10
462,-1.3521182568355057,-8.056274481535116,-8.914895350884882,-10.147841926149738,-16.589921468710806,-11.61658871819698,-12.23555444267135,-11.04551631718534,-12.873263501012977,20.21995980419137,0.0059580011798209,0.0005684461900302,0.5720665040795796,74937.01830962881,1580108.1443486873,0.0843090749476147,0.9622430114901444,0.005958003514501547,0.005958003651832145,-2.3346806475935122e-09,-2.4720112450082876e-09
463,-1.0862009274878397,-7.718867077788084,-8.614706054071965,-14.56628216836873,-12.896897698116598,-15.64760547992015,-16.09526661120062,-10.816737042482307,-11.003244634146135,21.161288163354023,0.0059580005310256,0.0005801416050833,0.5605337881674175,74937.01014937776,1612617.8539764383,0.0843090749476147,0.9599549475433978,0.005958000007801234,0.005958000039285825,5.232243657435354e-10,4.91739774767519e-10
464,-1.139079422015761,-7.071115862166445,-8.579740673481313,-14.281446175478631,-12.890894667616683,-13.239077485723806,-16.46751239522336,-15.395923100658162,-11.892277784475358,21.82096976582872,0.0059580001924428,0.0005613987143086,0.5792477530901627,74937.00589083842,1560518.2975345172,0.0843090749476147,0.964789567410524,0.00595800025079638,0.005958000151070939,-5.835357978073441e-11,4.137186079833377e-11
465,-1.1824264930471944,-7.354724279361417,-7.644663444594823,-12.120040077724072,-15.612035391654398,-12.566088145891785,-12.365879519539298,-14.402478593154129,-11.15251323538386,20.85433285764168,0.0059580007783276,0.0005619579296101,0.5786714177041691,74937.01325983032,1562072.7466059676,0.0843090749476147,0.9640769431762624,0.005958000758293167,0.005958000822163477,2.0034433313720346e-11,-4.383587676876077e-11
466,-1.423062481274009,-5.650027163754524,-8.18357101611578,-14.180441939174443,-12.363367166710788,-16.74200343038411,-12.561322246029452,-14.00401822665503,-9.434222535540371,20.94937953086233,0.0059580003427405,0.000570972063134,0.5695356693477949,74937.00778121465,1587129.3061276558,0.0843090749476147,0.9622559942371858,0.005958000198780524,0.005958000097392201,1.4395997588456666e-10,2.453482989689393e-10
467,-1.3587268297640132,-5.8847976822531205,-6.59932609920384,-11.312314986706546,-11.788151913834865,-15.031185826906402,-11.667513927545292,-12.077488451130227,-9.768343373413677,19.51493861714852,0.005958000899471,0.0005645911090507,0.5759725871035728,74937.01478351677,1569392.1874829598,0.0843090749476147,0.9629748662676576,0.005958001241278598,0.00595800125153857,-3.4180759785062964e-10,-3.5206756954231366e-10
468,-1.31108514916373,-6.275434176733057,-8.313366639039293,-10.510319450389922,-11.522975807707477,-15.0668670504491,-14.720558447266734,-11.850166074935796,-12.938320393439207,20.05571760541948,0.0059580076543989,0.0005591868063508,0.5815401062233888,74937.09974391513,1554369.863716061,0.0843090749476147,0.9646760516111338,0.005958004543680882,0.005958004505850433,3.1107180182426974e-09,3.1485484670856767e-09
469,-1.388042541069494,-8.157846197996744,-6.465084406234407,-9.99901824474839,-12.39455301202263,-15.516615677897162,-16.994377708631095,-11.813167151223466,-13.204717978005968,20.113079642228595,0.0059580020876068,0.0005664837993321,0.5740483653585671,74937.02972734542,1574653.292897598,0.0843090749476147,0.9655877337110208,0.005958002155676059,0.005958002065159726,-6.806925943042552e-11,2.244707371368282e-11
470,-1.3576774672827836,-5.754898241271734,-7.839467664908303,-11.342779475992804,-14.447061227720525,-13.558733261467546,-14.201434550516232,-14.294429580817814,-13.572888295502878,20.826357774378383,0.0059580010628692,0.0005529616042079,0.5880860671672,74937.01683866426,1537065.68826598,0.0843090749476147,0.9666860218470406,0.005958001133243796,0.005958001196663532,-7.037459590769624e-11,-1.3379433151661235e-10
471,-1.397520145412632,-7.243269663578988,-6.794306194728007,-14.582319302654692,-14.104679249785914,-14.225076702462628,-14.697760638217948,-10.791971928742036,-13.421735099858363,21.003302182621027,0.0059580003341044,0.0005671306818228,0.5733933392630131,74937.00767259352,1576451.430188181,0.0843090749476147,0.9614142211198718,0.005957999873623545,0.005957999816525882,4.604808548358541e-10,5.175785182387482e-10
472,-1.0186012054851017,-8.135081519892628,-8.01634743414712,-11.736146422821417,-15.380026515270902,-15.397105036926984,-15.796739906318075,-11.906015852904003,-11.495447809696294,20.891043856983853,0.0059580012577961,0.0005708884230189,0.5696192424995797,74937.01929036647,1586896.8119543437,0.0843090749476147,0.962341508935499,0.005958001237665487,0.005958001281348494,2.0130612454760666e-11,-2.3552394409764865e-11
473,-1.2563701598141437,-5.744395478720593,-7.00898383144923,-11.13019008709675,-14.732312672258924,-13.419803886001596,-13.459807465339573,-15.552426517889636,-11.412670106090989,20.65083468754189,0.0059580017756873,0.0005584651300664,0.5822907393217017,74937.0258041645,1552363.8223446992,0.0843090749476147,0.9670752936258528,0.00595800058192073,0.005958000568157912,1.1937665699707223e-09,1.2075293881128046e-09
474,-1.3031764313614158,-5.648426925256585,-8.725002978861976,-12.342489151231495,-14.067934855120331,-11.739998260370758,-12.63157822055537,-11.45677068967878,-9.66117719149448,20.1309405593811,0.0059580006458096,0.0005723650746146,0.5681495873717054,74937.01159307922,1591001.455900712,0.0843090749476147,0.9608199416512996,0.005958001012345376,0.005958001027531883,-3.6653577568934725e-10,-3.8172228312288725e-10
475,-1.0938200373711886,-6.24068081084176,-7.887434308419966,-12.954549632749778,-11.840631137591988,-14.88199290101212,-13.074780987403324,-15.694436942888837,-11.063486685937344,20.96008723940605,0.0059580011729771,0.000558735643953,0.5820087328364822,74937.01822355065,1553115.768971996,0.0843090749476147,0.965766086105448,0.005958001709582663,0.005958001633754362,-5.366055629354993e-10,-4.6077726183202383e-10
476,-1.377610348344745,-8.126190219272651,-7.505498812813606,-14.44527408510455,-11.62233562830954,-13.111951236121897,-14.222368242684649,-12.79770496407416,-10.444598441537163,20.879338441934213,0.0059580006515427,0.0005707620688702,0.5697452566905266,74937.01166518747,1586545.585711604,0.0843090749476147,0.9616688942776288,0.005958000526505813,0.005958000634355776,1.250368870941987e-10,1.7186923759182626e-11
477,-1.3551885653003883,-7.888863845924102,-8.860883247014225,-10.621534481592445,-11.299748048942876,-14.012467723781423,-16.802237949712183,-14.675932331899023,-10.858472319901397,20.71380614627416,0.0059580054031701,0.000569285249284,0.5712239529550239,74937.07142898721,1582440.474802821,0.0843090749476147,0.9658643103765224,0.0059580046133204815,0.00595800462927858,7.898496188693538e-10,7.738915203114871e-10
478,-1.0611431136158336,-6.269946553408044,-6.7907748915165245,-12.447428744325428,-16.10791893411782,-16.910930487347834,-12.205466388013722,-14.71660551430123,-9.355741879575646,20.869554648194047,0.0059580007755725,0.00057284199093,0.5676765962356609,74937.01322517707,1592327.1387310545,0.0843090749476147,0.9636379065746686,0.005958000550389604,0.0059580006527992484,2.2518289576750616e-10,1.2277325163456698e-10
479,-1.1815373384426664,-7.773432315192095,-7.475414518641779,-14.138590293862514,-14.490779197547743,-16.245684905004847,-12.223696989243244,-13.064376457677882,-12.91799681692772,21.279682979873847,0.0059580002843919,0.0005622156956921,0.5784060350335096,74937.00704733233,1562789.2581996953,0.0843090749476147,0.9625104525385094,0.0059580002103424455,0.00595800021990019,7.404945493588722e-11,6.44917105829812e-11
480,-1.391326317717313,-7.116730474280243,-7.018806723627068,-12.792137560929014,-16.015999660485637,-13.920941448166522,-13.710413399620132,-15.636333594267269,-11.093812995798894,21.35165408370308,0.0059580009736377,0.0005625928431123,0.5780183871673816,74937.01571635116,1563837.6137356237,0.0843090749476147,0.9652339966079552,0.005958000320942078,0.005958000337151766,6.526956215086033e-10,6.364859334029305e-10
481,-1.3118747627807406,-6.329527859341052,-6.735009706998539,-13.84696552088816,-14.601317926131722,-16.908092287160834,-11.926611463884614,-13.67451741956939,-12.1597321311196,21.05893598932897,0.005958000474483,0.0005619787355885,0.5786499494526179,74937.00943821158,1562130.5809207384,0.0843090749476147,0.9633624997040244,0.005958000273866449,0.005958000254188849,2.0061655114922416e-10,2.2029415097657434e-10
482,-1.0528604091408784,-8.355777865232097,-6.586928615896003,-13.758067021418844,-11.206293668730003,-15.845408325449617,-17.417473027280057,-14.54908813003269,-12.256757379753026,21.384641308277505,0.0059580008484483,0.0005648577208675,0.5757007216948934,74937.01414177658,1570133.2875387266,0.0843090749476147,0.9653765729966538,0.005958000671267555,0.005958000471256586,1.7718074490219449e-10,3.77191714494296e-10
483,-1.272437772478901,-7.021315365861968,-8.844537178833345,-13.948397787327576,-12.54200910863188,-14.863947114286344,-13.713161303251685,-14.704667037424786,-13.079561876835182,21.52862369063181,0.0059580005002311,0.0005553351263922,0.5855724833441001,74937.00976205959,1543663.3606579814,0.0843090749476147,0.9645152780763564,0.005958001127247531,0.005958001181327393,-6.270164309638004e-10,-6.810962930800524e-10
484,-1.0772037851401293,-6.983270302964256,-6.403329796065194,-14.696951770864448,-15.387162553918424,-14.77557570448826,-12.544783493500958,-15.443716150946528,-11.041590574538349,21.52530694440209,0.0059580001736385,0.0005640312267266,0.5765442175935988,74937.00565432668,1567835.8842907448,0.0843090749476147,0.9640111365957506,0.005958000562354814,0.00595800064569277,-3.8871631434511666e-10,-4.720542698052888e-10
485,-1.0331882413784506,-8.0270895579989,-8.78140901599675,-12.60871197520166,-15.524260867811464,-13.19441594309012,-12.403671006573916,-10.673464054847738,-9.330512817576755,20.415552645429663,0.0059580006196536,0.0005865438317937,0.5544154779233063,74937.01126410117,1630414.10407805,0.0843090749476147,0.9591411136363672,0.005958001353897937,0.005958001356097432,-7.342443372054808e-10,-7.3644383213195e-10
486,-1.147865060189169,-5.753700614831228,-7.355008576507013,-10.095252159162875,-14.097332321366864,-16.42180077680921,-16.397014501113237,-15.120631790704344,-10.506780956086327,20.611724076563643,0.0059580000578498,0.0005700184074589,0.5704884764712245,74937.00419798864,1584478.4323502104,0.0843090749476147,0.9669985306500212,0.005958000681160872,0.005958000666389603,-6.233110720274548e-10,-6.085398027502742e-10
487,-1.133467272202512,-6.611978557523545,-7.628092969904182,-13.543492246808883,-14.968482842860965,-12.851905745040426,-16.339870144380626,-14.81652507658194,-10.511517676009282,21.473066614118466,0.0059580000998971,0.0005663872479276,0.5741459354250432,74937.00472684066,1574384.9092525763,0.0843090749476147,0.9641393321959422,0.005958000044297924,0.005958000148786736,5.559917630459932e-11,-4.888963626298315e-11
488,-1.0190480142836746,-5.646873775233636,-6.918895560243579,-10.347579024086825,-13.2127620312184,-15.978001205893468,-16.31963310828343,-12.833570682632509,-9.7353486803126,20.044527058155776,0.0059580011671516,0.0005716814875316,0.5688290258528891,74937.01815028035,1589101.2909664544,0.0843090749476147,0.9645359307531786,0.005958001413961642,0.005958001389627266,-2.468100420219277e-10,-2.2247566636157678e-10
489,-1.2520216568870697,-6.672594832908113,-6.528440757975488,-12.521514570976416,-11.813258793770268,-14.900136330857494,-15.776017845021228,-13.07797471885014,-11.396035418066234,20.52343468525333,0.0059580007159321,0.0005624595877505,0.5781552911379331,74937.01247504738,1563467.2042121186,0.0843090749476147,0.9644180202545876,0.0059580010480114005,0.0059580010339317455,-3.32079300689736e-10,-3.1799964571310735e-10
490,-1.2058296638371575,-6.939359075366554,-8.887206069950311,-11.896676794224696,-16.197152377727864,-12.377636551867177,-14.473203267014728,-11.911350061561562,-10.573475887362717,20.738046660530816,0.0059580029436018,0.0005728799021471,0.5676393391887499,74937.04049366037,1592432.520425846,0.0843090749476147,0.9614376737630148,0.005958001259172079,0.0059580012852327455,1.6844297215726223e-09,1.6583690549271113e-09
491,-1.0084453349999272,-7.444032881123086,-6.56540561376524,-13.45446211231086,-14.824512571803629,-13.865570424098838,-15.083111233948006,-13.350516887979264,-10.86750514097092,21.04650052646237,0.0059580008484625,0.0005660928746545,0.5744446046207505,74937.01414195511,1573566.640761166,0.0843090749476147,0.9630718647831746,0.005958000401951724,0.00595800040702659,4.46510775402309e-10,4.414359095275544e-10
492,-1.294331622515408,-7.569845107986167,-7.763709352152128,-14.51770557702616,-13.74547688088315,-14.960351478662588,-15.006841939511911,-12.104893010014647,-10.233017640897096,21.154905185987367,0.0059580004361592,0.0005760730500656,0.564492582611009,74937.00895619162,1601308.5039764442,0.0843090749476147,0.9607324526163956,0.005957999803011248,0.005957999814905198,6.33147951602242e-10,6.212540013678103e-10
493,-1.3245222677083692,-7.671223585958571,-6.485915120474447,-10.29471782808475,-11.293717837606962,-12.598585090856918,-12.832079130831785,-14.122857831875796,-9.411206096340145,19.64013839527281,0.0059580039088731,0.000565241727664,0.575310052674806,74937.05263440189,1571200.7100622084,0.0843090749476147,0.9654901614074364,0.005958003061579627,0.005958002810828452,8.47293473230093e-10,1.098044648262242e-09
494,-1.3493681273649731,-7.009445164159378,-7.704769506717558,-14.187780948874735,-16.57553734976285,-15.97267717081434,-12.039907355980318,-14.670769437312828,-12.837353534645723,21.746414527168096,0.0059580004959332,0.0005624247429834,0.5781910784594789,74937.00970800185,1563370.3463188875,0.0843090749476147,0.9635419535339772,0.005958000423130845,0.005958000525025428,7.280235442275185e-11,-2.909222862612637e-11
495,-1.0256678118297906,-8.038486166720094,-8.957368954798474,-11.095290039137245,-11.597640171387203,-15.860243889171471,-12.814809328431805,-14.70918359390962,-9.56231435367301,20.511111642828297,0.0059580087994124,0.0005678460057834,0.5726722477479164,74937.11414537158,1578439.814024366,0.0843090749476147,0.9643234247994106,0.005958004877400124,0.005958004850631139,3.9220122757116505e-09,3.948781261177425e-09
496,-1.4556642312592818,-6.655163675086906,-7.621817440027527,-13.883981005266667,-14.037090713158726,-13.127596434811467,-13.009485423317656,-13.324943731066377,-9.924429513944006,20.867247362981647,0.0059580004373201,0.000569062131652,0.5714472037616689,74937.00897079386,1581820.2753999997,0.0843090749476147,0.961898015690858,0.005957999978764503,0.0059579999741041015,4.5855559713953165e-10,4.6321599854459716e-10
497,-1.1496010295703816,-8.075652923103137,-8.019890945756343,-11.99347656288264,-11.274649404148615,-16.719330523242462,-12.82720878032985,-13.095135547716309,-9.233690169816288,20.29804234376224,0.0059580029212898,0.0005720030744436,0.5685094744970184,74937.04021302993,1589995.205127035,0.0843090749476147,0.9624605924269536,0.005958002764190124,0.005958002797870587,1.5709967614990772e-10,1.2341921321740168e-10
498,-1.1977839627421756,-5.93494894164056,-8.287448328068878,-14.31250470984974,-14.013151085053051,-15.111314356180491,-16.679432918066773,-10.711692277692626,-12.865362614309936,21.207609635740948,0.0059580004799318,0.0005701889240593,0.5703179308933637,74937.00950674435,1584952.4168252056,0.0843090749476147,0.9612101505841576,0.005958000169880013,0.005958000239907246,3.1005178719595294e-10,2.400245540518098e-10
499,-1.141388441664013,-5.666946635750506,-7.056774506779004,-10.925502096236116,-11.6894590162802,-12.63540396678171,-14.913264935627156,-13.6264487566256,-12.33380732082012,20.09926728917613,0.0059580025405801,0.0005564117675783,0.5844397172063428,74937.03542463762,1546656.0968862153,0.0843090749476147,0.9665957405994788,0.005958002883319683,0.005958002872209243,-3.4273958237490687e-10,-3.3162914254980524e-10
500,-1.1222152060713837,-7.2278846013971485,-7.939454531642324,-13.894420328688078,-14.409380983810102,-11.87061407419857,-12.481920240811036,-10.638820354966713,-10.977372286396406,20.49440940567363,0.0059580008377054,0.0005767764311903,0.5638042386852636,74937.01400665623,1603263.6903480147,0.0843090749476147,0.9597231844212234,0.005957999996206911,0.005958000011960938,8.414984889459909e-10,8.257444615231146e-10
501,-1.0228726374884434,-5.742520300334252,-7.629448999938778,-13.56390717710012,-15.1921762389738,-12.196948700101863,-15.228552388007,-13.073775570035266,-11.301639506363284,21.06739130928105,0.0059580003655232,0.0005645374896659,0.576027215151977,74937.00806776412,1569243.1418421366,0.0843090749476147,0.9628628706638483,0.0059580003900074514,0.005958000461261578,-2.448425143186661e-11,-9.573837816273523e-11
502,-1.373743064567315,-6.5052250482830525,-7.564105846954334,-12.567057244885664,-14.746072177630037,-16.898160220093853,-17.068223732155165,-12.884338407515852,-13.64888664717213,21.35470150851448,0.0059580008697196,0.0005612193143863,0.5794330148018528,74937.01440931667,1560019.6201162832,0.0843090749476147,0.964551881818191,0.005958000215763854,0.005958000231076844,6.539557463255963e-10,6.386427558666141e-10
503,-1.370161744022269,-6.941067900585295,-7.806012518510043,-12.704232085530414,-11.70618018145533,-14.053638124016963,-13.640270433577829,-11.931632820831238,-10.754165640914024,20.286993150456453,0.0059580006593562,0.0005656773696487,0.5748665220234986,74937.0117634615,1572411.6627610363,0.0843090749476147,0.962102448845086,0.005958001608522801,0.00595800157477856,-9.491666012190203e-10,-9.154223603105582e-10
504,-1.043453621825685,-7.426164707085698,-8.96949095048058,-12.947173405051617,-14.807952132405308,-13.48662998239401,-14.458931996926646,-12.459488339366494,-12.5122071265869,21.16838918148225,0.0059580013816031,0.0005619121945598,0.578718604714848,74937.02084755387,1561945.6170260094,0.0843090749476147,0.9623360200248436,0.0059580013003725455,0.005958001253001628,8.123055440095728e-11,1.286014714857453e-10
505,-1.1435718894226652,-7.410316767727284,-7.877350409832648,-10.634254280985672,-14.358335684864096,-15.424015636150472,-12.699149844176295,-11.231862764781926,-10.79931769374286,19.982063702936944,0.0059580025234067,0.000570130490402,0.5703766772032407,74937.0352086378,1584789.9889660252,0.0843090749476147,0.9619719552974604,0.005958002252725984,0.005958002272553907,2.706807165561709e-10,2.508527933986482e-10
506,-1.2844336197608497,-7.771522137627054,-7.195318412190851,-11.65031249973747,-14.556939117571108,-13.11502371467048,-13.882152434607937,-12.30504430543774,-11.775254221576589,20.44936666571362,0.005958001195922,0.0005623681810712,0.5782493337135955,74937.01851214157,1563213.1213438609,0.0843090749476147,0.9632165793522588,0.005958001333076906,0.005958001360833303,-1.3715490635585192e-10,-1.6491130249568497e-10
507,-1.1651175926433517,-7.196868069299508,-6.309242941253704,-14.62171854487988,-13.284888259834812,-12.495503798830768,-11.970151264610584,-12.474640530972906,-12.508030748716118,20.7179627420412,0.0059580000786717,0.0005627959013337,0.577809706442201,74937.00445987721,1564402.0540557466,0.0843090749476147,0.9623570977216728,0.005957999837727623,0.005957999788092806,2.4094407718999733e-10,2.9057889427974715e-10
508,-1.2730041275311967,-8.17045759314625,-8.367805444852065,-12.302464915152427,-14.642679603925153,-11.659860372452425,-15.409823258085892,-11.426721089249114,-11.131715592739614,20.694403375110923,0.0059580009159509,0.0005709025969454,0.5696050514128295,74937.0149907929,1586936.211174786,0.0843090749476147,0.9614308555297324,0.005958001655378662,0.005958001674668304,-7.39427762075362e-10,-7.58717404007736e-10
509,-1.4246260364309478,-6.592733687425051,-8.489370581729716,-13.694150887608815,-14.221089991092082,-14.502248509922593,-16.768426591959926,-14.462118872948857,-10.02725917824564,21.576333732551188,0.0059580002275095,0.0005704518085827,0.5700550718383358,74937.00633189168,1585683.156134786,0.0843090749476147,0.963293280191398,0.0059580001303580635,0.0059580002651917156,9.715143620137034e-11,-3.76822158545953e-11
510,-1.1209704879663076,-7.885648702816256,-7.326799593572128,-13.26061987883408,-12.411532144615784,-15.543881641424347,-13.868241540803846,-14.286739522129006,-11.824032168234378,21.06603157583695,0.00595800049212,0.0005592075129092,0.5815175241367947,74937.0096600411,1554427.4216734702,0.0843090749476147,0.9643696640307452,0.005958001049717154,0.005958001106020889,-5.575971542132185e-10,-6.139008893249476e-10
511,-1.4457999211961854,-6.662618452466321,-7.290034405484333,-11.135260722733769,-16.271357215343617,-16.334216543519773,-17.153179323811912,-13.427519992795718,-12.227562366928558,21.10436341257156,0.0059580005678566,0.0005686657521349,0.5718455408390559,74937.01061262215,1580718.4604628256,0.0843090749476147,0.9649754650191028,0.005958000216758269,0.005958000148671421,3.510983309640281e-10,4.1918517875577654e-10
512,-1.2625697545324734,-8.196194580848914,-8.272695290223117,-13.063796877487528,-15.756804936139844,-16.688882775622705,-15.925214453858835,-12.410262898691984,-11.307300936171009,21.4485805508105,0.0059580002410267,0.0005738232579822,0.5667057640223219,74937.00650190511,1595054.763769488,0.0843090749476147,0.9617073000038135,0.0059580005568679725,0.005958000510241937,-3.158412724066362e-10,-2.692152369088152e-10
513,-1.1424501696397305,-7.894184718850196,-6.23661803423406,-14.31687000348231,-14.382386375957273,-13.561229683052924,-15.933966241849122,-15.098917083916406,-11.153012863124008,21.576319610071245,0.0059579999839717,0.0005642766394871,0.5762934419525075,74937.00326878481,1568518.057393952,0.0843090749476147,0.9645732507074776,0.005958000392878233,0.005958000418727969,-4.0890653276587363e-10,-4.3475626831240843e-10
514,-1.3902811322482398,-7.921330555786024,-7.676284474613174,-14.198091932203674,-13.493748846550115,-12.209205528557394,-15.194983235516933,-12.677568475878326,-12.644532557221469,21.240846415353,0.0059580002298405,0.0005622724568938,0.57834763720995,74937.00636121033,1562947.0371391824,0.0843090749476147,0.9625792207524954,0.0059580004322447545,0.005958000625744272,-2.0240425481488078e-10,-3.959037724390879e-10
515,-1.2398029676073865,-7.804073303567062,-8.74458383704441,-12.00732460262534,-14.71303693923018,-16.21708240500863,-13.956926509865706,-13.411916163551949,-10.878191578286332,21.05004188084221,0.005958001733603,0.0005669859730268,0.5735398854583623,74937.02527484721,1576049.1835883916,0.0843090749476147,0.9628144542706792,0.005958001453171688,0.005958001462707935,2.804313118526247e-10,2.70895064193033e-10
516,-1.1687590459634312,-7.546196467106727,-7.729613663980366,-11.206824348880724,-14.92477994687985,-15.103719926547445,-11.67858270052723,-13.304210746864834,-12.038289605215658,20.50996891319405,0.0059580005476783,0.0005613322157787,0.5793164258051697,74937.01035882792,1560333.4517733145,0.0843090749476147,0.9639580346804044,0.005958001701045154,0.0059580016742582015,-1.153366854279858e-09,-1.1265799014156808e-09
517,-1.0460591431936963,-5.9969807559738815,-7.349444288656468,-11.824421237246144,-13.268956286780176,-17.271980106242754,-12.450866309902056,-10.688838985285276,-10.856290355304102,19.92549322783571,0.0059580011123034,0.0005707093978165,0.5697979048609498,74937.01746042544,1586399.1761439615,0.0843090749476147,0.9614154877490292,0.005958001032729567,0.005958001065890632,7.957383276607777e-11,4.641276859368437e-11
518,-1.4452806144166936,-7.076524924761928,-7.8814870646106545,-10.188458749947763,-14.110367335988926,-15.88220971916222,-17.41188994887482,-13.331171381378407,-10.577507796470236,20.60141331959674,0.0059580003061614,0.0005732525962446,0.5672699178189644,74937.00732113956,1593468.4970742888,0.0843090749476147,0.9647570292345834,0.005958001181740942,0.005958001223253627,-8.755795420298251e-10,-9.17092226812577e-10
519,-1.2155978732459491,-6.823745817387921,-6.290762149360976,-11.167879036175234,-12.065936785721508,-17.075103595500746,-16.75205520023658,-12.868082569076154,-12.282362290562544,20.40056227168004,0.0059580016715447,0.0005649683583519,0.5755881017729085,74937.02449430716,1570440.8262173934,0.0843090749476147,0.9655905225988968,0.005958000984246855,0.005958000930617881,6.872978453725809e-10,7.409268190303187e-10
520,-1.4054733941728204,-8.004396672613801,-6.282730368885781,-13.445840490555687,-12.262020684944217,-15.649671844771351,-13.285682035509298,-11.676924736420048,-9.225011661447237,20.26619997129945,0.0059580007710224,0.0005771418254152,0.5634472791597679,74937.01316794829,1604279.375562872,0.0843090749476147,0.9609622701115637,0.005957999986791836,0.005958000033217989,7.842305641686531e-10,7.378044113159898e-10
521,-1.143886252318412,-6.78884490624551,-6.99446026882082,-14.811940764814391,-14.500379383475812,-12.621635346212372,-12.08182054421977,-14.903996136798938,-12.290870122907444,21.38689521446344,0.0059580004035355,0.0005592384280136,0.5814853644594753,74937.00854586599,1554513.3562949856,0.0843090749476147,0.9639976888827878,0.005957999942896584,0.005957999856839496,4.606389159000912e-10,5.466960035713231e-10
522,-1.2444472340360644,-6.906533443596671,-6.931522757270422,-10.025055728880933,-12.032602420908102,-13.465665859057784,-12.339545595160017,-10.582176559735906,-12.577500534907726,19.29793049913673,0.0059580032465955,0.0005596814470646,0.5810255022764002,74937.04430457605,1555744.8150027962,0.0843090749476147,0.9637539479888398,0.0059580035861964645,0.0059580036667462085,-3.396009645370568e-10,-4.201507084952705e-10
523,-1.0854811279534688,-6.643491361784747,-6.70068589907194,-11.560697584421716,-11.356478374237415,-12.743089678008705,-14.087586420526298,-15.81702391826784,-12.51449882905052,20.538728300073902,0.0059580037551178,0.0005575310337495,0.5832666091095214,74937.05070053748,1549767.317655612,0.0843090749476147,0.968566265152074,0.005958002454502226,0.005958002320764289,1.300615573573971e-09,1.4343535109651029e-09
524,-1.468479261988742,-6.151955296033419,-8.672045152626897,-11.284920137040997,-14.255729646289844,-11.69181837545568,-13.24418384501853,-13.117016693053758,-10.893245723009375,20.37703660196896,0.0059580052451785,0.0005615797761057,0.579061731487601,74937.06944184082,1561021.5944607598,0.0843090749476147,0.9634616937994184,0.0059580018490408915,0.005958001655375695,3.396137608115135e-09,3.589802804841724e-09
525,-1.0463228124837156,-6.594442974674815,-7.520128022487876,-13.232157090995605,-14.236773668208995,-14.113439462748287,-16.12042754219536,-15.611936856160495,-13.326361368228817,21.673446684588487,0.0059580001645849,0.0005547716769078,0.5861671658920379,74937.00554045453,1542097.1418410894,0.0843090749476147,0.9667831656135852,0.005957999926108809,0.005957999781063879,2.3847609130489555e-10,3.8352102136457455e-10
526,-1.219258805330257,-5.710945161904892,-8.694653075758177,-10.983114786819506,-11.253511162841823,-15.26300456981158,-13.559155440001948,-13.18506621093573,-9.23504435457342,19.99644635498483,0.0059580079252101,0.0005678493258688,0.572668773424722,74937.10315005513,1578449.0428558665,0.0843090749476147,0.9635407838294212,0.0059580039680645815,0.005958003830874476,3.9571455183809445e-09,4.0943356240108475e-09
527,-1.2334216881236475,-7.687555846432175,-8.778673608365967,-14.093942351306906,-14.829737799430475,-14.197524802495408,-11.75792270615131,-14.380675684282064,-13.42919201858529,21.617231525284325,0.00595800052889,0.0005573808948802,0.5834232468013548,74937.01012251757,1549349.9770974915,0.0843090749476147,0.9634630586743296,0.005958000516351328,0.005958000672510476,1.253867235734285e-11,-1.4362047575516845e-10
528,-1.263772337537414,-7.5332757926992,-6.452151230832122,-14.695124649628497,-13.766076554474584,-16.3165610783245,-13.588883105615915,-13.7522792162614,-9.900418541405086,21.19016262873168,0.0059580002716506,0.0005721779117628,0.5683353789976154,74937.00688707751,1590481.199891008,0.0843090749476147,0.9621582634186604,0.005958000004994452,0.005957999902960587,2.6665614855092556e-10,3.686900134150517e-10
529,-1.0810135706571116,-7.091950657207036,-7.96646497296786,-12.652685882385043,-11.850157356262386,-16.230209481330363,-14.218606168893428,-12.526620779503698,-10.673153822236747,20.563157646250293,0.0059580004702737,0.0005666435547851,0.5738862885689145,74937.00938526855,1575097.3646440236,0.0843090749476147,0.962552922693551,0.005958001709999727,0.005958001811711296,-1.2397260266971966e-09,-1.3414375964193592e-09
530,-1.3496799240590909,-6.116763218281879,-7.592897103153063,-13.59349286551361,-15.262271698194825,-12.801713980456102,-15.6839090850853,-15.37328587195354,-10.63223164970464,21.52539750007788,0.0059580002480002,0.0005645267003143,0.5760382072600647,74937.00658961426,1569213.1507143597,0.0843090749476147,0.9646629742887436,0.005958000104600502,0.005958000095484755,1.4339969836574262e-10,1.5251544471794887e-10
531,-1.0997784453669048,-8.034175883434585,-7.801342671797606,-13.304523055440937,-15.58493689003056,-14.467556745634074,-16.946131658475636,-11.735016268494247,-10.58523403049771,21.22365388959568,0.0059580003470367,0.0005785242128311,0.5621008581754723,74937.00783524949,1608121.993655499,0.0843090749476147,0.961165895935586,0.005958000456314115,0.005958000545619565,-1.0927741437433136e-10,-1.9858286456203578e-10
532,-1.3721032508766655,-6.984370209787597,-6.3960004352686886,-13.26863326602377,-15.823531844013983,-16.626074477230656,-17.481035138430567,-11.967961892089738,-9.528324071365766,21.062139758259363,0.0059580005971349,0.0005866370066157,0.5543274176637237,74937.01098087073,1630673.101847169,0.0843090749476147,0.9616061888669928,0.00595800081999323,0.005958000919245903,-2.2285832988050425e-10,-3.221110028012175e-10
533,-1.461027660618865,-7.985786264685585,-7.679284480048966,-14.545871560069957,-16.483420552744825,-13.568421054608296,-16.41508496461052,-13.641359039761996,-13.377231322327116,22.06792807206536,0.0059580001320631,0.0005626089831867,0.5780016825642842,74937.00513141058,1563882.4782513303,0.0843090749476147,0.9631676990622978,0.005958000347680825,0.0059580006835561914,-2.156177250633995e-10,-5.514930916453165e-10
534,-1.1356538864631018,-5.705422653041494,-9.042573130675942,-13.188409024458618,-12.730589930551025,-11.664173127561297,-12.368105030011613,-13.405431006920088,-10.984178268585268,20.63256269013764,0.0059580006420731,0.0005620736419642,0.5785522685710569,74937.0115460831,1562394.3918844352,0.0843090749476147,0.9627331656144594,0.005958001720029041,0.0059580017711043575,-1.0779559406551287e-09,-1.12903125737418e-09
535,-1.0106685157888362,-7.177141015524653,-7.307781349725754,-10.90895016979118,-14.70256680462137,-16.65703799347436,-12.505288478987744,-15.47816321303516,-12.880984464817638,20.879355897912745,0.0059580008129534,0.0005580007050062,0.5827752397709902,74937.01369533724,1551072.8614185415,0.0843090749476147,0.9673605952620348,0.005958000912977408,0.0059580008903255335,-1.0002400817332724e-10,-7.737213387343234e-11
536,-1.0511619154105478,-6.52982550470836,-7.80815891999689,-14.248295212474163,-15.658948048792602,-14.027235055564,-12.224672873983872,-10.944555345712669,-12.182419274228174,20.86406374355962,0.0059580002628444,0.0005749764699382,0.5655691434637904,74937.006776318,1598260.343533854,0.0843090749476147,0.9602136030976244,0.00595800000050706,0.005958000013617294,2.623373393517703e-10,2.492271059667539e-10
537,-1.0303491750651448,-6.5384206237242095,-6.581227249975055,-11.916302548819347,-12.84372164382128,-13.41800693198604,-13.832318976065883,-14.882470337706454,-12.090369266352916,20.591571654779944,0.0059580011423128,0.0005554491981959,0.5854523198041941,74937.01783786947,1543980.4457033465,0.0843090749476147,0.9667091901583416,0.005958001273491361,0.005958001384453046,-1.3117856106914516e-10,-2.42140246221878e-10
538,-1.4296880759673392,-8.329613104613621,-8.522689046558018,-11.59930202870538,-14.210465981364669,-14.057315385532906,-11.775262920342264,-13.94152037264698,-11.195077457915108,20.71706616358466,0.0059580033970271,0.0005622073174378,0.5784151079594617,74937.04619663674,1562765.969191635,0.0843090749476147,0.96352887699373,0.005958002487362005,0.005958002440805917,9.096650949863561e-10,9.562211829641787e-10
539,-1.1759476331962246,-6.078438130711685,-7.256174578793335,-14.64043461031993,-16.536012464035768,-15.055905595685104,-15.309398338438507,-13.856767120555055,-10.256163882430544,21.64379380540862,0.005957999907811,0.0005749290448626,0.5656157458974915,74937.00231086925,1598128.516195474,0.0843090749476147,0.9622353979399912,0.005958000868580557,0.005958000933847121,-9.607695567945274e-10,-1.0260361206493318e-09
540,-1.1337479173415548,-6.381460987031339,-8.664129994230818,-13.812454262047671,-14.804139408884582,-17.165048205271514,-13.820761766703342,-11.50518140756192,-10.95324103341528,21.07591767066102,0.0059580003389394,0.0005764505342644,0.5641229151772496,74937.00773340586,1602357.7956549758,0.0843090749476147,0.9604088460203736,0.005958000309879229,0.00595800025529765,2.906017093629032e-11,8.364174977626426e-11
541,-1.3855963278230217,-7.470287388328865,-8.224711502157028,-14.70582472256005,-14.321014249643984,-14.065963132518958,-16.840755482003864,-13.044867961056198,-11.88281781345142,21.745984290270385,0.0059579999737301,0.0005675411131191,0.5729786238000153,74937.00313996976,1577592.3048134006,0.0843090749476147,0.9621583353155262,0.005957999911519011,0.005957999895166613,6.221108957843446e-11,7.856348731294371e-11
542,-1.0441802922237895,-7.199220187139179,-8.71888671744884,-10.961108820557524,-11.722381505412056,-12.08748081719243,-15.039428687546154,-13.160985817706216,-9.590264991440511,20.169428873711723,0.005958007241212,0.0005686896039121,0.571822517413948,74937.09454703919,1580784.7611754225,0.0843090749476147,0.9635910715627148,0.005958004415159114,0.005958004484706172,2.826052886498176e-09,2.75650582828163e-09
543,-1.0458413251317429,-8.045280674140704,-6.071806997059733,-13.41110418821634,-13.579240228376603,-13.959683468860195,-14.48044732276582,-12.750792008852608,-11.58995082490491,20.768688891735646,0.0059580004147905,0.0005630353238692,0.57756405019126,74937.0086874259,1565067.576149042,0.0843090749476147,0.9631103542443528,0.005958000569387893,0.005958000548411354,-1.545973930469624e-10,-1.3362085396484424e-10
544,-1.2422249794434013,-6.103481005650122,-8.603299567714211,-10.37949580836532,-16.098694101484696,-13.529367687191264,-16.668639573373554,-14.97326686248726,-12.600506088658015,21.154433747904207,0.0059579999462601,0.0005625643718788,0.5780474910095578,74937.00279446522,1563758.4723346955,0.0843090749476147,0.9669458168947116,0.005958000347201914,0.005958000272335295,-4.0094181360389447e-10,-3.260751946232432e-10
545,-1.234236336193373,-7.630067885452865,-8.083143402253809,-12.93240721724772,-16.656902735041303,-16.94201374362308,-16.283468548931076,-11.048078930795771,-10.284933383963146,21.17101187239301,0.0059580001291814,0.0005876911343515,0.5533330684502875,74937.00509516556,1633603.2575061512,0.0843090749476147,0.9603027885005182,0.0059580006812370466,0.005958000818872229,-5.520556468560645e-10,-6.896908296208371e-10
546,-1.096070752172574,-8.230007931896461,-7.612020482475659,-12.418375748536423,-12.574484193927008,-15.276888468804536,-17.199925714415183,-15.273422717334578,-11.640164699301447,21.38736656026664,0.0059580016046039,0.0005648060169822,0.5757535325182571,74937.02365235603,1569989.5664060805,0.0843090749476147,0.9659790787538926,0.005958000967073853,0.005958001041475386,6.375300469832479e-10,5.631285143053999e-10
547,-1.304863698968501,-6.605907973749119,-8.63475522173271,-10.923989771959045,-14.530834076518612,-15.76323890207776,-13.671344281178326,-13.023544901198257,-10.79223425277364,20.543309027572864,0.0059580019361557,0.0005656678525303,0.5748763786995283,74937.02782246278,1572385.2080559523,0.0843090749476147,0.9633650304048303,0.005958001913263532,0.005958001866391332,2.289216819578721e-11,6.976436789374318e-11
548,-1.4326744250081909,-5.6700592886932775,-7.157553491636442,-10.211513796776051,-13.34472006917768,-13.868291162920642,-15.624763993946235,-12.122240371614945,-13.162048511881869,20.06240558074064,0.0059580023777778,0.0005582605078764,0.5825042577381454,74937.03337698372,1551795.0346661378,0.0843090749476147,0.9657162806324948,0.005958002044976356,0.005958002107631056,3.3280144352137997e-10,2.701467435167748e-10
549,-1.1192477403903849,-8.219373768022653,-7.944796638667415,-14.523979726140338,-14.835962265986277,-13.564863400674094,-16.867985945012354,-11.92537595231489,-12.187374188145814,21.57732472249708,0.0059580002705244,0.0005706966022836,0.5698105594852386,74937.00687291284,1586363.6084402243,0.0843090749476147,0.9613648597790072,0.005958000025346078,0.00595800006117937,2.451783220891457e-10,2.093450300263977e-10
550,-1.4218931243416568,-8.310463730669793,-7.699739471878351,-11.313912816687653,-11.703468273034046,-17.142310073012517,-16.188999485526317,-14.986370768517338,-12.656189603633436,21.064490182,0.0059580017500697,0.0005634130595942,0.57717702108047,74937.02548195871,1566117.566994107,0.0843090749476147,0.9669033610154776,0.005958002192291544,0.005958002204192932,-4.422218442129422e-10,-4.541232320742772e-10
551,-1.2086540415431672,-7.120192098353521,-6.331176671388183,-13.323132181479602,-16.1180630706884,-12.309194016770396,-15.454387890819332,-15.37072148267558,-9.42393007642503,21.3008257458866,0.0059580001268712,0.0005726718641264,0.5678451463276586,74937.00506610834,1591854.237772996,0.0843090749476147,0.9644248227357212,0.005958000599599477,0.005958000517973667,-4.727282766625596e-10,-3.9110246725232445e-10
552,-1.39450380147965,-6.100365295520792,-6.970809152780319,-13.378721305305469,-15.189703426550802,-14.387101051491594,-12.393026940694856,-14.410097986920762,-10.399031976275625,20.958003575667146,0.0059580007238303,0.0005649585003799,0.5755980078840967,74937.01257438802,1570413.4240425087,0.0843090749476147,0.9634748711883816,0.005958000376129302,0.005958000395486578,3.477009982016943e-10,3.2834372200307715e-10
553,-1.1065156643294634,-6.86910399905043,-7.523342009255917,-10.727384877165282,-14.292171911877393,-12.848572407987463,-14.975357599171002,-10.66932761327139,-9.334469734435466,19.795018459342185,0.0059580028636484,0.0005766945199505,0.5638846066568872,74937.03948804269,1603036.0019241385,0.0843090749476147,0.9614623073324836,0.005958001565880375,0.005958001571432876,1.2977680249881551e-09,1.292215523820972e-09
554,-1.2792512368786313,-7.4924877628119875,-7.296377631133463,-12.581959340184357,-13.31890032908404,-17.014328039373872,-11.719872376011343,-15.175531010992788,-12.593265452355883,21.04353087851524,0.0059580004008751,0.0005568047486744,0.5840269173163554,74937.00851240437,1547748.465242789,0.0843090749476147,0.9657254735660984,0.005958000974900037,0.005958001066341719,-5.740249369584616e-10,-6.654666184421898e-10
555,-1.376033744011318,-6.408482367055878,-7.147817805737342,-12.34531465569111,-15.799615175894765,-16.96677079142174,-17.276436192759448,-13.22205815005774,-11.105769649323593,21.23480337820847,0.0059580009112991,0.0005726426633855,0.5678742145781569,74937.01493228435,1591773.068562261,0.0843090749476147,0.963673465250617,0.005958000403082566,0.005958000515331413,5.082165339606592e-10,3.9596768745819855e-10
556,-1.2831909918488065,-7.930700735170213,-6.360334262088871,-14.536822373939412,-15.391475261380894,-13.81483045114338,-16.599805097174837,-12.148664514413598,-13.110383263128966,21.490449602438787,0.0059580002876282,0.0005662530270883,0.5742820542893541,74937.00708803721,1574011.815993996,0.0843090749476147,0.9625050282703996,0.0059580005178617055,0.005958000472850437,-2.302335058712579e-10,-1.8522223772104995e-10
557,-1.2103307891377209,-8.179210784801171,-8.001105420514364,-12.887597426193867,-14.184512846236515,-14.94824420569258,-16.35944510120996,-15.14444389614627,-10.725370041095625,21.56634809001358,0.0059580004908804,0.0005660842864858,0.5744532679098003,74937.0096444505,1573542.7682548035,0.0843090749476147,0.9645701509934488,0.00595800035420732,0.005958000288522297,1.3667307997150546e-10,2.0235810336416415e-10
558,-1.2975826522594582,-6.327640571239607,-7.557701555112339,-10.296211165602458,-12.251828947296392,-14.402606454697816,-15.511479588455058,-14.205627409534468,-11.991831848416654,20.336857159161813,0.0059580015149476,0.0005603268788961,0.5803559750079361,74937.02252470046,1557538.9199004066,0.0843090749476147,0.966896023066975,0.0059580026502894295,0.0059580026116494225,-1.135341829230918e-09,-1.0967018222382552e-09
559,-1.246698261909004,-7.411381546100537,-7.738626672000445,-14.29292472074878,-11.376252457022527,-16.780270886343086,-12.8962782804198,-15.752947404050046,-9.209217149792272,21.240076548469144,0.0059580009180405,0.0005707571883868,0.5697501667478434,74937.01501707494,1586532.019446849,0.0843090749476147,0.9638289414741156,0.005958000529485001,0.0059580006001297816,3.8855549940736145e-10,3.1791071858355835e-10
560,-1.240295503889269,-7.844102715118421,-6.637843589447906,-13.490189019774483,-11.994528501388189,-11.799568662122583,-16.95126231927042,-12.724495119566647,-9.523754877619464,20.64484215468745,0.0059580008508186,0.0005758033517642,0.5647570420631752,74937.01417158892,1600558.8244290035,0.0843090749476147,0.962525014380498,0.005958000715060817,0.0059580007372756405,1.3575778348706713e-10,1.1354295975651851e-10
561,-1.1616712227665669,-6.202116137367788,-8.330899408788643,-14.398612937898688,-11.411969247678078,-11.9154667965759,-12.160389666212474,-15.784112875943237,-9.860465970818307,21.02406730838696,0.0059580010113201,0.0005668144870822,0.5737133018012951,74937.01619030265,1575572.504630157,0.0843090749476147,0.964126741851456,0.005958000818043412,0.005958000860929833,1.9327668805690923e-10,1.5039026707991399e-10
562,-1.033933140177818,-5.718502379700846,-7.891419279849052,-14.231049653244916,-13.176423356573856,-12.940890609995012,-14.003432983013298,-14.389450072540228,-12.188964157764596,21.243745851508784,0.0059580005024068,0.0005571125151968,0.5837042973500223,74937.00978942426,1548603.9629084254,0.0843090749476147,0.9642267959788126,0.005958000460570949,0.005958000474610314,4.183585075590024e-11,2.7796485599362875e-11
563,-1.390786249600472,-6.798615347465215,-7.205803626042937,-10.07305814484002,-16.567138118911252,-12.59503880191332,-16.58889632257138,-12.235114199749349,-9.684434222839716,20.257096250767265,0.005958000389046,0.0005785755513588,0.5620509874349792,74937.00836362428,1608264.6992048032,0.0843090749476147,0.963281562667274,0.005958000745762093,0.005958001001886667,-3.5671609329573917e-10,-6.128406671024322e-10
564,-1.232055942091148,-6.007131087120602,-7.996146816590072,-10.673596977747842,-15.435326084840936,-16.682388450026643,-12.72689871943183,-12.962358588991105,-12.045613641952771,20.470545076574616,0.0059580013278351,0.0005630027558311,0.5775975933294981,74937.0201712849,1564977.0468726263,0.0843090749476147,0.96415829063145,0.005958001412463779,0.005958001446212672,-8.462867906455784e-11,-1.1837757163402074e-10
565,-1.4192940421365612,-7.039908419364848,-7.622978598836785,-11.813311757475203,-12.906138400456804,-15.63658010527882,-11.834343100184723,-15.391336169997228,-9.2389460730554,20.56505098763064,0.0059580009519495,0.0005663010858666,0.5742334142524107,74937.01544356706,1574145.4048338227,0.0843090749476147,0.9647753053613316,0.005958001184657696,0.005958001122649863,-2.3270819646259433e-10,-1.707003626991166e-10
566,-1.314233746372512,-8.224298793590838,-7.804999131248918,-14.4246452799943,-16.123813831292388,-16.537771346577596,-14.302276848124595,-11.31858728171234,-13.060238021264071,21.53873774978489,0.0059580004651603,0.0005741135925215,0.5664192076523119,74937.00932095476,1595861.805804832,0.0843090749476147,0.9606778687756444,0.005958000397963805,0.0059580004881589575,6.719649489617119e-11,-2.2998657665807e-11
567,-1.34168272650066,-6.871800526648812,-6.876105100767764,-11.24008935171836,-16.236832252522273,-12.487290674537386,-13.540630454882283,-11.58773762803791,-9.715252440569422,20.082917944261222,0.0059580007289246,0.0005753195153415,0.5652319782336682,74937.01263846099,1599213.9057973549,0.0843090749476147,0.9617636274123282,0.0059580007763068675,0.005958000749180463,-4.738226738049134e-11,-2.0255862959173143e-11
568,-1.4387591431997615,-7.693242703553572,-6.505839018345156,-13.817586824167012,-15.914707172819346,-13.379283868006288,-15.55638376243454,-14.85045342830562,-12.242007944714132,21.661655572915294,0.0059580005399938,0.0005613508960822,0.5792971465346551,74937.0102621766,1560385.3773560766,0.0843090749476147,0.9647438367468728,0.0059580006738391665,0.005958000994108282,-1.3384536621391385e-10,-4.5411448212906436e-10
569,-1.4597033286790315,-7.1817988502433465,-6.584164922796585,-12.137398187336386,-15.491804891488067,-16.70641576758768,-12.850968807053103,-12.64957623113089,-10.908032048250384,20.596872794383103,0.0059580007790127,0.0005698477422993,0.5706594371358044,74937.01326844707,1584004.034925501,0.0843090749476147,0.9626700085824984,0.00595800062937194,0.005958000560901021,1.4964075985279823e-10,2.181116788915749e-10
570,-1.2881314811246087,-7.252189720390094,-7.740020315973084,-12.32419479341124,-16.488348709932836,-17.006030102305413,-17.382899493739377,-14.007620075006145,-13.086946133977284,21.748377981589908,0.0059580006143005,0.0005650943512746,0.5754596160005939,74937.01119677165,1570791.0483611692,0.0843090749476147,0.9649027913180904,0.005957999746311545,0.005957999738142837,8.679889550167186e-10,8.761576629143231e-10
571,-1.4706617131365023,-8.100778208443769,-7.979040768292838,-12.783430048070722,-12.961062121610327,-14.890725104661168,-12.751829523251962,-12.954585297991162,-12.850622999174933,20.851718678741094,0.0059580016029354,0.0005583533554901,0.5824072804989501,74937.02363137022,1552053.1228953716,0.0843090749476147,0.9633659276323862,0.005958001810965393,0.005958001891381457,-2.080299934051344e-10,-2.884460569702041e-10
572,-1.434141321734292,-6.515028343897204,-6.32408944410634,-13.60554785489368,-14.31897123802927,-17.15021710512794,-17.3817946979073,-13.727725185287456,-10.650111670530396,21.33401896454778,0.0059580001145096,0.000572218847274,0.5682946988197602,74937.00491063012,1590594.988207021,0.0843090749476147,0.9637620637870816,0.005958000504495139,0.005958000488840716,-3.899855386541029e-10,-3.743311155837703e-10
573,-1.2375999951602925,-6.191139863782623,-8.023670185074094,-14.066867270458856,-14.17551332858889,-12.829338088908235,-17.242491017718446,-15.298809835341324,-13.142946929867817,21.89974602283077,0.0059580001682441,0.0005574342869902,0.5833673124515768,74937.00558647874,1549498.3909832698,0.0843090749476147,0.9657871744320184,0.005957999807912004,0.005957999888080406,3.6033209575847547e-10,2.8016369345990055e-10
574,-1.257451024526256,-7.188098591104626,-7.589553482256556,-11.660848264076018,-15.021575395811464,-12.14414313805676,-12.997822453256166,-13.130432955905745,-9.23158702883432,20.338879157617047,0.0059580011494335,0.0005707137412401,0.5697935737337534,74937.01792743117,1586411.2495452953,0.0843090749476147,0.9625156820385672,0.005958000791674421,0.005958000682238184,3.577590793057972e-10,4.671953162879716e-10
575,-1.1383321275501077,-7.539792316846953,-8.695964211419573,-10.725559577184386,-16.50974541569401,-14.183038223263852,-14.258765304986538,-11.15940370253984,-11.189901100950992,20.480389936606976,0.0059580020684974,0.0005743259121841,0.5662100395358021,74937.02948699635,1596451.9901247397,0.0843090749476147,0.9615744689666544,0.005958002137837943,0.0059580022260113516,-6.934054285617774e-11,-1.575139515347379e-10
576,-1.0004939296672388,-6.386181807228604,-6.86445449274092,-13.326895399445148,-15.700700940534846,-16.778351307248265,-17.19677440469604,-10.594328468303408,-10.015749949655138,20.855136639834583,0.0059580003822087,0.0005885358970244,0.5525388698146353,74937.00827762722,1635951.4417367943,0.0843090749476147,0.9605929749523184,0.005958000444882618,0.005958000412475113,-6.267391813863377e-11,-3.026641264003427e-11
577,-1.099387355607586,-6.25469144158056,-7.252578343445365,-14.482920273554443,-15.933127031056092,-13.492174494874028,-13.648654143232925,-14.92307945263961,-9.37738154034978,21.43593917870031,0.005958000176041,0.0005731715306239,0.5673501301682233,74937.00568454438,1593243.1592151136,0.0843090749476147,0.9628023550869592,0.005958000288285899,0.005958000391503125,-1.1224489913919111e-10,-2.1546212470441306e-10
578,-1.0348420320667993,-6.692427214705527,-8.660868918782578,-14.240644338438416,-11.481944479526476,-17.110977064789072,-15.112295021424089,-11.00683928428776,-13.269095963135433,21.02816081810912,0.0059580009248759,0.0005674046211319,0.5731165938811154,74937.01510304806,1577212.898452066,0.0843090749476147,0.9615581160370924,0.005958000977475687,0.00595800088120011,-5.259978737293114e-11,4.367578954750373e-11
579,-1.3862518766539458,-7.56727209278903,-8.576269908598913,-12.278418705791708,-11.341729223504617,-13.051037366332023,-15.169244755270824,-13.947313197023131,-12.462437733424728,20.87485141367742,0.0059580016279813,0.0005591004646322,0.5816290308270359,74937.02394638563,1554129.8599037947,0.0843090749476147,0.9649795299651605,0.005958003395617713,0.0059580033574375855,-1.7676364131094524e-09,-1.7294562856470796e-09
580,-1.2878702946694545,-7.343539995229928,-8.205973054532679,-10.68621971582422,-13.684755063476132,-11.578424078457386,-11.94404641759613,-10.985813115655631,-12.498482148980107,19.805125597306105,0.0059580046135144,0.0005616570042652,0.578982018093199,74937.06149705804,1561236.2653405454,0.0843090749476147,0.9626544905475845,0.005958003563462345,0.005958003629869611,1.0500520548559211e-09,9.836447888850186e-10
581,-1.1259671831011837,-7.370859841032674,-8.056173727524294,-9.882724240369772,-13.026875672236915,-12.740398196035205,-12.265097343033446,-11.845691745425494,-10.759843841216066,19.6124377206203,0.0059580057163201,0.0005632689945608,0.5773252198024972,74937.07536764526,1565717.109859119,0.0843090749476147,0.9631936955559524,0.0059580042809852405,0.005958004333068779,1.4353348596479742e-09,1.3832513207773234e-09
582,-1.3707700294945289,-5.61057154633039,-6.5201878045394,-13.632932682661796,-13.564749214513483,-12.507089070910066,-11.837872104597794,-13.17672613009287,-13.68524768498128,20.62692496143348,0.0059580005574561,0.0005542654903762,0.5867025448653637,74937.01048180948,1540690.09667955,0.0843090749476147,0.9645853276711376,0.005958000319368734,0.0059580002795626,2.380873657947813e-10,2.778934998781679e-10
583,-1.114241652525101,-6.131599370738249,-9.002218280726389,-10.861314385528718,-15.35715696907405,-16.79454515180096,-16.04225957985251,-13.679564087862603,-12.908771596732317,21.155868267656576,0.0059580004915242,0.0005618649303746,0.578767156939439,74937.00965254787,1561814.2369141076,0.0843090749476147,0.9652483859793396,0.0059580013583029005,0.005958001223445397,-8.667787008975747e-10,-7.319211972611761e-10
584,-1.0246395583143129,-5.849367497031584,-9.035089955621755,-10.59995388256631,-12.426289244045364,-13.999905971133987,-15.830392562497767,-13.3498245574974,-11.968914378255665,20.479166164154595,0.005958008346445,0.0005601813842739,0.5805077079516088,74937.1084481548,1557134.4889420562,0.0843090749476147,0.9652782901581396,0.0059580043996149724,0.005958004106671526,3.946830027731774e-09,4.239773474142006e-09
585,-1.2380201136051965,-7.115565530872495,-7.356278778656293,-11.157469180109896,-15.790258427504712,-16.457350848705108,-16.21924358462373,-11.97473815010892,-10.380747476867615,20.634238235665453,0.0059580011861818,0.000577239065314,0.5633524214647554,74937.01838963355,1604549.6730138075,0.0843090749476147,0.9625957916972868,0.005958000614597055,0.005958000643094004,5.715847448128919e-10,5.430877960885261e-10
586,-1.1151302357363182,-6.513225066003567,-6.248754702779503,-11.655724882767078,-14.15325523078732,-12.85170382242681,-11.66655220511566,-14.234418609093142,-10.30137733314877,20.160438468744434,0.005958001105834,0.0005609969957341,0.5796626739597519,74937.01737905624,1559401.6416355572,0.0843090749476147,0.964781415218008,0.005958000755477926,0.005958000806181454,3.503560740136802e-10,2.9965254583208534e-10
587,-1.2977439413513936,-6.754984517703413,-8.119055245928664,-10.481987619484295,-11.963803667667936,-13.752733728405028,-15.189320339538112,-15.320719031171087,-9.4138681710451,20.402282375436464,0.005958003566877,0.0005689531410457,0.571557122471217,74937.04833293159,1581517.314543534,0.0843090749476147,0.9662063951032208,0.005958002829563773,0.005958002940633152,7.373132269658522e-10,6.262438484450072e-10
588,-1.126773080499642,-8.077114414554847,-6.632670225924377,-14.789828855925824,-15.37179085321625,-11.598457609438682,-12.135250241278316,-12.8233567471359,-12.195631222841856,21.1173471260486,0.0059580005175731,0.0005684474624529,0.5720651281761427,74937.0099801784,1580111.681298027,0.0843090749476147,0.9617103712649284,0.005958000293638113,0.005958000187320844,2.23934986873231e-10,3.302522552303677e-10
589,-1.1362402153749351,-7.193971424068742,-9.033483801188993,-13.75440122907213,-16.688944017760296,-16.66732767509158,-13.770116841024656,-13.664884355598268,-9.428974244854762,21.61638172744358,0.0059580004466984,0.0005813186279531,0.5593988374533825,74937.00908874889,1615889.6208653962,0.0843090749476147,0.9610401761703976,0.005958000355715284,0.005958000359162465,9.098311600647113e-11,8.753593509769342e-11
590,-1.2761528863721563,-6.708939990432621,-8.156588536023738,-10.364150274300606,-14.594154655949405,-13.655246229973384,-13.676898905915651,-15.217445586954518,-11.884748064003,20.693015780917808,0.0059580004888196,0.0005585560216973,0.5821957968106344,74937.00961853047,1552616.4735346378,0.0843090749476147,0.96683933477661,0.005958001508365012,0.005958001570649009,-1.0195454116374014e-09,-1.081829409041446e-09
591,-1.109072652206795,-6.15485977262296,-6.304053991398457,-11.14621637064429,-15.80613393802732,-13.089954610350423,-15.160400731162325,-13.936343368204284,-12.052935837707803,20.61406727807713,0.0059580001361143,0.0005612322753461,0.5794195265031908,74937.00518236398,1560055.647656933,0.0843090749476147,0.965950792973842,0.0059580004556531035,0.0059580004256205325,-3.1953880340329643e-10,-2.895062323551856e-10
592,-1.4632887233049443,-6.388822558969566,-8.61942142175454,-14.021853647627152,-12.111186735121745,-12.748209837430686,-13.396530872741032,-13.573830005618117,-9.648318830156253,20.84152451521624,0.0059580009331758,0.0005700616634185,0.5704453138367183,74937.01520744008,1584598.6708092885,0.0843090749476147,0.9619955652597018,0.005958000499371251,0.005958000422685505,4.338045495738685e-10,5.104902950012202e-10
593,-1.215839691018298,-8.043859266188782,-6.419905014479364,-10.494394145582536,-13.962991956116303,-13.17597478818707,-11.700035374054522,-13.862047592955475,-9.707598645796804,19.90396937603857,0.0059580022709314,0.000565497697278,0.5750494044146042,74937.03203311875,1571912.2280190738,0.0843090749476147,0.9644883889996468,0.005958001657760676,0.005958001512873741,6.13170724264589e-10,7.580576591795229e-10
594,-1.1002758000117636,-5.938202223412867,-9.037296129553509,-12.68181901880191,-15.8638380423883,-13.83983067529207,-15.404010365107034,-10.80102704285057,-12.387959658022334,20.932083890425627,0.0059580011563038,0.0005704652817003,0.5700417417048511,74937.01801384173,1585720.607318888,0.0843090749476147,0.9612334615020308,0.005958001264125505,0.0059580012314855435,-1.0782170555695414e-10,-7.51817436431268e-11
595,-1.094877958737778,-7.046319740102252,-7.8599539268366065,-11.839213338998238,-15.913662046371122,-16.91445662667497,-16.109902017439573,-14.949398491957831,-10.79598002271021,21.427682359947923,0.0059580005051736,0.0005691235694435,0.5713855248910642,74937.00982422355,1581991.0538421615,0.0843090749476147,0.9649376123300166,0.005957999960636861,0.005957999989770853,5.445367386169853e-10,5.154027465231747e-10
596,-1.2174363635547418,-6.360258318560707,-8.93593567082702,-12.353368422929512,-13.089155591808932,-17.04419290943212,-16.25984130774422,-11.54509537107436,-12.75557042755874,20.936220904168312,0.0059580010665888,0.0005654246300908,0.5751235409844191,74937.01688544743,1571709.123381121,0.0843090749476147,0.962684036422278,0.00595800191825008,0.005958001927955177,-8.51661280561189e-10,-8.613663775303149e-10
597,-1.1387055865444338,-6.922536854433484,-6.56341262206647,-14.649036630441874,-13.724845091376151,-11.861472364057873,-11.84521580476594,-12.437032149594726,-12.111869504168627,20.71309023128709,0.0059580004442643,0.0005649877238004,0.5755681951464606,74937.00905813454,1570494.6562955,0.0843090749476147,0.961954758732364,0.005957999709349388,0.00595799972034686,7.349149119123544e-10,7.239174398820936e-10
598,-1.001366944636003,-7.83100439591021,-8.451217592642426,-12.370391400527604,-11.195831762933103,-11.67911539473788,-14.719469475553772,-11.571698468019584,-10.314802423866874,20.186924042336884,0.0059580025944932,0.0005706548544854,0.5698525789304324,74937.03610273103,1586247.5622124712,0.0843090749476147,0.9616840413246708,0.005958003684365189,0.0059580036714923885,-1.0898719895319209e-09,-1.0769991886164232e-09
599,-1.3750867197175152,-7.221183390376145,-8.864412787515251,-10.956374386234671,-16.62508376513292,-13.103811299152628,-17.30195632812245,-14.601655680291886,-9.539392319020251,21.23780548784326,0.0059580006111535,0.0005773280175129,0.5632655410209968,74937.0111571903,1604796.9331701386,0.0843090749476147,0.9642420411818844,0.005958000195248659,0.005958000103282335,4.1590484094883307e-10,5.078711652617418e-10
600,-1.1063573687506592,-6.437461848089779,-8.784406986340231,-11.862011325385009,-16.355555664355485,-12.430792200409831,-15.968965726065196,-11.216535889838212,-10.094793921873888,20.675518890964845,0.005958001258431,0.0005791877352849,0.5614570394240777,74937.01929835179,1609966.385000945,0.0843090749476147,0.9610238650484928,0.005958001167613942,0.005958001050256867,9.081705786700978e-11,2.0817413244611505e-10
601,-1.230905726914509,-7.268596479070387,-9.007138459332857,-13.039491951262224,-14.248221069910874,-11.88289782278591,-15.45583417565978,-12.873071419764706,-10.642620962838444,21.07566243775952,0.0059580002744559,0.0005686634594446,0.571847804117826,74937.00692236173,1580712.0874784582,0.0843090749476147,0.9620413494117606,0.005958001001888363,0.005958001188657582,-7.274324632239315e-10,-9.142016822380472e-10
602,-1.0097852557779574,-6.160459102336674,-6.160682449131005,-13.469728062534813,-13.951678186361509,-12.680531921737323,-16.66047427730595,-12.608722571943364,-12.873007867564493,20.909247614288727,0.0059580004056822,0.0005599486561282,0.5807478199117205,74937.00857286667,1556487.5752237192,0.0843090749476147,0.9642370352182752,0.005958000473626125,0.005958000461556835,-6.794392479192446e-11,-5.587463478007315e-11
603,-1.0595583473474877,-6.049058649325176,-7.632127348666653,-12.143728891851168,-15.93003381793427,-13.03102760090826,-12.171187088501696,-13.843225412174936,-11.828786492422044,20.750129976602096,0.0059580007230156,0.0005601337504502,0.5805559601216878,74937.01256414146,1557002.081347067,0.0843090749476147,0.964061413958708,0.005958000735323428,0.005958000716217877,-1.2307827500224189e-11,6.797722974793974e-12
604,-1.2139650778262043,-5.620507406476007,-7.074567116835219,-10.624352553187704,-11.18111484440796,-15.287111713377008,-17.26979693330308,-10.699211616148354,-10.904511250436984,19.689618878020923,0.0059580031028519,0.0005717528890821,0.568758266616223,74937.04249663545,1589299.765639172,0.0843090749476147,0.963358821740114,0.005958002790900896,0.005958002593643058,3.1195100322345404e-10,5.092088417590901e-10
605,-1.4501281767156502,-6.591116638963661,-6.120007024576039,-13.548334198125843,-14.695908109778737,-16.365526321959596,-12.497447334529582,-12.174990324868483,-9.95660922006698,20.5372454319302,0.0059579998819454,0.000575244559754,0.5653055086162955,74937.00198554459,1599005.5519787318,0.0843090749476147,0.96138540746655,0.0059580002234711875,0.00595800016746699,-3.415257876851485e-10,-2.855215898781016e-10
606,-1.0386785527486566,-7.9274363483421535,-6.592101693443546,-11.316397374605156,-11.476650332882809,-14.149456906565526,-16.535395131756363,-15.247973415543695,-10.194001470482222,20.58516363089874,0.00595800287468,0.000569926343837,0.5705810355375447,74937.03962679271,1584222.5233804656,0.0843090749476147,0.9666093821583596,0.005958001999935553,0.0059580021511713675,8.747444470158516e-10,7.235086323456597e-10
607,-1.1800451873420257,-6.35180337695795,-6.949614220940777,-14.354765490500164,-15.84752708051134,-12.135293611376571,-12.771162379246896,-14.852932234491924,-11.267944300131266,21.34901519055423,0.0059579999726742,0.0005639499459102,0.5766272844189918,74937.00312668925,1567609.9482527548,0.0843090749476147,0.9636572866183428,0.0059580002588398556,0.005958000179914869,-2.8616565540817707e-10,-2.0724066907007455e-10
608,-1.0292000261165426,-7.708896951913091,-8.478699610075436,-12.12225648743386,-14.77121820487748,-17.25479812007063,-13.746305759931666,-15.089269988020234,-10.198344739029832,21.287816109966588,0.0059580008796683,0.0005674952272181,0.5730250837675533,74937.01453444663,1577464.755914182,0.0843090749476147,0.9641011092462258,0.005958000883389636,0.005958000805898088,-3.7213366069210885e-12,7.377021216115054e-11
609,-1.0695943422906553,-5.8258155766451045,-8.469411268298419,-11.46852687981821,-15.131060354897937,-16.410723244485272,-12.884559148348153,-15.335756998954636,-12.71675963032461,21.13789264983295,0.0059580009086171,0.0005565544984285,0.5842895950039474,74937.01489855144,1547052.8453959466,0.0843090749476147,0.9664000135977796,0.005958001147270855,0.005958001058035866,-2.3865375561177293e-10,-1.4941876642221574e-10
610,-1.2747720773472324,-7.055522411730033,-6.963543093053588,-12.870883077973165,-13.60798428014298,-13.383244717181675,-16.44665750923642,-15.838447956764876,-11.202715535873278,21.34561699745376,0.0059580000490999,0.0005629621842545,0.577639033687611,74937.00408793728,1564864.2701846776,0.0843090749476147,0.9663605590561848,0.005958000252627843,0.00595800033338315,-2.0352794276312647e-10,-2.8428324971851993e-10
611,-1.395142902322675,-7.726472553811744,-6.566155508580598,-11.664138845567162,-14.402418877862385,-13.635743971114296,-13.509723969037356,-12.398248525240874,-11.159654114652591,20.301211738131368,0.0059580014202444,0.0005640698498002,0.5765049213083828,74937.0213335662,1567943.244730803,0.0843090749476147,0.9631954046139564,0.00595800105644247,0.0059580010709251235,3.6380193042112596e-10,3.493192766296227e-10
612,-1.2236667056223354,-7.237886659689487,-6.652976349680786,-12.70101840868383,-15.76230942426976,-13.597088458313909,-14.94264110505934,-12.469164820778966,-10.045020057490303,20.73440111198125,0.0059580000598823,0.0005735887026805,0.5669374788564224,74937.00422355287,1594402.7711113072,0.0843090749476147,0.9621552073649998,0.005958000601592275,0.005958000633050763,-5.417099746204967e-10,-5.731684623450084e-10
613,-1.1930473478380768,-6.324008533817667,-6.089925333111404,-13.020696852271188,-14.5964850220435,-13.7833553544199,-12.244605228298092,-15.156190135510036,-10.927704899635756,20.80749018746836,0.0059580006549722,0.0005599641432844,0.580731794380777,74937.01170832246,1556530.6248244802,0.0843090749476147,0.9652050803462172,0.005958000516767115,0.005958000430228525,1.382050853968031e-10,2.2474367505909143e-10
614,-1.0539114147511346,-6.32478094227279,-7.2276364126466675,-11.192665863848973,-16.59487176542349,-16.384651033576933,-14.162059989717696,-15.735143689403156,-9.443605065284869,21.01589105347108,0.0059580003790463,0.0005730904734534,0.5674304044328655,74937.00823785253,1593017.8448450502,0.0843090749476147,0.9655487499572168,0.0059580000777658525,0.005958000058994019,3.012804476384967e-10,3.2005228155218557e-10
615,-1.4731233611743455,-6.479588261568967,-7.67543912485586,-10.445162084706991,-11.353692667698065,-14.096961738049805,-15.118056862350532,-15.790755426595409,-11.26273110665594,20.46372496584853,0.0059580041100655,0.0005637912980165,0.5767901450983278,74937.05516490851,1567168.9551852648,0.0843090749476147,0.9680977767580264,0.005958003073927978,0.005958003157272012,1.0361375221354385e-09,9.527934882042066e-10
616,-1.1244050326064483,-7.613049237530645,-8.170643724629132,-14.089792393852091,-14.5226949328995,-13.264989647492644,-13.14401471838583,-10.873099862068395,-9.633779750279055,20.68024910017252,0.0059580003332841,0.0005844027597386,0.5564466456783613,74937.0076622756,1624462.5726027908,0.0843090749476147,0.9591823763591892,0.005957999857240923,0.005957999932895057,4.760431771000384e-10,4.003890431009127e-10
617,-1.2259534577993616,-7.355148326695614,-8.63054490940536,-12.045255520978913,-16.453858528753226,-15.942554351068646,-14.846195403843833,-13.870729881312942,-10.748705529452106,21.34146858619674,0.0059580012646362,0.00057005529256,0.5704517366577868,74937.01937639689,1584580.9617533109,0.0843090749476147,0.9631083540738952,0.005958000628475608,0.005958000623610674,6.361605920865432e-10,6.410255260630437e-10
618,-1.0615333199676,-6.976498951045951,-6.797560569889361,-14.227947804499866,-15.000368076759656,-14.905667353416066,-15.05282727550225,-15.391013714806428,-13.59843684759636,21.848979999375832,0.0059580001215087,0.0005542520110985,0.5867167489371492,74937.00499866146,1540652.6283724275,0.0843090749476147,0.9659406231942498,0.005957999847991879,0.005957999884780633,2.735168211712158e-10,2.3672806770402843e-10
619,-1.323750895063698,-6.801569509502859,-7.266086043051228,-10.386960384642272,-14.546842405425082,-11.563341317496024,-14.69429000053489,-12.468401188897897,-13.114940476406236,20.205464345488192,0.0059580018813772,0.0005578738049735,0.5829079609501802,74937.02713348436,1550720.1177836966,0.0843090749476147,0.965338405775168,0.00595800170369198,0.005958001608691202,1.776852198362433e-10,2.726859979138019e-10
620,-1.403680612644337,-7.9966827190662,-7.034031893848907,-11.513475197882176,-14.54814131641056,-14.536648647097444,-17.016833369843592,-11.230165823268342,-10.360929918026356,20.4681204569008,0.0059580017354313,0.0005774859534012,0.5631116536440289,74937.0252978429,1605235.9470783158,0.0843090749476147,0.9620711983903688,0.00595800101785045,0.005958000905912943,7.175808497753011e-10,8.295183567819109e-10
621,-1.403109767599401,-7.220062082309581,-8.359715699429696,-13.97456088773186,-13.4624621958668,-12.3083672004299,-15.476870212028846,-14.11421779971928,-10.98132591623846,21.380755947415683,0.0059580003154578,0.000564967836441,0.575588436982129,74937.00743806527,1570439.3754632147,0.0843090749476147,0.9631319894402156,0.0059580003318752805,0.0059580002401430285,-1.641748022251921e-11,7.531477178024382e-11
622,-1.3344549735989146,-5.97249086134061,-6.688275357815013,-11.674663994634171,-14.932554306808626,-13.06733683727699,-16.004855588639806,-12.766816289704076,-10.617751559849427,20.47342722974738,0.0059580011112706,0.0005671099149006,0.573414448471982,74937.01744743538,1576393.7044378384,0.0843090749476147,0.9638391808037896,0.005958000694647759,0.005958000640805322,4.1662284039345465e-10,4.704652778464435e-10
623,-1.2011133190441807,-8.233626146446296,-8.158401991145558,-13.656796241054552,-14.979637626865085,-12.498991091662113,-15.893798141822304,-12.879389306561505,-11.417332378882673,21.38676188315414,0.0059580002787107,0.0005679176031979,0.5725988225803398,74937.00697587733,1578638.8331396375,0.0843090749476147,0.96208707981363,0.005958000504982462,0.0059580004726718875,-2.2627176174405683e-10,-1.939611873891245e-10
624,-1.2141570958262276,-8.248896237595092,-6.695730910143436,-11.47326639854399,-11.58054595485945,-12.427829123150875,-14.290300372743602,-14.521655612574824,-13.306021735414657,20.51549488032452,0.0059580036452312,0.0005566850298473,0.5841529933383176,74937.04931843492,1547415.683183581,0.0843090749476147,0.9673221814316076,0.005958002938600597,0.005958002870561734,7.066306029895886e-10,7.746694657279063e-10
625,-1.294068351276923,-5.89360287276312,-6.58035807693169,-10.411219783605883,-12.686634829821724,-15.572221019515869,-13.418387038799708,-11.269142448805018,-11.872623915633474,19.600364348587643,0.0059580004507381,0.0005613657148232,0.5792818414286388,74937.00913955936,1560426.5689653845,0.0843090749476147,0.963979306083676,0.005958001750971292,0.005958001783365078,-1.3002331919476084e-09,-1.3326269775182364e-09
626,-1.3346994930953169,-8.102952380417655,-7.552361394729121,-13.063975670152862,-14.052366599666904,-15.069677480589991,-14.355992214299931,-11.907510737419877,-9.5244635979324,20.70615184809143,0.0059580005943474,0.0005773543424574,0.5632398560837947,74937.01094581069,1604870.1085382514,0.0843090749476147,0.9609137582467804,0.005958000529753575,0.005958000598198632,6.459382508039457e-11,-3.851231833440494e-12
627,-1.3271978514516198,-7.0810581604994045,-7.641038059851119,-10.020077172443273,-11.89653012657611,-14.278226211823297,-13.85214146430302,-15.485704004474655,-11.485703088634471,20.31089950554308,0.0059580031292831,0.0005613888111187,0.5792583996162136,74937.0428290748,1560490.7696676815,0.0843090749476147,0.9678716730414664,0.0059580033616552395,0.005958003499887626,-2.3237213975929594e-10,-3.7060452623416396e-10
628,-1.2596123876720444,-6.368660063335638,-8.89168496408513,-13.220873604885366,-14.980150565966726,-17.1996460063811,-13.828204833919369,-13.18121212632072,-12.368123271881323,21.39141230788655,0.005958000544018,0.0005628927975773,0.5777103100877858,74937.01031279057,1564671.396249127,0.0843090749476147,0.9627189566258558,0.0059580007266677795,0.00595800072548773,-1.8264977984933095e-10,-1.8146973073535078e-10
629,-1.3553593303421647,-6.1368903723133,-6.845177731409423,-13.533631211864162,-11.491890297972477,-13.677790456111213,-17.464312589497162,-13.60589135367341,-11.096162620787185,20.905065857320665,0.0059580006117419,0.0005668330801006,0.5736944253877962,74937.01116459059,1575624.1875869583,0.0843090749476147,0.9643629264312038,0.00595800095065802,0.005958001056982968,-3.389161199948698e-10,-4.452410679728347e-10
630,-1.0487017875771203,-6.9888585440446045,-6.344657150403169,-13.23477853775334,-16.618420562200452,-11.924883140487337,-15.719840745996573,-11.448774928162235,-12.868114252015296,20.92234036959647,0.0059580004508513,0.0005680678043897,0.5724474481639151,74937.00914098286,1579056.346935389,0.0843090749476147,0.9624643485012786,0.005958000799281865,0.005958000953746215,-3.4843056564981545e-10,-5.028949149471496e-10
631,-1.3442953366264292,-5.822555176329885,-8.097504313967333,-11.901816377224907,-12.778842302436438,-17.148981955146347,-15.659400893331505,-14.368406080414813,-10.36783519174672,20.88390919215253,0.005958001648308,0.0005665917332525,0.5739389474965007,74937.02420204648,1574953.3164876772,0.0843090749476147,0.9647739492423122,0.005958001302234935,0.005958001216702742,3.460730651702604e-10,4.316052584774077e-10
632,-1.2187750322410913,-7.459109408645315,-6.30560949038689,-12.451698072636942,-11.783716326814869,-11.636355441549007,-15.903908294345252,-12.99690437388418,-12.234149137514477,20.4404688479998,0.0059580011839081,0.0005604668338066,0.5802110051971732,74937.01836103685,1557927.9521390796,0.0843090749476147,0.9648906315489686,0.005958001576671804,0.005958001602946005,-3.9276370437241193e-10,-4.190379050694748e-10
633,-1.2491312551700415,-5.85743750308535,-8.147811191565006,-11.747580746692408,-14.192409960038852,-12.880312699781124,-12.38352147676652,-11.71180849915216,-9.876484948401362,20.027458767106687,0.0059580012977132,0.0005689929604151,0.5715167971543815,74937.01979242484,1581628.000323439,0.0843090749476147,0.9615662446577236,0.0059580012059255475,0.005958001553035862,9.178765213169182e-11,-2.5532266231809153e-10
634,-1.0221055676981416,-7.902382599712806,-7.55430943249356,-14.125494475989866,-16.549839028834146,-13.941542889700532,-11.730364080216075,-11.99757586004188,-9.315953460455408,20.90779636955812,0.0059580002256182,0.0005877275051282,0.5532988395636079,74937.00630810348,1633704.3572434974,0.0843090749476147,0.9595026066447868,0.005958000401932585,0.005958000385149658,-1.7631438496701346e-10,-1.5953145748870412e-10
635,-1.36011035010021,-6.863831989179463,-8.524555357182866,-10.123581735487594,-11.759149081520142,-12.182940917775548,-13.095706444035308,-10.96045116541227,-13.567939528929204,19.671205771742294,0.0059580056541652,0.0005579847896444,0.5827925725562062,74937.07458588944,1551028.621535636,0.0843090749476147,0.9641962842120424,0.005958006065418362,0.0059580059638825655,-4.1125316173340476e-10,-3.0971736546953066e-10
636,-1.073100781310952,-7.820097786395952,-8.207619083116487,-12.211922897989174,-12.705195718138151,-16.602366188586473,-16.85758365708549,-13.55658099870641,-10.768344277910922,21.083527182689974,0.0059580004313149,0.0005695456709058,0.5709620492599453,74937.00889526222,1583164.367992272,0.0843090749476147,0.9637428473042046,0.005958001393403309,0.00595800141543602,-9.62088408940076e-10,-9.841211196653932e-10
637,-1.2766909106538304,-6.788614899100612,-6.259034178317633,-11.557926664962189,-15.528898801174648,-12.404743310987175,-16.989419389607853,-13.038660097106668,-12.150165891962734,20.72122538713958,0.0059580012492005,0.0005647222271053,0.5758389076253542,74937.0191822538,1569756.6559402617,0.0843090749476147,0.964985859137876,0.005958000543062335,0.005958000538016628,7.061381644343778e-10,7.111838713422247e-10
638,-1.2895063353328384,-7.467875326397221,-6.286779681945413,-13.94713347312705,-15.277314481702934,-15.784931635077143,-12.48742227567421,-15.139659677985996,-10.116872783428589,21.275887589748606,0.0059580002358029,0.0005685154709574,0.5719966544679538,74937.0064362015,1580300.7243309862,0.0843090749476147,0.9636598223342948,0.005958000646026689,0.005958000509972881,-4.1022378896582445e-10,-2.7416998098911405e-10
639,-1.474471787168841,-6.597658338251816,-8.913594972256831,-11.334997069699622,-15.69137459528423,-13.808286996946752,-12.019660584780368,-10.720953971148164,-10.26498463862092,20.129717696204285,0.0059580016596108,0.0005777907608919,0.5628145792198618,74937.02434420817,1606083.219532556,0.0843090749476147,0.9603253668205948,0.005958001754536533,0.005958001472592052,-9.492573307262608e-11,1.8701874771043236e-10
640,-1.1727760822493156,-6.244784983749359,-9.072885374878345,-11.688252194995226,-12.246595255017205,-12.10373289319758,-15.864478198414645,-14.77671277025022,-11.95782227069499,20.923461909785885,0.005958008147059,0.0005598065286574,0.5808963962570319,74937.10594036889,1556092.503925522,0.0843090749476147,0.9659564125091248,0.005958003203636751,0.005958003381739634,4.943422249673035e-09,4.765319366537013e-09
641,-1.2602776847786794,-6.310513784771923,-6.177312883281729,-12.636351605234978,-14.370662331931346,-15.063874415321973,-17.12379711566494,-10.954987050733576,-11.339808586590037,20.525726870629995,0.0059580006393904,0.0005730439267494,0.5674765323617393,74937.01151234076,1592888.4591137618,0.0843090749476147,0.9623315969706724,0.005958000519956818,0.005958000574167174,1.194335819479364e-10,6.522322612556586e-11
642,-1.3145615832155595,-7.290343036352745,-8.38177578040364,-11.540439718297703,-13.782553337473429,-13.138585754942348,-16.772941512781095,-14.220908658803008,-9.85676265693005,20.91710661371452,0.0059580016162605,0.0005702172091286,0.5702898039790351,74937.023798967,1585031.0407462197,0.0843090749476147,0.9642849943699566,0.005958001238568304,0.005958001377141154,3.776921960949031e-10,2.39119345851746e-10
643,-1.13153208611077,-6.5365881463385005,-7.640633217687458,-14.71130604096036,-13.068652419513503,-16.99281290968688,-15.25430624590873,-10.910427174665628,-12.737122219470672,21.120086541418,0.0059580003422059,0.0005705397639543,0.5699672076461625,74937.00777448989,1585927.6454135943,0.0843090749476147,0.961104215220556,0.005957999536277642,0.0059579995048007,8.059282572900339e-10,8.374051998702448e-10
644,-1.3266324079014558,-6.424683613065068,-8.798049948374247,-11.855555375171011,-15.572905685018704,-13.444662784540636,-13.110668961722252,-12.560517874438863,-13.254038567404178,20.846082256693624,0.0059580027764884,0.0005587746976611,0.5819682902050353,74937.03839178369,1553224.3264455795,0.0843090749476147,0.963427730962164,0.005958001507100987,0.005958001515672213,1.2693874128916205e-09,1.2608161866975442e-09
645,-1.130497766524829,-5.699936722936442,-6.850287938981017,-11.320988482460368,-14.206014041881197,-12.174429156202764,-15.736952962730149,-15.413809892730344,-10.880170150029103,20.69364064364874,0.0059580005496697,0.000562527280858,0.5780856931974179,74937.01038387479,1563655.3705370063,0.0843090749476147,0.9669977248558882,0.005958000620988568,0.005958000689508502,-7.131886747835381e-11,-1.3983880199630594e-10
646,-1.233868817572853,-6.32277313878257,-7.29928280581037,-12.463774502912106,-15.207856806544246,-14.832964767703247,-12.022885805138015,-11.348512586474367,-13.185248042446204,20.46545732579468,0.005958000957473,0.0005637620093911,0.5768196527387639,74937.01551303854,1567087.5416823695,0.0843090749476147,0.962440033205802,0.005958000704749181,0.005958000632024431,2.527238193023029e-10,3.2544856913563347e-10
647,-1.245626812283708,-6.276894555774844,-7.795727176132682,-11.515638710829773,-13.16870184625746,-15.624525045983424,-14.243773342384609,-12.779832172635995,-13.68895811183718,20.60289146282095,0.0059580019155543,0.0005551019794801,0.5858186368336622,74937.02756334856,1543015.2828958705,0.0843090749476147,0.9652073296659478,0.00595800183736314,0.005958001871285219,7.819116014384786e-11,4.426908058879908e-11
648,-1.085640800939531,-7.332950506616212,-6.411404155189587,-10.637516208772908,-11.269787903196468,-11.989238368235942,-11.943328975822755,-12.391291279685792,-13.00948626017853,19.540540067646223,0.0059580020068342,0.0005551427422856,0.5857756350321107,74937.02871142539,1543128.59114226,0.0843090749476147,0.9657162638360736,0.005958003867438481,0.005958003891579615,-1.860604280888578e-09,-1.8847454144252374e-09
649,-1.0227038852206516,-6.241848789815524,-8.661740993108,-14.145928091914053,-11.469480688550895,-15.237561452286874,-17.369076320714488,-14.808283879848709,-11.208767085783633,21.58898249586807,0.0059580005896377,0.0005667992800844,0.5737286333903989,74937.01088657405,1575530.2337845345,0.0843090749476147,0.9644160187045248,0.005958001153440702,0.0059580009784146615,-5.638030016810736e-10,-3.8877696114519855e-10
650,-1.0775618749161295,-8.015877405541865,-6.816796188367165,-13.198351820139893,-14.416439083146658,-14.816860484093668,-15.29505998451963,-12.094104278331944,-10.74510627636842,20.85889656034617,0.0059580004004443,0.0005709584567497,0.5695492501001309,74937.00850698684,1587091.4845027467,0.0843090749476147,0.9619117890510844,0.005958000446998732,0.005958000478408572,-4.6554432184264805e-11,-7.79642721909779e-11
651,-1.4646827359052952,-6.877805858497377,-7.8968799252616115,-10.053520620970245,-12.18368083826839,-16.325092052399647,-12.636723382742868,-15.47175621694868,-10.680175234728592,20.29921548994014,0.0059580008192485,0.0005634138217196,0.5771761050789378,74937.01377451418,1566119.685471814,0.0843090749476147,0.9669486136164642,0.005958002968534147,0.005958003200290465,-2.1492856470267663e-09,-2.381041964288899e-09
652,-1.2652401030096394,-6.30171868388658,-8.172802491139352,-12.949335648958208,-16.64083160151854,-13.556045045902126,-12.9246804546834,-11.731701334095936,-10.52414575119337,20.760490790110467,0.0059580006702212,0.0005763783286713,0.564193632533914,74937.01190011745,1602157.0859875027,0.0843090749476147,0.9606833670245564,0.005958000615004206,0.0059580006116088284,5.521699417143644e-11,5.86123719004128e-11
653,-1.3326135611414394,-7.201676031043431,-8.569397856354378,-10.154884857849884,-15.615920979040752,-16.805797860390204,-13.250786939698456,-14.911981367994,-13.711696986542888,21.025532108265285,0.0059580000959,0.0005594004855031,0.5813168639897731,74937.0046765668,1554963.8270052886,0.0843090749476147,0.9670964743204348,0.0059580012858856226,0.005958001190008122,-1.1899856221936345e-09,-1.0941081218102111e-09
654,-1.453657394959614,-8.114073220274847,-8.176214015112972,-10.317959548601833,-12.510379114155556,-16.183379245732876,-14.375762817136843,-11.98426019960051,-10.218996670475294,20.07460300593232,0.0059580044984377,0.0005713010725598,0.5692082721412838,74937.06004967612,1588043.8526273633,0.0843090749476147,0.9628253047559834,0.005958003468453576,0.005958003508137531,1.0299841240318797e-09,9.903001691249913e-10
655,-1.0541741000518408,-7.50691032210582,-8.128553627623836,-11.290579589348958,-16.66099453575904,-16.205930804814443,-12.828993729219109,-12.613517005643184,-13.399863359528972,20.91111489604927,0.0059580007628113,0.0005637650876384,0.5768164749424679,74937.0130646731,1567096.0982772836,0.0843090749476147,0.9636225917570888,0.00595800131110758,0.005958001370584814,-5.482962799063795e-10,-6.077735138082518e-10
656,-1.424039179576354,-7.317268546039523,-7.441802619597993,-12.062317065261515,-14.16321042877378,-15.567948078162136,-12.34642364796538,-12.970685298629238,-11.701934996404802,20.585567310660306,0.005958001123144,0.0005618638804236,0.578768330512065,74937.01759677367,1561811.3183685536,0.0843090749476147,0.9632839861761482,0.005958001075914439,0.005958001017384338,4.7229561407624576e-11,1.057596623124657e-10
657,-1.314984358296469,-7.004684655853871,-7.696179310777551,-14.441160116023296,-13.182478751475896,-17.221896336713066,-11.830098778691855,-12.630036665899338,-12.205016724380169,21.05906917068609,0.0059580004898373,0.0005659487001107,0.5745908916040895,74937.00963133022,1573165.8792204517,0.0843090749476147,0.9617641258622168,0.005957999908548113,0.005957999716978457,5.812891869239056e-10,7.728588428956851e-10
658,-1.2669670518733454,-7.041462212085033,-7.900777392708463,-10.415490897269432,-13.309290776398134,-15.021840836881768,-12.332618104383752,-12.058109583647727,-12.486721469518406,20.006547500368352,0.0059580033829042,0.0005594823615196,0.581232273653655,74937.04601900472,1555191.4175191831,0.0843090749476147,0.964016602653167,0.00595800310830264,0.00595800309843205,2.7460155937325537e-10,2.844721498293512e-10
659,-1.3303057269752916,-7.434623466298326,-6.489331224196437,-12.767848171696588,-15.428288485825892,-11.732871916713712,-17.11656265269942,-13.59612127367236,-10.957182655032485,21.08068601997568,0.0059580007526264,0.0005689601020795,0.5715497247080287,74937.01293657186,1581536.6641079774,0.0843090749476147,0.9639599504097912,0.005958000584241938,0.005958000530076979,1.6838446262323892e-10,2.225494215996049e-10
660,-1.029570953735952,-8.17763535055835,-8.236805992965452,-11.651650805764964,-16.300188819860818,-14.791713052473035,-14.992304237144044,-14.40557080137765,-9.799922860268229,21.20303511657436,0.0059580014694595,0.0005726884011552,0.5678289410870103,74937.02195257097,1591900.2057014524,0.0843090749476147,0.9635379941518196,0.005958000727859864,0.005958000712661625,7.415996358672849e-10,7.56797875235693e-10
661,-1.2847824144090656,-7.911778486045634,-7.633283956500812,-14.058785805535807,-12.551679922387724,-14.29759351390675,-14.005714383801774,-13.486882012495542,-11.710147253489964,21.13966717656496,0.005957999898691,0.0005620416873927,0.5785850535570599,74937.00219616274,1562305.567859507,0.0843090749476147,0.9629111361379455,0.0059580006392556725,0.005958000637407926,-7.405646720859416e-10,-7.387169253039727e-10
662,-1.1297924039268683,-8.30732976115727,-7.651942902947892,-10.89630116369511,-11.191159078862423,-16.98577335466114,-14.893881343682846,-15.160321577929638,-11.22187315266244,20.683184578965072,0.0059580021725867,0.000565816204197,0.5747256857507318,74937.0307961842,1572797.5807326017,0.0843090749476147,0.966568597712046,0.005958003361325735,0.005958003365137127,-1.188739035158648e-09,-1.1925504273327392e-09
663,-1.197446341772479,-6.199548554680352,-6.9508818831610135,-13.330974321025998,-16.1745751963246,-11.800767060794596,-15.136064820868109,-10.814075325175493,-9.491577431187492,20.50440332030364,0.0059580002686668,0.0005844509603757,0.5564007455517442,74937.0068495497,1624596.5557671168,0.0843090749476147,0.9602557665822076,0.005958000439107867,0.005958000418099241,-1.7044106664226844e-10,-1.4943244038001513e-10
664,-1.229086473386623,-7.324941484008373,-7.781323612032461,-12.14594232363775,-13.99031449217778,-14.86192743755586,-14.620810612823464,-10.834478138527237,-10.934708351046073,20.388158292118565,0.0059580008083233,0.0005718944846383,0.5686171190810175,74937.01363710273,1589693.3583756452,0.0843090749476147,0.9612589518913808,0.005958001137821437,0.005958001110565317,-3.294981362408911e-10,-3.02242017004295e-10
665,-1.0412579013413183,-5.665696862853556,-8.658118973079958,-11.657574809310487,-14.86143642201792,-12.651088376311623,-12.27002467700308,-11.294808475304343,-9.806434317946978,20.02969566176502,0.0059580015186855,0.0005726968000983,0.5678206205711616,74937.02257171311,1591923.5522179469,0.0843090749476147,0.9609628540399768,0.005958001619317074,0.005958001552180801,-1.006315742541064e-10,-3.349530115076549e-11
666,-1.1855640831008727,-7.392441557111834,-7.3834930709027216,-13.636746585124117,-12.237879335800065,-11.811742785962458,-12.059665703034462,-11.505023321483256,-12.201288274067052,20.319964575165525,0.0059580009894363,0.000564133386156,0.5764399290688159,74937.01591505938,1568119.8565455622,0.0843090749476147,0.96169244405322,0.005958000851124585,0.005958000887710407,1.3831171537942444e-10,1.017258933339038e-10
667,-1.3755267023661009,-8.259974535357623,-8.53444430734546,-13.211575349723631,-15.891213129709548,-14.628656458827482,-16.87330416911954,-11.383993785092464,-11.448409098881498,21.376713056575007,0.0059580006292555,0.0005773341679366,0.5632595430393257,74937.01138486962,1604814.0294844022,0.0843090749476147,0.9608905914118222,0.005958000850676723,0.005958000796080896,-2.2142122337032166e-10,-1.6682539637907778e-10
668,-1.4445504814916963,-5.729424975917453,-8.526739980435478,-12.497348772421615,-14.56410536269026,-13.284702394750926,-15.7314037133352,-12.969686581554967,-12.221517450612884,21.031966255761567,0.005958000671622,0.000560042926835,0.5806501028756487,74937.0119177352,1556749.6192205006,0.0843090749476147,0.9636468989816344,0.005958001060166209,0.005958001131780999,-3.8854420895961805e-10,-4.601589994462918e-10
669,-1.0619844938420084,-6.141442786622662,-6.073278650415075,-14.812734907816862,-14.132808077080073,-15.677739314346566,-15.27617706483028,-14.32450475914974,-11.568951645394897,21.44790539071988,0.0059580002623375,0.0005629269744748,0.5776751946852445,74937.00676994199,1564766.3976670103,0.0843090749476147,0.9640518823933266,0.005958000530452358,0.005958000430123575,-2.6811485843991623e-10,-1.6778607583173288e-10
670,-1.415703747860648,-8.022655298915062,-6.736919628235242,-13.960041433722928,-11.684148587377289,-12.346518371433463,-13.784272564969788,-14.155478855442102,-10.430899801293007,20.807450585902306,0.005958001405768,0.0005655854334283,0.5749600749354358,74937.02115148908,1572156.107929046,0.0843090749476147,0.9634841377692108,0.005958000868620196,0.005958000998022225,5.371478036669819e-10,4.0774577464430806e-10
671,-1.2598566809458365,-5.9362876428801945,-8.18810465487219,-11.54236096669144,-13.792219524229711,-12.224343539437571,-17.332448377401988,-13.100431246502875,-11.525806233617317,20.73256790521994,0.0059580007468202,0.0005641521368811,0.5764207347256588,74937.01286354414,1568171.9778790374,0.0843090749476147,0.9644590981389,0.005958001519376511,0.005958001341645265,-7.725563105909217e-10,-5.948250650714137e-10
672,-1.3560567631733111,-7.738725927200356,-7.413248488749318,-12.179024755188022,-15.423206707702342,-12.220447916614594,-12.516604162354655,-12.419596864998102,-13.682920977403995,20.696749313003227,0.0059580008943015,0.0005588721646601,0.581866519529009,74937.014718497,1553495.2551659576,0.0843090749476147,0.9636461252937796,0.005958001173686898,0.00595800117280773,-2.7938539849670097e-10,-2.7850623023073506e-10
673,-1.1095254758073176,-7.214649973107357,-7.25471468156972,-10.338296235821986,-15.960879195028404,-14.3119309502548,-12.136472668751525,-11.048500915175543,-13.144808588252204,20.01518907820931,0.0059580014994285,0.0005655541484841,0.5749918937487924,74937.0223295081,1572069.145264794,0.0843090749476147,0.963228037849288,0.005958001788638696,0.005958001757385667,-2.8921019572247797e-10,-2.5795716691173753e-10
674,-1.3929923388142618,-7.525938609625193,-7.397908397803949,-12.974008729608878,-12.653067963387834,-12.75401654750657,-13.114422535877818,-13.610077575953516,-13.213201059525971,20.806741364023104,0.005958000341291,0.0005547960941126,0.5861413940870517,74937.00776298271,1542165.0142709147,0.0843090749476147,0.9646702336186552,0.005958001382687799,0.0059580013537806325,-1.0413967986566686e-09,-1.0124896320656829e-09
675,-1.325321732966843,-6.312347317084537,-8.036753822417293,-14.74376708130642,-14.988061016232006,-16.516495499495623,-12.91208545966079,-13.61760309078451,-13.755865010241196,21.694994440756133,0.0059580000956874,0.0005589246569967,0.5818117555896613,74937.00467389368,1553641.1679543352,0.0843090749476147,0.9631599724988112,0.0059579999468893155,0.0059579999883704925,1.4879808409723472e-10,1.0731690709697705e-10
676,-1.4404587728295113,-7.039178425542604,-8.43101832121993,-12.770069634624306,-12.124610968957027,-11.65592457444644,-12.93547240062879,-15.796631938918864,-11.444991565206884,20.98458811382321,0.0059580011749695,0.0005591806807434,0.5815455281080818,74937.01824861034,1554352.836383906,0.0843090749476147,0.9657696681207536,0.005958001948561354,0.0059580017785148464,-7.73591853769906e-10,-6.035453465128016e-10
677,-1.1067775574155574,-5.963253725581886,-8.041609280137406,-11.98750652587705,-14.024611970468326,-16.610937506428858,-14.122381488686113,-11.47638750882606,-10.252517402680478,20.372746246361768,0.0059580006552058,0.0005724208397417,0.5680942396931143,74937.01171126025,1591156.466054666,0.0843090749476147,0.96161799690217,0.005958001124465906,0.0059580011323860154,-4.692601064670843e-10,-4.771802154801552e-10
678,-1.399643315046679,-6.875169612285243,-8.558387817013584,-11.730190741739127,-14.37642665436836,-15.26682482228599,-12.294263081723352,-10.888819555610132,-13.404854864379814,20.40748243150861,0.005958001896064,0.0005638521086531,0.5767276176439095,74937.02731820798,1567337.9903269557,0.0843090749476147,0.9621790026166448,0.005958002170881709,0.005958002198357793,-2.7481770938780903e-10,-3.0229379329588246e-10
679,-1.1308238035942386,-6.221192215125122,-7.717091317709533,-10.391207855680566,-15.615531609561966,-12.967803535647056,-16.231528253454893,-13.291344848680922,-13.650695126962038,20.71532031698712,0.0059580005580574,0.0005591358196473,0.5815920968702537,74937.01048937178,1554228.136131706,0.0843090749476147,0.9663427218585467,0.005958000873656352,0.00595800082884205,-3.155989514863622e-10,-2.707846499111488e-10
680,-1.0625681332539385,-6.120024073885119,-6.568755308134985,-13.193286616982396,-11.82603432635363,-17.22551757850055,-14.944884363997344,-12.130438720039624,-10.083200958908876,20.41049552659775,0.0059580004141405,0.0005710191977495,0.5694886674267781,74937.00867925154,1587260.3260748407,0.0843090749476147,0.9624224950360628,0.005958000293182667,0.005958000387847188,1.2095783315929642e-10,2.6293312145597714e-11
681,-1.0922537614549976,-7.838969951861821,-6.518325337755367,-13.795794009609368,-12.624248880135529,-14.124348557697491,-16.178682364184816,-14.64145430827152,-10.555930044400316,21.20867093536371,0.0059580006381732,0.0005663999367647,0.5741331508626075,74937.01149703232,1574420.1803742188,0.0843090749476147,0.9644082993856232,0.00595800044481469,0.005958000415960595,1.9335850975910063e-10,2.2221260508742402e-10
682,-1.453150694895027,-5.664222769826583,-8.102476043782618,-10.131261035751391,-14.707434514287677,-15.115651369709378,-15.75295198733838,-12.027726185904834,-12.291638195372071,20.32276519351836,0.0059580009500742,0.0005642190634681,0.5763523902926961,74937.01541998083,1568358.013509156,0.0843090749476147,0.9644064428371816,0.005958001915496845,0.0059580021979876805,-9.654226454727799e-10,-1.2479134808840442e-09
683,-1.153047062428494,-6.818674379202389,-6.8101589884405485,-12.152787069887026,-11.39482331215111,-13.368100094907032,-16.955408831855294,-12.401796430034556,-11.27867859001842,20.34524330216423,0.0059580013714709,0.0005658283172521,0.5747132663095729,74937.02072011546,1572831.251354866,0.0843090749476147,0.9640499437737192,0.0059580017667673225,0.005958001721617303,-3.952964223313815e-10,-3.501464031913093e-10
684,-0.9976102840711468,-7.349054282684655,-6.61541953819038,-12.537237630213795,-14.87877804251275,-12.6476759368153,-16.56662132273519,-10.854155445063688,-13.372423169829228,20.67037698984185,0.0059580009509424,0.0005647025505381,0.5758589289879219,74937.01543090011,1569701.961046151,0.0843090749476147,0.9629211551240086,0.005958000616730931,0.005958000689218097,3.342114692633791e-10,2.617243028205096e-10
685,-1.0493010150033852,-6.710776138530435,-8.6745579820754,-13.434160802380502,-16.71040587116732,-15.50358373767702,-14.814274653546958,-11.353506220358769,-13.52835062428558,21.41260969739856,0.0059579999988141,0.0005689327310877,0.5715771131268979,74937.00345546496,1581460.5810454793,0.0843090749476147,0.9615176296157134,0.005958000614259347,0.005958000745802893,-6.154452468487559e-10,-7.469887928698848e-10
686,-1.3224104855129502,-7.165999859905147,-6.516465670026506,-12.059393871665709,-16.116587549353614,-16.337115034919535,-15.071126593434307,-13.198395421738596,-11.11228466098644,20.930642282177608,0.005958000345303,0.0005698594125272,0.5706476882141182,74937.0078134441,1584036.474622317,0.0843090749476147,0.963604835441576,0.0059580005575272195,0.005958000552201325,-2.122242191010537e-10,-2.0689832486153747e-10
687,-1.12875268381614,-5.799026930934076,-7.737219475838384,-11.303607185589549,-13.21615574861823,-14.292295003112509,-11.809907052738986,-14.590033435301336,-13.065866176188504,20.47780631459393,0.0059580015027724,0.0005525628759134,0.5885104941053767,74937.02237156541,1535957.344439417,0.0843090749476147,0.9667282390110212,0.005958002203150594,0.005958002205195757,-7.003781938089149e-10,-7.024233564592586e-10
688,-1.299288499677129,-5.903866598660385,-8.87425169990993,-11.88741706275764,-13.47513595933323,-14.642540107758316,-11.866985527380583,-11.362137039326978,-9.890312966317216,20.05302739546778,0.0059580009623708,0.000571821148924,0.5686900659360815,74937.01557464099,1589489.5073139607,0.0843090749476147,0.960919177387604,0.0059580019023075,0.005958002295031481,-9.39936699653754e-10,-1.3326606805932895e-09
689,-1.03447793027211,-6.866127441488253,-7.711958924045721,-13.583556517668075,-13.047249554689095,-13.311769784598614,-17.01328521051691,-10.842452990776128,-12.940963616030878,20.87729233351747,0.0059580003418312,0.0005663734217105,0.5741599863555756,74937.00776977807,1574346.476558863,0.0843090749476147,0.9620689917882,0.0059580006096249015,0.005958000606522474,-2.67793701276553e-10,-2.646912741072205e-10
690,-1.266284587660734,-8.151496958255713,-6.996621982625424,-11.794613494790234,-13.111064464705972,-12.931003766080629,-16.732853367727877,-14.060722873876587,-11.48354591614351,20.840073353053644,0.0059579999178613,0.0005641352070381,0.5764379129575004,74937.00243727799,1568124.9180461257,0.0843090749476147,0.9652891372286412,0.005958001303268468,0.005958001351247613,-1.3854071674590518e-09,-1.433386312421625e-09
691,-1.417459952900998,-7.767019476474973,-7.280411094655442,-11.114008758891943,-14.919278526265924,-13.16728910503541,-17.340091359410437,-11.155836430714675,-10.253849634578373,20.37778920823707,0.0059580015549032,0.0005781430712842,0.5624715949180451,74937.02302724356,1607062.5356578156,0.0843090749476147,0.9621384165611632,0.005958001225936827,0.005958001280115262,3.289663732392034e-10,2.747879380635143e-10
692,-1.1253113443010685,-7.801443849028587,-8.655171424390005,-12.272355672132242,-12.376338868694749,-12.70302317511089,-11.906358766287145,-12.984801831959375,-10.992416677826212,20.405024367347924,0.0059580004490444,0.0005628681075888,0.5777356373095226,74937.00911825612,1564602.7655633532,0.0843090749476147,0.962602742261928,0.005958003259305234,0.005958003122785729,-2.8102608339367063e-09,-2.673741329034529e-09
693,-1.165905252587852,-6.680652646607064,-7.955828426614193,-14.166660140931892,-11.951649974944008,-13.840862135415517,-14.379822673429151,-12.31315823596487,-10.293467719928088,20.751268684472684,0.0059580003823252,0.000570612584234,0.5698944754842085,74937.008279093,1586130.0637234205,0.0843090749476147,0.9614503799772492,0.005958000348861269,0.005958000330658484,3.346393127878766e-11,5.166671604439621e-11
694,-1.3831765001722205,-6.7662504048455485,-8.742113927006288,-11.230200979493894,-13.656118220612395,-11.620797525450492,-13.468396562631336,-13.192520980867643,-13.402309689931728,20.56519102130563,0.005958004388711,0.0005546010301132,0.5863481489287944,74937.0586695835,1541622.795465406,0.0843090749476147,0.9650190660358668,0.005958002889364411,0.005958002763971125,1.4993465895923874e-09,1.6247398756247255e-09
695,-1.198250640330943,-6.463927148781498,-8.30861424605407,-12.375635234063536,-14.151423071840208,-12.361121640682477,-12.408832108026786,-10.76950252566936,-10.292299209978705,20.08513504200837,0.0059580010290271,0.000572961569696,0.5675581566752679,74937.01641301441,1592659.53146292,0.0843090749476147,0.9604361046445764,0.0059580010443496005,0.00595800085798856,-1.532250021307746e-11,1.7103854010186437e-10
696,-1.211530265244179,-7.154915334981295,-6.829747882052653,-10.491281016190456,-15.775187975485034,-12.157897406266605,-12.142627582561932,-11.874863379128271,-10.280320186777164,19.804362483333925,0.0059580016290743,0.0005695822172699,0.570925586524068,74937.02396013407,1583265.955809209,0.0843090749476147,0.962576732694305,0.0059580011816164485,0.005958001131406372,4.474578511534655e-10,4.976679277013396e-10
697,-1.423467508374442,-6.497208680653319,-8.130421138520854,-14.06368865804754,-13.89270808929093,-16.18697112233443,-15.99852119673205,-11.642984209004757,-12.568565553026117,21.286271955780773,0.0059580001960482,0.0005672415825682,0.5732812158690499,74937.00593618515,1576759.7006526086,0.0843090749476147,0.961792644757536,0.005958000222721466,0.005958000208102748,-2.66732660264557e-11,-1.2054548331752457e-11
698,-1.008852350980576,-5.906427333022053,-7.826694357120196,-12.377689107951356,-14.396274090940768,-15.160217275046737,-15.364577009679255,-14.519392150439783,-9.39611736880131,20.97667240732589,0.0059580004058781,0.0005692585172538,0.571250058573984,74937.00857532996,1582366.1678598423,0.0843090749476147,0.964070691318626,0.005958000606251551,0.005958000622398609,-2.0037345133810947e-10,-2.165205089874056e-10
699,-1.387535828305717,-7.59463277503406,-8.22405536305478,-12.030285000102223,-15.26849500679464,-13.551119123403508,-15.432447418795988,-11.7450716573163,-9.463855282126447,20.65547371406068,0.0059580009451635,0.0005789010907991,0.5617350021358098,74937.01535821638,1609169.6001963145,0.0843090749476147,0.9611696558690868,0.00595800097854685,0.005958001136381642,-3.338334990388159e-11,-1.9121814201494836e-10
700,-1.1151004179214197,-7.052117476061551,-7.278302401184419,-10.62873524157753,-13.841851293701152,-16.3221549886858,-12.275322993208167,-12.786256192929748,-13.264019841024746,20.24994471968532,0.0059580020105283,0.0005578956489988,0.5828851565374991,74937.02875788837,1550780.8375544036,0.0843090749476147,0.9651911198262856,0.005958001956417119,0.005958001993561512,5.4111180813887216e-11,1.6966788217442907e-11
701,-1.205942287845921,-7.960436408077432,-7.994658574463034,-11.844049718481743,-13.738490410356665,-15.09472682610448,-12.085925073123118,-11.861120344910209,-12.79340361177769,20.449401741902367,0.0059580016436498,0.0005614886275434,0.5791552076210692,74937.02414345692,1560768.2290795865,0.0843090749476147,0.9627288961465248,0.005958002304051468,0.005958002267865626,-6.604016673794622e-10,-6.242158257299679e-10
702,-1.4085245175189154,-6.475348542967359,-8.939618458686203,-12.841411518295429,-11.740693710017478,-16.37673947387978,-17.04257900347756,-10.725083158236036,-10.397624926352782,20.629599229851603,0.0059580007152593,0.0005798714383883,0.5607949713095057,74937.01246658615,1611866.8724365053,0.0843090749476147,0.9609281972680804,0.0059580018404709004,0.0059580016289988765,-1.1252116001100876e-09,-9.137395761901757e-10
703,-1.4729222301628366,-6.951320854990473,-7.287762045945428,-11.348114911293326,-16.365184290096,-15.100567618258664,-13.456166529460884,-12.5088065178443,-10.526747041075224,20.5222858571679,0.0059580009714132,0.0005717988321314,0.5687122626910164,74937.0156883719,1589427.4733935357,0.0843090749476147,0.9625865465695932,0.0059580008604226695,0.005958000837718631,1.109905301346914e-10,1.3369456843687066e-10
704,-1.434568444812648,-7.653621850003043,-8.953874734205256,-11.538449006406998,-12.083073823164668,-12.737701614847358,-14.96336503147444,-12.60797016286764,-12.085071808262914,20.55104253405576,0.005958006032882,0.0005613817134938,0.5792661467112794,74937.07934921561,1560471.0404214012,0.0843090749476147,0.9636339361884932,0.005958004087690603,0.005958004134146754,1.9451913968460133e-09,1.8987352462876417e-09
705,-1.2539671462916706,-8.133065705137811,-6.199152794349079,-11.12911310875908,-13.131126010187907,-14.874557162756313,-14.59131642136732,-14.053912709238435,-11.831853352242067,20.47664102367824,0.0059580018216326,0.0005607855584045,0.579881333175701,74937.0263820435,1558813.909933986,0.0843090749476147,0.9659829918004704,0.005958001299537332,0.005958001226454502,5.220952680601298e-10,5.951780977786481e-10
706,-1.3310169292424017,-7.109336858647197,-7.191490208782623,-12.847692275947129,-14.407516398305743,-15.995492634566991,-14.104456589166034,-10.601614889590486,-12.701596338277962,20.60061176493708,0.0059580007916696,0.0005683556618266,0.5721575674372222,74937.01342763913,1579856.5033765598,0.0843090749476147,0.961590738696675,0.005958000462610872,0.005958000474650635,3.2905872818234094e-10,3.1701896489877424e-10
707,-1.2736093072035426,-7.083610835040633,-7.193917517764022,-12.535108628543938,-15.64767220877154,-13.991854242810934,-16.40643134017214,-13.79832803445437,-11.583996117940828,21.246554655336137,0.0059580006482002,0.0005646784643535,0.5758834481783865,74937.01162314744,1569635.0087523554,0.0843090749476147,0.964212759417576,0.005958000319814092,0.00595800034974079,3.2838610823648917e-10,2.984594099642024e-10
708,-1.264471746035033,-6.283969675688297,-7.52596826345353,-11.195108468721996,-11.186029399753975,-13.148209320820015,-15.695959192562045,-12.93304627644645,-11.861218697629436,20.172926338096826,0.00595800520638,0.0005604053868779,0.5802752114062043,74937.0689538515,1557757.1482984894,0.0843090749476147,0.9652014059160252,0.0059580032574284274,0.005958003239457006,1.948951572176838e-09,1.9669229934030086e-09
709,-1.028519439649786,-5.875297121932377,-7.901822996805568,-14.321565052644884,-15.02256949311721,-15.828170847422316,-15.21070569374504,-11.522181847795231,-10.738023197524758,21.13169737201905,0.0059580002385007,0.0005772782480462,0.5633140495461136,74937.00647013434,1604658.589134982,0.0843090749476147,0.9606666333140116,0.0059580001345473635,0.005958000158490303,1.0395333639029447e-10,8.001039674548904e-11
710,-1.4336565095064762,-6.996010048200311,-7.518985713541946,-13.87194811718685,-11.1795382130236,-11.841126828440654,-13.43730235072639,-15.5680172849265,-9.941063771828544,20.91147544990244,0.0059580016637851,0.000566137943922,0.5743989919796751,74937.02439670969,1573691.9196669306,0.0843090749476147,0.9646601704112164,0.0059580010037646345,0.005958000804648967,6.600204653650632e-10,8.591361328955105e-10
711,-1.0074036163846392,-6.979236673134742,-7.9640313965346365,-11.466069372536795,-11.864615925674798,-14.446413467306671,-13.343012966459188,-14.068970553266672,-12.605280794256265,20.51312165097024,0.0059580032695063,0.0005551739218019,0.5857429230748685,74937.04459273827,1543215.2607489512,0.0843090749476147,0.9658424481974937,0.005958003436601034,0.005958003328677519,-1.6709473388276663e-10,-5.917121913973089e-11
712,-1.1775561648791877,-6.775064555293925,-8.174586846293684,-12.710625956151656,-15.32431068002803,-13.36970263010393,-15.53564389135082,-15.42014024457883,-12.109980137624698,21.57749801053068,0.0059580003563839,0.0005583394081973,0.5824216462220254,74937.00795281492,1552014.3536478695,0.0843090749476147,0.9656056627403148,0.005958000040791411,0.005957999984961787,3.1559248877405244e-10,3.714221126840944e-10
713,-1.384893677864894,-6.6901012972392735,-7.337467298398213,-11.040303628859707,-15.162354005038504,-17.128876214029777,-13.00108597763233,-11.637535754774095,-10.118734481216134,20.16231101690008,0.0059580015664102,0.0005749088698182,0.5656358310161218,74937.02317197343,1598072.4356859725,0.0843090749476147,0.9619144760179787,0.005958000803706358,0.005958000725085462,7.627038419236176e-10,8.413247381752753e-10
714,-1.2694099113815225,-6.9781939728061255,-6.5774554092222255,-12.316262859847496,-12.042843563059986,-12.015664797743934,-15.01093481310174,-12.857011588634055,-13.65515179333659,20.45889932515304,0.0059579999047382,0.0005550728026816,0.5858491331686212,74937.00227222107,1542934.1802379915,0.0843090749476147,0.9655740262253631,0.005958001573983702,0.005958001616960992,-1.669245502239347e-09,-1.7122227923688227e-09
715,-1.1488481553635037,-6.79211862485638,-8.791991527220885,-10.112517060226628,-14.451350294948464,-14.737386289852584,-16.475718106334085,-12.890899982294917,-11.648578035633452,20.60662037765669,0.0059580009908218,0.00056600052785,0.5745383497252192,74937.01593248452,1573309.9446296778,0.0843090749476147,0.9645362813345748,0.0059580024568076494,0.005958002515372835,-1.46598584920693e-09,-1.5245510348940727e-09
716,-1.1454715797404922,-6.36989262861376,-7.177220323389487,-13.46855019764816,-11.794843141935893,-11.867770248903597,-12.626020141835427,-12.043252266403336,-9.728569444350278,20.08402271494952,0.0059580004142764,0.0005693121045444,0.571196290078563,74937.00868096016,1582515.124288259,0.0843090749476147,0.9615268066620968,0.005958000374260196,0.005958000259850975,4.001620389215699e-11,1.5442542557198013e-10
717,-1.286881499864241,-6.815479453617387,-8.420910186323885,-11.019827546373165,-14.984618191043724,-16.6803882127008,-16.79410513418742,-14.298991477143444,-10.436228912602392,21.10425058280851,0.0059580001950197,0.0005716014976083,0.568908488558198,74937.00592324926,1588878.9432202664,0.0843090749476147,0.9647079379414492,0.005958000576021077,0.005958000596820102,-3.8100137714908167e-10,-4.018004019779031e-10
718,-1.0135872931311276,-7.195364209614767,-8.134472043355956,-13.284825936196752,-15.43359795374649,-11.885155164574613,-14.316722733941257,-11.94923391617418,-10.659899339005646,20.866110918815163,0.0059580007473374,0.0005724647443492,0.5680506834531448,74937.01287004896,1591278.507558526,0.0843090749476147,0.9610842614949836,0.005958000499540229,0.005958000510362204,2.47797170803421e-10,2.369751964104161e-10
719,-1.1344819205097705,-7.639491648355626,-9.004366852022416,-12.300242619819649,-14.38398766913976,-12.119896981575804,-17.469621766947203,-15.12420687866816,-9.267623496190163,21.404827684735807,0.0059580012837474,0.0005752830719037,0.5652678639062826,74937.01961676907,1599112.6040841718,0.0843090749476147,0.9641341015934248,0.005958000592146745,0.005958000725646843,6.916006552171172e-10,5.581005570881592e-10
720,-1.111823373102315,-6.719068527567148,-7.001749751115646,-12.219374118178004,-14.929866660944324,-17.25269400893316,-14.989475300196872,-12.36641158603126,-11.43869964567052,20.784676944017136,0.0059580007030373,0.0005681580435214,0.5723565640962048,74937.01231286272,1579307.184375027,0.0843090749476147,0.9629990249232095,0.005958000395254712,0.005958000373906389,3.0778258761077204e-10,3.291309108935381e-10
721,-1.0225623137251705,-6.825672554785873,-6.83544464523067,-14.357455266204282,-16.368275551451443,-11.97872777588602,-14.47576625966957,-11.029019916374596,-13.537847248979416,21.08849921033225,0.0059579999935069,0.000569360440393,0.5711477378715788,74937.00338871345,1582649.483299579,0.0843090749476147,0.9614930496716276,0.005958000301597864,0.00595800020269813,-3.0809096333156427e-10,-2.091912294430176e-10
722,-1.2607478122542095,-6.156267842515671,-6.115035829361933,-10.321757409444364,-14.938551375479689,-14.472680371300722,-16.653311708361446,-11.371646819644544,-11.944985686531822,20.040180584149844,0.0059580010447007,0.0005689627875444,0.5715470690606996,74937.0166101487,1581544.128886586,0.0843090749476147,0.9642989728991122,0.005958000775283845,0.005958000660117557,2.694168551448106e-10,3.845831431092961e-10
723,-1.0480520263154616,-5.944833420336343,-9.064034901000634,-13.30916766311232,-14.70552697656542,-15.0998958666994,-16.967542054572117,-13.369067535819086,-11.062868418757493,21.498310135908223,0.0059580001943517,0.0005679417438538,0.5725744718123656,74937.00591484799,1578705.9368472814,0.0843090749476147,0.9628404923075736,0.00595800066262627,0.005958000651131984,-4.682745692943802e-10,-4.567802837363022e-10
724,-1.4388654751384475,-7.356958729313279,-8.122084236088398,-10.948982383869836,-12.663509859228554,-13.95343838043306,-13.777377143815864,-15.697834692546367,-11.119279723792252,20.72030478934052,0.0059580022063728,0.0005606765361414,0.579994145947427,74937.03122113031,1558510.8610810598,0.0843090749476147,0.9667383700424428,0.005958002429431598,0.005958002411381183,-2.2305879799483508e-10,-2.0500838266573895e-10
725,-1.1103779854301918,-5.933771831248722,-8.835567275946147,-12.326050781838957,-13.744753502030235,-14.061146658092246,-14.09607363800129,-11.39745970413459,-13.467287600706223,20.6480084767834,0.0059580014903017,0.0005587677075488,0.5819753821023008,74937.02221471566,1553204.8960516544,0.0843090749476147,0.9628285223294348,0.005958002165248645,0.005958002197177642,-6.749469446884482e-10,-7.06875941461349e-10
726,-1.1517718743934564,-6.104747952017183,-6.423332016106754,-9.88620691629656,-11.843657091813306,-12.060762055360229,-13.70517778934149,-11.068740245689972,-11.01481653324735,19.137923494046348,0.0059580034499874,0.0005610423436616,0.5796161630598718,74937.04686274732,1559527.6951315969,0.0843090749476147,0.9640120565783004,0.005958002944576238,0.005958003079852221,5.054111617067147e-10,3.7013517858314193e-10
727,-1.3646723769327735,-7.099881262692605,-6.720614384099106,-12.158790051570971,-14.872601768620315,-12.60543688442867,-14.428053964961526,-11.460891240103615,-10.867322881569308,20.306723936726183,0.0059580006515545,0.0005689747213198,0.5715350247622514,74937.01166533589,1581577.3011657202,0.0843090749476147,0.9620516751003712,0.005958000722622777,0.005958000738392282,-7.106827713126984e-11,-8.683778175699874e-11
728,-1.0153694259760482,-5.74642881587595,-8.448434211330564,-12.04874775889753,-14.225935912144395,-14.220885486236236,-15.207756414935748,-11.636759618662364,-10.550652654495725,20.497194824342987,0.0059580021802905,0.000569205076607,0.5713039464355821,74937.0308930792,1582217.6190563936,0.0843090749476147,0.9619614802315416,0.0059580015457882714,0.0059580014875349535,6.345022285358937e-10,6.92755546503887e-10
729,-1.266122609073552,-6.914349491679583,-8.323082450229272,-12.555951031922238,-15.300137106769682,-14.999517851705216,-13.39282477790724,-15.787806491230258,-12.510740769316769,21.53833612983261,0.0059580005101473,0.0005559732766768,0.5849003603290219,74937.00988678087,1545437.2250616904,0.0843090749476147,0.9658771705774298,0.005958000323775397,0.0059580002897595555,1.863719031533484e-10,2.2038774451227372e-10
730,-1.174736772663448,-8.2122186679599,-7.969527573565111,-12.43012230037816,-11.30726464355666,-12.95464252358556,-14.23445900361354,-12.008347764926189,-11.936766187304263,20.39348481101104,0.005958001884747,0.0005628571505669,0.5777470927978203,74937.02717586767,1564572.308362813,0.0843090749476147,0.9628026987168624,0.005958003318816363,0.005958003283161904,-1.4340693632597379e-09,-1.39841490470749e-09
731,-1.4510800308444207,-5.58231827723076,-7.744706101916369,-11.076977793872857,-16.609323541926475,-16.607745567989276,-16.960749449537282,-15.17936010195758,-11.0491284987121,21.31052617861648,0.005958000258582,0.0005712185909219,0.5692898558168038,74937.00672270691,1587814.578669468,0.0843090749476147,0.9660701675626112,0.005958000041355144,0.0059580000387424595,2.1722685629443905e-10,2.1983954066884248e-10
732,-1.0361421268779445,-7.0882401056862765,-6.313536266487942,-14.283390850010536,-11.665488398647176,-12.304114363341636,-15.076470300694716,-11.449689226750127,-11.212423496421746,20.45246319016689,0.005958000339905,0.0005689723278436,0.5715373841751727,74937.00774555096,1581570.6480270736,0.0843090749476147,0.9617882613611282,0.00595800009780278,0.005958000050228585,2.4210221934856113e-10,2.8967641479971107e-10
733,-1.1615785067462157,-6.970716095874147,-7.1604532948687885,-11.437811648769191,-15.170720225423723,-14.74710168015159,-12.422158594809288,-13.882041578083772,-10.467862127,20.50183263897601,0.0059580008736452,0.0005649552485417,0.575601342691598,74937.01445869065,1570404.3849176613,0.0843090749476147,0.9639828665426944,0.005958000811544244,0.0059580007803101374,6.210095632175339e-11,9.333506276881787e-11
734,-1.0522077760922437,-8.05745012466648,-7.248593374033894,-12.50071303988021,-13.365990934814034,-16.797465200709617,-15.286138159854554,-11.20081290002268,-12.330542891018997,20.686787501276022,0.0059580005641447,0.0005675466798734,0.5729730889358764,74937.01056593502,1577607.7787033063,0.0843090749476147,0.9622510423562748,0.005958000848142024,0.005958000854581481,-2.8399732392159205e-10,-2.904367805284247e-10
735,-0.997005034549836,-6.811392233618173,-8.520084623375329,-13.483754963411744,-14.26818999155205,-15.85528162239576,-15.494193697932584,-14.713014666363216,-11.520666180623444,21.63833753825739,0.0059580002444499,0.0005614185552058,0.5792272896816072,74937.00654496049,1560573.449216006,0.0843090749476147,0.9640928796178666,0.005958000329565989,0.005958000358194163,-8.511608865641174e-11,-1.1374426314020303e-10
736,-1.3321208446458113,-6.109082224741739,-7.270511100645539,-10.278274870762749,-15.251104317337546,-16.038946563600923,-12.950753058440371,-14.81040758026129,-11.661984201557129,20.52282850354592,0.005958001274356,0.0005618380950973,0.5787949148789658,74937.01949864897,1561739.6429753753,0.0843090749476147,0.9665115327326634,0.005958000685003647,0.005958000605717844,5.893523525105082e-10,6.686381561274435e-10
737,-0.9906450836615808,-7.926158250443659,-7.926620988847856,-13.112200045237566,-13.480542031556284,-12.411682844475887,-15.975822874540968,-15.124719623835162,-13.526025947020864,21.55856035086441,0.0059580010441707,0.0005554205442844,0.5854825085758952,74937.01660348341,1543900.7965128836,0.0843090749476147,0.9661912493676016,0.005958000717289722,0.005958000650657867,3.268809780146431e-10,3.935128334298099e-10
738,-1.3639665356872808,-5.749960698832167,-7.293874577733347,-11.75503145806539,-13.417814429410043,-14.787534320963276,-15.639633673784036,-14.277182547606834,-12.759981984256704,20.85417859864288,0.0059580012339648,0.0005562970125031,0.5845600853715567,74937.01899062646,1546337.1125527036,0.0843090749476147,0.966428890084818,0.0059580010253669395,0.005958001048056779,2.0859786033916583e-10,1.8590802074863744e-10
739,-1.154774699100957,-8.215314610527006,-8.41930039820779,-13.706276888156452,-11.698648724195994,-14.594574283899853,-15.99401692183246,-11.091462050444868,-11.03691951527477,20.82245712554391,0.0059580008937021,0.0005750575544491,0.565489486656363,74937.01471095714,1598485.7339021054,0.0843090749476147,0.960807099666404,0.005958001452711843,0.005958001533805697,-5.590097430091534e-10,-6.40103596863395e-10
740,-1.3406973518712584,-7.283189214406225,-8.616224043710519,-10.041836672235783,-16.522738845009897,-15.80425336320571,-16.501523835691916,-10.86832043624896,-9.980675721219177,20.412483212437007,0.0059580006214672,0.0005857672161074,0.5551505274336437,74937.01128691089,1628255.347818415,0.0843090749476147,0.961529124183388,0.0059580016937464475,0.005958001709513332,-1.0722792471648535e-09,-1.0880461314907719e-09
741,-1.176453781427942,-6.757949642952295,-8.50193385131165,-13.567338475584702,-11.966807154010622,-13.018628168491391,-13.96999093921354,-13.489019270805574,-10.108942253145129,20.80452007939636,0.0059580009957699,0.0005670094548052,0.5735160266971967,74937.01599471935,1576114.4558164622,0.0843090749476147,0.9624993999746408,0.005958001261100084,0.005958001240763627,-2.6533018403912534e-10,-2.4499372669462005e-10
742,-1.3015478128648916,-6.891054306633004,-7.133266151274892,-14.818789739970413,-11.917125020440196,-12.41741402090724,-12.253432068809214,-12.527950220686686,-12.96945091416582,20.77683957774896,0.0059579998633437,0.0005616971510529,0.5789399435229242,74937.00175157984,1561347.8612441423,0.0843090749476147,0.9625498016386196,0.0059579999248649375,0.005957999886335623,-6.152123775693408e-11,-2.2991923469273257e-11
743,-1.077242871426522,-6.004595529636416,-8.48150536646104,-14.782672646384992,-14.47137547600069,-13.98998275954388,-15.642073367011289,-14.48925141691164,-9.478166904230031,21.645031864866723,0.0059580001626571,0.000573468720757,0.567056108976894,74937.00551620784,1594069.2577237054,0.0843090749476147,0.9624220268235588,0.005957999794579259,0.005957999877281345,3.680778416434438e-10,2.853757551449232e-10
744,-1.2909799498778207,-6.223593786457868,-7.098632840320096,-14.801354136456892,-15.86945990557645,-12.949778969830431,-11.77427772396654,-14.17008450302208,-12.025042711937257,21.35658264387468,0.0059580002708873,0.000564717582535,0.5758435018323671,74937.0068774777,1569743.7454422857,0.0843090749476147,0.9628625029537022,0.005958000214127357,0.005958000168538636,5.675994309978227e-11,1.0234866426594991e-10
745,-1.2775623584691809,-6.263413685856706,-6.19547023324782,-13.80620497454569,-12.931396680342836,-15.587570486103305,-16.55698743530477,-14.309123123157656,-9.739254515524436,21.068772559053887,0.00595800042498,0.0005709949729295,0.5695128298949258,74937.00881558523,1587192.9884166308,0.0843090749476147,0.9641044157680828,0.00595800042000627,0.00595800057474563,4.973729761381662e-12,-1.4976563045276947e-10
746,-1.1154855630699467,-7.2239405153160705,-9.011909875599873,-10.271756763828613,-15.181098676574226,-12.756907152068134,-15.745981112854787,-10.880262062832808,-11.29214976679028,20.27835571887756,0.005958006841131,0.0005716420679974,0.5688690640292032,74937.08951500255,1588991.7166073204,0.0843090749476147,0.9621005512317892,0.005958003141150747,0.005958003026250026,3.6999802527359904e-09,3.814880973618262e-09
747,-1.172590186176616,-6.519513804200562,-7.432553680260947,-10.721876223790591,-15.174039098833546,-15.728678931193883,-14.87566363997615,-14.093320638583986,-9.253862304125189,20.54318479010426,0.0059580008113383,0.0005728472468035,0.567671392914501,74937.01367502398,1592341.748466559,0.0843090749476147,0.9643844977402994,0.00595800051910423,0.005958000497564847,2.9223407027600956e-10,3.1377345340033447e-10
748,-1.0962078100760295,-7.406912997969179,-7.01209039847932,-14.293975392008395,-12.633195064545848,-16.287323011157,-11.808569289286227,-14.112928282191437,-12.471848182502075,21.11490290443084,0.005958000340052,0.000558963209079,0.5817716634188007,74937.00774739997,1553748.3310602068,0.0843090749476147,0.9637500094850924,0.005958000299361874,0.005958000485974893,4.069012661533922e-11,-1.459228926928291e-10
749,-1.221354104606307,-7.294517717536845,-6.064148999408335,-12.735263205728998,-11.73752111588196,-15.656854861929617,-11.768370963561168,-12.356076200529206,-10.135176710522284,19.98712515476084,0.0059580006549116,0.0005666861729389,0.5738431555988069,74937.01170755933,1575215.8301964833,0.0843090749476147,0.9624661040762584,0.0059580005140236255,0.00595800051068368,1.4088797489764104e-10,1.442279204053043e-10
750,-1.2300890821425885,-8.17310649727516,-7.89230882766294,-13.787774309214374,-13.360370365948407,-14.379515471456669,-14.074149423013488,-13.235522423112457,-11.586691419393883,21.18018890768757,0.0059580007281631,0.0005633453792354,0.5772462146613639,74937.0126288841,1565929.4361066157,0.0843090749476147,0.9624974696138376,0.00595800072859675,0.005958000747093056,-4.336505113333722e-13,-1.8929955693247624e-11
751,-1.354234139229705,-7.905751750973094,-7.711554527380632,-13.940457643453096,-14.568522082430311,-12.860735488702598,-11.95501309300359,-15.55193684994384,-11.629751418622597,21.43853531664704,0.0059580003872724,0.0005601294062416,0.5805604136796733,74937.00834131679,1556990.0057636364,0.0843090749476147,0.9642608829722086,0.005958000375528565,0.005958000328138129,1.1743835071076347e-11,5.913427039705432e-11
752,-1.2167758653924643,-5.951047296505502,-6.980560081557993,-12.65605737764169,-12.717957951815151,-13.436526848447915,-13.64292266235363,-13.996836660595662,-10.916894409136503,20.529318056406208,0.0059580007212121,0.0005588657692309,0.5818731528127765,74937.01254145756,1553477.4778109132,0.0843090749476147,0.9645534531423706,0.0059580009470636235,0.005958000952848181,-2.2585152324727797e-10,-2.316360809759277e-10
753,-1.0971156581285395,-6.7781743220892725,-6.927132334608752,-12.78862998190592,-14.590899545732531,-14.169603853450132,-11.752985791559007,-14.544776854156336,-12.048308347149195,20.855690038732828,0.0059580007976723,0.0005570671440178,0.5837518814265856,74937.01350313872,1548477.8447802884,0.0843090749476147,0.9648035576578632,0.005958000594091047,0.005958000557009252,2.0358125341762845e-10,2.4066304851744214e-10
754,-1.348706793227851,-8.191638747380985,-7.220287926408579,-14.583820237431423,-16.561790994549632,-14.414213052690698,-14.621001429480785,-15.715010136983825,-9.300061436099464,21.941380810364063,0.0059580000726631,0.0005763715292658,0.5642002033979918,74937.004384304,1602138.1857008794,0.0843090749476147,0.9630890539302724,0.005958000730117562,0.005958000916071967,-6.574544615320366e-10,-8.434088670516982e-10
755,-1.3651654444241146,-7.794856638669048,-6.858017515765519,-11.060280264332627,-15.01163695110084,-17.288925138930612,-15.79513902156796,-14.06481596482813,-12.78715314355661,21.030338796644696,0.0059580008438167,0.0005637132082312,0.5768695720285966,74937.01408352153,1566951.889246742,0.0843090749476147,0.9659946577526728,0.0059580001302250276,0.005958000176852375,7.13591672731051e-10,6.669643249149204e-10
756,-1.227922658635148,-8.008213134074348,-8.218524101986954,-13.05779260896787,-15.886464787787576,-17.08396695810455,-14.952268205989082,-11.305781709045949,-13.697373060534346,21.353977824863986,0.0059580007344151,0.0005685680290794,0.5719438512027721,74937.0127075183,1580446.819982796,0.0843090749476147,0.9618146448919168,0.0059580006133268465,0.005958000734216419,1.210882531396673e-10,1.9868048178883768e-13
757,-0.9945497026203484,-6.46923731904601,-7.511061856830061,-10.93950663129452,-11.652235130426943,-17.26424753076073,-14.440521702075262,-12.012754492139573,-9.292777596837066,19.8792519183522,0.0059580028901198,0.0005728199425638,0.5676987488515379,74937.03982098775,1592265.850954752,0.0843090749476147,0.96279818620209,0.005958002350966528,0.0059580026883155985,5.391532723747483e-10,2.0180420182147607e-10
758,-1.3458920319051653,-8.269907515912216,-8.333743466363336,-14.37943643914694,-16.71737797749849,-14.43590693308371,-15.75797385689768,-15.02069775440734,-13.24785383710383,22.37055171320633,0.0059580001068588,0.0005595889656652,0.5811210670633066,74937.00481440245,1555487.74473829,0.0843090749476147,0.9640118704859836,0.005957999859256544,0.005958000011704114,2.476022564062985e-10,9.515468621379419e-11
759,-1.3147445123968304,-7.975120563033511,-7.480814746694374,-10.328449072350484,-12.947513751989352,-12.17227898950832,-13.724503834504675,-13.621725984687153,-12.899536018544165,20.241664542605527,0.0059580026939069,0.0005567823719996,0.5840507261011715,74937.037353112,1547686.2648679742,0.0843090749476147,0.9662611668924416,0.005958003334719332,0.005958003357811212,-6.40812431763893e-10,-6.639043117345755e-10
760,-1.3022301269997254,-7.866700913031161,-8.239420216775937,-13.217959778418642,-12.412628566620288,-15.213121595559102,-13.902427077356878,-13.033636122807106,-11.750460327342749,20.96336037626704,0.005958000657213,0.0005622786675056,0.578341311336706,74937.01173650596,1562964.3007580996,0.0843090749476147,0.962785156911792,0.005958001530246304,0.005958001575546944,-8.730333045034455e-10,-9.183339444787664e-10
761,-1.2655967177236016,-6.944894893513016,-9.047067807645256,-12.0667879502748,-14.543884196154972,-12.242270525596783,-12.104962426141489,-12.22958230622285,-9.241864182535195,20.33308361759325,0.0059580008928928,0.0005742844767052,0.5662507248371691,74937.01470077907,1596336.8120501654,0.0843090749476147,0.9609150319770738,0.0059580014722862154,0.005958001437918016,-5.793934151898661e-10,-5.450252159311386e-10
762,-1.0240865612496477,-7.633537862952282,-8.405266338854904,-11.618161795595611,-13.53408886479709,-16.724833181600676,-13.4320784786879,-15.39973610128461,-11.181054579906936,21.08098424807953,0.0059580007626627,0.0005613725379917,0.5792748460735998,74937.01306280357,1560445.5353059173,0.0843090749476147,0.9655023296647548,0.005958001868480988,0.005958001865913925,-1.1058182876333422e-09,-1.1032512247516335e-09
763,-1.4278368953353455,-6.528258609095968,-8.141249621498913,-13.61440721986862,-15.749649598032066,-15.028938546700452,-15.438844959892371,-15.02253591341231,-12.267090496318543,21.84446347245812,0.0059580002619258,0.0005593451220077,0.5813744265299693,74937.00676476397,1554809.9332658427,0.0843090749476147,0.9645842208162828,0.005958000074657741,0.005957999890726275,1.8726805956631454e-10,3.711995251107214e-10
764,-1.1392366813348176,-7.9174301060689105,-6.111850233863159,-11.29946198667666,-13.414649514790526,-15.75754554135321,-16.78260101273733,-12.207957788901862,-12.027850155771656,20.455854098418683,0.0059580011702836,0.00056696910067,0.5735568720109006,74937.01818967375,1576002.2835496794,0.0843090749476147,0.9644098098290178,0.005958000742733974,0.005958000948786196,4.2754962591151635e-10,2.2149740375176918e-10
765,-0.9849904089032848,-7.753885567714371,-9.021227654397045,-10.487888531088023,-15.994931340783587,-13.053124796169293,-14.715295911086852,-12.26227681809649,-11.642455815999137,20.63642598817493,0.0059580011158215,0.0005671587267614,0.5733650988766134,74937.01750467365,1576529.386618812,0.0843090749476147,0.9629557220482404,0.005958002693359012,0.0059580026860314265,-1.577537512079119e-09,-1.5702099264922054e-09
766,-1.3060034319516185,-8.166645276438329,-7.421220720072001,-13.270343275934694,-12.695515401877488,-16.090428576865257,-12.796346306437604,-14.91880830458414,-11.7787830111293,21.16886107798166,0.0059580005556649,0.0005592466939443,0.5814767921014713,74937.01045927982,1554536.3330775348,0.0843090749476147,0.9646198841555076,0.00595800107028672,0.0059580010574675196,-5.146218199844621e-10,-5.018026194222869e-10
767,-1.1370499871792934,-6.616096717082022,-7.695104245514744,-11.957304203685556,-11.94825797937699,-12.129178199269688,-13.382573914919774,-13.021871538955414,-9.640900302425992,20.075302665561683,0.0059580004020015,0.0005651270036177,0.5754263358959816,74937.0085265717,1570881.8119798517,0.0843090749476147,0.9631366612882758,0.0059580020806405416,0.005958002172012755,-1.678639041137464e-09,-1.770011254752235e-09
768,-1.227372023744886,-6.767141846870864,-8.653050727921105,-14.103071028493243,-13.947829956959245,-13.470253413072882,-12.703175874916914,-12.80597232093415,-9.665986404504334,20.93230776186821,0.0059580007403723,0.0005741121088041,0.5664207107346211,74937.01278244515,1595857.6815199608,0.0843090749476147,0.9607715959913092,0.005957999980755583,0.0059579998457891855,7.596167167500667e-10,8.945831141832228e-10
769,-1.2503359847727364,-8.111323384223338,-7.85250059267649,-14.47638779051876,-16.63418190883056,-14.015498561119164,-14.295049326898535,-10.775409661381508,-10.142427702822395,21.169408019418,0.0059580001249412,0.0005909838596246,0.5502501177124883,74937.00504183359,1642756.035926195,0.0843090749476147,0.9589475005264408,0.005958000495515617,0.005958000422613899,-3.7057441663879143e-10,-2.976726989900591e-10
770,-1.1167885862671958,-7.168533653557168,-8.986103219858373,-13.83776460913239,-13.321535273334153,-13.540402895301003,-16.60636379150629,-15.58473567959196,-10.653541946467154,21.790458814988902,0.0059579999998287,0.0005662762716914,0.5742584394545154,74937.00346822609,1574076.428946334,0.0843090749476147,0.964413907249362,0.005958000341563295,0.005958000311519486,-3.4173459461522837e-10,-3.1169078602844014e-10
771,-1.464989403608963,-6.6085679610959485,-7.787046037393055,-13.023561269022329,-13.127699354755146,-15.596482503406596,-15.67322457519324,-15.506207559469605,-9.96145605220068,21.30767274256369,0.0059580005315397,0.0005669648374419,0.5735610925718251,74937.01015584434,1575990.433067308,0.0843090749476147,0.9649747576409684,0.005958000430935618,0.0059580003891014,1.0060408235645912e-10,1.4243829987020673e-10
772,-0.993168623056874,-7.15638925725869,-7.347285017136011,-10.66928492339707,-16.0800592663096,-15.173605798598924,-13.663716679351158,-12.671270132093486,-9.926142888648045,20.33414831058837,0.0059580010481452,0.000573010796665,0.5675094008704059,74937.01665347202,1592796.3675188238,0.0843090749476147,0.9629402720670136,0.005958001035442911,0.0059580010053498144,1.2702288873511769e-11,4.2795385291061194e-11
773,-1.0491199663028126,-6.823477159054306,-7.409594615453636,-13.177368668332758,-14.36410830920408,-16.012426361442355,-16.25587455780795,-15.25781986188492,-12.464362879288853,21.65122370578678,0.0059580000522413,0.0005586943298869,0.5820516067139219,74937.00412744802,1553000.9283883348,0.0843090749476147,0.9658563329461418,0.005957999908141109,0.00595799981219123,1.4410019098104465e-10,2.400500692320562e-10
774,-1.386837309213367,-7.748360458266326,-8.60467823209174,-14.803591277258958,-13.070633871095652,-13.336125764615076,-15.697982714396469,-12.487453171102274,-11.374799137407296,21.426854544007927,0.005958000505882,0.0005707434474031,0.5697638246955872,74937.0098331333,1586493.823676382,0.0843090749476147,0.9612470901532044,0.005958000108638675,0.005958000125506742,3.9724332503987547e-10,3.8037525820072693e-10
775,-1.2901563102171467,-6.192389436738766,-8.150922019464144,-14.112511376665427,-15.47834483199304,-16.063664937097244,-12.370397382771005,-14.979231220501603,-12.9755908003024,21.706885696054467,0.0059580004312223,0.000557516916759,0.5832808900048703,74937.00889409763,1549728.076700017,0.0843090749476147,0.9642604876399028,0.0059580001696380135,0.005958000163342996,2.6158428634986963e-10,2.678793038085603e-10
776,-1.1163546764298855,-6.053892072087652,-6.353854285220353,-10.079541509704583,-11.24875799284691,-12.48181987166312,-15.408043629243451,-13.59144444404909,-9.652562834036814,19.59095208399724,0.0059580016808719,0.0005667726766269,0.5737557209787971,74937.02461162063,1575456.2842349247,0.0843090749476147,0.9659426955719752,0.005958002769487575,0.0059580028650796,-1.0886156750350429e-09,-1.184207700649642e-09
777,-1.0131059463511018,-6.088475101926728,-8.23278618306479,-11.125014722483584,-15.807974446718545,-16.10613693800218,-16.738213079010606,-14.098280202577158,-10.595885997013458,21.080360145475176,0.0059580001722866,0.0005709409704612,0.5695666610475149,74937.00563732321,1587042.877919624,0.0843090749476147,0.9646358266502668,0.005958000543282791,0.005958000507014544,-3.7099619123320826e-10,-3.3472794414707296e-10
778,-1.367149583638135,-6.695098867083944,-6.329054880616194,-12.808765309453518,-11.744147181726884,-16.9494565536482,-17.474835817080685,-13.595321919810589,-11.43537362095248,20.890473015765654,0.0059580011923049,0.0005677318413504,0.572786308649705,74937.01846664719,1578122.471497625,0.0843090749476147,0.9649101403312352,0.005958000565859808,0.005958000512113353,6.264450919807318e-10,6.801915471837949e-10
779,-1.2535172712142246,-6.000512832755367,-7.252377486437317,-11.642232520468564,-15.94683465910053,-11.826035615981684,-17.154831761478036,-15.619634692172555,-11.405869307355776,21.23882835727326,0.0059580009957555,0.0005658281106722,0.5747134217707078,74937.0159945389,1572830.6771252756,0.0843090749476147,0.9668025472711128,0.005957999825340038,0.005957999736929637,1.170415462464769e-09,1.2588258629930849e-09
780,-1.169478229581309,-6.858487668636611,-7.819100714848932,-10.73769116019859,-11.171425534990696,-16.234232655370313,-12.261859558470984,-10.618151110420678,-10.588172758754968,19.46505065057081,0.0059580032838223,0.0005688268615808,0.5716839673139762,74937.04477279821,1581166.2958991898,0.0843090749476147,0.9618907975661188,0.005958003761626149,0.005958003730249956,-4.778038494371306e-10,-4.4642765612695756e-10
781,-1.4555787311468418,-6.020657804307854,-8.03076330582599,-14.796492278013496,-14.851956070786564,-14.931249091113816,-13.080008729862826,-11.901782802797213,-9.576307863202604,21.003571797220488,0.0059580002393439,0.0005828702097073,0.5579097066121964,74937.00648073944,1620202.5479452468,0.0843090749476147,0.9598248114029354,0.0059579995859637015,0.005957999573518201,6.53380198903375e-10,6.658256992628231e-10
782,-1.3214873244169172,-6.398461331734793,-8.21555106360185,-13.62997850132141,-12.32609339473406,-13.858030032504807,-12.456061160982284,-12.680191113189997,-13.57859862270075,20.8146903523467,0.0059580005430073,0.000556296901105,0.5845601007409738,74937.0103000781,1546336.8028997548,0.0843090749476147,0.9634064974000772,0.005958001232071671,0.005958001115492677,-6.89064370666681e-10,-5.724853768124261e-10
783,-1.1947942075572775,-5.581473663287504,-7.267188826534509,-14.477157569134263,-11.587165806852605,-16.771340552116502,-15.53050506715375,-13.838780591332622,-13.543278413433011,21.351287067470647,0.0059580004801825,0.0005569761991334,0.5838471516633967,74937.00950989763,1548225.04556189,0.0843090749476147,0.9649513942194338,0.0059580005231209265,0.00595800067360404,-4.293842625208155e-11,-1.934215400692385e-10
784,-1.31839414471911,-7.49903695475167,-6.275166199146664,-11.799139766255587,-15.49353276523539,-12.367376822351506,-13.164076045473545,-10.692330169020934,-10.20598049710157,19.93705691861156,0.0059580013459936,0.0005756918997262,0.5648664475689771,74937.02039967374,1600249.0215380697,0.0843090749476147,0.9610856718308406,0.005958000783795152,0.005958000759850098,5.621984483852871e-10,5.86143501790648e-10
785,-1.140666755757145,-6.896313663236031,-6.445401377277452,-13.499554393731009,-16.569559456392415,-15.074275651515258,-12.915761069072976,-12.730243228456242,-11.082266567483982,20.95494741672712,0.0059580003481447,0.00057190529075,0.5686063092227913,74937.00784918605,1589723.3960916102,0.0843090749476147,0.9620028911717188,0.005958000865996129,0.005958000816886606,-5.178514284054359e-10,-4.687419055335318e-10
786,-1.229707311624502,-6.625291241253663,-8.28334423370694,-11.009844728080822,-12.444817350299274,-16.370882837576875,-13.75832090702001,-12.020721457813814,-13.251518607926815,20.320616840336868,0.0059580032480973,0.0005584699886572,0.5822858893462122,74937.04432346576,1552377.327754956,0.0843090749476147,0.9642899871195102,0.005958003281726294,0.005958003156386393,-3.362899368697381e-11,9.171090709775287e-11
787,-1.3654959777004754,-8.275427766951841,-7.683433256168842,-11.411383860254992,-14.313914233712117,-13.851642518942649,-14.649427178977064,-15.031734678890972,-9.87112831044111,20.89477195037931,0.0059580018961644,0.0005672559070287,0.5732669846288074,74937.02731947032,1576799.5183120386,0.0843090749476147,0.9648742741310892,0.005958001123805039,0.005958001028037873,7.723593604958001e-10,8.681265263946192e-10
788,-1.391919210051561,-6.660019819834089,-8.783335232715675,-14.606951843906492,-13.804145124253075,-14.976503435030637,-12.385208806621094,-13.866546789428195,-9.978719695718246,21.298787014541016,0.0059580003585708,0.0005714108666668,0.5690983081033127,74937.00798032038,1588349.0469723635,0.0843090749476147,0.961436910041762,0.005957999841345104,0.0059579998391306056,5.172256963004163e-10,5.194401948502292e-10
789,-1.0917078897891306,-7.38090803371342,-7.423361044196911,-10.335130818553568,-14.002671118831032,-13.89030940967623,-14.66816505057157,-11.222667047751411,-10.571580762532312,19.89507306074164,0.0059580017653076,0.0005694490807768,0.5710590878088009,74937.02567361436,1582895.87670456,0.0843090749476147,0.9626413050305476,0.0059580021729288635,0.005958002162628997,-4.0762126313209635e-10,-3.973213962699118e-10
790,-1.1533110046018578,-7.627371231843792,-8.83837444948375,-13.368308183403874,-12.638128817338089,-17.194463697744045,-16.147548840752787,-14.338730947260917,-11.456638869581004,21.588054838950622,0.0059580012213032,0.0005650766434022,0.5754777371901391,74937.01883137514,1570741.825842178,0.0843090749476147,0.963784215723604,0.005958000986873674,0.005958000973810486,2.344295261386131e-10,2.47492713822961e-10
791,-1.188415648278861,-7.9075826430716605,-6.612305535863723,-13.245452431420576,-16.373384614694437,-17.305020538343193,-16.062443983945133,-13.925181666824288,-9.722628741214455,21.46458408067161,0.0059580000617599,0.0005794598841979,0.5611931766459498,74937.0042471692,1610722.876506252,0.0843090749476147,0.9628533850254428,0.0059580006041133286,0.005958000614541436,-5.423534286605469e-10,-5.527815358230548e-10
792,-1.062388356341602,-7.504458422948188,-8.836774280904692,-10.440580153835004,-13.900601215028964,-14.9508105176305,-12.471725460328305,-12.231957217060828,-12.848855341628855,20.309251927118723,0.0059580067973745,0.0005598871001519,0.5808126040246074,74937.0889646531,1556316.4682638086,0.0843090749476147,0.9637952005463194,0.0059580042008972114,0.005958004249655157,2.59647728838297e-09,2.547719342785304e-09
793,-1.369691409720439,-7.781732607313752,-9.060299019071133,-13.542184000302797,-16.586175743542707,-11.974490592565518,-17.202386239377347,-15.152746684167482,-10.37101272959714,22.047680019139783,0.0059580001554926,0.0005727720779221,0.567745798652679,74937.00542609535,1592132.8017558786,0.0843090749476147,0.9633925884861434,0.005957999688875666,0.0059579996550358175,4.666169343275905e-10,5.004567827857076e-10
794,-1.307547251943859,-6.299083658428031,-7.110276836144502,-14.025702387577732,-13.058191511453195,-14.995532203631004,-16.05285667351701,-14.556569268408866,-12.7459651362926,21.474721037915582,0.0059580002448185,0.0005572380801993,0.583572730748534,74937.00654959581,1548952.995563879,0.0843090749476147,0.965238291926873,0.005958000255014072,0.005958000184212205,-1.019557181736186e-11,6.060629515608484e-11
795,-1.0022874664688186,-6.4580727411761485,-7.167236101079856,-11.771034201329476,-14.426669045511456,-16.72944329308292,-13.684785841873374,-12.193047377938193,-10.427760051105052,20.37083431464765,0.0059580008844889,0.0005693997277211,0.5711084580431766,74937.01459507835,1582758.6901659989,0.0843090749476147,0.9625483696058756,0.005958000769163302,0.005958000725236088,1.1532559802962528e-10,1.5925281232620492e-10
796,-1.4013990913344596,-7.390786996912436,-6.914407059689859,-12.851886915522428,-12.379181301466268,-12.61654455678412,-16.69249414440338,-11.783826707909306,-11.046435498289316,20.51639641615664,0.005958000142445,0.0005688088256384,0.5717016422744131,74937.0052619885,1581116.161444984,0.0843090749476147,0.9626095588724776,0.005958001012275258,0.005958000907603526,-8.698302581683359e-10,-7.651585259491056e-10
797,-1.1588892017620922,-5.819137877660326,-8.590744385890645,-11.579846093993968,-16.615182330834802,-13.479023015807783,-11.79085693665376,-14.611199688252093,-13.12089152427229,21.02559428252657,0.0059580010685003,0.0005573035881859,0.5835042559705182,74937.01690948995,1549135.0879146934,0.0843090749476147,0.9653760587618662,0.005958000924943163,0.005958000862965555,1.435571375316136e-10,2.055347454732459e-10
798,-1.378743773258391,-6.161979605047622,-7.423860688045481,-13.923675250107848,-12.406524893102006,-12.19557554282753,-13.843199971663545,-15.0803633717614,-10.022103757475486,20.964057560635126,0.0059580004940578,0.0005644844307036,0.5760813777254724,74937.0096844139,1569095.6540061133,0.0843090749476147,0.9642302126762514,0.0059580003495706855,0.005958000340835953,1.4448711411346737e-10,1.532218466687718e-10
799,-1.1553857252472846,-6.654059417775685,-6.158094017473161,-11.330884903878337,-13.728838522116614,-13.5463690477324,-13.731919183328715,-12.515339337783336,-9.247211251146464,19.888013745757245,0.005958000652727,0.0005686691340564,0.5718421522458543,74937.01168008264,1580727.8611797048,0.0843090749476147,0.9631728071133652,0.005958000662945264,0.005958000669186703,-1.021826460251285e-11,-1.6459703391924485e-11
800,-1.1046066323268546,-6.8871320842989405,-8.332682945096305,-11.776456057895718,-15.71583328414292,-15.519677637770949,-13.092501491704496,-15.094740663917072,-10.864492873154184,21.143192238122936,0.005958001394149,0.0005636937936746,0.5768895203107312,74937.02100535097,1566897.9226629373,0.0843090749476147,0.9646558313381076,0.005958000726852976,0.005958000669479822,6.672960239928472e-10,7.246691779635994e-10
801,-1.435256078020697,-6.516035408024479,-8.86860854945899,-12.236336046040352,-13.116442938260656,-11.71722272972314,-14.38329762988464,-12.672106991370011,-10.19169939719717,20.504765242877458,0.005958001154762,0.0005668797043807,0.5736473190403503,74937.01799445023,1575753.788956322,0.0843090749476147,0.962371647659909,0.005958001826627646,0.005958002284626446,-6.718656455836913e-10,-1.1298644459270535e-09
802,-1.232613346541541,-7.982760880851179,-8.183045205431558,-12.8727970944454,-11.440840802664631,-15.039026117885442,-14.29151505521579,-14.55878394114258,-10.473545858640565,20.960372978195707,0.0059580016725488,0.0005648437812018,0.5757150487446836,74937.02450693607,1570094.5394924397,0.0843090749476147,0.964058422273298,0.005958002211057292,0.0059580022860665945,-5.385084921386007e-10,-6.135177947272363e-10
803,-1.4133376902332213,-6.637106735593264,-7.624288200352791,-13.224869407932676,-16.01015630474824,-12.950481960039845,-15.3313344775719,-13.210837406603623,-12.852461846172714,21.34177887106081,0.0059580007637803,0.0005606016088202,0.5800714545057101,74937.0130768603,1558302.585834297,0.0843090749476147,0.96359748598618,0.005958000417078227,0.005958000393287175,3.4670207330056435e-10,3.7049312489462194e-10
804,-1.0352465453996418,-8.071527452454884,-8.961058811676002,-10.021538400862523,-13.69806311467184,-13.693388664789913,-11.755486155070408,-12.055839441083675,-11.793898474132607,20.005303445015755,0.0059580122796684,0.0005628696531646,0.5777357716982966,74937.15791844318,1564607.0617955148,0.0843090749476147,0.9631142956437024,0.00595800557202961,0.005958005240910684,6.707638789890669e-09,7.03875771557172e-09
805,-1.0396856857569448,-6.93462860354618,-6.957654802805791,-13.792100843505246,-15.14321448847472,-11.604187786931728,-14.885315660441933,-14.31888497024838,-10.238370513510556,21.18069333516786,0.0059580008920875,0.0005674400815232,0.573080774023279,74937.01469065009,1577311.4675936988,0.0843090749476147,0.96338261440724,0.005958000192871126,0.005958000125218079,6.99216374036582e-10,7.668694212634164e-10
806,-1.389896850520765,-6.290953461049593,-6.881422583279213,-10.432753287004225,-15.109847452069248,-13.861985604650664,-15.747898644918468,-13.603533005416946,-12.035005007414478,20.49187844022813,0.0059580004305534,0.0005624375397225,0.5781779137743798,74937.00888568464,1563405.9173758675,0.0843090749476147,0.9659649624833792,0.005958000644078243,0.005958000646733485,-2.1352484277231687e-10,-2.1618008511775644e-10
807,-1.4183222756723233,-7.951444110710021,-7.216839627150554,-14.572772862658251,-15.896372322001412,-15.98473725699658,-16.781241721494755,-13.914982401464435,-12.55925737368661,22.06431402132974,0.0059580001036866,0.0005651181951831,0.5754352617847439,74937.00477450356,1570857.327200828,0.0843090749476147,0.9632892090231616,0.00595800034745368,0.005958000381264282,-2.437670803059899e-10,-2.7757768219366374e-10
808,-1.4489455117444348,-8.000950026887539,-7.549762756999688,-10.088271336030305,-13.9891494000175,-12.100178318812418,-15.19048733207825,-14.448350462786811,-11.97361223032392,20.50996917867096,0.0059580008739349,0.0005617048902314,0.5789321141765459,74937.01446233464,1561369.3738151465,0.0843090749476147,0.9666022954309744,0.00595800205322715,0.005958002055469497,-1.1792922497907976e-09,-1.1815345967239321e-09
809,-1.3298811767945926,-6.861601762405828,-7.788768151245629,-12.438319402316406,-13.193910058178403,-16.437328020830915,-14.153133054528228,-14.160273005898626,-11.437252914383814,20.97086383613472,0.0059580009845586,0.0005606180476579,0.580054477483065,74937.01585370924,1558348.2808213693,0.0843090749476147,0.9644326711598318,0.005958000965635247,0.005958000967273822,1.8923353335698057e-11,1.7284777775739002e-11
810,-1.2583111242163056,-5.94981260075223,-7.249713214355245,-14.330773225772512,-14.767794956903607,-13.900314521459132,-15.805060351322933,-15.424396076680589,-13.616430630440007,21.874965753358826,0.0059580001999428,0.0005540741137715,0.5869051384687786,74937.00598517025,1540158.1277139492,0.0843090749476147,0.9661046976102508,0.005957999960466495,0.005958000042372561,2.3947630510556817e-10,1.5757023897472466e-10
811,-1.1540766224486394,-6.549384325239632,-6.142572659367935,-11.826716794956813,-12.871209547522083,-17.100083455578314,-13.430183451164767,-12.500609176410975,-11.451488053854511,20.190246998903465,0.0059580004205462,0.0005624564055623,0.5781585191491746,74937.00875981868,1563458.3586932956,0.0843090749476147,0.9639404025398696,0.005958000628519101,0.005958000678308486,-2.0797290105345478e-10,-2.577622863417228e-10
812,-1.1423361976007116,-7.48920409750557,-6.889704093797468,-11.571651239496267,-15.16805023071143,-14.885035519085326,-13.27786733661612,-12.255071641365491,-10.777310261291932,20.36547376102733,0.0059580008168604,0.0005685163931328,0.5719958103236312,74937.01374447759,1580303.2876991937,0.0843090749476147,0.9626440124448616,0.005958000908614862,0.005958000918543465,-9.175446166742596e-11,-1.0168306474600541e-10
813,-1.3522930972889358,-7.136436030594343,-8.916182423433941,-14.699661700756456,-11.944914189866992,-16.015276046329006,-12.020660005402398,-12.577415431515522,-11.028199545274166,21.02871404012553,0.0059580000436638,0.0005717703745115,0.5687404352633858,74937.00401956422,1589348.369834141,0.0843090749476147,0.9607842820263142,0.0059580004322343375,0.005958000475808466,-3.885705377251747e-10,-4.32144666405454e-10
814,-1.1537328248318648,-5.820589265850483,-8.796327761883914,-13.189917280732113,-15.40380274209522,-15.731405428967417,-14.573964585725369,-13.555689070554578,-10.325503319663405,21.28771906593097,0.0059580004110562,0.0005698496299575,0.57065749393077,74937.0086404579,1584009.2820431683,0.0843090749476147,0.9623803604502936,0.005958000594758541,0.005958000560427893,-1.8370234066561464e-10,-1.4937169296597164e-10
815,-1.3520081394205947,-6.548215688517138,-8.593107617799866,-14.465373092514469,-13.01218578251683,-13.15494949604588,-14.44983318137318,-12.240777038066264,-12.354194808557304,21.151870084908897,0.0059580008270786,0.000564188668167,0.5763834230582899,74937.0138729973,1568273.5237834651,0.0843090749476147,0.9617703201299506,0.005958000293900701,0.005958000296339416,5.331778985331881e-10,5.307391835046582e-10
816,-1.346579825928819,-5.685627478767891,-7.776304189865666,-14.34608639313388,-14.519630543656032,-13.440080300749305,-15.761811214469155,-13.640557726994397,-12.827225212983008,21.52687392524233,0.0059580002235598,0.0005585775544653,0.5821733146972454,74937.00628221445,1552676.3281042655,0.0843090749476147,0.9637639395401356,0.005958000219229467,0.005958000204800308,4.330332967206196e-12,1.8759491356157287e-11
817,-1.163411262921663,-7.319248338791276,-8.421895158533442,-14.776717533610784,-12.0755649137115,-12.037225940132796,-15.396587466668208,-12.186656186931367,-13.466391776982258,21.2601414994339,0.00595800137794,0.0005628928014682,0.5777104273848203,74937.02080148124,1564671.40706467,0.0843090749476147,0.9623546953981345,0.0059580005148279075,0.005958000531895162,8.631120922142355e-10,8.460448374866814e-10
818,-1.080081549170801,-5.688201610414637,-8.628138634940388,-13.72012979776058,-11.955337831418824,-13.442188015317516,-15.18552461058094,-13.143184729922504,-13.785671212839606,21.12714317086584,0.005958001136781,0.0005553075871217,0.5856016173843799,74937.01776829298,1543586.8098313597,0.0843090749476147,0.9643527038927922,0.005958001747018196,0.005958001680074466,-6.102371958444097e-10,-5.432934657711996e-10
819,-1.2120166890216133,-6.992057781392371,-8.67028325889482,-11.66109593148175,-15.23131640039432,-13.611274403698724,-15.34374073145696,-11.842843185010738,-11.703085896315551,20.759524749455856,0.0059580024866077,0.0005666150432458,0.5739154573309911,74937.03474579696,1575018.1112051234,0.0843090749476147,0.9623960332644648,0.005958001573010814,0.005958001543201115,9.135968856432974e-10,9.434065846233852e-10
820,-1.3657527239789913,-7.090631512335821,-8.298315352442096,-10.958274461160675,-14.662498750296743,-17.0107689445026,-17.431723251039095,-14.684804118748978,-9.674606197483264,21.12916742971632,0.0059580006740307,0.000576944553375,0.5636399223746452,74937.01194803095,1603731.0190731017,0.0843090749476147,0.9648718046561144,0.005958000311727446,0.005958000224866739,3.6230325423797227e-10,4.491639612330678e-10
821,-1.418523650558853,-8.070394234569598,-6.364084615191088,-10.682904880330884,-12.31213994286922,-15.501352092879742,-11.963034078076747,-11.328579337041017,-10.76177925831459,19.54045653534083,0.0059580017944438,0.0005667301359601,0.5737988054162917,74937.0260400755,1575338.034072881,0.0843090749476147,0.962748232389104,0.005958002068729993,0.005958002029766522,-2.7428619271685495e-10,-2.353227222459675e-10
822,-1.3872491616496767,-8.255631570168369,-6.955429546952836,-10.749973743629692,-15.213386433196224,-12.519062203363047,-13.01381125567961,-14.188389373046178,-9.306534651569578,20.32583505809052,0.0059580017969858,0.0005700960186525,0.570411061603396,74937.02607204812,1584694.1679487776,0.0843090749476147,0.9641242941677314,0.00595800117252543,0.005958001022379295,6.244603705657381e-10,7.746065056740692e-10
823,-1.1672699657686592,-7.835352460588585,-7.304902625754656,-13.953659285438745,-13.659307799602644,-17.205659402968116,-13.68928471379411,-14.15571611162088,-9.381606620196123,21.21943035668606,0.0059580003729337,0.0005733714570951,0.5671523313618286,74937.00816097055,1593798.894218836,0.0843090749476147,0.9623801757336908,0.005958000024472013,0.005958000060234463,3.484616874563362e-10,3.126992371635384e-10
824,-1.4535095991368483,-7.018217286592707,-9.031132590238771,-13.092889518331638,-11.198663493482016,-11.76835500654314,-14.610895003589512,-11.03957763148767,-12.46792180680152,20.464279176598183,0.0059580024675131,0.000565945862098,0.57459405906112,74937.03450563438,1573157.9904053495,0.0843090749476147,0.9617293086312466,0.005958003117327672,0.005958003196706307,-6.498145719430193e-10,-7.29193207552048e-10
825,-1.1749466984300136,-8.018117422906748,-6.715063605304708,-10.075368413339683,-12.855762471965573,-11.748421654871114,-16.015496501058657,-14.909390511323773,-9.689322127754812,20.20537893162208,0.0059580009536525,0.0005711683401181,0.5693400409837531,74937.01546498592,1587674.8966630492,0.0843090749476147,0.966526435402659,0.005958001989260257,0.005958002021914416,-1.0356077575351952e-09,-1.06826191642595e-09
826,-1.0165179345718969,-7.275275756601532,-7.170924867248564,-9.970400463580273,-16.624645885935212,-13.810825946452114,-15.53250524491205,-14.915248901511529,-11.537108672941422,20.793397238295107,0.0059580003788244,0.0005674774341247,0.5730429785488567,74937.00823506164,1577415.2965066552,0.0843090749476147,0.966704310775516,0.005958000051960078,0.00595800004129446,3.268643220671885e-10,3.375299406291332e-10
827,-0.987446377111225,-8.2084772034054,-9.038527710692328,-10.876293648827923,-13.190651794908472,-16.00746824202768,-14.865418243293108,-13.920242009120122,-11.043942071886352,20.83656000684412,0.0059580025566086,0.0005651545606761,0.5753985901077961,74937.03562623677,1570958.412251209,0.0843090749476147,0.964322759542524,0.005958003642985922,0.0059580035658066376,-1.0863773223027118e-09,-1.0091980376381038e-09
828,-1.4046979016945595,-6.059785424192121,-6.260555293992508,-12.934506377598822,-16.065485954905895,-16.939656064466,-15.701170359616103,-12.87591341027045,-11.868722583207388,21.10884450999094,0.0059580003333718,0.0005686342859785,0.5718771509342385,74937.0076633787,1580630.9940834972,0.0843090749476147,0.9635364359856888,0.005958000980396524,0.0059580010023556115,-6.470247237294613e-10,-6.689838110557345e-10
829,-1.0158369238304472,-5.706482831567697,-6.820417021916322,-14.174190056985513,-11.731154484979808,-12.151892233185922,-12.754914989681737,-10.70956424912234,-10.933008854656585,20.02608349170769,0.0059579999955969,0.000570555389537,0.5699515484360389,74937.00341500124,1585971.079798307,0.0843090749476147,0.9608228322107004,0.0059579997231030265,0.005957999741956734,2.724938738193905e-10,2.5364016616180596e-10
830,-1.451786818011793,-5.721029553208462,-6.793053823056606,-12.62158337684945,-12.780201707603233,-12.936254967700998,-15.420333446210536,-11.488702643925617,-12.274175584135955,20.30930140350604,0.0059580014949869,0.000560750735163,0.579917296757857,74937.02227364368,1558717.1118754991,0.0843090749476147,0.9632748622964952,0.0059580009841656584,0.005958000851514283,5.108212412091584e-10,6.434726163365156e-10
831,-1.001017624081171,-7.420002675511714,-6.5011438679056575,-13.912178316484445,-16.012563810815635,-16.786626788796614,-16.631348095439108,-11.59296490176703,-13.002876478886236,21.409831789416955,0.0059580001477751,0.0005714039318297,0.5691051847555945,74937.00532902837,1588329.770226766,0.0843090749476147,0.9622219037117816,0.005958000248453843,0.0059580000911302455,-1.0067874312014169e-10,5.664485460549207e-11
832,-1.0486754509388645,-7.023673034426253,-7.6041292417982,-10.19751881380811,-14.619627462613622,-15.618408478884916,-15.62040084573697,-13.41981780905828,-13.69194496493478,20.67915960966741,0.0059580004639559,0.0005597151635943,0.5809900950182786,74937.00930580674,1555838.5367379417,0.0843090749476147,0.966565843989828,0.005958001242076878,0.005958001208626562,-7.781209773738418e-10,-7.446706619396171e-10
833,-1.2472595393200216,-7.069004184107795,-6.902267746965108,-13.923389943240432,-16.398353097974972,-13.534182490393242,-14.051909324962333,-15.746923569123824,-12.751964162385423,21.80188175146538,0.0059580002582696,0.0005581440959963,0.5826254395108351,74937.00671877737,1551471.4449173133,0.0843090749476147,0.9655308273601458,0.005958000245946523,0.00595800026111783,1.2323076586939763e-11,-2.8482303321419877e-12
834,-1.474893560366305,-6.427262492521719,-7.158588460521121,-13.097178806052886,-14.756137918467916,-15.80595397132478,-16.756630093312268,-10.931005879541049,-9.394891800355506,20.68874301248711,0.005958000148443,0.0005858461629762,0.5550756509127126,74937.0053374287,1628474.796189274,0.0843090749476147,0.9607186417874756,0.005958000363003338,0.005958000447251478,-2.1456033824640564e-10,-2.9880847796093235e-10
835,-1.073535255612855,-6.168238496113919,-8.117606221925069,-13.206061592466842,-14.839417684500289,-16.520815566277285,-13.279637102158835,-11.697043502481712,-10.054947574640298,20.72242880939812,0.0059580005121249,0.0005768426839423,0.5637394372431381,74937.00991165418,1603447.8529212037,0.0843090749476147,0.9606955508137548,0.005958000399129438,0.005958000390056417,1.1299546281290374e-10,1.220684837932584e-10
836,-1.1263140701691177,-6.725869320321931,-8.552775414192979,-12.894295781704908,-16.047782907857833,-17.06562097715838,-12.627305843730948,-14.312659958058523,-13.28978380357487,21.54647286998127,0.0059580011400813,0.0005590644975004,0.5816663781878314,74937.01780980264,1554029.882176907,0.0843090749476147,0.9641782910134734,0.005958000537676774,0.005958000449487035,6.024045255681454e-10,6.905942649335084e-10
837,-1.0231605747633798,-7.720292914634139,-8.624191258222798,-13.18429508096715,-11.359379633891333,-16.707588133062778,-17.021015408850847,-10.995830021383805,-11.49169994227707,20.850663806732804,0.0059580015686635,0.0005752347151184,0.565315423384527,74937.02320031384,1598978.1868751994,0.0843090749476147,0.9613772754372794,0.0059580019272239436,0.005958002155414869,-3.5856044348914207e-10,-5.867513688459502e-10
838,-1.457561203438597,-7.588007087241754,-6.589993684395693,-10.901363536400556,-14.313097533303257,-15.380953578583638,-16.11751371772951,-12.568898882613595,-10.72808216936295,20.407061844850244,0.0059580003898786,0.0005704638915161,0.5700430208665603,74937.0083740959,1585716.7430279744,0.0843090749476147,0.9639356447588504,0.005958000814371153,0.005958000890722265,-4.2449255308746325e-10,-5.008436651521286e-10
839,-1.1735795079075984,-7.611206720730153,-7.376174994238597,-12.834874204494596,-12.767735072295194,-12.808637901506064,-15.472623670552856,-12.870018931717336,-10.5636336830956,20.680935995890945,0.0059580005931546,0.0005664290695308,0.5741036153507013,74937.01093080791,1574501.160635668,0.0843090749476147,0.9629382363675456,0.005958001081122643,0.005958001113986677,-4.87968043576259e-10,-5.208320771193931e-10
840,-1.4631271349855093,-6.952293871692596,-7.463603280711518,-10.259597199204858,-15.922043655396624,-16.50854451197314,-11.76116566636297,-11.834735195514511,-12.624454764376534,20.16786368980564,0.0059580009377406,0.0005668075168732,0.5737203463049364,74937.01526485334,1575553.1295615367,0.0843090749476147,0.9634564819941108,0.005958001479241316,0.005958001512013616,-5.415007157949514e-10,-5.742730154259523e-10
841,-1.09320285299544,-6.4741446569659615,-9.079506393852476,-12.491876794002836,-14.551396592444014,-12.735894374667083,-14.8950348274903,-13.28879344443984,-13.40878421714122,21.192414599103746,0.0059580019067921,0.0005555077537104,0.5853907205314863,74937.02745314148,1544143.2122887392,0.0843090749476147,0.9641635450987092,0.005958001465665868,0.005958001484514753,4.4112623189679345e-10,4.2227734677047213e-10
842,-1.3726742609102345,-7.556386282055421,-7.974084083202846,-12.525556878872685,-14.136161668028638,-17.264885185475276,-14.76656913187971,-13.743583197903943,-9.47376452087937,21.052106329891487,0.0059580003614955,0.0005736369771323,0.5668898112479239,74937.00801710627,1594536.9594581611,0.0843090749476147,0.9627361809116848,0.005958000476418696,0.005958000498986433,-1.1492319595962641e-10,-1.374909327014895e-10
843,-1.075762460632013,-5.989135555474784,-7.645579943557655,-10.252591922724788,-15.454331430516325,-16.862544976947206,-15.021932804485171,-11.851956314276508,-13.128735155451988,20.41403619519696,0.0059580006096715,0.0005645051290055,0.5760602717331258,74937.01113855027,1569153.189012856,0.0843090749476147,0.9644957244847976,0.005958001284598435,0.005958001375831636,-6.749269355205145e-10,-7.661601362021764e-10
844,-1.347833432061266,-6.063367472652565,-6.066182103464573,-11.269056685064683,-11.246529170306998,-14.09979324432567,-16.652725417758884,-13.31514676396862,-12.4128423001402,20.19432698280984,0.0059580027384192,0.000561176380587,0.5794776179830975,74937.03791296686,1559900.2771651186,0.0843090749476147,0.9665958227232928,0.005958001881668191,0.005958001829381981,8.567510095466857e-10,9.090372196304819e-10
845,-1.458361622479542,-7.868716966352419,-9.013233142777466,-10.224811997057142,-12.587814850565708,-15.894955276616152,-13.51423879705202,-14.096474999513717,-11.019063840069016,20.489725153633884,0.0059580015367047,0.000563969836174,0.5766071747954252,74937.0227983504,1567665.23715849,0.0843090749476147,0.9648877536904312,0.00595800442530846,0.005958004205410152,-2.888603759833297e-09,-2.668705451937259e-09
846,-1.1175744663852782,-5.69139337927686,-8.068250819638266,-11.456656920143828,-14.405307615803698,-11.969710538741907,-11.803216351635108,-14.479523317328436,-11.818355106854154,20.47590195357594,0.0059580016031872,0.0005558711746612,0.5850079553905082,74937.0236345369,1545153.412399833,0.0843090749476147,0.9653789827126674,0.005958001561605702,0.005958001486508346,4.158149779359688e-11,1.166788540785113e-10
847,-1.0392031973648048,-6.547351651887702,-6.969497370922316,-9.99778153472557,-12.288740669363309,-14.851260766809254,-16.706696786382505,-14.572118587664452,-11.18514492676443,20.29953123731187,0.0059580012456522,0.0005671068187029,0.5734175985070709,74937.01913762536,1576385.0979464278,0.0843090749476147,0.9673185221560004,0.005958002068648559,0.0059580022599025895,-8.229963585626443e-10,-1.0142503894042254e-09
848,-1.3156419631853222,-7.137861766440002,-7.207147722276955,-11.62616081485402,-11.4584064855197,-12.146811418380068,-12.445016516981038,-13.972223427819596,-13.04031451464326,20.24064668444912,0.0059580040897755,0.0005542935256827,0.5866733920920196,74937.05490970999,1540768.0263359002,0.0843090749476147,0.9662876739058184,0.0059580030926944215,0.005958003162656279,9.970810782924944e-10,9.271192208046286e-10
849,-1.3180401850676473,-6.7951603024349865,-9.088596351884032,-14.1135863691679,-13.693253417231915,-15.22726328086184,-16.972789765377627,-11.321304559324552,-10.501871120639288,21.261398762619287,0.0059580004832472,0.0005801397655987,0.5605355587435373,74937.00954844379,1612612.7407668368,0.0843090749476147,0.9604053277217004,0.005958000307489098,0.0059580003214300585,1.7575810164899286e-10,1.618171412837155e-10
850,-1.4334210849366504,-6.980214056385236,-7.954004442540394,-12.109654765889214,-11.554179826253897,-11.64688431699367,-14.691930661104209,-12.00227722587653,-12.141010589717409,20.2586432901106,0.0059580017813318,0.0005607709740573,0.5798964086551243,74937.02587515878,1558773.3698683633,0.0843090749476147,0.9634007660129544,0.0059580028545424225,0.005958002930561843,-1.0732106228011906e-09,-1.149230043594185e-09
851,-1.4361036664939324,-8.227698088911845,-7.618700798301781,-14.70154030261805,-16.07620534523434,-15.27585149103938,-13.488813549502549,-14.593329707783512,-9.874227492227472,21.7658951978468,0.0059580003335349,0.0005751427903144,0.5654056016671601,74937.00766542995,1598722.663777316,0.0843090749476147,0.9618971986934568,0.005958000558514168,0.005958000670095931,-2.2497926785436384e-10,-3.3656103078094635e-10
852,-1.0579355545429572,-7.908751255529735,-7.529959093225941,-11.133905552576572,-15.247391343430811,-16.479200062381473,-14.90207474646436,-11.591637044064278,-13.793946072774473,20.718944533501144,0.0059580015310141,0.0005637973276824,0.5767836019674479,74937.02272677662,1567185.7158292362,0.0843090749476147,0.9637829233140564,0.005958001184070933,0.005958001256681132,3.469431669039791e-10,2.743329678006612e-10
853,-1.2823075970900537,-7.048777312828289,-6.371735764984375,-11.02650946517396,-15.77989975216258,-12.66225054005649,-13.502444667489955,-14.01715550897294,-9.587010343063696,20.323043413617057,0.0059580012180737,0.0005691036273801,0.5714056494715115,74937.01879075555,1581935.6209492136,0.0843090749476147,0.964365860178138,0.005958000517584712,0.005958000493314602,7.004889879952403e-10,7.247590982223384e-10
854,-1.1082210597308824,-5.931346613164097,-7.946830924131921,-11.574412391343357,-11.401999402665364,-13.133465371082876,-17.282696740056764,-13.807262844877489,-10.79121912930284,20.524177998114165,0.0059580046245971,0.0005667312510963,0.5737980852192597,74937.06163645086,1575341.133813451,0.0843090749476147,0.9652373092802908,0.005958002883432187,0.005958002824786626,1.7411649127704876e-09,1.7998104742678045e-09
855,-1.145252332361956,-5.943560468717754,-8.277927053828995,-11.068980499190053,-16.485532427422037,-12.30106475145394,-11.822654760833842,-12.548513448508931,-11.64316884352914,20.33896576022236,0.0059580018458108,0.0005644422678108,0.5761246061071889,74937.02668614562,1568978.4539414598,0.0843090749476147,0.9629924467573708,0.005958001388658038,0.005958001574333147,4.5715276182634046e-10,2.714776528578433e-10
856,-1.1418296983367888,-6.5536369733909,-6.98698666189407,-13.153025121213936,-14.462966474111052,-12.540172529261431,-15.908320349668102,-15.627618721141548,-12.58707728467901,21.458186235063348,0.0059580003184068,0.0005570581667082,0.5837612184834212,74937.00747515624,1548452.890580034,0.0843090749476147,0.9666327499374056,0.005958000047487666,0.005958000122006532,2.709191334812622e-10,1.9640026757694606e-10
857,-1.4480611465370292,-6.70166820771107,-6.840466324165979,-13.383603647913848,-13.277496008724796,-16.27551511889245,-16.190899940145716,-12.051017461958589,-13.23517978182672,21.01920541854527,0.0059580001958758,0.0005616970341889,0.5789401124427025,74937.00593401743,1561347.5363977065,0.0843090749476147,0.9635035728650284,0.005958000300929408,0.0059580003127178965,-1.0505360817369969e-10,-1.1684209676177115e-10
858,-1.2954939997085515,-5.760389522074227,-8.560920652401238,-12.116683599462185,-11.368992495904314,-15.235412732832703,-14.423812594083843,-14.30139775773758,-9.712586014219584,20.578877685502867,0.0059580034675809,0.000566111670026,0.5744259113625251,74937.04708403023,1573618.8861980848,0.0843090749476147,0.9642693660845514,0.005958002621425854,0.005958002526805397,8.461550462038336e-10,9.40775503506519e-10
859,-1.4223859681343751,-7.728892516478933,-8.318074628555854,-13.388371146417889,-13.23217663681247,-17.216498594056,-15.004569685852124,-15.074801374796314,-13.037906351251738,21.74077973768536,0.0059580004105405,0.0005570547099273,0.5837648545313147,74937.0086339713,1548443.28177687,0.0843090749476147,0.965227585413111,0.005958000538416765,0.0059580004836732245,-1.2787626513244277e-10,-7.313272470249599e-11
860,-1.061351787835075,-6.563418138964144,-8.555153243028473,-14.458943625065066,-14.48476592696553,-12.0794442050776,-14.928288075741731,-12.42936252937338,-13.223713163742886,21.39989144074348,0.0059580007296094,0.0005615375740371,0.5791045922200775,74937.01264707452,1560904.2854990193,0.0843090749476147,0.962251004024458,0.00595800001018725,0.005958000080706113,7.194221503248333e-10,6.489032870066191e-10
861,-1.319914891193815,-5.8428922320177294,-7.77073742243501,-12.819079802832135,-16.09452953894649,-16.29261423969739,-11.718066868084978,-14.743461786319529,-13.678762009681812,21.338656577031298,0.0059580004814554,0.0005570588636882,0.5837605120570456,74937.0095259075,1548454.8279733383,0.0843090749476147,0.9653436350839016,0.005958000485226754,0.00595800037880174,-3.771354756265666e-12,1.026536598780492e-10
862,-1.3527077143241526,-5.676168446359579,-7.942729101219384,-12.364579960974105,-15.05756626683449,-13.451286766758024,-15.279574644589305,-12.492797958943662,-11.68866436908618,20.807402577713155,0.0059580001704464,0.0005630739837148,0.5775243599512742,74937.00561417763,1565175.0388042396,0.0843090749476147,0.9631168467457968,0.005958000865033912,0.005958000790269603,-6.945875125063949e-10,-6.198232031795481e-10
863,-1.4502555752390962,-7.620392217364166,-6.622420787003632,-13.537926907302168,-14.456490132118606,-12.32666270670748,-16.742607157318183,-10.62601020064938,-10.583973381220416,20.65528443763862,0.0059580005418552,0.0005790510652132,0.5615894555651118,74937.01028558776,1609586.48361867,0.0843090749476147,0.9607874890842832,0.005958000534749945,0.005958000509748512,7.10525561997688e-12,3.21066879679921e-11
864,-1.328984857492841,-5.895194980527495,-6.347024189071033,-11.260858970939053,-12.571350246330772,-14.48493480582901,-14.740241846509846,-14.841245896068816,-13.294983493816764,20.53706678057604,0.0059580011453055,0.0005552345722805,0.5856786268306681,74937.01787551073,1543383.8506996653,0.0843090749476147,0.9682912900292472,0.005958001215992665,0.00595800114963418,-7.06871644551299e-11,-4.3286797757335904e-12
865,-1.0339873187417106,-6.431739853806532,-6.74347355878635,-11.294585497664697,-13.317616148319988,-17.07208155609679,-15.917000331373591,-14.52586869170532,-13.660571538212148,20.911587323862527,0.0059580008683012,0.0005582961145992,0.5824668857264221,74937.01439147728,1551894.0105649233,0.0843090749476147,0.96767394954548,0.005958000482136242,0.005958000544178899,3.8616495764975944e-10,3.2412230104722495e-10
866,-1.172427423061977,-5.898980234420308,-8.198295467136585,-10.950845280941522,-15.46570244280112,-11.836610222785769,-16.663483656173668,-11.4290268810118,-10.47054858874612,20.333615142697543,0.0059580026670569,0.0005731359678113,0.5673856898046081,74937.03701540481,1593144.3053733932,0.0843090749476147,0.962439486179922,0.005958001438265384,0.005958001441139731,1.2287915155881346e-09,1.2259171689940618e-09
867,-1.300020170693878,-7.149457052608216,-6.54039272272657,-10.462613713428192,-15.047894188486524,-16.23102358511471,-13.315024970081703,-14.675243012322824,-12.39781457852242,20.586191976559988,0.0059580007258691,0.0005611811118886,0.5794724388145915,74937.01260003095,1559913.4287498156,0.0843090749476147,0.9668761965161884,0.005958000449735101,0.005958000417163682,2.76133998479422e-10,3.0870541799926654e-10
868,-1.1636989161608604,-6.073968610834048,-7.870596114063892,-11.433089152516654,-13.07387831759408,-12.57712127942372,-12.343517260537478,-15.045710969792644,-9.297954210172588,20.30367566350709,0.0059580023075911,0.0005634649144977,0.5771239852774037,74937.03249420853,1566261.7079114306,0.0843090749476147,0.9649745001717406,0.005958001622666888,0.005958001632511949,6.849242119646992e-10,6.750791505666376e-10
869,-1.445176546088064,-8.234707452087376,-7.106331971782888,-11.365256414030195,-12.876528800816793,-15.015455456988738,-12.564964708284208,-11.310963039710456,-13.507090896892624,20.131698833880524,0.0059580017836281,0.0005601320344521,0.580557893711528,74937.0259040408,1556997.3113924153,0.0843090749476147,0.9635346782918236,0.005958002474060726,0.0059580024885933355,-6.904326260021021e-10,-7.049652354929048e-10
870,-1.1509301976549882,-6.568970671522079,-9.087287645223654,-13.05145004068271,-16.410744704384424,-14.296223895521845,-17.32146744883222,-14.730683487351111,-13.188627175418876,22.07275906525423,0.0059580007717478,0.000559522689901,0.581189998454638,74937.01317707279,1555303.5181982394,0.0843090749476147,0.9648948364297086,0.005957999692688684,0.005957999577841432,1.0790591163656327e-09,1.1939063678662043e-09
871,-1.441305920534428,-7.956514266793265,-6.784236619257412,-11.447692147485064,-13.347838894686635,-14.927825508652944,-16.73568430616946,-14.331817528463814,-10.926705131157783,20.833793300775906,0.0059580013725631,0.0005672098724494,0.5733134352255561,74937.02073385338,1576671.5561320663,0.0843090749476147,0.9654988808852496,0.0059580008575204615,0.005958000652227769,5.150426387462437e-10,7.203353313139926e-10
872,-1.2359844926388424,-5.90899346059251,-6.605619542063835,-12.693502565132157,-12.118320431551378,-11.667239433955482,-14.834498752411402,-12.377658972077649,-11.233858627131422,20.19116294512473,0.0059580008460928,0.0005611745032368,0.5794792804909554,74937.0141121494,1559895.0587004854,0.0843090749476147,0.963619246227037,0.005958001064309963,0.005958001100428258,-2.1821716308934036e-10,-2.54335458076127e-10
873,-1.0029948891002354,-6.282344240468378,-7.849161251001566,-10.487224210283175,-13.4397804959899,-16.922347162442026,-15.589697823521298,-12.07217105391024,-13.4922528033197,20.41949198526264,0.0059580018456404,0.0005607130605611,0.5799563129016756,74937.02668400273,1558612.3878992351,0.0843090749476147,0.9651176266111532,0.005958002239987927,0.005958002362390442,-3.943475268552987e-10,-5.167500420621973e-10
874,-1.2477715881890994,-7.190031174503874,-7.139967647869006,-9.91856379751778,-15.328532510439834,-15.987847774516842,-16.90550987595391,-10.630610334757993,-9.94856743198764,20.01873645008565,0.0059580003831538,0.0005839788454812,0.5568505811140811,74937.0082895144,1623284.2194318708,0.0843090749476147,0.962192405884804,0.005958000988009553,0.00595800091806295,-6.048557531571075e-10,-5.349091499601277e-10
875,-1.024102254084006,-5.6361988723781415,-7.668820570316624,-13.853474716137429,-14.790433198135842,-11.5919152287675,-16.831913980296672,-13.40878044447582,-10.289146476334045,21.1879803268091,0.0059580003107563,0.0005706325387438,0.5698745365155765,74937.0073789321,1586185.5312137038,0.0843090749476147,0.9628500651628308,0.005958000295754193,0.005958000246083305,1.50021071954054e-11,6.46729943903912e-11
876,-1.0826764306875614,-6.739499617752853,-7.722166273584071,-10.593757176159468,-12.250328158609046,-15.73395002528418,-13.15999375840125,-12.031349648250533,-13.55552950427304,20.056271050568352,0.0059580038760753,0.0005567403417111,0.5840949919880996,74937.05222188655,1547569.4334031446,0.0843090749476147,0.96503485243232,0.005958003577573172,0.0059580036818985375,2.985021275297983e-10,1.9417676234284587e-10
877,-1.449200711097481,-6.747461439444794,-6.645079820374081,-11.187171783720473,-12.297048692544188,-12.472254790344518,-13.426825500778204,-13.83072444504876,-12.45473721936128,20.1614505824704,0.0059580006403016,0.0005551332386418,0.5857854617261328,74937.0115238022,1543102.1738926277,0.0843090749476147,0.9663285004993516,0.00595800197801536,0.005958001972067746,-1.3377137600759093e-09,-1.3317661461467734e-09
878,-1.4698868235492215,-7.788812528852833,-6.588014317190624,-14.643602675851849,-13.76177443101266,-14.490339847682826,-14.070589569004802,-11.807027687700389,-12.1040343485378,21.021733001418035,0.0059580004161757,0.0005678203025143,0.5726969619228347,74937.00870484847,1578368.366725671,0.0843090749476147,0.9614696358765028,0.005958000088544352,0.005958000052699775,3.2763134826668816e-10,3.634759255730091e-10
879,-1.447450510717295,-6.27113578740531,-7.229735436367594,-10.478203350063485,-12.162981242081976,-11.790705459997522,-13.473404315349432,-15.79343613850419,-9.682964944619073,20.112171324244287,0.0059580020195898,0.0005645504375791,0.5760142438903483,74937.02887185928,1569279.1331172113,0.0843090749476147,0.9671834954787064,0.005958002056472314,0.005958002094076961,-3.688251440370216e-11,-7.448716123070742e-11
880,-1.0381546828857375,-7.385984835761375,-6.636856034608882,-13.52547418744387,-13.04220930529915,-16.547807209541645,-11.856604590686027,-15.018774583559017,-11.162884784540235,20.988674927025084,0.0059580004299709,0.0005608275581406,0.5798377033675773,74937.0088783579,1558930.6564725128,0.0843090749476147,0.9645477989162444,0.005958000551024832,0.005958000437870121,-1.2105393250305685e-10,-7.899221207696705e-12
881,-1.1162622983201145,-6.545379620561619,-8.372585520804146,-12.489742520612516,-16.445981378463443,-17.092019999552694,-13.020479410704306,-11.986762594756184,-12.629310928553414,21.040045066852585,0.0059580006571989,0.0005686605519592,0.5718507830028622,74937.01173632855,1580704.005550278,0.0843090749476147,0.9619959007098752,0.005958000947800459,0.00595800079985377,-2.906015593093225e-10,-1.4265486968784158e-10
882,-1.1986824418269044,-7.171148698896564,-6.965348865808862,-11.969792908794338,-14.46740775647396,-16.876510063001362,-17.45023531222066,-11.864726865928423,-11.675326346951858,20.83815571434173,0.00595800022544,0.0005718899566885,0.5686215376738819,74937.00630586265,1589680.7720475688,0.0843090749476147,0.9631464666430912,0.005958000311066846,0.005958000242789818,-8.56268458915288e-11,-1.734981863038554e-11
883,-1.3877388455637223,-6.712978254223506,-8.338254219881136,-14.568955884707174,-12.715197828581276,-16.642104509355736,-13.628209671019182,-11.138822394425784,-12.45434524420828,21.016457214834585,0.0059580005363495,0.0005703349941259,0.5701718732955283,74937.01021634051,1585358.4473447225,0.0843090749476147,0.9607344240121898,0.0059579999432885795,0.0059579998255867555,5.930609206852844e-10,7.107627446670262e-10
884,-1.0957858142950858,-8.250092027727638,-6.509558958495033,-10.363268565349705,-13.90546768106643,-13.85722266314476,-14.889266703474767,-12.7745314739117,-12.847059088037902,20.261321730836592,0.0059580008844741,0.0005601479464307,0.5805412705338922,74937.01459489268,1557041.5418708986,0.0843090749476147,0.9656127347354916,0.0059580018181244815,0.005958001910832413,-9.336503818332953e-10,-1.0263583134426102e-09
885,-1.300444558227516,-7.6408713537714785,-6.88583088574422,-12.725294453200508,-15.409671650944084,-17.285839777368263,-16.354943268535628,-10.963154802436016,-11.751069768020583,20.92874702543388,0.0059580007360672,0.0005767465417486,0.5638334429743938,74937.01272829848,1603180.6067579729,0.0843090749476147,0.9615979084216992,0.005958000381869898,0.005958000226680036,3.541973016968347e-10,5.093871643935266e-10
886,-1.0602142762655484,-7.351273340453233,-6.662590260324023,-10.808935594912922,-15.072047410037474,-12.001120902202516,-15.741005469392372,-11.152745865480735,-9.830232450146354,19.95824788723645,0.0059580008870254,0.0005753847581335,0.5651679091597128,74937.01462698104,1599395.2609877149,0.0843090749476147,0.9622648044309692,0.005958001128404379,0.005958001102035985,-2.413789793043186e-10,-2.1501058485723368e-10
887,-0.9893578625980948,-6.214311945057229,-8.407491746267137,-14.414817131448482,-15.72404983096399,-12.269333212072858,-13.87257358337582,-11.415085924883444,-13.397331959229325,21.22402165435797,0.0059580004294594,0.0005672099080416,0.5733132631240484,74937.0088719245,1576671.6550674732,0.0843090749476147,0.9612459799347112,0.00595800001737931,0.0059579999244780985,4.1208008966925336e-10,5.049813015661764e-10
888,-1.2231053176432862,-6.163945034225371,-6.355378215066192,-13.147674036716191,-14.575516630409483,-15.917155119641707,-16.507059829256676,-12.427961505751872,-11.074371491974446,20.903560073535868,0.0059580000296869,0.0005698279696669,0.5706791309598108,74937.00384376942,1583949.0729992995,0.0843090749476147,0.9630156567498664,0.005958000485100652,0.0059580005926432,-4.554137518486545e-10,-5.629562996323223e-10
889,-1.1899251083535616,-7.1761223653929,-6.668968143501621,-9.893187594418976,-11.854953287891613,-15.838584700417217,-14.534021229796709,-12.69299347108144,-11.475986439067402,19.8030649760693,0.0059580027052876,0.0005634530863631,0.5771361581802906,74937.03749625296,1566228.829281788,0.0843090749476147,0.9654424381940288,0.005958002694822585,0.005958002656910359,1.0465014271821005e-11,4.8377240581543024e-11
890,-1.1020548417611309,-8.086981613505857,-6.400591381980879,-13.8314458678591,-16.459522228916004,-15.682716470856,-15.430933539399891,-12.85109782274379,-11.531252177608442,21.424558805094065,0.005958000692002,0.0005722859681022,0.5682281287246155,74937.01217406633,1590781.563768861,0.0843090749476147,0.9623207476537078,0.005958000866926932,0.005958000784184109,-1.749249321780777e-10,-9.218210916817071e-11
891,-1.068369618236796,-6.727053278454978,-8.743798143070263,-12.80537271182762,-14.439058296917135,-14.907316324327551,-17.145391592197875,-11.720834060111711,-13.76396135093311,21.288515171743043,0.0059580001192648,0.000561954050278,0.5786753164231342,74937.0049704393,1562061.9632383606,0.0843090749476147,0.963074635832435,0.005958000952691963,0.005958001081248265,-8.334271632201573e-10,-9.619834651086734e-10
892,-1.0820618934117363,-7.2671942307463855,-7.427283659622412,-11.754600097991938,-16.690119947437346,-15.522898014147524,-16.368928407647786,-14.151421721922638,-9.256877916785902,21.154183719042525,0.0059580003622718,0.0005791489505212,0.5614945127022748,74937.0080268706,1609858.5751113896,0.0843090749476147,0.9636070697468716,0.005958000204536211,0.005958000201880423,1.5773558934700782e-10,1.6039137726298058e-10
893,-1.3571726805621966,-8.288154881969694,-7.794652179135396,-10.565091139631049,-14.295650191038348,-16.54906286042386,-16.105071184488697,-12.785166493896398,-11.3537877213967,20.678010689411227,0.0059580009097795,0.0005698186174438,0.5706886237560762,74937.01491317163,1583923.07665308,0.0843090749476147,0.9639938694906124,0.005958001560590196,0.005958001540014423,-6.508106961330973e-10,-6.302349232767401e-10
894,-1.0067530537673233,-8.028162400276104,-8.853193059538322,-14.217740732563833,-13.60379681179069,-16.998518367431014,-17.214482895053663,-12.08573824216563,-9.515581422897869,21.47935148681193,0.005958000034177,0.0005860148851401,0.5549158206381908,74937.0039002431,1628943.7926748618,0.0843090749476147,0.9604861252970136,0.005957999986667124,0.005958000116234011,4.7509876241469406e-11,-8.205701049202041e-11
895,-1.2282079472761689,-7.937405329941845,-7.291277214274026,-14.722909694229651,-14.74125231592697,-13.235481364911806,-15.996910276748824,-15.411536066697014,-9.671352636036175,21.80848009202227,0.0059580001228011,0.0005723223693801,0.5681919064278472,74937.00501491723,1590882.748290359,0.0843090749476147,0.9634705362477292,0.005957999988169291,0.005958000059673461,1.346318091732801e-10,6.312763853322245e-11
896,-1.31895080855239,-8.01072852959199,-7.547109815120374,-11.324232779903172,-16.04182288363066,-11.700587853893513,-11.746327542367265,-12.918956448062865,-13.51193865605899,20.56949162859357,0.0059580022414059,0.0005598545350983,0.5808457219037518,74937.03166176043,1556225.9472833418,0.0843090749476147,0.964252585659568,0.005958001631398979,0.005958001598230821,6.100069208439529e-10,6.431750791680013e-10
897,-1.3153470833754586,-7.573820294893032,-7.370985285589905,-14.625889970519676,-15.345502203940462,-11.68999343955714,-15.858445271534997,-11.70188873177034,-12.896622301896974,21.37148771349811,0.0059580005117128,0.0005682109735449,0.5723032203354984,74937.00990647064,1579454.3138003375,0.0843090749476147,0.9615727944765956,0.005958000123868347,0.005958000053407295,3.878444536017933e-10,4.58305505525447e-10
898,-1.30071248502639,-8.118634663345198,-6.434644849721472,-14.054321795096737,-12.74183616675434,-16.181047734460083,-13.536040120869108,-12.529995701756995,-10.49631510740204,20.78641570506931,0.0059580002726675,0.0005706904765907,0.5698166760407131,74937.00689986844,1586346.5808703157,0.0843090749476147,0.961755971504417,0.0059580000814510375,0.005958000159721257,1.912164628026236e-10,1.1294624350371985e-10
899,-1.2713469194493043,-6.159496953649567,-8.012250895783453,-12.969522093963397,-15.651663535065437,-14.75105993187526,-15.138305268683624,-15.172349393515972,-13.497180022016268,21.69882885353361,0.0059580003894653,0.0005543279001227,0.5866364653651848,74937.00836889712,1540863.576862009,0.0843090749476147,0.966010538948548,0.0059579999857851075,0.005957999892313991,4.0368019257192023e-10,4.971513088355972e-10
900,-1.4337040140476711,-5.722738777860056,-8.187901179079308,-14.610160170070284,-12.712886803702975,-17.17260383794971,-16.15909855505114,-14.378633596252008,-13.521542575718048,21.832439460241183,0.005958000438245,0.0005573060282537,0.5835016086114646,74937.00898242621,1549141.8705637404,0.0843090749476147,0.9647591385788225,0.005958000287862674,0.005958000265460045,1.5038232551584096e-10,1.7278495474670752e-10
901,-1.335582966266122,-8.01853847672944,-6.3258870505582685,-11.185952527098555,-14.828533318776136,-14.964495507365738,-14.230838042446493,-15.005337323269536,-11.742881973679353,20.81749903477312,0.0059580003750811,0.0005618849147681,0.5787465551336947,74937.0081879792,1561869.7874719803,0.0843090749476147,0.966434446091998,0.005958000578017156,0.005958000634167313,-2.0293605598048492e-10,-2.590862134208005e-10
902,-1.1873441399505,-6.421176507747934,-8.903862422402252,-12.446197990573404,-16.309040981717445,-12.542966643080447,-12.882706353443291,-14.6350574572008,-10.746366733444,21.18400425813203,0.0059580015178712,0.0005646795530773,0.5758824639427212,74937.02256147128,1569638.0350745262,0.0843090749476147,0.963492758442695,0.005958000519145852,0.0059580002930723535,9.987253480822633e-10,1.2247988465455273e-09
903,-1.3425196963038144,-8.165669213887432,-7.436550429339956,-10.834849499653822,-14.770016872596656,-15.678814633742212,-14.434037408173884,-14.959180296116587,-13.138564561941278,21.041325098271685,0.0059580013874084,0.0005589719705129,0.5817626980201703,74937.02092056962,1553772.6851912255,0.0843090749476147,0.96695681562064,0.005958000865874659,0.005958000906021978,5.215337406730414e-10,4.813864220437614e-10
904,-1.4205758345344954,-7.553540646414607,-6.5134032216728,-10.071794862839544,-11.22700508532151,-12.466882819652104,-16.30575953927303,-13.052842198198617,-12.818864627703386,19.95251121572002,0.005958005372937,0.0005624938349974,0.5781207681704557,74937.07104872874,1563562.40117995,0.0843090749476147,0.9669276875173404,0.0059580034720813435,0.005958003440012011,1.900855656038203e-09,1.9329249884708632e-09
905,-1.130998239508847,-6.179663602001911,-7.734283004945452,-13.069568954658305,-12.281927877865575,-14.32936935390704,-13.099498333937966,-10.616332359156896,-12.352391096483576,20.21973745073044,0.0059580011338167,0.0005642841371292,0.576285951570329,74937.01773100923,1568538.8985671345,0.0843090749476147,0.9615783188024832,0.005958001121877003,0.005958001068181547,1.1939696627216723e-11,6.563515269480957e-11
906,-1.1280535570691874,-5.863520462184521,-8.163972939203285,-12.097631104729476,-14.849146512665442,-14.361892058011067,-12.484913955509136,-14.756475721169982,-9.452736995266584,20.75157204898336,0.0059580006599505,0.0005661983909193,0.5743375243402172,74937.01177093653,1573859.9440011869,0.0843090749476147,0.9638598282160074,0.005958000741848251,0.005958000711946209,-8.189775073386141e-11,-5.1995708953700426e-11
907,-1.3452814828292632,-7.2459752454701505,-8.780476971274357,-12.194920408440932,-14.428572419068908,-14.121536397252791,-12.921937656034371,-13.008739907117612,-10.520734779055662,20.74131578118033,0.0059580012438233,0.0005663302826933,0.574203852178499,74937.01911462298,1574226.5631641513,0.0843090749476147,0.962219907402015,0.005958001500278971,0.005958001510627071,-2.5645567093557364e-10,-2.66803770916646e-10
908,-1.467198696914554,-7.104355657600571,-7.235370787039631,-9.936039670264346,-13.479913413471232,-16.132564980604034,-17.406749577286817,-10.654946748594558,-9.445387020108129,19.84944580829208,0.005958001197099,0.0005840703882642,0.5567634186505419,74937.01852694497,1623538.6806270124,0.0843090749476147,0.962290658725376,0.0059580014313241085,0.00595800130557611,-2.342251080589275e-10,-1.0847710923966858e-10
909,-1.4635997005171062,-6.443820266595654,-8.563998473736287,-10.351506633307777,-16.37009190854058,-16.815672118808912,-13.377265183001128,-14.930234653507329,-10.69098572879013,20.904928080528887,0.0059580000506834,0.0005683615685765,0.5721515145008269,74937.00410785315,1579872.9223512206,0.0843090749476147,0.9651529685853992,0.005958000745375593,0.005958000630739596,-6.946921926598293e-10,-5.800561957841621e-10
910,-1.2914398092083923,-8.21137033711976,-6.26113145233095,-11.484015763414437,-15.453684946943364,-15.982780555282853,-12.09968898745111,-15.350607257364866,-13.150943852048776,20.969520037089293,0.0059580016392536,0.0005594688052489,0.5812461021078363,74937.02408816396,1555153.7351949385,0.0843090749476147,0.966998213288559,0.005958000610571885,0.005958000552556544,1.028681714462798e-09,1.086697056125463e-09
911,-1.3723524414349553,-7.549694976295186,-7.813636779409954,-12.322643743606696,-13.507592134347563,-13.333070339415231,-17.095413748365388,-15.323121826452532,-9.693230279107356,21.22102248210444,0.005958000440463,0.0005713503206849,0.5691586271740253,74937.00901032308,1588180.747490788,0.0843090749476147,0.9650609993711872,0.005958000530193888,0.0059580005594688295,-8.973088765074078e-11,-1.1900582949642136e-10
912,-1.4115978650267862,-7.307378635490444,-7.123655049051281,-10.841470091893804,-12.912881585965208,-13.274637723608423,-13.032684732644531,-11.746410090514656,-11.079870607482048,19.80671167648971,0.005958001833133,0.0005625326244018,0.5780803887074465,74937.02652669016,1563670.2239694938,0.0843090749476147,0.963153731580651,0.005958002193529016,0.005958002222699656,-3.603960159817565e-10,-3.895666558437205e-10
913,-1.1684108003407976,-7.784041545161061,-7.88233381012941,-14.306174117008414,-11.337869818697715,-13.83040462360361,-17.20800739483185,-13.878646110663574,-12.495559449971672,21.483027467642483,0.0059580009247544,0.0005636498878317,0.576934389282947,74937.01510152002,1566775.8777250613,0.0843090749476147,0.9640892572991951,0.00595800088327434,0.005958000904065666,4.148006070570087e-11,2.0688734579665802e-11
914,-1.1211631993417304,-5.93204769292422,-6.723174942460286,-12.079067133544966,-12.52309272490963,-12.271887815484323,-14.920941289539556,-15.716627432548568,-13.15171637447042,20.835035596648613,0.0059580006106648,0.000555285571309,0.5856247575897896,74937.01115104399,1543525.612543989,0.0843090749476147,0.9685033013526232,0.005958001238873121,0.005958001113298884,-6.282083213002276e-10,-5.026340845273869e-10
915,-1.1593237317902538,-7.593345009070773,-7.478351234384238,-14.3350292211276,-13.31055563952366,-11.693543486720085,-12.057438019614075,-15.102404744889924,-12.385255592815348,21.26253035276949,0.005958000065268,0.0005581249642237,0.5826453828157189,74937.00429129167,1551418.2643872127,0.0843090749476147,0.9644546365997336,0.005958000373363163,0.005958000506770116,-3.080951630970996e-10,-4.415021161163768e-10
916,-1.308747115400392,-6.2575619967206375,-7.045640394756983,-14.57959100213334,-16.269019576814657,-14.846100915530595,-17.078889447638954,-13.170945739588843,-12.87853845775215,21.82401393116018,0.0059580001554504,0.0005656076095829,0.5749373511120661,74937.00542556446,1572217.7509184307,0.0843090749476147,0.9631962784800514,0.005958000736402717,0.005958000819184407,-5.809523175026587e-10,-6.63734006992045e-10
917,-1.017196191510719,-6.3722078104496,-6.475070501625682,-11.917930586244822,-12.229258859108343,-15.435641153503024,-15.391798820364912,-12.851885350731637,-9.364980213929815,20.18048975674096,0.0059580005174955,0.0005702441901221,0.5702626630769012,74937.0099792033,1585106.0397317945,0.0843090749476147,0.9635695805884846,0.005958000942194834,0.005958001033570198,-4.2469933386052316e-10,-5.160746977331265e-10
918,-1.0843270072117366,-5.682902814706347,-8.840099949135093,-13.811664115036482,-13.870995606549329,-15.206484922045238,-15.1444425313284,-14.209448121043009,-10.497392032469437,21.41080028282026,0.0059580002802108,0.0005657045687339,0.5748388275604209,74937.00699474402,1572487.2679755017,0.0843090749476147,0.963087976969696,0.0059580005997422955,0.005958000600352776,-3.195314958806539e-10,-3.201419762968727e-10
919,-1.2611995673394123,-7.463391876171594,-7.949397531354482,-12.011522417669733,-13.867328302636292,-16.271262418278322,-13.538204215208513,-11.748922164723314,-13.548121289929302,20.690809309608603,0.0059580018682297,0.000560319738025,0.580363422845699,74937.02696812061,1557519.070442861,0.0843090749476147,0.96321718893818,0.0059580015528331795,0.005958001494588429,3.153965205324183e-10,3.736412707011638e-10
920,-1.4460266134960629,-6.433274842522712,-8.143536824272744,-14.556369263524788,-14.58785166307219,-16.474220975658536,-15.658183808339604,-12.54772384078427,-11.553639312305863,21.54256897296662,0.0059580001682506,0.0005702653576617,0.5702414454978669,74937.00558656061,1585164.8790772003,0.0843090749476147,0.9616268859503097,0.005958000081280706,0.005958000075153195,8.696989396012045e-11,9.30974047852473e-11
921,-1.366892235021717,-6.333768931356532,-6.104012309492479,-10.182585327868711,-14.751602712869708,-15.392624578980511,-12.927797611266056,-14.569935438991074,-10.185203523505212,20.10912610314434,0.0059580001562211,0.0005660998414139,0.574437435052588,74937.00543525792,1573586.006241136,0.0843090749476147,0.966096380640283,0.005958000414502111,0.005958000375150358,-2.5828101116176505e-10,-2.1892925753524972e-10
922,-1.3114874490309167,-8.115509549935865,-8.880650881331773,-10.777744035334146,-13.55527999061612,-17.310198751567963,-14.435410317297514,-12.557618424216669,-10.854338747986407,20.60559999207943,0.0059580047153312,0.0005699205796005,0.5705870708675893,74937.06277766298,1584206.5005497737,0.0843090749476147,0.9628720929510056,0.0059580030410632066,0.0059580028672851434,1.674267993342915e-09,1.8480460564629375e-09
923,-1.439346592403379,-6.585736227728932,-8.511892465191401,-11.358030989809032,-13.081907057501354,-14.942640979837346,-13.01630184829394,-14.018715303349133,-11.140491029677388,20.567513574607627,0.0059580034041725,0.0005597283942899,0.5809767918043559,74937.04628650846,1555875.3140622275,0.0843090749476147,0.9644968150496268,0.005958002331731916,0.005958002393984169,1.072440584254375e-09,1.010188331422579e-09
924,-1.0653441666298558,-6.911968808604281,-8.253059029666131,-14.266459922089716,-12.753193458208475,-16.30835985325991,-17.36276301681647,-15.048540465928308,-9.603758679402308,21.72244937850781,0.0059580001207792,0.0005746772807986,0.5658635704754988,74937.00498948667,1597428.6883931458,0.0843090749476147,0.9636616804447424,0.005957999971534382,0.0059580000252138915,1.492448178930239e-10,9.556530827098397e-11
925,-1.1187880111276107,-7.153827250488993,-7.906403636999988,-10.807308635907882,-16.184441879651036,-15.087372632537106,-13.130932781029829,-15.227357920278845,-10.00929394782016,20.84812938983527,0.0059580003473221,0.0005684987596382,0.5720134846696509,74937.00783883959,1580254.271927875,0.0843090749476147,0.9650615371611448,0.0059580006104528495,0.005958000576379509,-2.631307498279778e-10,-2.2905740932471774e-10
926,-1.0866346901561037,-6.289308919939728,-7.809777118899769,-13.935249353549915,-11.183994118073624,-14.262704220995223,-17.43662978335476,-12.989011940063268,-11.390944552379688,21.053276591692683,0.0059580013596176,0.0005678523801037,0.572664746687509,74937.02057103004,1578457.5327031084,0.0843090749476147,0.9633337466678296,0.005958001107214062,0.005958001210658489,2.524035373069333e-10,1.48959110671254e-10
927,-1.3993003253821443,-6.45378080139335,-8.16643131343318,-10.003770526081324,-13.598191948723391,-13.330799877388673,-15.87226535812739,-15.564295622488894,-12.083445229658317,20.721284939115424,0.0059580003305541,0.000562162601257,0.5784606703311408,74937.00762793975,1562641.6717598904,0.0843090749476147,0.9681166114897952,0.005958001741175479,0.005958001761963586,-1.4106213783865451e-09,-1.4314094857331705e-09
928,-1.4003192792273809,-6.434469783290238,-8.18565815780853,-12.252748677254653,-16.036968753357215,-17.2562569329044,-17.119983982832526,-15.522946349191242,-12.663530077483772,21.8992953993586,0.0059580006936916,0.0005631648873189,0.5774312145711223,74937.01219531712,1565427.7232758885,0.0843090749476147,0.9662486675798856,0.005957999586190578,0.0059579996381442756,1.107501021446744e-09,1.0555473240261848e-09
929,-0.9896106674940338,-6.745844259255182,-8.269060595316356,-13.527686409238354,-16.51799297767734,-14.129543856249722,-17.008723398138656,-15.510424201516932,-12.20189513009485,22.10767318617191,0.0059580005479358,0.0005620216875909,0.5786057373501724,74937.01036206765,1562249.974471168,0.0843090749476147,0.9651097718740232,0.005957999541143136,0.005957999301961926,1.0067926639947822e-09,1.2459738735551285e-09
930,-1.070321648122776,-6.3642855560130975,-8.99499330400815,-13.240567532153475,-13.577508135763935,-12.979335732015644,-14.101067262843078,-14.581602620276325,-9.90176921332295,21.12956751579224,0.0059580003166375,0.0005657611232168,0.574781370925381,74937.0074529032,1572644.4722995132,0.0843090749476147,0.9632732506232956,0.005958000954783125,0.005958001154248393,-6.381456248844009e-10,-8.376108929716852e-10
931,-1.2424037956054168,-8.11942096151155,-6.751060237842796,-14.161511015563969,-14.68616826475902,-12.04140593477699,-15.704768736292266,-13.344768107966956,-12.67164102276307,21.398519626751465,0.0059580000847617,0.0005615153764113,0.5791273911561108,74937.00453647453,1560842.5828261229,0.0843090749476147,0.9634285525055202,0.0059580003620011285,0.00595800026536613,-2.7723942846308303e-10,-1.8060442984885183e-10
932,-1.0342880499497638,-7.872610388835431,-8.161486591721626,-11.214067557005366,-15.819983627367495,-17.03704676728864,-12.076281146654996,-11.014009654751591,-13.435640281200367,20.523899215712,0.0059580021217601,0.0005690449058829,0.5714647445974207,74937.03015691061,1581772.3929821402,0.0843090749476147,0.962190784746017,0.005958002062963854,0.005958002188643506,5.879624564997243e-11,-6.688340593169473e-11
933,-1.1388396278539004,-7.592512916031942,-7.993366320058028,-13.237804335054328,-13.015632214934255,-15.951937049263911,-16.01193347529263,-15.318705812700282,-13.4792588539681,21.72044281297114,0.00595800035377,0.0005556681639666,0.5852215011519433,74937.00791993838,1544589.1041898946,0.0843090749476147,0.9662723728610078,0.005958000403696736,0.005958000257737577,-4.9926736356287194e-11,9.603242333289241e-11
934,-1.4715121610562376,-6.380313806784757,-8.76065436425677,-14.156814357873246,-12.231428435464744,-14.51239007420802,-11.893880815553654,-13.587901573128022,-9.703298213872836,20.850285186277247,0.0059580004138915,0.0005706462346647,0.5698608739127583,74937.00867611862,1586223.601723275,0.0843090749476147,0.9615998067900828,0.005958000392394994,0.0059580003094068835,2.1496505964169188e-11,1.0448461627149408e-10
935,-1.4708804862771652,-6.562551330754903,-6.720246314900389,-11.790992111907569,-16.150007876690108,-13.483295469007263,-15.67827342266372,-11.117817165098748,-11.576104263199609,20.47051977209748,0.0059580004301679,0.0005714912412528,0.5690182803165329,74937.00888083606,1588572.463964313,0.0843090749476147,0.9623292868348836,0.005958000974761493,0.005958001035917269,-5.445935924441869e-10,-6.057493690675431e-10
936,-1.3438556178665673,-7.728256743164504,-7.420602942660432,-12.970794766477836,-11.971932762061847,-13.875699599940257,-15.573897707955863,-12.623571350300152,-10.363723396761436,20.644693041139973,0.0059580007954075,0.0005687974603448,0.5717131595819327,74937.01347465371,1581084.5693730004,0.0843090749476147,0.9626080610802288,0.0059580012013224085,0.005958001301766822,-4.059149084564839e-10,-5.063593216600437e-10
937,-1.0475522995305355,-7.802986752135687,-8.722745697944003,-13.906677960098548,-14.784663882849353,-15.7926720292735,-16.571651029294642,-13.614546404647657,-10.457829096837724,21.732807391327466,0.005958000120831,0.0005725832279332,0.5679330481997029,74937.0049901379,1591607.8560162836,0.0843090749476147,0.9621385925528928,0.005958000067353637,0.005958000044794554,5.3477363162746094e-11,7.603644623654926e-11
938,-1.0038387392558292,-6.187635723091574,-8.129980568257452,-12.31892853564734,-13.250802528154246,-15.533569468765508,-13.224562050950256,-14.79657732009479,-10.488707921617516,20.845436885945684,0.005958000816567,0.0005612061176468,0.5794466323920063,74937.01374078721,1559982.9371798,0.0843090749476147,0.964596327886446,0.005958001453766043,0.005958001430632068,-6.371990426620733e-10,-6.140650678915227e-10
939,-1.3624270872787512,-7.611815380262345,-6.274517398792181,-13.589994478486256,-16.49501778626459,-16.070365337707255,-16.924785971476354,-13.685211549496126,-11.274466375975162,21.600411595114,0.0059580002222468,0.0005728162468078,0.5677020302815702,74937.00626569935,1592255.5778728789,0.0843090749476147,0.9634132482859684,0.005958001047651868,0.005958001116525611,-8.254050680792102e-10,-8.942788115931521e-10
940,-0.9982903699659847,-7.603089209704136,-7.466260731393019,-14.01032870343274,-12.84453608381586,-13.738921836430183,-13.655314887821806,-11.897571115248017,-12.798468291132762,20.85404562554992,0.0059580005157945,0.0005618109074918,0.5788228138461535,74937.00995780826,1561664.0696713682,0.0843090749476147,0.9621502818694766,0.0059580005369307834,0.005958000430861249,-2.11362836954887e-11,8.493325053676726e-11
941,-1.3101761312432905,-6.955579794984706,-7.367242129335521,-9.938893903343578,-16.314409248948294,-12.42267562620354,-16.753556427887872,-15.210368273476968,-12.1452017008929,20.903171593350148,0.0059580008283337,0.0005670709718744,0.5734537862812719,74937.01388878429,1576285.4546264703,0.0843090749476147,0.9675901783590944,0.005957999713801638,0.00595799979877774,1.1145320621269716e-09,1.029555959583539e-09
942,-1.356532764642755,-5.626808677062118,-6.238039637850221,-10.214478788020628,-16.111923260629382,-11.586827925839923,-17.371287759275692,-13.231135056511237,-9.437933374034484,20.17790828745722,0.005958000554487,0.0005775876923813,0.5630122971474067,74937.01044446483,1605518.750611563,0.0843090749476147,0.9648073365914304,0.005958000495041374,0.005958000329445695,5.944562637277828e-11,2.2504130503531172e-10
943,-1.1926769563935866,-6.633782122608075,-7.022141132675708,-13.360660399581546,-12.473029550036475,-12.795621383492938,-16.699271962742674,-14.398132784678973,-9.310266516023752,20.921155990143667,0.0059580004319892,0.0005719786654003,0.5685333791867043,74937.00890374399,1589927.3553836746,0.0843090749476147,0.9640359291520144,0.0059580004991077,0.005958000492683735,-6.71184999939678e-11,-6.069453446777562e-11
944,-1.1222676024514286,-7.874426133232158,-8.819646489480702,-11.92073135323367,-14.675841585918556,-13.191128143434083,-15.06081227229806,-11.625517500180315,-9.201211520277043,20.56569671658052,0.0059580017900423,0.0005793049900508,0.5613434723192351,74937.02598471596,1610292.317716926,0.0843090749476147,0.9608375623741818,0.005958001703782495,0.005958001631185004,8.625980485454932e-11,1.5885729624104394e-10
945,-1.2047012428877384,-6.994972572708257,-7.374667899451561,-13.120655048241575,-15.331262977300504,-13.281797358228502,-14.933308206406451,-10.886300669470057,-9.636266488512447,20.55579014955909,0.005958000186139,0.0005818596736729,0.5588786404154875,74937.00581155195,1617393.5640058818,0.0843090749476147,0.9602835783478956,0.0059580002800451864,0.00595800034657622,-9.390618664617545e-11,-1.6043721993291848e-10
946,-1.1169087239358653,-7.022371623448926,-7.319612232258919,-14.7581173991056,-14.566910154395902,-15.465222443667429,-13.14103802305561,-11.751961670742888,-11.764408053493286,21.0957941074251,0.0059580001766053,0.0005716996709338,0.5688107919026414,74937.00569164126,1589151.8353144268,0.0843090749476147,0.9607846669561232,0.005957999702269142,0.005957999632984754,4.74336157157973e-10,5.436205452805098e-10
947,-1.3690869310799252,-8.261627745211143,-8.04833591919785,-12.550472143296403,-11.37378675386194,-14.271125394739844,-13.435812626885184,-14.758565403656942,-13.241025562968314,21.00572105502229,0.0059580048704058,0.0005557302236968,0.5851568134520974,74937.06472812114,1544761.6114328438,0.0843090749476147,0.9659292212211288,0.005958003096547509,0.0059580029657552895,1.773858291156949e-09,1.904650510226036e-09
948,-1.1213701906585625,-6.126819845566732,-8.052740343940767,-13.841437540727815,-16.674177268619285,-14.729604066107443,-15.610119909574784,-11.369535021241116,-11.895687445703771,21.294413808058493,0.0059580003095106,0.0005750560614249,0.5654908716718329,74937.00736326374,1598481.5837472845,0.0843090749476147,0.9609924955535664,0.0059580006210700805,0.005958000677736125,-3.1155948047173476e-10,-3.682255247244859e-10
949,-1.2785104349753968,-7.475927597549889,-7.697852680710378,-11.592279761176243,-13.06487853605358,-13.935432377195667,-14.947743139234232,-14.211798664926844,-11.9328200581839,20.78703464821919,0.0059580010883062,0.0005586384981018,0.5821099303047872,74937.01715859934,1552845.732945181,0.0843090749476147,0.9654430849031914,0.0059580017320277736,0.005958001729484091,-6.43721573441447e-10,-6.411778911627475e-10
950,-1.4659158360998212,-7.026197903875093,-8.028696855169343,-11.61478450116535,-14.538038002003956,-12.908895754415532,-12.350866949577664,-12.053563081579568,-12.780321762496838,20.389645269976214,0.00595800184823,0.0005594209757034,0.5812958282480388,74937.02671657417,1555020.7835528285,0.0843090749476147,0.9631494252140114,0.005958001765283255,0.005958001746763061,8.294674495867849e-11,1.0146693901758042e-10
951,-1.3966917065036577,-6.622405610576653,-6.392667533172912,-11.694734172745155,-16.323159468478927,-13.97068077717464,-15.182672096604584,-13.43690573784854,-10.350689922794745,20.69685670148625,0.0059580011025995,0.0005703574517287,0.5701495042804849,74937.01733837347,1585420.8726750093,0.0843090749476147,0.9639049776521462,0.005958000684066434,0.005958000713097794,4.1853306584349603e-10,3.895017060620565e-10
952,-1.2016791460226497,-7.077762767975004,-8.483905649492975,-13.174651729134236,-12.872884691308668,-12.176770802116426,-11.860444862972386,-10.781490883211552,-10.88924704219806,20.185421524301564,0.0059580006656149,0.0005721279401428,0.5683850757377222,74937.01184218058,1590342.2939311247,0.0843090749476147,0.960201800120744,0.005958001213684206,0.005958001220586788,-5.480693060846975e-10,-5.549718878894438e-10
953,-1.016150799997591,-7.465976890233074,-8.884711901828412,-14.767990925410864,-15.157805390991566,-12.36457659715398,-16.271136567334942,-11.134264877559836,-13.740251927842774,21.61844572620308,0.0059580002474627,0.0005686861892227,0.5718249440872325,74937.0065828531,1580775.2693736774,0.0843090749476147,0.9610096541751124,0.0059579998440163874,0.005957999933056733,4.0344631281608034e-10,3.144059674067834e-10
954,-1.2034959632667943,-5.61311069104433,-6.388661731391924,-10.540932648070886,-14.730012135286191,-16.05260437403737,-14.7491334670564,-12.125119832376324,-9.667732428621884,19.928621985440973,0.005958001359154,0.0005729213072863,0.5675980893612135,74937.02056519885,1592547.614165167,0.0843090749476147,0.9634497873791104,0.005958000640284966,0.005958000628231538,7.18869033744518e-10,7.309224623122668e-10
955,-1.2725924789748324,-6.658354454704665,-6.182985044776929,-12.057644384694925,-11.560510480083702,-15.346025783152172,-16.33214132993118,-14.626805183579917,-9.322077071876826,20.498198720469684,0.0059580009941886,0.0005716583283983,0.5688520455938892,74937.01597483094,1589036.9155942895,0.0843090749476147,0.965430632523668,0.005958000939638188,0.0059580008233162,5.4550411930642806e-11,1.7087240043039964e-10
956,-1.410262115746186,-5.981180255259783,-7.215628547663518,-12.348584477584286,-12.151248465810587,-12.46901001865916,-12.512703533308011,-12.073509248497531,-11.741472156599194,20.016703799105187,0.0059580012430127,0.0005585395726766,0.5822130530575278,74937.01910442642,1552570.7502417765,0.0843090749476147,0.9631995314546962,0.005958001398883466,0.005958001416873447,-1.5587076594714144e-10,-1.738607469797815e-10
957,-1.3482428993523254,-6.404619994226592,-6.837497102464058,-11.801030667123891,-14.25298168938346,-16.591959249600116,-16.717878565449084,-12.394085255056996,-9.222178463584864,20.52801703420784,0.0059580003862926,0.0005790511409128,0.5615893601537425,74937.00832899286,1609586.6940406526,0.0843090749476147,0.9627610728722772,0.0059580003483199065,0.0059580003743793745,3.797269356592414e-11,1.1913225614335055e-11
958,-1.3761411723004453,-5.905144369684615,-6.378772911850908,-12.423040656771624,-15.059900565380318,-14.476524532445168,-13.87061473033453,-15.290711294673752,-10.353682415723432,20.89490532133342,0.0059580005868709,0.0005634290897693,0.5771604307404554,74937.01085177522,1566162.12602299,0.0843090749476147,0.9655057688677158,0.005958000507638777,0.005958000427969342,7.923212259897117e-11,1.589015577105335e-10
959,-1.3744502479848322,-7.619157284134267,-8.243012111832256,-12.313071740733571,-12.195554920282644,-16.591217140944636,-13.624750882257636,-13.983722716492402,-13.502169916490104,21.03325213795228,0.0059580005078068,0.0005556526025979,0.5852379133104761,74937.00985734274,1544545.8483006314,0.0843090749476147,0.9652745148683576,0.005958002254072882,0.005958002213235258,-1.7462660822573084e-09,-1.705428458176339e-09
960,-1.286707176585284,-5.928689271551564,-8.194945849775106,-12.819566300197224,-12.725766750580132,-16.01713231571285,-13.283524188728355,-14.41845788421896,-13.179033267463584,21.070736958978493,0.0059580006428282,0.0005536476944881,0.5873572381166033,74937.01155557984,1538972.811329889,0.0843090749476147,0.9654698063085728,0.005958001457205642,0.005958001404832611,-8.143774422181282e-10,-7.620044109590829e-10
961,-1.327732007561485,-7.747837519036404,-8.841399017074744,-11.054038901915748,-16.045836123072203,-16.823786425311496,-13.22022482115818,-12.155214043628522,-12.069158619491514,20.80749113032294,0.005958002507937,0.0005693034079849,0.5712053166382629,74937.03501406773,1582490.9504883832,0.0843090749476147,0.9623890868500442,0.005958002007559144,0.005958002085480732,5.003778563369976e-10,4.2245626788450785e-10
962,-1.3765286364374456,-8.301719316949312,-8.956450339232044,-12.545079791408307,-14.885465649906712,-14.439433639465918,-16.895910446555558,-10.85089312453227,-11.673629253628178,21.084176550253044,0.0059580018221086,0.0005755435289107,0.5650121336395751,74937.02638803107,1599836.5956337233,0.0843090749476147,0.9609387644520052,0.005958001607192542,0.005958001632378378,2.1491605804030423e-10,1.8973022198470746e-10
963,-1.0050487014686011,-7.218725358944593,-7.245377193187616,-14.072278195288408,-15.86091005329988,-13.415159427610831,-16.379393321020327,-11.380133293721268,-12.363550818497217,21.269997321254195,0.0059580005453635,0.0005713803649695,0.5691287147434105,74937.01032971448,1588264.261497191,0.0843090749476147,0.961478286430294,0.0059580002675821055,0.005958000326118239,2.7778139424089465e-10,2.1924526083516582e-10
964,-1.167931448267911,-6.230618163223523,-7.522224106638525,-10.050595461136291,-13.720722678978817,-13.40377807802349,-16.51092354407766,-14.486016160280297,-11.480976635613802,20.468292937187847,0.0059580004891903,0.0005639328938634,0.5766447953018141,74937.0096231935,1567562.5487299766,0.0843090749476147,0.9669443502329078,0.005958001500340855,0.005958001685569529,-1.0111505547791277e-09,-1.1963792291916353e-09
965,-1.4264992490493642,-6.039745149325459,-6.5972927128764,-14.75255349228307,-12.63559452866222,-16.40250776128371,-14.281917372406344,-13.767244963840696,-9.853766341058172,21.058807924465658,0.0059580003059013,0.0005706445021142,0.5698625885906781,74937.00731786726,1586218.7857580285,0.0843090749476147,0.962650622341724,0.005958000014756258,0.005958000085392096,2.911450421028139e-10,2.2050920377852945e-10
966,-0.9938713479671908,-7.666694840078355,-7.072528927291074,-10.915008865811451,-11.594804695415457,-11.879362314376714,-12.808024462214162,-15.10875017283781,-9.699181253122829,20.053118570247456,0.0059580035843819,0.0005640493921234,0.576526144857571,74937.04855309913,1567886.37858891,0.0843090749476147,0.965982620084486,0.0059580033998798305,0.005958003502253582,1.845020698720834e-10,8.212831803522391e-11
967,-1.1485229853245578,-6.052036650003641,-8.048670978626733,-11.866765508899306,-11.829944870751332,-15.66123622768869,-17.24894571360509,-12.2827307025653,-12.705683015197968,20.66858655596788,0.005958002783768,0.000562913717706,0.5776891658083719,74937.03848334397,1564729.5478671226,0.0843090749476147,0.9644125653273902,0.0059580023914625226,0.005958002432855885,3.9230547716623265e-10,3.5091211447041415e-10
968,-1.295274543085996,-6.089658235652236,-7.442680765084601,-12.47875771066383,-12.507076357391874,-15.077232475720882,-11.743753122016567,-13.312777637487338,-12.958501887187078,20.4724076473281,0.0059580006287411,0.0005546309971783,0.5863159131481314,74937.01137839955,1541706.0948250955,0.0843090749476147,0.964650411323253,0.005958001492498442,0.005958001421275367,-8.63757342560445e-10,-7.925342673797964e-10
969,-1.3074375971086256,-7.184279649987184,-8.703361978332183,-13.651756067246264,-14.79367175260492,-12.323122189432937,-11.852173396494967,-13.57762461597025,-13.36944608542739,21.24198346332025,0.0059580011397166,0.0005580879723415,0.5826841600622019,74937.01780521606,1551315.4381646845,0.0843090749476147,0.963166846489472,0.005958000652124613,0.005958000715863551,4.875919876190515e-10,4.238530490127679e-10
970,-1.3998612686689609,-6.234982768387141,-8.571086065067218,-11.442291706930984,-14.148891911698994,-16.160851795836443,-15.35087147002442,-13.622732281330258,-9.752835447810888,20.788591839424896,0.0059580025498855,0.0005704702490035,0.5700369781310086,74937.03554167577,1585734.4149164266,0.0843090749476147,0.9635284542645784,0.005958001204732472,0.005958001213030657,1.345153028027568e-09,1.3368548438391636e-09
971,-1.2585909450586654,-7.276026221899884,-6.883213635603498,-12.546316710053288,-12.1355037669621,-12.381551920616424,-14.634055276297053,-11.344964825698227,-11.787005409987476,20.17980485653963,0.0059580002117913,0.0005631192239081,0.5774779684810302,74937.00613419461,1565300.7928316668,0.0843090749476147,0.962614448401784,0.005958001374909859,0.005958001419314415,-1.1631185589319748e-09,-1.2075231144853538e-09
972,-1.1101093260115722,-7.537369855594332,-8.959044637833115,-13.518730300159923,-14.223607832927089,-13.000859608747184,-14.939838723488242,-13.149032335373107,-12.2103701645575,21.366878241581976,0.0059580008844554,0.0005616284178202,0.5790109442260939,74937.01459465711,1561156.8036865145,0.0843090749476147,0.9626112556177012,0.005958000917616733,0.005958000940743498,-3.316133305453217e-11,-5.6288097446954843e-11
973,-1.29070757095361,-7.963288258711541,-7.732695604589513,-13.25504236894935,-13.83625580482692,-15.89161595996679,-16.744072348828333,-12.181588402789329,-13.278520974095905,21.33090868288976,0.0059580002096941,0.000563117592641,0.5774796410430337,74937.00610781736,1565296.2584035988,0.0843090749476147,0.9630921471292988,0.005958000427614008,0.0059580005295147166,-2.1791990781339088e-10,-3.1982061617086277e-10
974,-1.4529168561028696,-6.072811193799614,-8.233688638348557,-14.085410982097988,-11.166223303854798,-16.453550066352246,-14.80938865820358,-15.107132159125072,-10.160069364306263,21.27436159829117,0.0059580008255957,0.0005672539532732,0.5732688045821608,74937.01385434704,1576794.087463722,0.0843090749476147,0.9641276440532442,0.005958000956666728,0.0059580009585465145,-1.3107102816295457e-10,-1.32950814420163e-10
975,-1.1084262896122277,-7.501092409105288,-6.136108642759414,-13.516035295913516,-11.300050893492134,-14.276508967086665,-15.261408649005576,-13.2653465184724,-12.175454256642675,20.72325139977292,0.0059580005304382,0.0005602333572553,0.5804527119126897,74937.01014198978,1557278.9580800768,0.0843090749476147,0.9644304338307808,0.005958000901997525,0.005958000891593868,-3.715593249742355e-10,-3.611556678717598e-10
976,-1.075064185930017,-7.24245501685219,-7.503893889943431,-11.203589916518467,-14.442501691415114,-17.13942232957551,-14.361758109148386,-15.65244985094504,-11.215380069864684,21.06177586422581,0.005958000423085,0.000563550601786,0.5770359603967524,74937.00879175116,1566499.892605965,0.0843090749476147,0.966474891374052,0.005958000505738461,0.005958000381465844,-8.265346133212725e-11,4.161915603817512e-11
977,-1.1177567522416365,-8.123160171444253,-6.108897937777404,-14.164608382838344,-15.521711657552434,-15.01880642987108,-12.52096974153929,-13.25505738461587,-10.017260835904768,21.011708157578862,0.0059580005461191,0.0005752941139754,0.5652569093040639,74937.01033921746,1599143.297697386,0.0843090749476147,0.9616345447250864,0.0059580007558705465,0.00595800087781271,-2.0975144624651998e-10,-3.3169361007834297e-10
978,-1.3042291077037171,-5.960129930112288,-8.00841042453993,-12.215329239960589,-15.974125528080538,-11.67599204051672,-15.164392198531772,-14.787109053451648,-13.453344242721236,21.330338728281472,0.005958000645842,0.000555492697332,0.5854064014392338,74937.011593487,1544101.360119786,0.0843090749476147,0.966195131307684,0.005958000116692554,0.005958000094405437,5.291494464820801e-10,5.514365630787665e-10
979,-1.3798454423758368,-6.71937621887368,-6.730709404751774,-9.977688096061575,-13.549745917014413,-12.770298835758188,-16.702584009842532,-13.545524333288066,-10.710692938830608,20.13333777826591,0.0059580008082241,0.0005675665972513,0.5729530170380976,74937.01363585478,1577663.1429782684,0.0843090749476147,0.9658770787418476,0.005958001294392452,0.0059580012611221604,-4.861683521040217e-10,-4.5289806020060164e-10
980,-1.303552085244929,-6.21248144432602,-8.894315282844829,-11.025953645254278,-15.560701309580644,-11.706995323555,-16.20652285029277,-13.15980810877234,-11.557261445773973,20.82469786677273,0.0059580029142974,0.0005644516973954,0.5761151364955924,74937.04012508299,1569004.665329039,0.0843090749476147,0.9640559805448542,0.005958001381645767,0.005958001364914522,1.5326516332112017e-09,1.5493828780729912e-09
981,-1.2123825107424404,-5.711775676622446,-6.1635103193007525,-10.5561323772084,-13.080960707042207,-14.423631192976703,-12.06267942634471,-10.966446196933449,-12.429610845823577,19.414562816471005,0.0059580012955123,0.0005591410450443,0.5815867696385928,74937.01976474271,1554242.661151633,0.0843090749476147,0.9639699208197996,0.005958001460760398,0.005958001474186746,-1.6524809819118413e-10,-1.7867444676578081e-10
982,-1.4179317836024063,-6.805597482925955,-8.390386322771887,-13.32340278648381,-12.516915586718852,-13.087047417068996,-17.061753973102263,-15.780991028365264,-11.888081755399131,21.61708991199333,0.0059580003400019,0.0005622883555605,0.5783313005077495,74937.00774676922,1562991.2306148072,0.0843090749476147,0.966044324669144,0.005958000776027292,0.005958000682683657,-4.3602539200743307e-10,-3.4268175710255866e-10
983,-1.3193408496117505,-8.316178044786717,-7.321035436084508,-14.017589369229809,-11.50927484878707,-11.683111336775276,-16.4718389539965,-12.89533579937189,-13.337261508341944,21.12888210469601,0.005958000667251,0.0005618352594077,0.5787977477000751,74937.01186275952,1561731.7606178694,0.0843090749476147,0.9638686198747008,0.005958001304428547,0.005958001447564875,-6.371775468361207e-10,-7.803138751469318e-10
984,-1.4161215034259034,-7.255487465818804,-9.06867640811172,-14.52209567072568,-13.973874038789273,-12.164401296785826,-15.876446244671852,-10.606324352093855,-9.471823741370644,20.978946558792146,0.0059580004773046,0.0005899678676589,0.5511977600798804,74937.00947370003,1639931.8861515224,0.0843090749476147,0.9589910016739468,0.005957999738203641,0.0059579997913060114,7.391009592544462e-10,6.859985886634168e-10
985,-1.1323089978208165,-7.579117707225626,-8.758315874914945,-12.175141000839323,-16.343852414124235,-15.823869648220809,-14.605816010443172,-13.444453336010245,-13.795555372892986,21.52145376255491,0.0059580005700059,0.0005594523501891,0.5812630417090141,74937.01063965535,1555107.995115386,0.0843090749476147,0.9641083343174496,0.0059580007311800885,0.0059580005600352,-1.6117418857874988e-10,9.970699613170986e-12
986,-1.3176923528549522,-8.111811922366142,-8.993527820596837,-9.910636694751489,-14.775419607232,-12.807177921964522,-12.838782784945302,-15.367482966482235,-12.336680197290818,20.7630456570597,0.0059580003500487,0.0005595569567432,0.5811543451214743,74937.00787313395,1555398.769635178,0.0843090749476147,0.966788207032551,0.005958003176249336,0.005958003368175728,-2.826200636366072e-09,-3.018127027812345e-09
987,-1.0824055739518752,-6.923028180020896,-6.15326156931748,-11.45509532300404,-16.176455526739286,-15.723018367332482,-12.975389072591732,-11.549834586368334,-10.310058938758202,20.14120302111916,0.0059580007005981,0.0005754837264144,0.5650706884101185,74937.01228218357,1599670.3628169566,0.0843090749476147,0.9619854635951116,0.005958000705235238,0.005958000738273026,-4.63713789589093e-12,-3.767492567918751e-11
988,-1.4373840701512124,-5.7634925843924165,-7.757603889844983,-10.161698015489671,-11.605324647649493,-13.726855304298256,-14.967933152579828,-14.886388675675349,-10.600024692123569,20.155038822450084,0.0059580028360127,0.0005635064745207,0.5770814977015686,74937.03914045308,1566377.2321809623,0.0843090749476147,0.967007392925058,0.005958003213386177,0.005958003063137822,-3.773734770853854e-10,-2.2712512252887063e-10
989,-1.1524489887744895,-7.997719151351566,-8.411364690710528,-12.2811357845432,-16.062334027969253,-16.300475062150568,-13.06461147724089,-12.302862105304577,-12.788434037135564,21.10105246520141,0.0059580013610045,0.0005663671321083,0.5741665098237154,74937.02058847334,1574328.9933708613,0.0843090749476147,0.962289607805438,0.005958001294147338,0.005958001132862201,6.685716216758841e-11,2.2814229845569134e-10
990,-1.0280097617183488,-8.217328747699053,-7.372830228198493,-14.61733067954252,-12.476966116523265,-17.15621571111047,-14.701928239808144,-15.603569220017338,-9.481139638242688,21.625238625194285,0.0059580002764518,0.0005720498155677,0.5684626441250166,74937.00694746485,1590125.1312873927,0.0843090749476147,0.963672385441958,0.005958000038447122,0.005958000099946551,2.3800467759821364e-10,1.7650524878481955e-10
991,-1.4214786597250348,-5.71470400517489,-7.956908896885629,-14.586351848053967,-12.602962476475165,-11.829532797040994,-15.132685072722186,-14.597139364457153,-12.99009531030165,21.439355266333628,0.0059580008503926,0.0005569484804164,0.5838762635179592,74937.01416623004,1548147.9959287148,0.0843090749476147,0.9648592035256678,0.005958000341508386,0.005958000216477808,5.088842134140514e-10,6.339147921863297e-10
992,-1.2838118522992854,-5.745245928909849,-8.848508797416102,-14.432227279976267,-12.937280435952728,-15.665072470318144,-14.811733932448004,-12.351896651101152,-9.49431445708339,21.05643945268436,0.0059580003952398,0.0005781676226071,0.5624475458997154,74937.00844152718,1607130.7808952627,0.0843090749476147,0.9607410726497254,0.005958000072428641,0.00595800008849334,3.228111588801652e-10,3.067464598299763e-10
993,-1.202541479294089,-6.217728736190242,-6.894177541083496,-10.429034696427053,-14.67642608473068,-15.675248853115722,-16.728536589354057,-11.972290438819982,-11.854701015620972,20.310805685662853,0.0059580013078759,0.0005683049012325,0.5722087465137184,74937.01992024708,1579715.4043077033,0.0843090749476147,0.9644186286437786,0.005958000857173102,0.005958000877264517,4.507027979994138e-10,4.306113833563163e-10
994,-1.1894143810668825,-7.84185954263658,-8.025603351187895,-10.399041663587012,-13.876202713237664,-14.82300927354647,-16.46596679248489,-13.06743484604932,-11.149699364928026,20.574975916606355,0.005958001447377,0.0005677426240696,0.572775466921821,74937.02167482812,1578152.4441891343,0.0843090749476147,0.9644601642298324,0.005958002074617324,0.005958002057099076,-6.272403239165891e-10,-6.097220757797506e-10
995,-1.3431731097939,-7.576004263940127,-8.764676121273627,-11.858859999222185,-12.14256281131723,-13.844548314367405,-14.09398926369314,-14.203120137958598,-12.379691906005927,20.864530036464032,0.005958005224204,0.0005573125496462,0.5834954838347307,74937.06917803292,1549159.9980587694,0.0843090749476147,0.9650804168903808,0.005958003339749479,0.005958003372409328,1.8844545203802743e-09,1.8517946715965183e-09
996,-1.430827549025522,-6.1261743926079815,-8.811978226306193,-14.634756025022602,-14.000272304670863,-13.887154492337082,-12.041258181298872,-11.38818476107154,-9.815381988308324,20.765284998600418,0.0059580004282611,0.0005826457774989,0.5581246371567895,74937.00885685318,1619578.694418569,0.0843090749476147,0.9592732294233562,0.0059579993270607035,0.005957999544052671,1.1012003964944173e-09,8.842084286975194e-10
997,-1.0869186891654623,-5.64035737003046,-7.095646310995868,-11.478878834078063,-11.79857324272984,-15.202944261790435,-14.086805151007002,-14.439190077915196,-10.621003105476712,20.299316181792133,0.0059580026393446,0.0005605463802589,0.5801288807350147,74937.03666685174,1558149.0671705168,0.0843090749476147,0.9658278253288124,0.005958002089450466,0.005958002031370575,5.498941345674635e-10,6.079740252906696e-10
998,-1.2829039080779343,-8.135799577921642,-8.344182514714497,-10.015928175946364,-11.31905378793996,-12.533111750671312,-15.179602820947991,-12.317005781016846,-12.5179099742833,20.022708788617106,0.0059580087656293,0.0005620042332774,0.5786249043791342,74937.11372046369,1562201.4567690955,0.0843090749476147,0.9649589650495588,0.0059580063503569675,0.005958006283950655,2.4152723328285663e-09,2.481678645568919e-09
999,-1.020811117833821,-8.289876252233869,-7.649124883050586,-14.508158994484884,-12.9092233668085,-15.788002841422289,-17.475681012259805,-12.707340562211533,-10.45092871396846,21.4662008210871,0.0059580002338082,0.0005766523639623,0.5639254558901968,74937.00641111418,1602918.8210519282,0.0843090749476147,0.961736131513151,0.005957999879329524,0.005957999822879371,3.5447867557936164e-10,4.1092882915871876e-10
1000,-1.2022464086488207,-7.19044902530155,-6.122161993042621,-12.904337640910276,-11.213150302641123,-13.394676385455307,-12.674289285383503,-11.671368654266326,-13.559977240329566,20.08966555811401,0.0059580010367597,0.0005567669742242,0.5840666347507477,74937.01651027128,1547643.4637186287,0.0843090749476147,0.9639755972251725,0.005958001275660684,0.005958001059452541,-2.389009831973987e-10,-2.2692840662141833e-11
1001,-1.4545669200480675,-8.1998510034308,-9.070969269536638,-12.09813340151699,-11.525616757978826,-14.079228759808514,-13.62972894420311,-13.217286213745972,-12.226100817209083,20.731156870945227,0.005958004951113,0.0005603714710435,0.5803102945968991,74937.06574321943,1557662.8725568077,0.0843090749476147,0.9636431323857026,0.0059580044312538384,0.005958004171659793,5.198591617947002e-10,7.794532068394755e-10
1002,-1.4504239297082124,-6.93159354551041,-7.9994531743364705,-13.96757763554,-14.194542253520478,-14.912325485770786,-14.37834268301301,-14.239237676590296,-12.901601428666666,21.57336594201936,0.0059580004934624,0.0005564564471655,0.5843924895686031,74937.009676926,1546780.2925987032,0.0843090749476147,0.9640724561186004,0.005958000219499842,0.005958000156019717,2.73962558368368e-10,3.3744268317092985e-10
1003,-1.378020933152545,-7.825659773417085,-6.526839802610328,-13.28364229026032,-11.937961230802877,-13.18269309916259,-14.284675772034404,-15.310743383481793,-10.218350140270053,20.887108426585865,0.0059580009297548,0.000564446362687,0.5761202936394721,74937.01516441206,1568989.8364562348,0.0843090749476147,0.9651188679526528,0.005958001004238739,0.00595800116126171,-7.44839389818508e-11,-2.315069099964595e-10
1004,-1.305725437622154,-5.773980372241889,-6.1672079641570265,-11.476451074517216,-16.00289030680778,-12.032221010655284,-15.48363198561953,-14.613620825529347,-12.439064361716715,20.798959204947483,0.0059580015013202,0.0005602257201591,0.580460766629622,74937.0223533005,1557257.7292671993,0.0843090749476147,0.9668120832348428,0.005958000389345862,0.005958000396357161,1.1119743381290959e-09,1.1049630386020248e-09
1005,-1.1059915587150333,-7.015389575051873,-8.094470494191265,-13.49371968529896,-12.897597281573264,-13.618082606846883,-14.298211862622836,-12.272323359003163,-11.25000745726317,20.78952758383217,0.005958000767301,0.0005651270950522,0.575426295716278,74937.01312114208,1570882.066140103,0.0843090749476147,0.9619638566238492,0.005958000874025261,0.005958000885176293,-1.0672426050545303e-10,-1.178752928598925e-10
1006,-1.224358119797906,-7.1334671433798205,-6.598251561382764,-11.93749090672382,-14.693855647490446,-11.91861777476018,-16.497506530799008,-11.159067849791732,-12.732309400107384,20.457575000719736,0.0059580008673004,0.0005645909542224,0.5759727403880865,74937.01437888887,1569391.7571071282,0.0843090749476147,0.9632631319784069,0.005958000881545883,0.005958000927620279,-1.4245483265229453e-11,-6.0319879299775e-11
1007,-1.00167170970406,-6.139075955123767,-8.214652999951133,-13.414557459144714,-12.113952789016825,-12.984292686664054,-14.850771043112328,-14.17394008903161,-11.848399789752564,21.022080163476147,0.0059580004535837,0.000558422860305,0.5823346219262758,74937.00917534958,1552246.3252175609,0.0843090749476147,0.9644579187662002,0.005958001550119458,0.005958001552109659,-1.0965357580272617e-09,-1.098525959433716e-09
1008,-1.426009787957211,-7.932131942076375,-8.06755034542137,-14.628225853526338,-16.66832613213805,-14.894122369865688,-15.487888052232233,-13.504170869110158,-9.934439882190375,21.846358959613752,0.0059580000641914,0.0005803051307822,0.5603757680251286,74937.00427775098,1613072.405864006,0.0843090749476147,0.961136354999639,0.005958000549580624,0.005958000431751622,-4.853892236061919e-10,-3.675602218422558e-10
1009,-1.4097433334822964,-7.45187356268174,-6.239463836475013,-12.392302545423174,-13.09473002648403,-13.269978747146451,-13.98522495280363,-12.583125978322508,-9.824373435888583,20.22093433446844,0.0059580008120851,0.0005675424434106,0.5729774017025668,74937.01368441676,1577596.002620542,0.0843090749476147,0.9627919676181402,0.005958000684182493,0.005958000773112941,1.2790260690842548e-10,3.897215970077861e-11
1010,-1.3339007119026351,-8.030997679142164,-8.89468633696731,-10.119650666645429,-11.277719499125851,-12.511579607340224,-15.538839033294597,-14.991310323026234,-10.024376345148587,20.407747918498305,0.0059580029139648,0.0005702667480096,0.5702404494000247,74937.0401208993,1585168.743823109,0.0843090749476147,0.9659892153940056,0.005958005599180566,0.005958005671587147,-2.685215765886595e-09,-2.7576223466177496e-09
1011,-1.4316368920842135,-7.826670865721093,-7.513495375112962,-11.051329879708645,-12.549408392342444,-13.292843862761448,-12.452666096651807,-13.24590322456516,-11.781880270097629,20.1642101571755,0.0059580024170506,0.000558321900122,0.5824402121953131,74937.03387094008,1551965.6865043768,0.0843090749476147,0.9645482259951056,0.005958002964835165,0.005958003023548088,-5.477845651039037e-10,-6.064974876485163e-10
1012,-1.3485646484833025,-6.308287985677742,-8.038620616277388,-10.09854651393864,-13.152994000772509,-11.74418053887447,-12.60216197022364,-11.653492011691036,-11.16983291421363,19.592274685786546,0.0059580045466953,0.000560966184559,0.5796950142204199,74937.06065663812,1559315.9959059372,0.0843090749476147,0.9633584683845025,0.005958003361265046,0.005958003348824947,1.1854302548255924e-09,1.1978703532561363e-09
1013,-1.146313548973993,-8.029971853057734,-7.990812130757812,-11.968051023252226,-16.676415495114632,-13.62483137896898,-17.255236563648,-15.739272466812364,-10.00535713304636,21.66499863605876,0.0059580002900258,0.0005741484161398,0.5663848278577409,74937.00711819316,1595958.6049106214,0.0843090749476147,0.9651202113651584,0.005957999659660468,0.005957999578399826,6.303653319814084e-10,7.116259742936948e-10
1014,-1.036783645517778,-5.790144330598833,-7.855686451503034,-10.867034724395015,-15.607112536729634,-12.114510564688434,-13.018040925689396,-14.762510153015567,-11.403304498972414,20.57498427643073,0.0059580019713514,0.0005592270743397,0.5814973995577252,74937.02826513848,1554481.796522349,0.0843090749476147,0.965816199086156,0.005958001009424441,0.005958001016406105,9.61926958226167e-10,9.549452947149595e-10
1015,-1.4347352705065075,-8.36206263107649,-6.860327214731111,-11.141304431179332,-11.645737076139078,-11.6314818033832,-15.540588194620184,-14.458190490951704,-12.456859483525804,20.48664140730719,0.0059580070494361,0.0005611915039914,0.5794626307107934,74937.09213496954,1559942.3156464351,0.0843090749476147,0.9669192813624456,0.005958003054320109,0.005958002724285911,3.995115990633458e-09,4.32515018852081e-09
1016,-1.3893330785979816,-6.665405411947665,-7.262587880527655,-14.109419699891768,-15.4236225466435,-12.812628389642368,-13.769188643117673,-12.490441376230365,-11.616554429727682,21.06757435517128,0.005958000329192,0.0005674448434475,0.5730758835889769,74937.00761080693,1577324.7043002788,0.0843090749476147,0.9617956493778924,0.005958000242505866,0.005958000227913202,8.668613396545233e-11,1.0127879784826987e-10
1017,-1.1170982615118326,-7.679153031100663,-6.267505470775191,-10.681395247138768,-12.74776129564446,-13.245196108592186,-13.749947716973525,-13.744764329889891,-13.08360084296977,20.18242577467705,0.0059580020909683,0.0005558039987978,0.585078732767776,74937.02976962575,1544966.6838567834,0.0843090749476147,0.9669393187904228,0.005958002107721358,0.005958002145914842,-1.6753058142138233e-11,-5.4946542107914276e-11
1018,-1.3623411984771032,-6.81313320442638,-7.666282270051939,-10.740700047416649,-12.23404383072284,-11.890125141867347,-13.995072321543384,-13.82125897356064,-11.725091407361326,20.17083250127149,0.0059580027605863,0.0005579359758591,0.5828431364459344,74937.03819177496,1550892.9340053163,0.0843090749476147,0.9657861754599498,0.005958003049535784,0.0059580030641990835,-2.889494841312734e-10,-3.036127833519475e-10
1019,-1.1000329468181405,-6.231986161981975,-6.101128703999676,-12.719011258427171,-15.500198792522252,-13.092060114708133,-15.335717946776844,-14.710880227172966,-12.04319372461786,21.09146023782647,0.005958000572944,0.0005596988151579,0.581007081301369,74937.01067660839,1555793.0930389578,0.0843090749476147,0.965831718237429,0.005958000499424032,0.005958000552948534,7.351996789140003e-11,1.999546622027948e-11
1020,-1.12856856628488,-5.73076852704004,-8.924934829077367,-14.427029442030465,-15.754981150297244,-15.801039136480924,-12.677296499132932,-14.012521772732306,-13.719583236028528,21.79267954761693,0.0059580004051231,0.0005582173300997,0.58254902477699,74937.00856583475,1551675.0135315403,0.0843090749476147,0.96332479069528,0.005958000229055356,0.005958000289002763,1.7606774371792255e-10,1.1612033643665365e-10
1021,-1.2185430472845475,-6.47108716006725,-9.054159804396107,-12.243750039947589,-16.13625712958688,-15.21869678258073,-16.839159477792457,-14.629845410589567,-13.387734707915731,21.82837779126605,0.0059580008484077,0.0005586031318153,0.5821467496937375,74937.01414126561,1552747.4253863369,0.0843090749476147,0.965433166988211,0.005958000044273837,0.005958000015041713,8.041338627959305e-10,8.333659864620535e-10
1022,-1.186866136551551,-5.622648908045683,-6.681455500242352,-13.223194839806556,-14.227884679805236,-12.110506494641218,-13.288638130843664,-14.56637264306128,-13.448664152488869,20.95913145156554,0.0059580013405203,0.0005524813341394,0.5885973294482224,74937.02033083363,1535730.683018471,0.0843090749476147,0.9661267453204638,0.005958000439377312,0.0059580003664203,9.011429883548638e-10,9.74100000314393e-10
1023,-1.0945262275935697,-7.744365645229645,-8.598998389799581,-13.08349707831258,-16.227406080751315,-15.19952808697362,-13.85983313730045,-13.537506191518617,-11.184039418005204,21.438908615418462,0.0059580010338543,0.0005683392015269,0.5721741732119622,74937.01647372874,1579810.7487317142,0.0843090749476147,0.9622371177368092,0.005958000662784283,0.00595800073149531,3.7107001672753714e-10,3.023589894082801e-10
1024,-1.0908664356680908,-6.907612272722278,-6.532057628326712,-9.90703532220208,-12.463421697459356,-16.065899791837616,-14.705706411883048,-13.659376795606962,-9.312111097513776,19.854692271706305,0.0059580012609077,0.000570676716803,0.5698305568664519,74937.01932950233,1586308.3328302335,0.0843090749476147,0.9652675221108602,0.005958001633911022,0.005958001677257659,-3.7300332180606466e-10,-4.163499588497044e-10
1025,-1.0009694232649318,-7.107995987947339,-6.829252843037584,-12.39486059393239,-15.083017853963089,-16.523077380850275,-13.59244883478128,-14.223494569555635,-10.82851281313027,20.9537398466584,0.0059580004510642,0.0005650079024094,0.5755476403739673,74937.00914366018,1570550.746713695,0.0843090749476147,0.9641398858717082,0.005958000437396848,0.005958000441212081,1.3667351972390662e-11,9.852118253161901e-12
1026,-1.3017891393535572,-6.682832232403424,-6.330475005783585,-10.67974074093328,-15.91778019451354,-12.915600512814256,-13.480063418238228,-14.481976497349429,-12.773991478984982,20.537780190433374,0.0059580017665392,0.0005588429128078,0.581897104302432,74937.02568910424,1553413.943881195,0.0843090749476147,0.9669372906484658,0.005958000391976326,0.005958000237810907,1.374562874113805e-09,1.5287282932596735e-09
1027,-1.384270526873441,-6.315245341549953,-8.443150754729045,-13.053167700880106,-12.107692233514731,-12.672537348980809,-13.303653407273677,-14.595223200118609,-11.757666610139188,20.89861568697331,0.0059579998227412,0.0005574708026533,0.5833290497648047,74937.00124090092,1549599.8934609783,0.0843090749476147,0.9646945924245725,0.0059580017383574265,0.005958001737642161,-1.9156162264083454e-09,-1.914900960887922e-09
1028,-1.1491282350180148,-7.995111360890319,-7.987188210209092,-11.666972988369189,-15.12034015646666,-13.217773585323268,-16.396168243314474,-13.39335803819108,-12.5909886145223,21.1257408645922,0.0059580012222073,0.0005612746122107,0.5793759793932745,74937.01884274614,1560173.3313105337,0.0843090749476147,0.9645173058514755,0.005958000995462168,0.005958001076863048,2.2674513221881964e-10,1.453442522586501e-10
1029,-1.241981411217823,-6.621190449194669,-6.80051130165755,-13.434847048110676,-15.58084747628795,-11.949861032074736,-12.429134927527048,-10.991454891358185,-12.981165092770972,20.52175609952762,0.0059580006456143,0.0005671962263685,0.5733271235500078,74937.01159062321,1576633.6241625417,0.0843090749476147,0.9616038612515362,0.005958000277140889,0.0059580001407060525,3.684734106376708e-10,5.049082471564326e-10
1030,-1.238391810950924,-6.827401609173309,-6.705040879136594,-10.695472459986084,-14.081391895621987,-14.66232754346161,-11.73938702981971,-11.481115674116444,-12.967106715277255,19.83175442245881,0.0059580009285142,0.0005602267403373,0.5804596258964602,74937.0151488083,1557260.5650533596,0.0843090749476147,0.963938756651629,0.005958001573973372,0.005958001507981404,-6.454591722215852e-10,-5.79467204255002e-10
1031,-1.2250958387438444,-5.89209905625588,-7.170561035803679,-11.244974730648456,-16.556819242456616,-12.55718006556958,-17.131080192292753,-13.083962505400589,-11.367321072094684,20.79305618722374,0.0059580006677808,0.000568935926781,0.5715739988629974,74937.01186942314,1581469.464104385,0.0843090749476147,0.9644261840893694,0.005958000574344414,0.005958000496309964,9.34363862323262e-11,1.71470835794163e-10
1032,-1.2324417623140609,-8.327685944728966,-6.7173837212193614,-12.825416713645463,-11.18873867357531,-12.659610159566936,-17.047234344489546,-14.82590349532768,-13.242389235636514,21.120168900082504,0.0059580009317796,0.000561343834042,0.5793044915790889,74937.01518987941,1560365.7470242574,0.0843090749476147,0.9668843304302698,0.0059580017893729,0.005958001872037124,-8.575932993262758e-10,-9.402575237502098e-10
1033,-1.039449508451195,-6.6690068657992585,-8.849506344866054,-10.655249493272724,-14.585989095739748,-16.788248296445605,-12.641326289394405,-12.327195694415469,-11.799233162690175,20.412214891136863,0.0059580055363147,0.0005646792730861,0.5758833321052836,74937.07310361853,1569637.2567837725,0.0843090749476147,0.9631104191926256,0.005958002900050192,0.005958002924860434,2.6362645079089364e-09,2.6114542655067408e-09
1034,-1.3325657741332304,-5.866861295110216,-6.280931751669977,-12.08518650193208,-14.81924711572886,-15.74542767616276,-16.9698660760907,-13.250195302431438,-9.619670414618238,20.69999923416697,0.0059580004831221,0.0005754019833203,0.5651509328705067,74937.0095468702,1599443.1417869236,0.0843090749476147,0.9638233704333226,0.005958000588978126,0.0059580007310103215,-1.0585602533419447e-10,-2.478882212345046e-10
1035,-1.2014255760283017,-7.987519712288805,-7.444079312931896,-12.561536818372767,-12.677668383746171,-14.246429015775146,-15.726728744849463,-15.427028381182776,-11.100194960869777,21.20232565959297,0.0059579997588669,0.0005628275705417,0.5777771476990261,74937.00043751844,1564490.0848569372,0.0843090749476147,0.9657486725926596,0.005958001074612036,0.0059580010689731224,-1.315745136107327e-09,-1.3101062222922732e-09
1036,-1.331583543208963,-6.094410362962112,-6.9104387680661645,-14.132788357335643,-16.402070265516482,-14.501269643026156,-15.315655650821952,-12.318598094269303,-9.673059839801176,21.128356036063906,0.0059580004559722,0.0005816476994317,0.5590823547379741,74937.00920539114,1616804.3398529857,0.0843090749476147,0.9611014576995892,0.005958000968993806,0.005958001022313861,-5.130216060994508e-10,-5.663416610679484e-10
1037,-1.3395855724771837,-7.777865014604813,-7.470121123152754,-14.405186836515805,-14.687327248134473,-14.003787374086407,-16.07189518929711,-13.295164540829198,-10.80397041046334,21.51395923224742,0.0059580000975317,0.0005703283494726,0.5701784531337276,74937.00469708984,1585339.9772221574,0.0843090749476147,0.9621415280927952,0.0059580001337511115,0.005958000122941902,-3.62194111508396e-11,-2.5410201720532655e-11
1038,-1.2800887614147718,-7.30547541283412,-8.460535666051063,-10.715899208740485,-12.996396542693835,-14.142442039485507,-14.685885924046104,-13.693822099062444,-13.657409719630271,20.68677512197024,0.0059580034403747,0.0005553378520257,0.5855700427659633,74937.04674184303,1543670.9370930835,0.0843090749476147,0.9662709842110332,0.005958003242693924,0.005958003167760158,1.9768077626214353e-10,2.726145420517412e-10
1039,-1.0833436868523652,-7.947473123160597,-6.154399466070865,-10.513745307272249,-13.048954177017952,-14.354148795662145,-16.827356539053042,-11.689980037463478,-10.42538639636872,19.95735424707405,0.0059580015367293,0.0005727787512422,0.5677393813980124,74937.02279865975,1592151.3515632951,0.0843090749476147,0.9636910584138088,0.005958001448646229,0.005958001525531306,8.808307121882519e-11,1.1197993921019389e-11
1040,-1.1157347217092284,-5.9640157448889815,-7.800921957139272,-13.132214582105226,-11.883321920007178,-13.386430982338627,-16.815547633947254,-13.283439258440875,-9.595760724836008,20.730010269804684,0.0059580003200057,0.0005718323160468,0.56867886820864,74937.00749526586,1589520.5485310866,0.0843090749476147,0.9631842678728566,0.005958001164748638,0.005958001147571302,-8.447429379263016e-10,-8.275656019837707e-10
1041,-1.4010387124199648,-7.910179081759244,-7.643112028567733,-14.127196526167904,-16.40671933581852,-11.93934882068903,-17.360995489798245,-10.762795816203791,-13.452159614943842,21.467356378729303,0.0059580002524684,0.0005734994820627,0.5670257061012164,74937.00664581335,1594154.764831622,0.0843090749476147,0.9612154930960836,0.005958000642816063,0.005958000979014022,-3.903476630470748e-10,-7.265456222760314e-10
1042,-1.1025156282598083,-6.987966578837824,-7.751435614670401,-12.304792063181294,-15.543012674824714,-16.89370785037814,-12.043713694365746,-13.522076710047244,-12.47560175777349,20.987723028181662,0.0059580009158629,0.0005619973944715,0.578630801986934,74937.01498968642,1562182.446961207,0.0843090749476147,0.9636531889552542,0.005958000787423842,0.005958000788036647,1.2843905800030697e-10,1.2782625305463036e-10
1043,-1.1498865471935542,-7.833125854690654,-6.266332201509025,-13.50205462374374,-11.70818157961947,-16.02195187202616,-15.497018793909094,-14.785358613501204,-12.024139368843612,21.156740068984902,0.0059580010890976,0.0005608109655119,0.5798549551604634,74937.01716855363,1558884.5339931117,0.0843090749476147,0.9656114311718592,0.005958000641830218,0.005958000718096723,4.472673819852502e-10,3.710008767213169e-10
1044,-1.1559091684665277,-7.105552172511528,-8.679119595748126,-11.94647486399274,-13.97859944130886,-14.509397736825443,-15.679947791898758,-10.80483717743938,-9.765039940350006,20.43449458368612,0.0059580015888719,0.0005788317734682,0.5618023631091129,74937.02345448566,1608976.91902256,0.0843090749476147,0.960746239292146,0.005958001626164721,0.0059580015972534196,-3.729282074121931e-11,-8.381519436828633e-12
1045,-1.2202989980042025,-6.870835490626586,-8.997132911407055,-13.673099841665817,-13.158425347169237,-16.41711376561312,-15.045175380396175,-13.86914475314186,-11.135932081056849,21.44814510629529,0.0059580007244388,0.0005650246422542,0.5755306283780658,74937.01258204078,1570597.2784092887,0.0843090749476147,0.9628911899391978,0.005958000802568432,0.005958000824247208,-7.812963123687844e-11,-9.980840719875372e-11
1046,-1.3297801816424415,-7.712291032903847,-6.706976018612529,-11.111793764107974,-13.024549044014773,-13.699589097951062,-16.345219038352685,-13.060731347094116,-9.409212405089638,20.264287954217124,0.0059580013793513,0.0005726126616897,0.5679040349264438,74937.02081923134,1591689.672939871,0.0843090749476147,0.9639011288038783,0.005958001216623895,0.005958001125739918,1.6272740446798828e-10,2.536113818951691e-10
1047,-1.1246776095352655,-6.760288102347001,-7.454780906170183,-12.112229958401327,-12.33837130615504,-15.314040209488011,-13.754932737542198,-13.2660905143379,-11.79570780534134,20.51769176752805,0.0059580015309728,0.0005585246709917,0.5822286289689871,74937.02272625818,1552529.3280737803,0.0843090749476147,0.9643108426804168,0.005958001725575191,0.0059580017299734125,-1.9460239149282632e-10,-1.9900061286326487e-10
1048,-1.0588340066887816,-8.33417440000399,-6.410832637311278,-13.424791131110126,-11.164380415729038,-14.287260247871169,-14.270419546172084,-13.478510348397696,-10.088274153249884,20.573034451260863,0.005958001393899,0.0005675248552032,0.5729952428218561,74937.02100220553,1577547.1127340945,0.0843090749476147,0.9632428180224128,0.005958001239047079,0.005958001176914057,1.5485192121633684e-10,2.1698494303418192e-10
1049,-1.088202106616874,-7.271737596793803,-8.11631823894734,-11.28927227287858,-16.60331903089178,-14.530210195537991,-14.526105750289798,-11.275908722898013,-11.432295066343226,20.600338987004392,0.0059580010875651,0.0005731485346311,0.5673730237210538,74937.01714927838,1593179.2373240602,0.0843090749476147,0.9617540999009307,0.005958001390832897,0.0059580014681629425,-3.0326779715955654e-10,-3.80597842304653e-10
1050,-1.345607286734722,-6.849705489667747,-6.22969698589597,-10.064535856742973,-15.839415906395075,-13.396718370740492,-16.940579553247208,-13.430333111920326,-13.736400126759724,20.590984506923395,0.0059580004925066,0.0005639812043535,0.5765954005330505,74937.00966490388,1567696.8372522958,0.0843090749476147,0.9672892138414316,0.00595800005369123,0.005958000112053602,4.3881537032525175e-10,3.8045299809857935e-10
1051,-1.3079677766378772,-7.185025334359763,-7.174926356998144,-14.71543840533263,-15.686772970021485,-14.308787417972754,-15.251276528314891,-13.757512500926278,-13.53684962679564,21.83710631222018,0.005958000082402,0.0005588820512475,0.5818561074130487,74937.0045067953,1553522.7368830729,0.0843090749476147,0.9636260450529666,0.005958000111500627,0.005958000227239566,-2.909862715366751e-11,-1.4483756641953116e-10
1052,-1.1854674522663928,-8.06133087153231,-7.129786281854521,-14.037686104762422,-15.549114433795518,-14.626219708963085,-16.286547039444088,-11.434371466808502,-11.65092801317524,21.281199842663742,0.0059580002502791,0.0005750062319263,0.5655398681448663,74937.0066182774,1598343.0728414978,0.0843090749476147,0.9611000033601502,0.0059580003860450715,0.005958000436020086,-1.3576597138187374e-10,-1.857409859598591e-10
1053,-1.346986821899559,-6.854612836968391,-8.178320273134638,-12.202039607811898,-11.171570000956097,-16.76223817874514,-14.021191955746946,-13.107534043105588,-10.020058668097262,20.45499976473272,0.0059580014562254,0.0005682686613174,0.5722452590705693,74937.02178611925,1579614.6683260584,0.0843090749476147,0.9630526882038138,0.0059580022779377045,0.005958002428079633,-8.217123049700237e-10,-9.718542333739255e-10
1054,-1.3209596626213418,-7.367738165078611,-6.6790705180232735,-12.658666467559362,-15.407485437362109,-16.814017281766382,-12.342373603417208,-15.337736281328906,-13.669479984649351,21.35454950019532,0.0059580003396404,0.0005565445299534,0.5842999767320222,74937.00774222253,1547025.1360560483,0.0843090749476147,0.9664555554349704,0.005958000225960509,0.005958000229730287,1.1367989102145648e-10,1.0991011312883048e-10
1055,-1.1935042003292176,-7.1867823427145385,-6.350457906410544,-12.51031454736804,-12.095449923205802,-14.600126453581945,-12.465564113403818,-11.715238613364974,-12.217788871190216,20.07234403093238,0.0059580007130998,0.0005600079331295,0.5806863925303365,74937.01243942408,1556652.347323751,0.0843090749476147,0.9630964538160178,0.0059580010287263755,0.005958001077943826,-3.1562657522299364e-10,-3.648440256506791e-10
1056,-1.3729655543992023,-7.140175162697076,-8.752031717561808,-10.56907307236475,-12.886727522430215,-12.767126569742963,-13.470860116399404,-11.422306222443211,-12.153675419199072,20.001651054312543,0.0059580049535083,0.0005611636411472,0.5794910963515734,74937.06577334687,1559864.8653832015,0.0843090749476147,0.9630649447204652,0.005958004371852302,0.005958004353984309,5.816559985397096e-10,5.995239912154338e-10
1057,-1.3834005192622183,-6.696254000459321,-6.169468734460034,-13.55581982129417,-14.304455892944643,-11.719161672737938,-15.558583939234468,-15.60091172463754,-12.098575659164206,21.327146196404144,0.0059580004511238,0.0005590958552594,0.58163365363957,74937.00914440982,1554117.0472442335,0.0843090749476147,0.9663718344470268,0.005958000422550433,0.00595800019337233,2.857336763029128e-11,2.577514703408501e-10
1058,-1.0976046176913004,-5.987475194237941,-6.448962400348005,-13.903344875619954,-13.954945318081489,-14.19367189197018,-12.99118091116885,-12.444739105434063,-13.382843323275294,20.7860948524746,0.0059580010844673,0.0005573217410024,0.5834852526951804,74937.01711031518,1549185.54724362,0.0843090749476147,0.963488274735752,0.005958000173300007,0.005958000007761168,9.11167292658166e-10,1.0767061313712856e-09
1059,-1.4216418187612072,-5.975396333183898,-7.810562071204909,-12.576187164191833,-15.34099498527068,-16.184239425071503,-15.11017504948953,-14.254052517347718,-10.733045414037583,21.22930766557852,0.0059580003704225,0.0005662579248777,0.5742770990666386,74937.00812938559,1574025.4303641256,0.0843090749476147,0.9639871892863952,0.005958000471303825,0.005958000399211869,-1.00881324995028e-10,-2.8789369325987746e-11
1060,-1.419823203563651,-6.274341452519804,-7.460984618526406,-14.120785769957552,-12.145517342267675,-17.108387993512768,-17.307147669277793,-14.891467746572827,-10.527303807585636,21.541724079640048,0.0059580003918767,0.0005701134947851,0.5703933745705987,74937.00839922711,1584742.7463012836,0.0843090749476147,0.9644560020019226,0.005958000302155483,0.0059580001412746966,8.972121743472394e-11,2.506020035583645e-10
1061,-1.3987525683877442,-7.685057787341408,-6.357258395875992,-11.002674119988436,-15.369122596316144,-16.262824858547503,-14.18247475870506,-13.706084203539035,-10.891707675932349,20.58621632465664,0.0059580008626634,0.000568028723479,0.572486892441795,74937.01432056722,1578947.7138467638,0.0843090749476147,0.9646266687537364,0.005958000550349611,0.005958000425425941,3.123137885460703e-10,4.3723745891260934e-10
1062,-1.2853863442103513,-6.540535345205785,-6.4568184083448354,-10.210064055256714,-11.308415411007346,-14.493772231049393,-14.168903889723708,-15.421199281181382,-13.610571039898172,20.25108198216568,0.0059580020411687,0.0005588157273842,0.5819254528303922,74937.02914326929,1553338.376642018,0.0843090749476147,0.9700744774386288,0.005958002700277919,0.005958002935295164,-6.591092194599413e-10,-8.941264638406832e-10
1063,-1.4089702998780542,-7.741822307576841,-8.28899532859308,-13.600166229147666,-15.98655185668074,-14.177257285025854,-13.077248802073308,-10.825469697860772,-11.461465253672545,20.932091750933253,0.0059580006348889,0.0005789202219304,0.5617163950325208,74937.0114557234,1609222.77894374,0.0843090749476147,0.9597903501649466,0.005958000690459413,0.0059580006425731455,-5.5570513468605753e-11,-7.684245600936279e-12
1064,-1.1805074482433775,-7.685227506305602,-9.051478584672612,-11.69080741649362,-12.157504600233416,-13.179607227526809,-16.99654198850966,-12.775097787414538,-11.358676690873503,20.78296534687002,0.005958004388172,0.0005672369452281,0.5732865076797624,74937.05866280488,1576746.8102526097,0.0843090749476147,0.96350118668216,0.005958003586221935,0.005958003479616827,8.019500653821954e-10,9.08555172936254e-10
1065,-1.3316336399631246,-7.942569239994466,-7.301237852737069,-11.46098175080769,-12.439256186361336,-16.5107536072909,-11.874606731865088,-14.39545730092041,-11.23276228310796,20.46703277244008,0.0059580017403771,0.0005610274569448,0.579631293540957,74937.02536004975,1559486.31457006,0.0843090749476147,0.9650063899674084,0.0059580021650324205,0.005958002066499152,-4.246553204564907e-10,-3.2612205210641454e-10
1066,-1.2685861149364142,-7.397018583246087,-7.871872520811586,-13.833910167960935,-13.918077915615852,-15.897093489640934,-13.798796270194837,-12.434170981606774,-12.037365813419775,21.13464468097755,0.0059580000999973,0.0005648702093391,0.5756878852983329,74937.00472810153,1570168.0017050789,0.0843090749476147,0.9619537776139712,0.005958000298169391,0.005958000257827488,-1.9817209071654185e-10,-1.5783018815496153e-10
1067,-1.3354093531069218,-5.958631712581006,-6.966294944864533,-13.314154415909965,-15.662223220778904,-15.607563327064268,-16.61982745689116,-15.0564354491616,-9.928387833317494,21.500285126960883,0.0059580003620819,0.0005718252983307,0.5686858533343971,74937.00802448149,1589501.04140712,0.0843090749476147,0.9644718034314068,0.005958000564244595,0.005958000705501181,-2.0216269543821275e-10,-3.4341928085990236e-10
1068,-1.4163184403396611,-7.759258758153784,-6.32769877768342,-12.785971792904755,-16.339152166173267,-14.37769616482052,-14.19032444029599,-13.704089574607243,-9.79039832833061,20.971796678101068,0.0059580003129914,0.000573853854598,0.5666755587938686,74937.0074070432,1595139.813089356,0.0843090749476147,0.9628715269468314,0.005958000991681126,0.005958001071912879,-6.786897259469793e-10,-7.589214794795351e-10
1069,-1.321175741525655,-6.998206779112908,-7.98788246159934,-12.151011326080564,-14.726244356642043,-15.406795197256129,-16.526707972819608,-10.74407260563931,-12.054686281163429,20.75016471543472,0.0059580006123328,0.0005716858727961,0.5688245830477009,74937.01117202261,1589113.4806729762,0.0843090749476147,0.9618082518379428,0.005958000991348764,0.00595800100129671,-3.7901596444678276e-10,-3.889639105594811e-10
1070,-1.2127141951015177,-7.075873917802273,-7.850974654938381,-12.174098246592347,-14.438217586673789,-13.606769491202911,-13.134716355071326,-12.117466064781713,-9.62242078433163,20.360857936222885,0.0059580005530225,0.0005717609910296,0.5687498421083335,74937.01042604569,1589322.2865978451,0.0843090749476147,0.9614966148945342,0.005958000870625007,0.005958000890830499,-3.176025067941346e-10,-3.3780799945509754e-10
1071,-1.4058381000845477,-8.12558236029867,-7.131614858371497,-12.862084566068296,-11.530177707008102,-15.195690393099234,-15.141537674829506,-15.298294937321918,-12.987204019759796,21.22744110617448,0.0059580010008922,0.0005576216057796,0.5831714672969673,74937.01605914529,1550019.080452152,0.0843090749476147,0.9666940896152256,0.005958001534270038,0.0059580016778474285,-5.333778384242205e-10,-6.769552288524161e-10
1072,-1.0197426667478384,-8.090391401092171,-8.498917383943015,-10.428080090469116,-14.60940135110654,-14.634565489376572,-16.97840361229128,-12.139851628089207,-11.466651522049323,20.65218391835929,0.0059580018377127,0.0005703585966612,0.5701484652872032,74937.02658429182,1585424.0552404802,0.0843090749476147,0.9634472051628526,0.005958002428825773,0.005958002395807627,-5.911130734198577e-10,-5.580949270431179e-10
1073,-1.354771250750561,-6.9539100136979055,-6.479156175240902,-13.42148835944828,-14.682062579314165,-17.003816186626793,-14.97324253746464,-12.228004186433951,-13.642278954619584,21.13005604838932,0.0059580004463698,0.0005615693549161,0.5790717776768302,74937.00908461623,1560992.6267116065,0.0843090749476147,0.9635178832895356,0.005958000155766274,0.005958000075456896,2.906035264857443e-10,3.709129045570414e-10
1074,-1.4319778308387252,-5.718092050175625,-7.844384161835626,-10.73057161229402,-12.456113527665206,-15.78883287970277,-14.874034124943956,-12.746120776120565,-13.183003635761647,20.32344575406775,0.0059580035110253,0.0005571744389848,0.5836398671428202,74937.047630454,1548776.0922734702,0.0843090749476147,0.9656740120043394,0.00595800269150454,0.005958002732618767,8.195207602812449e-10,7.784065328073075e-10
1075,-1.213017584214649,-6.847322101702843,-6.5596164874098575,-14.387430783141356,-12.373921518065789,-15.770633613767998,-14.049077746467564,-12.195570743418546,-11.926424778605105,20.82627471930742,0.0059580005950217,0.000564647512799,0.5759150079281116,74937.01095429242,1569548.9728105282,0.0843090749476147,0.9623087758952892,0.005957999837239041,0.005957999854885071,7.577826586710468e-10,7.401366290682443e-10
1076,-1.0863628797443754,-7.429449343904489,-7.58712602765796,-11.884167871560456,-15.97079601041504,-14.232016869919164,-12.585537018423665,-14.95284876596646,-10.640466783126325,20.980217229810936,0.0059580006573457,0.0005645215160267,0.5760435566770208,74937.01173817432,1569198.7399659478,0.0843090749476147,0.9644508653667816,0.0059580006632626815,0.005958000685223454,-5.916981314635361e-12,-2.7877753924765436e-11
1077,-1.363612659151995,-6.505805650824211,-6.941547047576741,-11.416002122218224,-12.696817714813395,-12.089309977365346,-17.12697408290635,-13.644010259016897,-10.871492388614724,20.45065978075426,0.0059580009988287,0.0005658899601172,0.5746506084022714,74937.01603319253,1573002.5998392769,0.0843090749476147,0.965293720023086,0.005958001383438391,0.00595800136860469,-3.8460969131737244e-10,-3.6977599020965313e-10
1078,-1.0762642777774436,-7.443332294809346,-8.706968312012712,-11.51875841781472,-16.277528222844136,-12.459232630037524,-17.073822340811162,-15.615771092325124,-11.019565156823187,21.556956489997493,0.0059580002647206,0.0005677935481942,0.5727239254524732,74937.00679991613,1578293.9978235194,0.0843090749476147,0.965672931353372,0.0059579998674442435,0.005957999734468365,3.972763567769433e-10,5.302522353492489e-10
1079,-1.142172562126315,-7.314708022815479,-8.244473450717638,-13.160473952636169,-13.139161397802138,-15.90923077272144,-15.127594912566089,-14.738097305789706,-11.607670435705904,21.41178517606713,0.0059580003284124,0.0005605067682882,0.5801695418879163,74937.00760100248,1558038.957896269,0.0843090749476147,0.9645172802645382,0.005958000793373319,0.00595800081885453,-4.6496091872516576e-10,-4.90442129616464e-10
1080,-1.3400614406373017,-6.707732139312983,-6.545782554576052,-11.082894259871312,-11.906119970048149,-16.76854474190487,-11.990843455184129,-15.559753957552854,-10.172918284273893,20.24481022011936,0.0059580018494256,0.0005633971083045,0.5771933769546117,74937.02673161146,1566073.2272425534,0.0843090749476147,0.9666563659628064,0.005958001512779043,0.0059580016914021015,3.366465569851207e-10,1.5802349880023048e-10
1081,-1.4033636202215056,-5.98721353981667,-7.567086741966326,-11.071456964108954,-13.821805062277075,-13.267425576721902,-14.99768857481385,-15.513301851772964,-11.5657965094324,20.777911936779216,0.0059580016419394,0.0005592743529853,0.581448194049912,74937.02412194447,1554613.2168296357,0.0843090749476147,0.967216726382097,0.005958000961967213,0.005958000914297072,6.79972187063449e-10,7.276423283353317e-10
1082,-1.40710521043593,-7.264550025326208,-7.101515160069456,-13.394793533254608,-15.992459307396595,-13.956032438006604,-12.071043726276574,-12.598144064849432,-11.953514996431933,20.913339252021803,0.0059580001646904,0.0005671646623013,0.5733589611514391,74937.00554178088,1576545.8856209468,0.0843090749476147,0.9620230921408544,0.005958000621464259,0.005958000562672995,-4.567738591879089e-10,-3.9798259479639775e-10
1083,-1.4540130634584498,-6.075971360286563,-7.959773804678466,-12.037257857674186,-15.567010438865369,-12.928829384826264,-13.634642953646988,-14.456092862186471,-12.748129041760684,21.05514513714965,0.0059580002531013,0.0005559033592522,0.5849738869262023,74937.0066537736,1545242.8758094888,0.0843090749476147,0.965377737094372,0.005958000575285586,0.005958000642382516,-3.2218428619446016e-10,-3.892812157693659e-10
1084,-1.4639199812154742,-6.253258207203512,-8.11231800094846,-12.885882998220069,-14.737066177538862,-16.89008747954878,-16.89244685776466,-11.60703449649944,-10.537308360426792,21.026748854107296,0.0059580002197132,0.0005779095466718,0.5626986921333792,74937.00623383292,1606413.4080033433,0.0843090749476147,0.9615171399169252,0.005958000585649877,0.00595800051923869,-3.6593667766121607e-10,-2.995254903478961e-10
1085,-1.250110393398996,-5.982385292071725,-6.94642795949984,-13.669584377928029,-16.02788447623208,-13.346128923220617,-12.503040128755966,-11.17325073086099,-10.047441071546997,20.48006716629151,0.0059580003840716,0.0005805073427628,0.560180613723175,74937.00830105791,1613634.4938911342,0.0843090749476147,0.9601685867779192,0.005958000208591999,0.00595800023702545,1.7547960046854216e-10,1.47046149562291e-10
1086,-0.9848686273362502,-7.790020613412087,-7.292948372031585,-11.2229228022787,-15.236657145829325,-13.57830064924921,-15.72232660421032,-11.80270512315798,-10.96535258769098,20.46888412441626,0.0059580016371676,0.0005703019860224,0.5702050318974804,74937.02406192767,1585266.6948198888,0.0843090749476147,0.9627231396081382,0.005958001264171477,0.005958001198943638,3.7299612270363935e-10,4.3822396232628957e-10
1087,-1.3809893079958475,-6.666258056980897,-6.420439208282053,-10.973363998571733,-15.079437014823691,-13.822333982611877,-14.781731903535588,-12.755204277180898,-11.306019911983412,20.302069743663296,0.0059580014524183,0.0005643385470026,0.5762304360260283,74937.02173823515,1568690.1415264434,0.0843090749476147,0.9643693905681744,0.005958000730449993,0.0059580006909690396,7.219683071865712e-10,7.614492604154921e-10
1088,-1.128211030095162,-8.30617259744464,-6.242339882656976,-12.73831969029335,-12.524743070787778,-13.372655219161292,-15.095848981509317,-15.339025149048297,-10.281277919639766,20.89560748082738,0.0059580004713087,0.0005653125442328,0.5752374858816726,74937.00939828632,1571397.558662783,0.0843090749476147,0.9655757260026524,0.00595800108885157,0.005958001083437469,-6.175428701390984e-10,-6.121287686802757e-10
1089,-1.4696126482066356,-6.786054665140542,-7.86378244473221,-13.280222275022927,-12.010753207850136,-13.106978689942547,-13.3437856146551,-12.163545659153588,-12.24991172649701,20.5418358720874,0.0059580004017938,0.000560460241167,0.5802177159141354,74937.00852395967,1557909.626599051,0.0843090749476147,0.9626361887395964,0.00595800131155823,0.005958001329944383,-9.097644295893992e-10,-9.281505824326741e-10
1090,-1.2180954552770489,-7.582925663426134,-6.63057670772526,-13.820204128194655,-12.258469378451547,-15.738044932803586,-12.162801192039478,-13.362203624110972,-12.286065839934755,20.78753605901964,0.005958000330416,0.0005595746798876,0.5811359356220965,74937.0076262023,1555448.03460575,0.0843090749476147,0.9634922754772712,0.005958000495056566,0.0059580004913192,-1.6464056593751275e-10,-1.6090320048567364e-10
1091,-1.0054784799059733,-6.910589892930827,-7.429354479402182,-12.649007037773886,-11.642595814892935,-15.170114250120662,-17.48441377555097,-11.164574052672586,-9.9392189750625,20.399183969689787,0.0059580005011691,0.0005780999628309,0.5625133887469546,74937.00977385645,1606942.7072212703,0.0843090749476147,0.9617861568308448,0.005958001191998874,0.005958001096874849,-6.90829774462054e-10,-5.957057494856977e-10
1092,-0.9861855263279068,-7.776874748338431,-6.3852586614301465,-11.350968442328742,-13.121579104500045,-11.601575138220948,-15.233319355109009,-14.691361136116646,-12.191141205012254,20.56484393263882,0.0059580017293259,0.0005591267970873,0.5816016534534403,74937.02522105208,1554203.0561490485,0.0843090749476147,0.9669313473537258,0.005958001552852971,0.005958001527400804,1.7647292915173862e-10,2.0192509643524037e-10
1093,-1.1831259465880386,-6.535790143476898,-9.027467938249462,-14.526624443582378,-14.64176720309304,-16.13692412455107,-14.646629295913066,-15.140422924699944,-13.140291909749442,22.12101076065071,0.0059580001322654,0.0005559527847029,0.5849218636399502,74937.00513395442,1545380.2635842536,0.0843090749476147,0.9642953912992982,0.005957999848426476,0.005957999835544901,2.838389237189154e-10,2.967204988657546e-10
1094,-1.2219978775256028,-6.186363653300122,-7.693647117162228,-12.926979325478255,-16.49997542952348,-12.522903449770933,-12.598984618569824,-15.674234582548236,-13.113572101075018,21.450379302516662,0.0059580003722553,0.0005562050069375,0.5846566545000857,74937.00815243786,1546081.3649622053,0.0843090749476147,0.9660342797717584,0.0059580000279347055,0.005957999980208354,3.443205946057626e-10,3.920469461224374e-10
1095,-1.1642773637345694,-7.058365408589957,-8.43711376383965,-14.37548926663212,-12.284636387804646,-15.5588877733183,-12.379470900870803,-10.819137909141643,-12.13274326578765,20.702681359399858,0.0059580004071885,0.0005720865631362,0.5684261480458059,74937.00859181225,1590227.2783918616,0.0843090749476147,0.9602552569876738,0.0059580003151184485,0.005958000353447606,9.207005123579304e-11,5.374089367959911e-11
1096,-1.2620033831310251,-6.181914832005766,-7.24437673416185,-14.460660746883836,-16.59835891013747,-12.774242565504268,-14.820571761919402,-12.825278235730224,-10.379729474454786,21.298721606763014,0.0059580003388266,0.0005762016556956,0.5643665765640338,74937.00773198716,1601665.9886548864,0.0843090749476147,0.9614029360508608,0.005958000668786701,0.005958000662917535,-3.2996010090879935e-10,-3.2409093464469407e-10
1097,-1.1886862747782847,-6.532874401091682,-8.400156865721508,-14.276071791583794,-11.679395282485636,-15.796523007291505,-14.574296239112762,-10.715286878563248,-12.504310266969476,20.798063471874176,0.0059580007797086,0.0005696861171529,0.5708213385219821,74937.01327720012,1583554.7659979344,0.0843090749476147,0.9609575058065536,0.005958000588497159,0.005958000691176978,1.912114416455224e-10,8.853162213745547e-11
1098,-1.448755434986846,-5.586040172935267,-8.106594239747,-14.750416155121444,-12.30305913485676,-15.525586574746823,-17.23750665448372,-15.1938269772535,-13.041282078549568,21.923303858646488,0.005957999818843,0.0005590753939866,0.5816548479184929,74937.00119187128,1554060.171106445,0.0843090749476147,0.9655190915736656,0.005958000427551626,0.005958000505020969,-6.087086260389563e-10,-6.861779694791736e-10
1099,-1.274685026549332,-7.323164144206391,-8.03362568221188,-11.408599014500547,-12.83525031039136,-17.197736169719732,-12.01403429521869,-12.252015944385969,-10.54912189826934,20.18520847772852,0.0059580018297984,0.0005678943036262,0.5726225387812602,74937.02648474899,1578574.067390961,0.0843090749476147,0.9623420370107552,0.005958002184985787,0.005958002041379239,-3.551873864471311e-10,-2.1158083878675127e-10
1100,-1.1004819354899524,-7.809202755972363,-8.240820855911018,-11.6375134094621,-15.768440527853006,-11.963604426676532,-12.284515158576998,-12.980069339816191,-11.656218216975372,20.6340655661157,0.0059580008492944,0.0005637675320389,0.5768139865230644,74937.01415241756,1567102.8929698311,0.0843090749476147,0.9628993244374806,0.005958001716735616,0.0059580017226907745,-8.674412160791789e-10,-8.733963743207118e-10
1101,-1.1771654691098394,-5.926175727545997,-6.766988213007909,-11.23726844515744,-14.956502461342897,-15.336387687735964,-13.735956300622451,-15.43551951070184,-11.730733394918651,20.7918421791951,0.0059580009759775,0.0005597148145473,0.5809905322271475,74937.01574578062,1555837.5664927985,0.0843090749476147,0.9670378503576612,0.00595800040927501,0.005958000437646616,5.667024896224837e-10,5.383308842102363e-10
1102,-1.4420173116491255,-6.2606041008359785,-7.718917150029073,-13.624248627293593,-15.34306851122859,-17.21956455221053,-14.607134668226086,-15.812449656199083,-12.4278496051758,21.88282000535948,0.0059580001964784,0.0005586081071317,0.5821414691797553,74937.00594159588,1552761.2552580924,0.0843090749476147,0.9655848524579368,0.005958000102591574,0.005958000070672903,9.388682626482181e-11,1.258054970962319e-10
1103,-1.4740585579841088,-7.342046454387129,-6.428150289769805,-10.45682917762714,-15.366326316049877,-16.949967772828142,-14.13121509714744,-14.746965260835534,-12.361728378382344,20.736004406749256,0.0059580004783357,0.0005638274613373,0.5767526230202108,74937.0094866683,1567269.478258205,0.0843090749476147,0.966905307331134,0.00595800015490408,0.005958000266620777,3.2343162002790304e-10,2.1171492250310342e-10
1104,-1.0642042570335537,-8.04309311371359,-8.099242950898866,-12.873825742943032,-12.154789936849358,-14.344513126718958,-15.81114954614004,-10.612477133998311,-12.278070173674092,20.595249844132653,0.0059580004691046,0.0005686505792627,0.5718607847423423,74937.00937056438,1580676.2844762246,0.0843090749476147,0.961543293066398,0.005958002005366285,0.005958002030151231,-1.5362616847050536e-09,-1.5610466305021609e-09
1105,-1.3260100009323217,-6.336110246373019,-7.077851462958067,-12.53946411311584,-15.832781970171093,-14.216572790344598,-12.931837039160602,-15.429672840322034,-10.6451099631022,21.08966757895211,0.0059580006037225,0.0005632397237788,0.5773544794406642,74937.01106372713,1565635.7459554712,0.0843090749476147,0.9650289635131942,0.005958000339474984,0.005958000266617535,2.642475153621926e-10,3.3710496460254147e-10
1106,-1.4248407217165724,-7.031083612884492,-8.386877464199214,-10.24712040529945,-14.239846243805736,-13.70150285916669,-15.938839506024904,-11.694709829499311,-11.342418883922464,20.27278537825273,0.0059580022047831,0.0005675180472415,0.5730022334665661,74937.03120113566,1577528.1886636189,0.0843090749476147,0.96327733759589,0.0059580025310581606,0.005958002305735771,-3.2627506078852786e-10,-1.0095267156950971e-10
1107,-1.3947413639770796,-6.509250372365807,-8.881856792787259,-13.405021791508172,-15.271120426574711,-17.18201970244174,-15.91395235469003,-12.01582924780355,-13.075829116084492,21.53134913625891,0.005958000366345,0.0005663617202068,0.574171852521563,74937.00807810109,1574313.9499245174,0.0843090749476147,0.9621631166834648,0.0059580005668235046,0.005958000640318785,-2.0047850445709114e-10,-2.739737846313428e-10
1108,-1.4088362161883945,-6.741405596047047,-7.767999270584343,-11.419732400056777,-13.27539760926198,-16.444619197825496,-16.835622793715388,-13.452708117995424,-13.034316339400792,20.961411841991133,0.0059580010474398,0.000561039765199,0.5796184763026688,74937.01664459998,1559520.5277870055,0.0843090749476147,0.9656158619036792,0.005958001141691242,0.005958001108433167,-9.425144258806695e-11,-6.09933674747265e-11
1109,-1.2996141679123718,-7.006713360702949,-9.0090459017673,-12.91590347804972,-16.440026048051756,-14.96973891884301,-14.976883011475037,-13.794332278727536,-9.48354640905309,21.442738794259416,0.0059580005927928,0.0005767215428613,0.5638578628681182,74937.01092625737,1603111.1174269412,0.0843090749476147,0.961976117096973,0.005958000390428861,0.00595800016571687,2.0236393897393734e-10,4.270759301761018e-10
1110,-0.9896609362105824,-6.699544555504306,-7.517235150257628,-11.948890745941409,-14.01237358652899,-13.672104564544982,-13.208938332386705,-15.08585628625654,-13.26717018580497,20.9566155888158,0.0059580009210091,0.0005526137481307,0.5884562311359921,74937.01505441272,1536098.753787038,0.0843090749476147,0.966833915683818,0.005958001129607904,0.005958001012074466,-2.0859880402873676e-10,-9.106536531799936e-11
1111,-1.090589767538114,-8.153989293891916,-8.062648175282222,-10.69050580911178,-14.699328382641214,-12.442741098931856,-11.708642056839786,-15.539476515995936,-10.840758843915811,20.61352455794265,0.0059580018246865,0.000561883139876,0.5787485945121096,74937.02642045416,1561864.8538098964,0.0843090749476147,0.9658267122992906,0.005958002294732475,0.005958002459531347,-4.7004597523298e-10,-6.348448468307399e-10
1112,-1.2355303033122111,-6.642020695371014,-6.269738236446395,-12.809920656726776,-12.264514195241729,-14.682077980618022,-11.90065420946497,-13.78448488158513,-9.79335249607405,20.23420361831392,0.0059580004649091,0.000563859634515,0.57671971223409,74937.00931779508,1567358.909942178,0.0843090749476147,0.9636262754069632,0.0059580005493755275,0.005958000460435697,-8.446642777576452e-11,4.4734025511639075e-12
1113,-1.3680505435572428,-6.350114510277132,-6.099967273303541,-11.763397681473668,-11.419770471664282,-13.493877284152486,-16.59768318770172,-13.37187235558083,-10.940260713410582,20.23096598754864,0.0059580008912854,0.00056481923991,0.5757399502135369,74937.01468056104,1570026.322138291,0.0843090749476147,0.9653762461159914,0.0059580015210399595,0.005958001499863213,-6.297545592642839e-10,-6.085778131437181e-10
1114,-1.400180912109615,-6.076816022053439,-6.139383218252759,-12.305959641092205,-15.092237883766238,-13.300681165669252,-17.046925604432488,-15.486806470859376,-10.515897177168656,21.12086881392841,0.0059580008922465,0.0005680806626986,0.5724345546271512,74937.01469265037,1579092.0891373265,0.0843090749476147,0.966336593042992,0.005958000474786515,0.00595800029315436,4.17459984983215e-10,5.990921404797067e-10
1115,-1.4125137200936204,-7.774563731387186,-6.691440988358158,-13.492746627870288,-16.155280289856623,-13.501361368876369,-14.252609012959043,-11.053971789140064,-12.914498772053935,20.92710948798593,0.0059580003348769,0.000569987731358,0.5705192193125445,74937.00768230924,1584393.1620858407,0.0843090749476147,0.9615072945614892,0.005958000878380082,0.005958000895369331,-5.435031816963809e-10,-5.604924311133908e-10
1116,-1.0686097048727063,-7.270959849196229,-7.832599390327057,-10.311071294588393,-16.456271144691865,-15.77077316776882,-11.913316453067672,-13.449806751658622,-12.876915024280184,20.5750900477728,0.0059580008250978,0.0005628424756353,0.5777620022007088,74937.01384808432,1564531.5165001375,0.0843090749476147,0.9649090360177844,0.005958001483381632,0.005958001517904879,-6.582838319585393e-10,-6.928070790668261e-10
1117,-1.2947797063084026,-6.488332967596309,-8.9226246468797,-11.76072791461038,-14.625742432934768,-11.807688727697473,-16.00884371424407,-14.644141457831113,-12.444587690467978,21.227220600018715,0.005958001756603,0.0005582327399333,0.5825331419081097,74937.02556413187,1551717.8481990283,0.0843090749476147,0.9656006897071197,0.005958001103745539,0.005958000953244962,6.528574608005711e-10,8.033580380789607e-10
1118,-1.1666335106939962,-5.984218222503202,-7.684866291360781,-11.092804152477708,-14.297945973592116,-14.180467225261449,-15.76089755807053,-14.902492846241486,-13.272113371607457,20.97945986567152,0.0059580011393988,0.0005560989114531,0.5847683113222294,74937.01780121875,1545786.4516671656,0.0843090749476147,0.9675262439635977,0.00595800082326443,0.0059580009401359,3.1613436955041374e-10,1.992628995833856e-10
1119,-1.3436059530516662,-6.098848040658267,-7.824943564878938,-14.024473017080146,-16.653829121791205,-11.614794690819725,-13.691263517742062,-12.131078873257168,-13.640206953372989,21.24868631081935,0.0059580002408224,0.0005643511591496,0.5762173826343074,74937.0064993352,1568725.199473206,0.0843090749476147,0.9622487467988048,0.005958000296057004,0.005958000174514052,-5.523460421680282e-11,6.630834770149363e-11
1120,-1.0799171827305074,-6.699997923230931,-7.838933043044209,-12.192337917246723,-11.37990665026405,-16.73181980786061,-16.277622349500252,-15.245255750338517,-9.38564163906095,20.921639530139,0.0059580014851025,0.0005724486236314,0.5680667858341211,74937.02214932148,1591233.6968483722,0.0843090749476147,0.965284666820934,0.005958001656988748,0.005958001645339367,-1.718862482902317e-10,-1.602368671776988e-10
1121,-1.2284047970663692,-6.285860301886874,-7.930396557540643,-13.952924419969696,-14.005952405356666,-14.521698707887529,-16.54158436606271,-11.314589810476107,-13.213873728885424,21.187705286320927,0.0059580005750851,0.0005646461311587,0.5759164142517033,74937.0107035384,1569545.1322691403,0.0843090749476147,0.9621507438298053,0.005958000241413208,0.005958000234893603,3.3367189219979387e-10,3.4019149736802534e-10
1122,-1.1718202497552386,-7.542469971930081,-6.496216739088242,-10.31262039366484,-13.944555543472772,-14.917800559774292,-12.820661773577791,-11.998895580707522,-9.611631995709308,19.69210913825156,0.005958002512118,0.0005706984342294,0.5698090519603983,74937.03506665406,1586368.700694507,0.0843090749476147,0.962935422740924,0.005958001337707844,0.005958001357155079,1.1744101559296727e-09,1.1549629213084e-09
1123,-1.163860318697623,-8.171952191753572,-7.720950050399367,-11.087264451501731,-11.611843175784896,-17.284531130912214,-16.29650845772911,-11.688031219916995,-13.00725182731591,20.46859814966229,0.005958005567239,0.0005658726146744,0.574668883869769,74937.07349257052,1572954.3847647735,0.0843090749476147,0.9640877372539745,0.005958003005730938,0.005958003123340089,2.561508062083606e-09,2.4438989113667597e-09
1124,-1.2459770286839689,-7.761597712108921,-9.081384987519838,-10.476191970521525,-13.66202997196009,-16.144482516112184,-13.1507537063317,-12.590187738101395,-9.244702921028551,20.256393104893235,0.0059580032385864,0.0005743128165592,0.5662231171994941,74937.04420384193,1596415.5882561267,0.0843090749476147,0.9621992181458296,0.005958003409268531,0.005958003662064445,-1.7068213162274581e-10,-4.234780451653486e-10
1125,-1.272297938560918,-6.796506435079125,-8.03548287581786,-10.191991553417608,-12.646574068412054,-12.335168765921498,-13.915415776723377,-10.584094486494449,-9.26477608805149,19.41014357721728,0.0059580059973728,0.0005728365787935,0.5676827059255546,74937.07890259693,1592312.0946315809,0.0843090749476147,0.9616071459159644,0.005958003237467379,0.0059580030444265,2.759905421388653e-09,2.952946300677217e-09
1126,-1.3661122992402928,-6.225619357251913,-7.346460418130559,-12.389825833158913,-12.022924219056138,-14.784891834647574,-12.206686752201076,-14.05663671522463,-11.570943002274346,20.449146456655672,0.0059580010369419,0.0005569169830069,0.58390931308049,74937.01651256288,1548060.4426752666,0.0843090749476147,0.9648014503548072,0.005958001560773599,0.005958001638584183,-5.23831698504007e-10,-6.016422828686308e-10
1127,-1.1147630128055124,-8.19840721897202,-7.365843032449622,-11.892262912425284,-15.134273774307454,-14.132233793016969,-11.812738933435735,-13.051699037211456,-10.831439581931589,20.528609942721264,0.0059580011478871,0.0005665547390899,0.5739763515099747,74937.0179079803,1574850.483926594,0.0843090749476147,0.9626709180887408,0.005958001413891542,0.005958001374954071,-2.6600444156393843e-10,-2.2706697112850893e-10
1128,-1.381323891395057,-7.110122860409271,-6.224575983276319,-13.05891094773537,-15.197544528191408,-14.60726525985517,-12.701151116584096,-10.899176905211142,-12.91196436140847,20.47213646694944,0.0059580003081899,0.0005675820856578,0.5729373099405801,74937.00734665256,1577706.196054526,0.0843090749476147,0.9618875256165904,0.005958000474954051,0.005958000396886809,-1.6676415109939668e-10,-8.869690919233175e-11
1129,-1.2381288448006622,-7.797116156372284,-6.081208643400313,-11.928470114248183,-12.614271668323,-16.215184767660613,-14.96000694570943,-14.432205435665509,-10.936836870583942,20.66277937758892,0.0059580009458886,0.000564104511493,0.5764694288211656,74937.0153673354,1568039.5937328597,0.0843090749476147,0.9655467427684208,0.005958000788202756,0.005958000829960557,1.5768584354924897e-10,1.1592804320670336e-10
1130,-1.346741938314486,-8.303186872707778,-8.97402144357628,-12.224296141883418,-13.46869825441677,-15.140438958797557,-16.848141771623315,-13.307956946653745,-12.445637382101417,21.354497091720297,0.0059580004928513,0.0005631870599787,0.5774084519232426,74937.00966923987,1565489.3565508467,0.0843090749476147,0.9638085795429472,0.005958001930882055,0.005958001985460121,-1.4380307543707116e-09,-1.4926088203956467e-09
1131,-1.4343039155561628,-6.265079165367306,-7.279661277087017,-12.283777911075774,-11.275285207650136,-13.174604604778864,-16.8897312314059,-15.49609344934706,-10.242516692763122,20.827478989863465,0.0059580013143051,0.0005686503020282,0.5718611852281791,74937.02000111018,1580675.5138482798,0.0843090749476147,0.9663749189590548,0.0059580016373257305,0.005958001490548948,-3.2302063020933636e-10,-1.762438476410333e-10
1132,-0.9937565900998556,-7.645913014674187,-6.553076170841824,-9.922515328821216,-12.0777530734852,-16.082978934378197,-15.460890975447954,-12.82137071928892,-12.742800901064294,20.048413428411795,0.005958003081608,0.000562695614367,0.5779131240497529,74937.04222943915,1564123.2866795145,0.0843090749476147,0.9663538179674628,0.00595800256933388,0.005958002462119501,5.122741198251846e-10,6.194884986931992e-10
1133,-1.3924198043164393,-6.69708171334157,-6.495982049602365,-13.550713476942454,-11.802453822577236,-11.853252569287234,-14.367133310818032,-15.660271316414937,-11.070127926758747,20.91870133281592,0.0059580007341241,0.0005611474401063,0.5795072113971085,74937.01270385856,1559819.8313989548,0.0843090749476147,0.966080725671452,0.0059580008756587,0.005958001117705217,-1.415346000122053e-10,-3.835811173899528e-10
1134,-1.101755887767769,-7.163248638475165,-7.190098540804339,-10.72387892769449,-14.418893052119198,-13.9396874084794,-15.362913062306111,-10.588252387949712,-10.988407381458426,19.97599729717116,0.0059580021573519,0.0005714894677204,0.569020293612592,74937.030604568,1588567.5340816707,0.0843090749476147,0.9622146836442688,0.005958001567493974,0.005958001578471811,5.898579263918791e-10,5.788800888292811e-10
1135,-1.2510358384833655,-7.65055854841804,-6.190219292123382,-12.469445488185416,-15.78010588486656,-16.153416180369288,-11.684420072875326,-15.025731640750832,-13.159919266168638,21.11355351174801,0.0059580003217723,0.0005592111608113,0.5815137057841415,74937.00751748557,1554437.5617358382,0.0843090749476147,0.9659537373377536,0.005958000547433088,0.005958000461045039,-2.256607877990091e-10,-1.3927273830732778e-10
1136,-1.325832288563377,-5.979832766842648,-6.634016019963532,-10.58903682167401,-16.334051313285162,-14.189330381427595,-16.302532817780715,-11.75767035232034,-13.228926980126769,20.44522392872201,0.0059580009575246,0.0005655426663663,0.5750034892643096,74937.01551368852,1572037.228457102,0.0843090749476147,0.9647451285411074,0.005958000727400316,0.0059580007534458385,2.3012428421176345e-10,2.0407876170219774e-10
1137,-1.461913939121746,-5.971511782232724,-7.029294820852176,-13.459212828677316,-11.542496401085566,-16.393123636635934,-17.310914472019626,-11.823933314302352,-13.19816982798322,20.875438524687155,0.0059580004914725,0.000563853003803,0.5767264981109779,74937.00965189701,1567340.4785722203,0.0843090749476147,0.9637250006481968,0.005958000795773817,0.005958000765510179,-3.043013176509679e-10,-2.7403767970113346e-10
1138,-1.3043596788008518,-6.331243338941517,-8.746181994666804,-11.774047478200732,-13.48326184833662,-16.841068878481103,-14.324561536477088,-14.288470707580892,-12.24290772090194,21.059717037063155,0.0059580022000563,0.0005584172315216,0.58234074784702,74937.03114168387,1552230.67890567,0.0843090749476147,0.9650736004800043,0.005958001783813348,0.005958001672658887,4.1624295243208875e-10,5.273974130678982e-10
1139,-1.144695935277424,-6.347352689061077,-7.730559455340103,-14.3402903220763,-16.053436061321953,-17.095474061742003,-12.29979739506847,-13.76477690957458,-12.272317481705173,21.54841370997096,0.0059580001999253,0.0005660739288779,0.5744637367564572,74937.00598495029,1573513.9772434551,0.0843090749476147,0.9625443281874484,0.005958000340309068,0.005958000512125022,-1.4038376797836927e-10,-3.1219972180390743e-10
1140,-1.2927256117534125,-7.422924763781184,-6.543534772162528,-13.505198211028455,-13.69551067279589,-16.640296930333115,-13.365225755368826,-15.825152343110627,-12.435902358111736,21.43291353347995,0.0059580002530321,0.0005570175509618,0.5838037746745257,74937.00665290307,1548339.9911134408,0.0843090749476147,0.9661889612690886,0.00595800025545103,0.005958000300640264,-2.4189296399246274e-12,-4.7608163938894776e-11
1141,-0.9935538381107544,-7.48015718049339,-6.5143527959377305,-14.734151047028757,-11.155626791401051,-16.83547637745616,-15.327875647213986,-15.814369487210095,-11.110818035973232,21.522201389665824,0.0059580004234627,0.0005650087345659,0.5755467886960924,74937.00879650076,1570553.0598564998,0.0843090749476147,0.9653973874706164,0.005958000340927981,0.005958000409163624,8.253471951019664e-11,1.4299076679658018e-11
1142,-1.3687989180595432,-8.20187294513474,-7.910263280766438,-13.010981134650724,-13.687279395085389,-12.655853005689949,-12.588763753502882,-10.799564621311353,-10.56497900359444,20.320155301925112,0.0059580007070971,0.0005747614067519,0.5657808303859294,74937.01236392563,1597662.5330495485,0.0843090749476147,0.9601152125753358,0.005958001110725129,0.005958001156109986,-4.0362802856963587e-10,-4.4901288590026844e-10
1143,-1.005659394609587,-6.706511472272679,-8.540645695625411,-10.852795130902024,-12.984937670015633,-13.082901217614134,-13.542485814961015,-13.525208759364558,-11.246747769889971,20.32030405302506,0.0059580059682521,0.0005590015105821,0.5817326260529836,74937.07853633103,1553854.7976317122,0.0843090749476147,0.9645618559220532,0.005958003534397508,0.00595800356059934,2.4338545918239918e-09,2.407652759453538e-09
1144,-1.1325573623977454,-6.493947633162786,-7.962222692114716,-12.397683884651762,-11.82322257671844,-15.877214916614124,-12.776009761244424,-10.737041656919995,-12.54803117136762,20.13434227826346,0.0059580005948569,0.0005636215242913,0.5769633748563402,74937.0109522189,1566697.0356780242,0.0843090749476147,0.9620277652606712,0.005958002150896111,0.005958002115621366,-1.556039211543514e-09,-1.5207644666129227e-09
1145,-1.3108699162721935,-7.362305076458155,-6.525747975979213,-14.138248807598885,-14.141419056095016,-14.159765905535078,-12.324797560565948,-12.662889642997504,-12.704898997983271,20.90690993746904,0.0059580002351443,0.0005612636762272,0.5793871243064557,74937.00642791812,1560142.9325906397,0.0843090749476147,0.96264968545539,0.0059580001694578945,0.005958000269242936,6.568640509990731e-11,-3.4098636240986746e-11
1146,-1.2077628318528528,-7.851715998691214,-7.186026490780419,-10.652376926722257,-14.037948315323847,-12.201656786991824,-13.172996556871492,-12.04519125551847,-10.92039782434116,19.93145284174913,0.0059580030248787,0.0005640801121663,0.5764946657924548,74937.04151592439,1567971.7709984898,0.0843090749476147,0.963181038734604,0.005958002219713467,0.005958002247200007,8.051652330975934e-10,7.776786922764067e-10
1147,-1.447885232391436,-5.836466934906397,-7.45014912426717,-13.203407019265972,-16.424036261945968,-12.78367625291569,-14.416142058878725,-10.577228611270844,-12.88511511225852,20.751894031159544,0.0059580007311254,0.0005703421814299,0.570164716096931,74937.01266614179,1585378.4258719485,0.0843090749476147,0.9613457493548826,0.005958000812384564,0.005958000945585049,-8.125916346052309e-11,-2.1445964882432778e-10
1148,-1.402096782984754,-8.314119978467549,-6.553672588916651,-12.45926266315822,-12.920130485004606,-16.959591962202104,-17.25364714857151,-15.3024639321143,-12.66804393154323,21.45350191857826,0.0059580009278949,0.0005637601395685,0.5768215615804098,74937.01514101877,1567082.3441422838,0.0843090749476147,0.9668444076988368,0.005958000153553005,0.005958000152078916,7.743418952918524e-10,7.758159843718193e-10
1149,-0.9912706808029524,-6.279980614897687,-6.919310124856761,-13.179750256771664,-11.471516435568,-15.166516390421274,-13.294948309979205,-12.248851724678666,-12.642575657867765,20.397865948749327,0.0059580010007937,0.0005579297830442,0.5828493475588507,74937.01605790757,1550875.719856429,0.0843090749476147,0.9635906036379112,0.00595800121998336,0.005958001268523552,-2.1918965947831381e-10,-2.677298513095727e-10
1150,-1.4548380221022732,-7.729755338017538,-8.509235591618127,-10.04892722783748,-12.177532322827217,-12.28985422033366,-12.537530518067484,-15.687828757624812,-11.37770548695787,20.34754021423288,0.0059580042741831,0.0005610436000729,0.5796149853277345,74937.05722910436,1559531.1875741277,0.0843090749476147,0.9672902765417706,0.005958004683557292,0.005958004488910603,-4.093741916635918e-10,-2.1472750313944466e-10
1151,-1.127236947338426,-5.727238184492332,-7.3110012245401315,-10.894534027100764,-12.739686919319672,-13.847956017577646,-12.166967117584951,-14.64054060648157,-12.45145052999528,20.23122876361783,0.005958002428808,0.0005536383505043,0.5873674152932279,74937.03401881857,1538946.837886582,0.0843090749476147,0.9670682779610956,0.005958002391807107,0.0059580023205165235,3.7000892801064555e-11,1.082914764805043e-10
1152,-1.19499652262389,-8.149077679912642,-7.127535735402415,-10.092897397064757,-13.398234838666433,-16.952962871261292,-15.105518472845498,-11.818731295875676,-12.23700066133196,20.17052026548156,0.005958001032196,0.0005668128920119,0.5737149193053482,74937.01645287096,1575568.070818196,0.0843090749476147,0.9642176023649276,0.005958002095288009,0.005958002191641033,-1.0630920085213935e-09,-1.1594450330387751e-09
1153,-1.0020805188652422,-5.765566431304366,-8.972044521488547,-14.469308295291354,-13.502594506835337,-14.92466661037442,-13.37197678279114,-13.965008170164438,-13.293000624594232,21.53673662736724,0.0059579999154542,0.0005559348313018,0.5849407212214938,74937.002407002,1545330.358569913,0.0843090749476147,0.9635948514192648,0.005958000644259254,0.005958000524092586,-7.288050545006808e-10,-6.086383862180522e-10
1154,-1.0566327414140797,-6.5762253082009705,-8.516910675654795,-13.515054048328572,-11.40463266158448,-13.100432991998812,-16.646910405923673,-11.090015446052828,-12.733508914614807,20.750953203617147,0.0059580016904394,0.0005662301060159,0.5743055041359861,74937.02473195588,1573948.1023588888,0.0843090749476147,0.9621797759188908,0.0059580020111555795,0.0059580019165274,-3.2071617930840013e-10,-2.260879998841614e-10
1155,-1.1969463026560554,-5.62562848119107,-7.492289061303309,-11.387177350473753,-12.227284778707803,-13.10017796425772,-15.835560445079158,-14.505659026704276,-11.31978736789782,20.51324129819116,0.0059580022546538,0.0005604594512928,0.5802188042948793,74937.0318283873,1557907.4309881388,0.0843090749476147,0.9663402371036516,0.00595800209163811,0.005958002167630613,1.6301569035620522e-10,8.702318726738767e-11
1156,-1.3130103822618435,-7.837143515828641,-7.527541099831635,-11.98419362295899,-11.505532191679492,-14.675210254113187,-15.318193656902247,-10.83061572847858,-9.217444874756069,19.98860234408706,0.0059580012310853,0.0005787300442756,0.5619010661387781,74937.01895440926,1608694.142695325,0.0843090749476147,0.9611107102550354,0.005958001830251756,0.0059580019609455385,-5.991664560334176e-10,-7.298602382188601e-10
1157,-1.122795641675458,-8.251366152513542,-7.243117561925887,-14.38446947423512,-14.541224358852642,-14.76289159375357,-15.564169739641104,-11.418060904677212,-11.62679887592098,21.214750023623274,0.0059580005384022,0.000573376961624,0.5671469102172679,74937.01024215753,1593814.195140853,0.0843090749476147,0.9608653495709146,0.005958000076586905,0.005958000014611276,4.6181529520655795e-10,5.237909238287042e-10
1158,-1.2613694897122392,-8.204121683152232,-8.557767955351455,-10.254134567266467,-13.201412976867925,-11.782581564383566,-15.416090851960142,-15.573812777788453,-11.86383196844871,20.802283069362964,0.0059580006205186,0.0005631116399957,0.5774858053016843,74937.01127498047,1565279.711853624,0.0843090749476147,0.9673235222083436,0.005958003269408236,0.005958003373600999,-2.6488896362822367e-09,-2.7530823992066855e-09
1159,-1.0891462565767696,-5.95553610046128,-8.830118730852895,-11.22734966049284,-13.352042724276918,-14.804847901050458,-15.674741804419474,-13.457692602603714,-11.410309067364825,20.7190304649436,0.0059580033000633,0.0005616827679131,0.5789552695040803,74937.04497706982,1561307.8804742782,0.0843090749476147,0.9645130848924324,0.0059580025765196215,0.005958002703980051,7.235436780966831e-10,5.960832487328371e-10
1160,-1.1482360944082253,-7.544722292700701,-6.686309466046707,-12.53104536989144,-15.007793574956064,-13.733947134289515,-15.066717898597943,-11.76890343190803,-11.28936830150175,20.62748447800536,0.0059580005790196,0.0005684207853629,0.5720919851524274,74937.01075302437,1580037.5270721605,0.0843090749476147,0.9622914290988028,0.005958000651862418,0.005958000679981591,-7.284281771519074e-11,-1.0096199050402266e-10
1161,-1.182842784766419,-6.924529163552377,-7.611819838056486,-10.382938426681523,-13.587442847303045,-12.21035380267707,-13.67559631027664,-11.270381246403328,-9.36110803644418,19.6082136014777,0.0059580016980499,0.0005709250155661,0.5695827967760088,74937.02482767723,1586998.528146437,0.0843090749476147,0.9620737873994812,0.005958002217773629,0.0059580020498113655,-5.197237293308454e-10,-3.517614654419132e-10
1162,-1.136587615089185,-5.85546324931545,-8.459121258063366,-13.569661494633737,-12.40715099841888,-16.121495309837155,-13.73955118061163,-15.725231524061318,-12.121401331466656,21.43385448218732,0.0059580006335562,0.000556527062904,0.5843183586944035,74937.01143896113,1546976.5829520186,0.0843090749476147,0.9657103214935984,0.005958001230370909,0.005958001225306481,-5.968147087642706e-10,-5.917502807206709e-10
1163,-1.2352634295798588,-5.643784554511486,-7.06906741012301,-12.897504675775496,-15.518053152112302,-12.966577473919466,-11.930087521778546,-11.114036099533523,-12.77048294678892,20.3556615529244,0.0059580007114031,0.0005655391178602,0.575007061525347,74937.01241808453,1572027.3646854188,0.0843090749476147,0.9619362026706146,0.005958000467268132,0.005958000378912355,2.4413496831771075e-10,3.324907450058534e-10
1164,-1.2327551052992876,-5.7996923183779945,-8.032154880129061,-12.609932479076589,-16.191514253900557,-13.55342763072276,-12.54123472695505,-14.037929848458042,-12.544353648656273,21.084432547891588,0.0059580005381677,0.0005586488355465,0.5820990781042218,74937.01023920852,1552874.4679086308,0.0843090749476147,0.9641876718643894,0.005958000578276939,0.005958000530436186,-4.01092388468971e-11,7.731514213571433e-12
1165,-1.4643110578496226,-7.716394691378978,-8.509606620085552,-11.445723477905826,-14.12951192532942,-17.028029549373414,-15.247168396443666,-13.563384691712963,-12.78170130339378,21.13481840246676,0.005958001607188,0.0005609663775528,0.5796943857763671,74937.02368485727,1559316.5323700255,0.0843090749476147,0.9646430149386268,0.005958001528528659,0.005958001477539767,7.865934032597055e-11,1.2964823225408706e-10
1166,-1.4616422484050977,-5.997167328609207,-7.237489220266579,-9.97631391801538,-13.632306199165384,-15.9361918133849,-16.027648299015418,-11.027148232801265,-13.26510906765729,20.018496936537915,0.0059580009533049,0.0005641440482016,0.5764290293935646,74937.01546061486,1568149.4938013607,0.0843090749476147,0.9646721588332208,0.005958001890905397,0.0059580019608317485,-9.376004972416752e-10,-1.0075268484094346e-09
1167,-1.2454735093548726,-6.176631120021982,-7.663901740975193,-12.62835914224007,-16.331157469828547,-15.775848802306092,-16.537703049443007,-10.932377904356034,-13.60719339025456,21.09913667763425,0.0059579999841783,0.0005689550059904,0.571554733461238,74937.00327138213,1581522.498524666,0.0843090749476147,0.9624762029202524,0.005958000678199388,0.005958000748795997,-6.940210879949338e-10,-7.646176972825325e-10
1168,-1.3713556722071678,-6.339598489660535,-7.817642169729956,-12.425541693515234,-13.471852305710254,-13.756449964132566,-15.150900725364352,-11.23993035378626,-10.687600237836282,20.38395435144892,0.0059580007096266,0.0005693308815521,0.5711774940197525,74937.0123957405,1582567.3186794906,0.0843090749476147,0.9616886060407668,0.005958000981733455,0.005958001052311659,-2.7210685440981486e-10,-3.4268505828133344e-10
1169,-1.417000045961524,-6.348843947900055,-7.211489460639211,-13.53849384703838,-14.32212753700783,-15.223518520739129,-13.610705667969253,-12.727313360535463,-13.059184877368429,21.019792415290823,0.005958000134582,0.0005584551780339,0.5823008755309189,74937.0051630921,1552336.1587102949,0.0843090749476147,0.9633343195041256,0.005958000351854554,0.005958000353225594,-2.172725541149667e-10,-2.1864359454892845e-10
1170,-1.3175143598759942,-8.046194705189603,-8.573708266644104,-14.246703371783246,-14.571297019233665,-15.259090601129682,-16.06906265495156,-14.866128966816712,-10.682371325772928,21.957757745359004,0.0059580001156945,0.0005679230279623,0.572593329653057,74937.00492553393,1578653.9123407144,0.0843090749476147,0.9631236032583124,0.0059579999365793465,0.005957999852300199,1.7911515326485272e-10,2.633943011615125e-10
1171,-1.0675651218153686,-6.045869124347302,-7.66087048869062,-9.953401190225742,-12.00835391495811,-12.318186702306,-16.786507778500315,-13.46868742798092,-11.107892577125796,20.03658863575568,0.0059580016846428,0.0005652493270734,0.5753019958495046,74937.02465904901,1571221.8341171972,0.0843090749476147,0.9661078332568248,0.005958003578307326,0.005958003804976564,-1.8936645264019947e-09,-2.1203337636013786e-09
1172,-0.9967813869518144,-6.059613911217165,-6.257249730573724,-13.185255877792976,-13.861302933200108,-12.332332673372886,-12.911589666939957,-15.596030061060649,-10.647606413914716,20.810233701356427,0.0059580003355257,0.0005597759787512,0.5809269563347341,74937.00769046973,1556007.5844443217,0.0843090749476147,0.965714948152325,0.005958000575430614,0.005958000501235431,-2.3990491451048035e-10,-1.657097315269085e-10
1173,-1.0321068703062113,-5.70080873542323,-7.052317894994385,-14.348759476732912,-14.528067705765714,-13.060000575609818,-12.28735099676895,-14.649147923865078,-12.48990632003927,21.21250610442012,0.0059580004409021,0.000556767074541,0.5840664418967997,74937.00901584588,1547643.742568794,0.0843090749476147,0.9644171730066732,0.005958000212379006,0.00595800020874914,2.285230945447969e-10,2.3215296005019148e-10
1174,-1.1739299745280007,-7.623513706538903,-7.144669783121229,-13.993380555748333,-13.408937838080492,-13.521759365606547,-16.45846399732166,-11.733820495996872,-10.500490450516883,20.925267530420644,0.0059580003428969,0.0005744685500996,0.566069206246977,74937.007783182,1596848.4803042396,0.0843090749476147,0.9613531610861497,0.005958000115233037,0.005958000134111275,2.2766386258837867e-10,2.0878562507348208e-10
1175,-1.0617789062750544,-8.15745302764891,-8.728104216141615,-14.076368032505668,-13.75479018762906,-16.156586933846203,-16.517458360133347,-15.23649777114922,-9.480181322432124,21.89443377611472,0.005958000088481,0.0005744225366061,0.5661145143449866,74937.00458325444,1596720.5767365904,0.0843090749476147,0.9632071448028404,0.0059579999685032605,0.005958000051969096,1.1997773954885993e-10,3.6511903743485785e-11
1176,-1.0537846652089735,-6.340990524042786,-8.87075436358597,-12.093765749945016,-14.272014180229258,-15.914584535811054,-16.70405894607139,-11.868144350283137,-10.638579489440954,20.87841602603239,0.0059580010723205,0.0005734445918112,0.567080098985244,74937.01695753876,1594002.186566575,0.0843090749476147,0.962043182778541,0.005958001446688411,0.0059580014751677065,-3.7436791080341925e-10,-4.028472061143318e-10
1177,-1.1139940599126668,-8.108457356010433,-7.0488068409194895,-12.46355097288265,-16.491407264094526,-15.292647470815242,-15.592036408316485,-15.16893290462539,-9.884517516066476,21.4561265935386,0.0059580007278299,0.000573075224631,0.567445552881295,74937.01262469304,1592975.4577398382,0.0843090749476147,0.9643422326858044,0.005958000278812739,0.005958000313157779,4.49017161126275e-10,4.1467212129331354e-10
1178,-1.369341381188734,-7.896734316502574,-7.983945783954473,-10.436312631655422,-14.309333332121977,-16.16686470389228,-13.94693016299571,-12.948489730109298,-10.091848726308294,20.372501939691773,0.0059580009794535,0.0005706075378093,0.5698996012781267,74937.01578949956,1586116.0361920283,0.0843090749476147,0.9633283194653046,0.005958001903246199,0.005958001792383545,-9.237926994545842e-10,-8.129300453282862e-10
1179,-1.1714211253527886,-7.930175452188809,-6.646798688526824,-11.142463031911769,-13.759820941006588,-15.701179504824555,-13.223911547872431,-14.466587179084982,-11.645370190341064,20.56654360042189,0.0059580015408674,0.000560362411776,0.5803191781123913,74937.02285070781,1557637.6905386944,0.0843090749476147,0.9657999845957472,0.005958001208823011,0.005958001175284282,3.3204438851242024e-10,3.6558311759804507e-10
1180,-1.241117834665182,-8.122670401486168,-6.981395144539285,-10.75335281956901,-15.878714565690196,-12.283372811813006,-14.418679245986874,-11.44693326236236,-9.696288557597953,20.07418691324956,0.0059580010796239,0.000576840988841,0.5637411743887719,74937.0170493972,1603443.1410531625,0.0843090749476147,0.9618646470748964,0.005958001390556459,0.005958001482984383,-3.109325592137724e-10,-4.033604830352977e-10
1181,-1.422737595997903,-5.816382351842433,-6.444376018909496,-11.78085792453323,-14.23133662959631,-12.590813395662945,-12.84567154053075,-15.430968261687198,-12.063166756313116,20.61583965930406,0.0059580013127931,0.0005555667815005,0.5853284364773162,74937.0199820934,1544307.291657415,0.0843090749476147,0.967176253443188,0.005958000602826724,0.005958000451881585,7.099663756199304e-10,8.609115148203172e-10
1182,-1.2815633863783722,-7.543163838679108,-7.021047840656575,-14.274105135776097,-16.33666077308731,-11.639868364087391,-14.816406429241916,-15.520478138178404,-9.788553400645984,21.658002647355243,0.0059580008023368,0.0005722900766858,0.5682240650867462,74937.01356180673,1590792.9843861954,0.0843090749476147,0.9636292190050229,0.005958000389655247,0.005958000192043325,4.1268155299284404e-10,6.102934754781408e-10
1183,-1.2348087544807966,-5.775773288149532,-7.726594251726233,-13.984728434754343,-13.886431706490589,-12.201513666905218,-12.173241070342511,-12.675488035139312,-11.123945233510057,20.67226324145656,0.0059580003583892,0.0005651265730475,0.5754267679954058,74937.00797803688,1570880.6151252612,0.0843090749476147,0.9618633375949304,0.00595799997061297,0.005957999948102096,3.877762303969301e-10,4.102871037706124e-10
1184,-1.4329048140233158,-7.084677887566579,-7.155870814914495,-11.709590341413406,-15.884475063665128,-17.062029888442098,-17.48183898133724,-12.862966238662716,-13.733916629785158,21.29543134461399,0.0059580012064257,0.0005653717881309,0.5751773146324757,74937.01864425265,1571562.2387461632,0.0843090749476147,0.9649762907651614,0.005958000022017668,0.005957999997284355,1.18440803258818e-09,1.2091413452083866e-09
1185,-1.4628876755644242,-5.649546504923377,-7.066767300086964,-10.787670732559704,-12.797288104889216,-11.87703828319112,-16.323745598219578,-14.149813713659796,-9.690413158343333,20.18105591128817,0.0059580016386899,0.0005679240145136,0.5725925545413467,74937.02408107353,1578656.65465431,0.0843090749476147,0.9656336464910744,0.005958001431947609,0.005958001718734321,2.0674229082168205e-10,-8.004442161174685e-11
1186,-1.1130572881939402,-8.290529169794066,-7.966625747654221,-13.00005416245347,-12.072326030879472,-17.025556245079812,-15.200511982492946,-13.65485307683384,-11.287841191887171,21.13068583265139,0.0059580010929592,0.0005654443487151,0.5751034886377568,74937.01721712311,1571763.9351812033,0.0843090749476147,0.963483437124885,0.0059580014289772375,0.005958001392453703,-3.360180371794752e-10,-2.9949450298244473e-10
1187,-1.4312154201884912,-8.320192536722406,-6.789383879956088,-14.429122814123708,-16.056362687310024,-12.95999753293283,-14.505638572518825,-13.21539397545945,-13.647772700618532,21.6244472759895,0.0059580002649514,0.0005614921226606,0.5791514015305965,74937.00680281901,1560777.9444462466,0.0843090749476147,0.963128438490261,0.005958000750480344,0.005958000757322118,-4.855289443064792e-10,-4.923707179818604e-10
1188,-1.459480673278523,-7.288804834861448,-7.350372322603692,-10.912034861923717,-14.109714711373732,-12.252098600472785,-15.816342190123406,-15.192869519849944,-10.811174080230469,20.753555268314244,0.0059579999525769,0.0005646612292038,0.5759009250052705,74937.00287391426,1569587.1002590717,0.0843090749476147,0.9664186318754874,0.005958000850720887,0.005958000852749895,-8.981439871338925e-10,-9.001729951718662e-10
1189,-1.2841370447484557,-5.977784941918915,-8.242153020246334,-10.028474551014783,-15.254457802584898,-13.209048022835182,-17.17196925935153,-10.879036380598038,-11.996257839218435,20.220170376058004,0.0059580012713922,0.0005702939955388,0.5702129686245442,74937.01946137154,1585244.4836970037,0.0843090749476147,0.9632761629129096,0.005958002102022565,0.005958002239517703,-8.306303657043546e-10,-9.681255033755498e-10
1190,-1.4293602927836824,-8.035214295460554,-7.40364318835329,-13.644727782897547,-15.834616944779745,-16.08279415994732,-17.316812703306255,-15.680664270129569,-11.243958423585408,22.113770389736068,0.0059580000581406,0.0005678904243881,0.5726261949318929,74937.00420164669,1578563.2842847588,0.0843090749476147,0.9648957300839094,0.005957999949274747,0.005957999966025824,1.0886585296437934e-10,9.211477587645067e-11
1191,-1.076208275535988,-7.161584363065281,-8.426682225009996,-10.794334650874394,-12.489165727527013,-14.838114740638275,-12.18744423376776,-11.079463710990863,-12.82024041078077,19.916386161161125,0.0059580048200235,0.000560856942968,0.5798079649183467,74937.06409443585,1559012.3373878312,0.0843090749476147,0.9630015720301708,0.005958004511659374,0.005958004515950115,3.0836412590051765e-10,3.0407338452720367e-10
1192,-1.2918847232195398,-8.093805782354131,-7.149879545143112,-12.974995741801814,-11.219384462175398,-11.900981358946598,-12.290935692371658,-11.623180398508508,-10.898807270765976,20.013301808679635,0.0059580022315889,0.0005668770376154,0.5736501731742293,74937.03153828642,1575746.3761568426,0.0843090749476147,0.9616918384619428,0.0059580018959266455,0.005958001962412243,3.356622549355315e-10,2.6917665752607123e-10
1193,-1.0432311437104624,-8.140815796655426,-7.934015266470301,-12.84902715147856,-11.811945795547777,-12.588795501230988,-16.933964482419615,-11.442983549092816,-10.813130931122418,20.58535459465214,0.0059580023434312,0.0005730292188928,0.5674913411596557,74937.03294498866,1592847.575729313,0.0843090749476147,0.9618261795229568,0.005958002101256034,0.005958002062612136,2.421751653380877e-10,2.808190633155072e-10
1194,-1.0665060550035803,-6.492863631591463,-7.18489766105487,-13.829384477789883,-16.105689567769094,-14.918259899902504,-13.69592288854001,-13.740600343595236,-12.078487935575277,21.378252509016043,0.0059580003334822,0.0005631185200934,0.5774787079352551,74937.00766476814,1565298.8364400596,0.0843090749476147,0.963233253945568,0.005958000423466218,0.005958000420983749,-8.998401763299357e-11,-8.75015494089526e-11
1195,-1.3216342170795996,-7.965086724503434,-7.268347974498371,-13.721243871987934,-16.162908361945984,-15.598096434945704,-12.864461968130463,-11.883112225644108,-13.773882976603796,21.24747381469491,0.0059580005861539,0.0005666237710517,0.5739063426171623,74937.01084275745,1575042.3718607274,0.0843090749476147,0.9620112318515472,0.005958000608394413,0.005958000687597198,-2.224051238314262e-11,-1.0144329733868807e-10
1196,-1.1346666278690267,-5.5994744873356,-6.818187258094717,-11.510026615718386,-12.342198507928543,-15.49671548110361,-15.12437686108346,-11.47136660933768,-9.606693599904329,19.85368430320972,0.0059580009499058,0.0005710459077491,0.5694621070774338,74937.0154178628,1587334.5717794532,0.0843090749476147,0.9626126185976608,0.005958001184650572,0.0059580011887409474,-2.3474477223173196e-10,-2.388351478394002e-10
1197,-1.282554387896016,-7.086112000065829,-6.48127767142063,-12.51902105680796,-12.863276415644432,-13.926320907050124,-12.833413325073716,-13.789518038248843,-13.77107255721598,20.64586656704428,0.0059580014483152,0.0005525392808336,0.5885356171945892,74937.02168662848,1535891.757267919,0.0843090749476147,0.9659749362485684,0.00595800100416433,0.005958001051663562,4.441508705960162e-10,3.9665163775043366e-10
1198,-1.329528053175307,-6.444670440650287,-8.311220289059122,-13.347597424640805,-12.045488614467397,-12.911780573923265,-15.027561614124943,-10.848987554001695,-12.580130428707692,20.542836225516503,0.0059580001843146,0.0005647949434601,0.5757646150182129,74937.00578860604,1569958.7853702968,0.0843090749476147,0.9617746578106304,0.005958001474988917,0.0059580015639246866,-1.2906743174223578e-09,-1.379610086761629e-09
1199,-1.3154258036699986,-6.499176224126433,-7.639107860444016,-10.326746410263018,-15.837896860651302,-14.26832634771787,-14.326396135257816,-15.69526308901108,-10.319956781218366,20.776375204525305,0.005958000242598,0.0005672134817309,0.57330962403232,74937.00652166802,1576681.5888408292,0.0843090749476147,0.9665599304169707,0.005958000171477991,0.005958000152247058,7.112000832004695e-11,9.03509420058235e-11
1200,-1.3037548072834813,-6.29603316796141,-8.457716671376515,-13.402582057794168,-11.775282911426736,-11.777279511945292,-13.612781545811613,-11.80064195645006,-12.904997040588064,20.53680743476043,0.0059580015395675,0.000560288964859,0.5803952505513937,74937.02283435795,1557433.530366951,0.0843090749476147,0.96259233239322,0.005958001848160392,0.005958001884823315,-3.0859289169155035e-10,-3.4525581525668425e-10
1201,-1.273813042501265,-6.843493864064952,-7.400497273323887,-11.705481541384732,-13.303081635996817,-17.269439180249446,-17.28398046030076,-14.42573384466753,-9.448926882318167,20.94729720192661,0.0059580007126069,0.0005759210971049,0.5646415595325163,74937.01243322507,1600886.1207941098,0.0843090749476147,0.9646896863505656,0.005958000344286165,0.005958000260799513,3.6832073502246487e-10,4.5180738750955074e-10
1202,-1.4307201763870685,-7.999314086370135,-7.67033126789968,-13.336274889198409,-15.78482702724431,-12.537113165273356,-16.682644906739664,-11.324924909127937,-13.470471336304126,21.281803653247024,0.0059580006552385,0.0005670168592383,0.5735084882257024,74937.01171167154,1576135.037896444,0.0843090749476147,0.9621349578472836,0.0059580007400102785,0.005958000709026938,-8.477177813881465e-11,-5.378843724590521e-11
1203,-1.4401491903286905,-5.9194189351175375,-6.89167120692002,-13.298737695828638,-12.811370614021532,-16.060972810874773,-16.05631860041006,-15.46419338256839,-13.233488383962776,21.44703981885269,0.0059580002734755,0.0005562376668589,0.5846223113971037,74937.00691003045,1546172.1496461185,0.0843090749476147,0.9671402601518974,0.005958000471315629,0.005958000401738304,-1.978401288280085e-10,-1.2826280402361556e-10
1204,-1.2916294914686368,-5.635400009038156,-7.606429065981343,-14.3649281565167,-13.153901370611996,-13.271784255962936,-14.068779798000708,-11.18655026308479,-13.75878063114502,20.82505754297057,0.0059580005565501,0.0005612811285123,0.5793691559210526,74937.0104704137,1560191.4446542196,0.0843090749476147,0.9622031371350516,0.00595800006955468,0.005958000162453181,4.869954196851101e-10,3.9409691916098e-10
1205,-1.0418948733034028,-6.929171823711874,-6.5295969290557245,-14.065969839469602,-14.533217970537205,-13.34207601915138,-16.4294561864856,-15.282445979742995,-13.013893217754092,21.70492009867093,0.0059580002402698,0.0005571437668166,0.5836715173619808,74937.00649238483,1548690.8329408474,0.0843090749476147,0.9660425472391048,0.005957999972854066,0.005958000002580557,2.6741573452143674e-10,2.3768924328759766e-10
1206,-1.0511348319542342,-7.125719064104604,-7.019162955408797,-10.015354239183091,-13.514847936710524,-11.653788155310345,-13.17571421063791,-10.640801503375403,-12.6378665305518,19.49655828634808,0.0059580031874447,0.0005603899817111,0.580290868262592,74937.0435606052,1557714.326603274,0.0843090749476147,0.9636509216051292,0.005958003106669235,0.005958003282375475,8.077546530954605e-11,-9.493077504640901e-11
1207,-1.3817564102474682,-6.723642485069249,-7.837160256829732,-14.359805266250326,-12.924261334425726,-11.934234771872092,-16.908108221750563,-15.760172680077057,-13.667290022549295,21.8909478711277,0.0059580006085075,0.0005571687720808,0.5836453767857637,74937.0111239104,1548760.3399976178,0.0843090749476147,0.9665608598422344,0.005957999959240164,0.005958000304022033,6.492673360752876e-10,3.044854672215602e-10
1208,-1.31959518107795,-7.812736885896102,-6.904269698060216,-11.065682085912028,-16.41588779317255,-12.798928580421258,-15.725909693286914,-12.570240377332771,-9.467138240588843,20.49520742343122,0.0059580008398865,0.0005779308534357,0.5626780347929422,74937.01403408963,1606472.6343501112,0.0843090749476147,0.962744132244584,0.005958000842781158,0.005958000847756608,-2.894657603891293e-12,-7.870107343599386e-12
1209,-1.2154412484697903,-7.922466441640382,-8.447145369715791,-14.450891262489591,-14.124656579545386,-15.491833453783926,-11.726213971788654,-12.090617806039416,-9.616543376537358,20.96240752800754,0.0059580003824682,0.0005823474839166,0.5584105167267942,74937.00828089082,1618749.5286557684,0.0843090749476147,0.9595706760220974,0.005957999886759126,0.005957999933836218,4.957090744828196e-10,4.4863198225830736e-10
1210,-1.00610482266839,-7.234535667630604,-6.771761827526714,-10.914670634552722,-13.349584620570363,-12.763745706782888,-15.687642373194006,-13.293396304246386,-11.03783893742663,20.277930622231064,0.0059580006997518,0.0005630498287381,0.5775492128527044,74937.01227153982,1565107.8952888988,0.0843090749476147,0.9650402994413366,0.005958001599959202,0.005958001593827714,-9.002074025446505e-10,-8.940759139985932e-10
1211,-1.4372037420517083,-7.328595236914197,-8.988167014929934,-11.19024570048304,-14.482777721334,-14.539480524342608,-14.163884431777555,-13.991369566831873,-11.720852357479494,20.939192567561133,0.0059580029500416,0.0005603536119415,0.5803284973747659,74937.04057465699,1557613.2296653248,0.0843090749476147,0.964410637329726,0.0059580020716506355,0.005958001857844833,8.783909641318921e-10,1.0921967670551869e-09
1212,-1.3818076125791263,-5.655683639935464,-7.0407776261986985,-14.78641537842137,-15.734013920303363,-15.60092900759076,-14.790145083871984,-12.565548660962458,-13.55625442111313,21.53932536586419,0.0059580006143524,0.0005631960322027,0.5773992709447919,74937.01119742436,1565514.2966145657,0.0843090749476147,0.9627672984626244,0.005958000662077931,0.005958000688974372,-4.772553099247068e-11,-7.462197179619601e-11
1213,-1.0700531297761753,-6.817955241826261,-7.149016919273108,-12.415692022477668,-15.05424376765977,-12.859494921714724,-15.203824852176773,-11.982865767499952,-13.66298143677639,20.802165493630486,0.0059580010220644,0.0005584666087051,0.5822890871244701,74937.01632544008,1552367.932512225,0.0843090749476147,0.9638445072220624,0.005958000641084317,0.005958000742109806,3.809800825510523e-10,2.79954594228915e-10
1214,-1.3516758014773325,-6.175145113032905,-7.144909573846273,-12.514321729314563,-12.935352219235412,-13.324972723749742,-13.5663073899178,-13.533420501270411,-13.048318927903107,20.63256300913581,0.0059580005718776,0.000553439069487,0.5875786384522521,74937.01066319634,1538392.8970490906,0.0843090749476147,0.9652234530999084,0.00595800111612224,0.00595800113094131,-5.442446406739299e-10,-5.59063710256491e-10
1215,-1.029401222625067,-6.68969350898456,-9.050362302876495,-13.00543911584008,-13.583854900130149,-13.61417961414752,-14.8066460417332,-12.657494097154204,-10.12089476959694,20.886535757356075,0.005958000666456,0.0005696745415931,0.5708329211082761,74937.01185275952,1583522.589449427,0.0843090749476147,0.9617621016940276,0.005958001356817769,0.0059580014073062895,-6.903617686196406e-10,-7.408502891020907e-10
1216,-1.0017424542843212,-6.285246483193195,-6.62585607609647,-10.392220897748953,-15.963861580877277,-12.613866454121528,-13.171365660535717,-13.958932448895297,-11.443545620995348,20.249658688276583,0.0059580014682371,0.0005616413287984,0.578997719053946,74937.0219371963,1561192.6922932216,0.0843090749476147,0.9657064987395664,0.00595800076444884,0.00595800070626732,7.037882603089241e-10,7.619697798069702e-10
1217,-1.1547085608654173,-8.358367949250972,-6.48538852325542,-13.196762676562953,-13.051917188331773,-11.595287764960435,-11.714690113609803,-11.610557105377604,-10.132336174878684,20.06508833171451,0.0059580005674786,0.0005714618273108,0.5690475881574761,74937.01060786816,1588490.7021194114,0.0843090749476147,0.9610021288038187,0.005958000748200942,0.005958000674316995,-1.807223416055992e-10,-1.0683839490183145e-10
1218,-1.1248981524869983,-7.388092668065421,-8.847331114518928,-14.054170755142785,-15.728655500582452,-15.30397153341574,-15.711371959723568,-14.692175993100092,-11.787931319601874,22.05126629508008,0.005958000451162,0.0005631804485037,0.5774152243679447,74937.00914489098,1565470.9786538344,0.0843090749476147,0.9633477814891104,0.005957999845194106,0.005957999844729236,6.059678939185353e-10,6.064327642482659e-10
1219,-1.1864489428452454,-6.838530737581623,-7.911301036878854,-13.44947616298832,-16.316806913814258,-15.143438799133676,-16.532562031098887,-11.14186821956324,-11.80946753690337,21.25371410652371,0.0059580002132182,0.0005764007746312,0.5641715970279786,74937.0061521424,1602219.478954187,0.0843090749476147,0.9610942920167744,0.005958000530791474,0.005958000428945601,-3.175732741014792e-10,-2.1572740122044465e-10
1220,-1.3382119916914064,-7.036790511033622,-7.20312253365913,-10.746001910676013,-13.91011041688416,-17.208363636505897,-17.40041317776886,-11.374523086771324,-13.42642995231042,20.55390306519697,0.0059580017775285,0.0005675707633906,0.5729489512106279,74937.02582732262,1577674.7235829604,0.0843090749476147,0.9644005989797618,0.0059580008918587,0.005958000847827329,8.856697996523222e-10,9.297011710832082e-10
1221,-1.1038851078370882,-7.979635332911091,-7.865236954819653,-10.216264672855528,-14.282119553590611,-14.546010533830325,-12.087164020993548,-14.253357021260978,-9.658297807954344,20.235656603222708,0.0059580019443558,0.0005673580219066,0.5731638131913663,74937.02792560021,1577083.36672722,0.0843090749476147,0.9643868417105816,0.005958002435491548,0.0059580025488911205,-4.911357475226308e-10,-6.045353202407955e-10
1222,-1.2184124278855952,-7.88252520521953,-7.062612046372879,-11.610385469711405,-13.112468101611828,-15.868547979041498,-15.506786368587075,-13.124363169628523,-10.802556856601749,20.598793439318143,0.005958001275921,0.0005667468656587,0.5737817926487588,74937.01951833264,1575384.5375650146,0.0843090749476147,0.9639549116428922,0.00595800117182486,0.005958001144725274,1.0409613969419862e-10,1.3119572529057821e-10
1223,-1.3201695879035529,-6.136261214501941,-6.665553081746896,-14.68919125955141,-13.44897542141047,-15.123279156947955,-15.739816127486856,-11.597836571721434,-10.876256964546624,20.934708360827187,0.0059580003905899,0.000573602773434,0.5669236188076973,74937.00838304179,1594441.8835420406,0.0843090749476147,0.961312850183304,0.005957999912474006,0.00595799992358018,4.781158932307128e-10,4.670097199580003e-10
1224,-1.3804652823044854,-6.524392323886626,-8.592512190315608,-14.19648694972048,-15.670937963071683,-16.165706628733407,-12.650449312958404,-11.740014049357072,-11.114913312760262,21.17187077000117,0.0059580003079086,0.0005780988855697,0.5625144095957728,74937.00734311496,1606939.7127615383,0.0843090749476147,0.96010736525285,0.005958000201517709,0.0059580002096219446,1.0639089088881892e-10,9.828665572392259e-11
1225,-1.2387371217894894,-6.762856492421785,-6.493234697811866,-12.383804945813688,-15.184649068164042,-14.605871030154928,-15.568422223343694,-12.365146571858125,-12.823057737956516,20.82903049659709,0.0059580004159316,0.0005617278114722,0.5789084241633254,74937.00870177857,1561433.0879184627,0.0843090749476147,0.9639531589501094,0.005958000488376671,0.005958000511997441,-7.24450716430014e-11,-9.606584104593363e-11
1226,-1.1994261310014778,-5.6025144679208445,-6.874796823162257,-10.355459237860714,-15.20278763014388,-17.07810172651943,-16.910651414230678,-13.120786948734317,-10.332820559104478,20.45014825552938,0.0059580005320893,0.0005749990645891,0.5655469576986917,74937.01016275736,1598323.1498161454,0.0843090749476147,0.9647440198774982,0.005958000450757064,0.005958000447455261,8.13322360848634e-11,8.463403936009861e-11
1227,-1.353950342905433,-7.307224013686646,-6.756081998568577,-13.408285613396032,-14.094881446041908,-16.119979967163328,-16.52486894923535,-15.241586770368736,-11.963998849878877,21.61536597563449,0.0059580001025068,0.0005617982640968,0.5788357801544111,74937.00475966465,1561628.9248647825,0.0843090749476147,0.965641562771132,0.0059580000379338,0.005958000001332463,6.457299972506547e-11,1.011743362699935e-10
1228,-1.3038702021214132,-7.207831668539616,-8.669708061015738,-14.545549621221914,-12.43294302072177,-16.439388593922615,-12.122551064900623,-14.805472221329904,-12.34953931040788,21.53189202384541,0.0059580009641245,0.0005596958273539,0.5810102400909802,74937.01559669859,1555784.787849255,0.0843090749476147,0.9635782062313304,0.005958000679549683,0.0059580005510534925,2.845748168361917e-10,4.130710070868182e-10
1229,-1.036366506539968,-5.920901820465597,-8.44156901643937,-10.743855656644127,-12.103309049506894,-12.890140668859187,-17.457905109618558,-12.244535396788509,-10.38775365171456,20.17850569071748,0.0059580054353729,0.0005702389196856,0.570268639802324,74937.07183401966,1585091.3895156125,0.0843090749476147,0.963781782095486,0.005958003653143253,0.005958003547085112,1.7822296468489318e-09,1.8882877874173976e-09
1230,-1.3942238807933292,-6.900620983437567,-7.0149580149261,-14.12153795805093,-14.060846377374904,-13.204116681632176,-14.347978508702605,-13.49150306860362,-13.708889136024402,21.29828576992852,0.0059580003422188,0.0005552716185816,0.5856394334431757,74937.00777465319,1543486.8281899972,0.0843090749476147,0.9642381303258962,0.005958000155931009,0.0059580001325577545,1.8628779074880697e-10,2.0966104546937814e-10
1231,-1.2031771724688265,-6.22437351541409,-8.090697763138143,-13.887148087837287,-16.594054754317675,-11.858581006741645,-13.125157661643255,-13.34129291057469,-13.237024090832412,21.387550611402816,0.0059580004740571,0.0005612915759268,0.5793583599929638,74937.00943285399,1560220.485300692,0.0843090749476147,0.9630007339999964,0.005958000143865806,0.005958000358904954,3.3019129357797494e-10,1.1515214563134757e-10
1232,-1.0117372354946066,-8.09726828403195,-8.97727668724341,-10.026207919036867,-13.7077836611785,-17.089469746667973,-12.282188133465825,-15.456491866630516,-10.97235794646704,20.7122258791998,0.0059580005135789,0.0005648088466402,0.5757504898815198,74937.00992994144,1569997.4319976976,0.0843090749476147,0.9659892047636532,0.005958003915538318,0.005958004259241134,-3.4019594181630697e-09,-3.74566223437095e-09
1233,-1.123695310973687,-6.744993500509409,-6.853157968798032,-13.390456169538927,-14.630526576242968,-15.17936272239764,-15.9477296289427,-13.735434403142415,-12.597219308283291,21.33787369731084,0.0059580004352335,0.0005593012897847,0.5814200139848471,74937.00894454896,1554688.092968765,0.0843090749476147,0.9644750190410336,0.0059580001644245414,0.005958000181415638,2.708089585912177e-10,2.538178616937059e-10
1234,-1.2985533858302187,-5.657070468922729,-8.653983775387122,-12.04337195639661,-12.73305924170293,-14.382568065461015,-13.292914396253089,-13.95205027853038,-12.611297290204046,20.73722801391155,0.0059580017693656,0.0005542625956671,0.5867057880079328,74937.02572465381,1540682.0502655252,0.0843090749476147,0.9651065339857616,0.005958002465907157,0.00595800232936865,-6.965415570714395e-10,-5.600030500083064e-10
1235,-1.3167887477261404,-7.0291754689482575,-6.9302858241713405,-11.501213607346576,-12.544286980719594,-12.049912683320368,-14.965223428283648,-11.440242173896465,-11.765999556794636,19.994373499016096,0.0059580009790038,0.0005619684640047,0.5786605994393343,74937.01578384319,1562102.0290307505,0.0843090749476147,0.9633421116209244,0.005958001893624995,0.005958001911185381,-9.146211956204131e-10,-9.321815810578449e-10
1236,-1.0785865553189458,-8.032459166279576,-8.300650386379916,-11.681724115335832,-15.907404822983198,-15.331163214672133,-17.35763689499471,-15.13690561185823,-11.39897753613851,21.642259445982617,0.0059580002312375,0.0005679443213568,0.5725718786135113,74937.00637878019,1578713.101524494,0.0843090749476147,0.9653441502905334,0.005957999883267143,0.005957999817196943,3.479703573894266e-10,4.140405570479677e-10
1237,-1.1431507988892196,-5.858027400914356,-6.070601106292527,-14.203050421668184,-11.601104060160084,-16.54175323522351,-13.504697269078257,-12.949946295621311,-12.146718131436195,20.674913039119787,0.005958000714863,0.0005603832234434,0.5802975053811823,74937.01246160075,1557695.5406672002,0.0843090749476147,0.9636795791036707,0.005958000199220016,0.005958000107346377,5.156429840405541e-10,6.075166229455031e-10
1238,-1.1379898217789537,-7.718272762507407,-7.352493727869371,-12.14958845671662,-12.311546755477131,-17.052384408409843,-16.860809298831335,-12.385102964082703,-10.051672638489055,20.654120369963817,0.0059580003488593,0.0005753497634945,0.5652022079260932,74937.00785817401,1599297.9864961826,0.0843090749476147,0.9627885067321084,0.005958000951151659,0.0059580009878547014,-6.022923592155505e-10,-6.389954017305133e-10
1239,-1.3782684149240498,-5.8799277877247125,-8.979483335997816,-12.751826726247028,-14.520248157282396,-12.406909563448725,-17.02975847142001,-13.748303379764032,-11.61762044809663,21.32765891282603,0.005958000739237,0.0005634817409384,0.5771065235861175,74937.0127681667,1566308.480317506,0.0843090749476147,0.9638846583588934,0.0059580008239491986,0.005958001192385354,-8.471219819367048e-11,-4.531483539099712e-10
1240,-1.3975619908728396,-6.435025038474282,-6.9216783806275615,-14.104194871693284,-11.539630626606066,-12.446957945097612,-16.649999344525234,-14.164087922162366,-9.76181028795648,20.95073195936436,0.005958001064723,0.000571561297253,0.5689486269062514,74937.01686198048,1588767.1984149243,0.0843090749476147,0.9637634142599172,0.00595800054588273,0.005958000671601581,5.18840269359e-10,3.9312141823094615e-10
1241,-1.055878385162575,-8.346881031147314,-6.740515013468431,-10.040380680900723,-13.853091463175982,-16.604750479258676,-16.154666063863267,-15.45425288723294,-9.261473851787024,20.611033902660623,0.0059580009755778,0.0005779552679286,0.5626542848756705,74937.01574075299,1606540.4992417549,0.0843090749476147,0.966494935197343,0.0059580005423412186,0.005958000504348793,4.332365811585137e-10,4.712290063366154e-10
1242,-1.4717658252195491,-8.175910124335173,-7.755414177218052,-14.160027335999851,-13.772599099372966,-16.09319755966634,-13.77374945004043,-12.197923047525553,-10.70811296166622,21.109704686259427,0.0059580004405193,0.000573698688774,0.5668288433010034,74937.00901103088,1594708.499120727,0.0843090749476147,0.9608395550541188,0.0059580002453191614,0.005958000184451127,1.9520013817136972e-10,2.5606817274231863e-10
1243,-1.10525852204096,-5.915578058537911,-8.843172562000527,-12.755123407657264,-15.10153408737373,-13.198238687896374,-16.621392383909406,-13.277609587991655,-13.192662107929989,21.405922747379307,0.0059580004388159,0.0005582267738773,0.5825391744701538,74937.00898960706,1551701.2643714596,0.0843090749476147,0.9641687913907564,0.005958000757618808,0.005958000669610819,-3.1880290768393493e-10,-2.3079491876659697e-10
1244,-1.4138854125409808,-6.331855597572325,-8.766048143120242,-12.9981481047285,-15.083407003166196,-12.55317968958472,-13.931458751183634,-11.675789988397565,-9.751104820607964,20.67332011272035,0.005958000406466,0.0005766646651453,0.5639134509675907,74937.00858272408,1602953.01461281,0.0843090749476147,0.9605348607591262,0.005958000484238193,0.005958000524227803,-7.777219233201516e-11,-1.1776180291328542e-10
1245,-1.2398441013287989,-6.248151201212295,-6.71764700715495,-10.450811940171157,-16.250514506455676,-14.068867196549842,-15.544228453918182,-14.195750950417484,-10.99427211340997,20.59933780056599,0.0059580006747786,0.0005675682821227,0.5729512969325472,74937.01195743827,1577667.8264100435,0.0843090749476147,0.9657924849392232,0.005958000245523428,0.005958000269016356,4.2925517220598897e-10,4.057622441169806e-10
1246,-1.3958439823919595,-6.0409107144184135,-7.382382551484945,-10.86506545440434,-13.287966431428837,-15.428600779699943,-17.334960516271885,-11.51122474965278,-10.771083345832546,20.21533810522553,0.0059580011612179,0.0005722104215345,0.5683032166608173,74937.0180756499,1590571.5672047087,0.0843090749476147,0.963317018340379,0.005958001454737608,0.00595800131941362,-2.9351970767116375e-10,-1.5819571954484024e-10
1247,-1.4511923627069143,-7.9501096327547,-7.490385013287431,-11.738370453120847,-16.37538309591112,-12.452341508758714,-11.831295289398904,-11.105553631008217,-13.255076363662402,20.411738732145498,0.0059580014971965,0.0005673448634488,0.5731770420812958,74937.02230143537,1577046.790202218,0.0843090749476147,0.9620755447354504,0.00595800163806263,0.005958001608158596,-1.4086612952490807e-10,-1.1096209541483493e-10
1248,-1.074154302789302,-7.860900547438842,-8.267124398757272,-12.64218455184416,-15.129688623645238,-13.030068161098374,-13.045446485539324,-11.114563033324703,-9.742786002687996,20.46304576278176,0.0059580009430597,0.0005794994687769,0.5611549670452032,74937.01533175555,1610832.9096400335,0.0843090749476147,0.9600213284204316,0.005958001063120966,0.005958001000978709,-1.2006126561686647e-10,-5.791900899859703e-11
1249,-1.4076253873270623,-7.981801092421267,-6.106054247703157,-12.499661651622514,-13.313923533776425,-15.255608112500951,-13.794837425354332,-11.890922150805691,-13.11872305468781,20.490272247794284,0.0059580012271218,0.0005600818666533,0.5806098142466576,74937.01890455878,1556857.8601148454,0.0843090749476147,0.9636237840327728,0.005958000824199383,0.005958000944381644,4.0292241678535623e-10,2.8274015594076385e-10
1250,-1.464703325021369,-6.249999761322127,-8.498157944049076,-12.799099571477717,-16.564799151288046,-16.962094519844165,-14.208182763438671,-10.650420549411551,-10.86181606837735,20.875404615918697,0.0059580004730557,0.0005835787388898,0.5572323752634877,74937.00942025924,1622172.0443574851,0.0843090749476147,0.9600414851234552,0.005958000978882389,0.005958000982805451,-5.058266886945328e-10,-5.097497510903048e-10
1251,-1.363445777013044,-5.713700023250348,-7.336287976611979,-12.068913963404947,-16.391974028726715,-15.6119259576154,-14.99474075727252,-10.980693780973452,-9.757721548338887,20.45527056521848,0.0059580003624095,0.0005825916318991,0.5581764995597063,74937.00802860208,1619428.186059609,0.0843090749476147,0.9609786787457426,0.005958000876753603,0.005958000996622424,-5.143441028990225e-10,-6.342129243649963e-10
1252,-1.1560202814309617,-7.989795527273624,-6.245735676634331,-13.816053006829554,-16.528063708586604,-16.389369125009086,-11.982242518944645,-15.347801613852964,-13.47267253032764,21.67365594739508,0.0059580003188366,0.0005603571882139,0.5803244092137255,74937.00748056168,1557623.1706188282,0.0843090749476147,0.9652844610991322,0.005958000733104834,0.005958000678798972,-4.1426823430001924e-10,-3.599623715419553e-10
1253,-1.0501862183141144,-7.530646656462621,-6.555667727206346,-9.957359839578936,-11.756880038755527,-13.141418897028052,-12.372770309339082,-12.965971959149384,-11.898209216533369,19.57184920098172,0.0059580028872292,0.0005576638042816,0.5831276155585937,74937.03978463126,1550136.3794995723,0.0843090749476147,0.9658225730714988,0.005958003888741292,0.005958003934833113,-1.001512092008161e-09,-1.047603912472661e-09
1254,-1.2403631391634231,-6.353025986221597,-7.378836488967103,-13.738366565137104,-14.649836797961244,-11.980499912323795,-15.256736822634664,-14.237157645411395,-12.478154840033888,21.34480149989629,0.005958000565527,0.0005577782739715,0.5830076027882976,74937.01058332135,1550454.5705482303,0.0843090749476147,0.9645141737448824,0.005958000140927327,0.005958000099552428,4.2459967312946656e-10,4.659745722959685e-10
1255,-1.241060499673097,-7.130214564853784,-9.016310090485348,-14.711884560342884,-14.218339569362534,-16.19949411608229,-14.740856913825665,-11.559376244369762,-11.705825625618212,21.448200133760448,0.0059580002058635,0.0005745922259522,0.565947345373188,74937.00605963776,1597192.261695498,0.0843090749476147,0.9602773988507264,0.005957999934201104,0.005957999899128914,2.716623957038644e-10,3.067345856477832e-10
1256,-1.1908491043981884,-7.079748618243496,-8.515184227462045,-13.875804716193596,-15.280030383790288,-14.55837551197008,-12.156767705392172,-13.43485219513536,-9.820652361857531,21.150142845892383,0.0059580002431139,0.0005738558737195,0.5666735549672153,74937.0065281559,1595145.425635228,0.0843090749476147,0.9611576060563592,0.005958000154051143,0.005958000110610346,8.906275716924483e-11,1.3250355413579884e-10
1257,-1.4525747285265913,-7.476827118012865,-9.014529786094558,-13.443902334396906,-14.076642155384045,-16.846467301504035,-14.554933283809866,-11.150267454889818,-10.546790022436827,21.01036277215164,0.0059580003776755,0.0005795539410825,0.5611021441915657,74937.00822061078,1610984.326141912,0.0843090749476147,0.9600569065250943,0.005958000749855383,0.005958000790137781,-3.72179883266488e-10,-4.1246228134339535e-10
1258,-1.0297992506932907,-5.733668088690539,-7.07854105065422,-10.172321310708572,-12.61573918168192,-12.732451197321389,-14.058758373202611,-11.257887707712486,-13.570770273888344,19.64147565776976,0.0059580037264473,0.000555394066035,0.5855108166758966,74937.05033993295,1543827.195003681,0.0843090749476147,0.9653042917795188,0.0059580032500582015,0.005958003355702355,4.763890983083829e-10,3.707449451606504e-10
1259,-1.065551910131016,-7.2639385608126,-6.375006475169514,-10.13278159596968,-14.259761376315955,-15.30556782878438,-14.430788217700131,-14.121259218370913,-12.67899756556594,20.380423072467813,0.0059580009985319,0.0005604143364771,0.5802653299163767,74937.01602945906,1557782.0254722256,0.0843090749476147,0.9671523102376888,0.00595800087220451,0.005958000732486822,1.26327390388703e-10,2.6604507832872493e-10
1260,-1.3581553010592735,-7.236829808190228,-8.302245188103674,-10.96953243480625,-12.48197482605478,-14.667456617479408,-15.167510223164108,-11.358620281511875,-9.460400423378005,20.02319576438716,0.0059580021905431,0.0005747598493799,0.5657825747344449,74937.03102203185,1597658.204027103,0.0843090749476147,0.9618653744863256,0.0059580026980622204,0.005958002616115668,-5.075191204795271e-10,-4.2557256763747775e-10
1261,-1.0744327501959667,-5.678014600989524,-9.066174536088647,-10.394243402502516,-15.940938298116771,-15.46010289454876,-15.783538470804896,-15.314791135167722,-13.412278332784542,21.29374771615984,0.0059579996834614,0.0005596737296602,0.5810329928795156,74936.99948910333,1555723.3629573267,0.0843090749476147,0.9675904268900224,0.005958000815454677,0.005958000901803059,-1.1319932768927288e-09,-1.2183416593300467e-09
1262,-1.0329458718104294,-6.1964047456035,-7.003038262093579,-13.822219783600572,-12.825208869458866,-13.150836701445044,-12.705471309067647,-12.573049514321903,-10.72472228287037,20.47907887201832,0.0059580003785418,0.0005645792057121,0.5759846551145809,74937.00823150642,1569359.0998089274,0.0843090749476147,0.962165714163284,0.005958000203187664,0.005958000265847882,1.753541357257804e-10,1.126939184331599e-10
1263,-1.0455493002593166,-5.839615417994539,-9.010839119267969,-12.21034686652311,-12.540096719743577,-12.555044696321582,-13.587473883327126,-13.590517547783357,-9.95019490033873,20.488040800445543,0.0059580006571937,0.0005641553095249,0.5764174800980262,74937.0117362625,1568180.7968675224,0.0843090749476147,0.9632247963724504,0.00595800263258309,0.005958002652642424,-1.97538938939007e-09,-1.995448723791926e-09
1264,-1.021342979225589,-6.791054334349284,-6.747432427264855,-13.990501612562037,-14.4932342330793,-12.785732339590297,-14.842323599426887,-15.826965506148614,-9.931550611815386,21.39185897803664,0.0059580001552851,0.0005662735849471,0.574261186559191,74937.00542348597,1574068.960611592,0.0843090749476147,0.9648208486017744,0.005958000190023635,0.005958000195043613,-3.4738534965272905e-11,-3.9758513321885847e-11
1265,-1.0499029464232763,-7.940643262434505,-7.774953082369796,-12.9879700645564,-15.87389273835125,-13.424606236477189,-15.90228606333968,-11.09468841934142,-12.93366737864766,21.0926990594311,0.0059580004691439,0.0005686533928685,0.5718579552725322,74937.00937105868,1580684.1054477242,0.0843090749476147,0.961735531087354,0.005958000734038011,0.005958000678599487,-2.6489411098645776e-10,-2.0945558742296866e-10
1266,-1.004725918350372,-6.609149448094734,-7.596230514813843,-10.873355658308505,-15.145230448378634,-12.69963366632974,-12.012328933579992,-15.517134781366812,-9.366584273809703,20.450947733200984,0.005958002074594,0.0005660433196039,0.5744950725165224,74937.02956367676,1573428.8927377642,0.0843090749476147,0.9654071906654468,0.005958000918107232,0.00595800093038552,1.1564867674618284e-09,1.144208479700315e-09
1267,-1.216192289030873,-7.991355621191389,-7.358419145861653,-10.963629394284489,-14.910638385457949,-12.036786209902386,-14.445241685550982,-12.179831985469193,-11.829280031163698,20.343689728254297,0.0059580020386379,0.0005635001895991,0.5770878182507218,74937.02911143708,1566359.7620034125,0.0843090749476147,0.9634969505290952,0.005958001788214601,0.005958001737573494,2.504232984174015e-10,3.010644060441603e-10
1268,-1.1077804794395505,-5.968570377657755,-6.534590954853631,-13.109959372966271,-15.02835832849702,-16.127682122545508,-16.152272085638703,-13.203049731020936,-10.777973982956508,21.040061325150443,0.0059580003520095,0.0005693472207808,0.5711610508413204,74937.00789779515,1582612.7367837976,0.0843090749476147,0.9634471175836,0.005958000546994316,0.005958000551624724,-1.949848156199141e-10,-1.9961522365607998e-10
1269,-1.032417631269005,-6.771432208434702,-6.711251865816498,-14.315501231114958,-12.681967311690777,-12.018091178874828,-16.12494186367891,-11.887767047495627,-11.441860002580372,20.78701349108026,0.0059580001807204,0.0005680759469128,0.5724392040509974,74937.00574339967,1579078.9806819542,0.0843090749476147,0.9621483747250468,0.005958000102731015,0.005958000101905865,7.798938491537788e-11,7.881453562702534e-11
1270,-0.991651974879458,-6.6461055216838,-6.079342576749758,-10.702700739383374,-14.340615806329463,-14.72696252989826,-17.34483118178697,-11.943555752325029,-12.00343900265664,20.261614459668124,0.005958000908934,0.0005680269416279,0.5724886949524117,74937.01490253766,1578942.760840661,0.0843090749476147,0.9647312644096628,0.005958000671059935,0.005958000647164139,2.378740650635369e-10,2.6176986099579747e-10
1271,-1.3205605234968998,-5.595564910014678,-7.93583711842305,-13.073333857418614,-13.620814351676003,-13.075920383955433,-14.397274285255111,-15.663749542845007,-11.248737033761405,21.209238270236288,0.0059580006235256,0.0005583609086947,0.5823992584009837,74937.01131280052,1552074.1185149788,0.0843090749476147,0.9657301856369748,0.005958000606417683,0.005958000549102534,1.7107916645831e-11,7.442306580035529e-11
1272,-1.0680949239643978,-7.097301815192883,-7.873003109884271,-12.244451445547275,-12.607477060025444,-16.103892306821788,-17.385266798073882,-11.858321396123316,-11.633988631706773,20.776024332940832,0.0059580014121334,0.0005692711369262,0.5712375397483582,74937.0212315503,1582401.2467245974,0.0843090749476147,0.9629743795554292,0.0059580013453685975,0.005958001384868464,6.67648028876422e-11,2.726493683602449e-11
1273,-1.2072917781765804,-7.381987204609444,-6.538261594863046,-11.670652135457065,-15.248596009020194,-11.56892530496948,-16.22389396704895,-15.042776238141164,-10.244712815669317,20.887623211813448,0.0059580005078528,0.0005684951859586,0.5720171035843374,74937.00985792113,1580244.3381817737,0.0843090749476147,0.9656620760726168,0.005958000281511452,0.005958000437679321,2.2634134844157217e-10,7.017347900678539e-11
1274,-1.1908990996644444,-7.895474018830039,-8.94592403037586,-11.340987073147588,-12.97653410956652,-14.350736432080543,-12.096412893762269,-10.778786555857238,-10.183788995205637,19.94633008915208,0.0059580022833773,0.0005736332781448,0.566893741046845,74937.03218965771,1594526.677393816,0.0843090749476147,0.96060409537623,0.005958003793632945,0.005958003943292821,-1.5102556445018012e-09,-1.6599155210073047e-09
1275,-1.099234344428794,-6.92589108859182,-7.284100886583206,-12.169089938937384,-14.788664412161772,-12.046506564682945,-12.885917397377856,-11.898695707127962,-9.262224012447774,20.1411715471454,0.0059580005852189,0.0005737264998942,0.5668013871899874,74937.01083099723,1594785.805606851,0.0843090749476147,0.9613354307488468,0.005958000566998514,0.005958000642124794,1.8220386137357547e-11,-5.690589405943358e-11
1276,-1.3382460062096415,-5.772767104100704,-8.208923426995604,-11.413371453497566,-12.807641459887746,-12.824732783044515,-12.94302776800322,-11.3945671798109,-13.38070762031338,20.053497561060087,0.0059580032417554,0.0005560581144263,0.584811524303947,74937.04424370015,1545673.048295864,0.0843090749476147,0.9637236108842988,0.005958002902960216,0.005958003097146048,3.3879518461510383e-10,1.4460935227056382e-10
1277,-1.012112886497074,-7.223037839141722,-8.877627359467363,-14.562800420023969,-12.05596214349834,-12.905978920279372,-15.921663528626883,-11.528950600162364,-9.887764800832,20.95609198804412,0.0059580004416892,0.0005808332049512,0.5598663462846976,74937.00902574587,1614540.2920244008,0.0843090749476147,0.9602206192920628,0.005958000434706223,0.0059580004766128436,6.982976696878751e-12,-3.492364383794744e-11
1278,-1.3158958806351175,-6.756292758072519,-8.626590771734483,-13.083629377824249,-13.29315060709628,-12.37363146358534,-13.056080554707265,-12.594169763722928,-10.213195933092674,20.600489802045303,0.0059580007625184,0.0005679342629645,0.5725820957268223,74937.01306098905,1578685.1422420328,0.0843090749476147,0.9616101162571544,0.005958001004408497,0.005958000976575853,-2.418900973619187e-10,-2.1405745318642255e-10
1279,-1.0544716781979648,-5.918384450772824,-6.404926609955721,-14.77875523281943,-11.582709668520494,-11.817220531149008,-16.186307218444327,-15.50816758626673,-11.256823982866155,21.26201526190774,0.0059580007647403,0.0005644965763277,0.5760690221022502,74937.01308893545,1569129.4151605165,0.0843090749476147,0.9656890931257324,0.005958000691937675,0.0059580007615123885,7.28026250396141e-11,3.2279118614142455e-12
1280,-1.3220033941436258,-6.133020643756611,-7.43313453356115,-12.404995846675636,-14.431672795728089,-12.259339713538346,-13.3856956928128,-12.535327553729092,-11.65771038122505,20.477609888623405,0.0059580010779528,0.0005604218801798,0.5802575307081567,74937.01702837889,1557802.9946797283,0.0843090749476147,0.963109602149586,0.005958000746051586,0.005958000746612434,3.3190121397769223e-10,3.313403657348446e-10
1281,-1.125549570875882,-5.829784614781069,-7.129537154132481,-12.614328748192388,-16.72492897237646,-13.039078471653408,-17.131721100480778,-14.091590333245426,-9.77677316586892,21.2083011822494,0.0059580003600786,0.0005752358727401,0.565314113715376,74937.00799928482,1598981.404712862,0.0843090749476147,0.963810148549836,0.005958000616080593,0.0059580004406437235,-2.560019930417101e-10,-8.056512314918995e-11
1282,-1.4734421675400635,-6.420175273095418,-7.742287325531792,-11.381906956038405,-12.35286768075574,-15.377995083367075,-12.19541721739766,-13.034996928607692,-9.271677576449308,19.997963149354927,0.0059580005621474,0.0005674821368596,0.5730382561790843,74937.0105408138,1577428.3686844648,0.0843090749476147,0.9629736523642132,0.005958001668697159,0.005958001637752526,-1.1065497589404782e-09,-1.07560512579985e-09
1283,-1.0604543005318954,-7.4882994849651485,-6.812664689108272,-9.902352433258311,-15.55265691037352,-16.856927592074143,-16.082799147742136,-11.219196965798773,-10.896455265579636,20.13849633709289,0.0059580004721819,0.0005779979714901,0.5626126436308673,74937.00940926887,1606659.2022015827,0.0843090749476147,0.9630574339508644,0.005958000803951603,0.005958000815191536,-3.3176970285625496e-10,-3.430096363193913e-10
1284,-1.35948141331971,-6.587035308331751,-8.640673558527622,-11.196840051618397,-15.749022021583215,-16.116305921544722,-13.927141144220949,-15.46961731298331,-10.539591558864728,21.175687420828908,0.0059580005194006,0.0005660552684945,0.5744827205371658,74937.01000316444,1573462.107032688,0.0843090749476147,0.9652602968784384,0.005958000571139299,0.00595800070028288,-5.173869839503187e-11,-1.808822796406373e-10
1285,-1.2246382040281794,-7.300323730594338,-6.871602986042081,-12.63304469424962,-14.388446641700794,-11.99796178369276,-13.181607328305564,-13.461860139710032,-13.312752797977772,20.776792662987816,0.0059580004859483,0.0005549689906552,0.5859588073496567,74937.00958241719,1542645.6142641362,0.0843090749476147,0.96479149331615,0.005958000738597305,0.005958000753157102,-2.5264900501559273e-10,-2.672088028274344e-10
1286,-1.4276442644518277,-5.752279628563164,-8.37094770175793,-13.76640194997479,-14.390521727851176,-15.38587597853458,-14.03468856397211,-14.584211466832,-10.439474495266577,21.37378285478768,0.0059580005111721,0.0005648282561222,0.5757307047243082,74937.00989967005,1570051.38447589,0.0843090749476147,0.9633079316336496,0.005958000330142976,0.0059580003528244335,1.8102912398287874e-10,1.5834766657618626e-10
1287,-1.173126288514476,-6.490558801326306,-6.822506584939175,-11.72069103611079,-12.868472303351515,-12.044234814503668,-13.974914985669352,-10.976495808336452,-9.331866610000368,19.66907330952213,0.0059580004369774,0.0005713717878806,0.5691372426303298,74937.00896648338,1588240.4197891778,0.0843090749476147,0.9615976204010128,0.005958000922500554,0.005958000894734457,-4.855231537995164e-10,-4.5775705708600567e-10
1288,-1.469452157064706,-5.709636693723826,-6.107921868100038,-10.571047602631696,-11.63214119387768,-14.577485563216952,-16.642222042210886,-12.33255609000366,-9.317844403163818,19.670003482508008,0.005958001821468,0.0005728720981862,0.5676469114998169,74937.02637997371,1592410.8277794942,0.0843090749476147,0.9643499142642982,0.005958001472138131,0.0059580013435655685,3.49329868851167e-10,4.779024311701852e-10
1289,-1.3583876561224255,-7.072696987725064,-7.797419761535091,-10.574746314980167,-12.965261282882333,-12.13070578622061,-12.750833505978946,-13.495915861713724,-9.277852315761514,19.91055595670051,0.0059580018530048,0.0005657817485889,0.5747606397922718,74937.02677662944,1572701.8045835122,0.0843090749476147,0.9638392780534316,0.005958002381375421,0.005958002272767577,-5.283706215608586e-10,-4.197627774885082e-10
1290,-1.278001379767658,-6.62883585541427,-8.491106282281992,-14.46231981532609,-14.785045984419549,-12.772754991322545,-14.595726364396848,-12.664322445546468,-9.857808607585202,21.221916720315,0.0059580004416513,0.0005761690212794,0.564398557096467,74937.00902526952,1601575.274867352,0.0843090749476147,0.9607924415520838,0.00595799973487242,0.005957999675265392,7.067788802134212e-10,7.663859087278513e-10
1291,-1.2565874737477898,-8.286664693396808,-7.390850033704819,-14.439070553771767,-15.439546734069005,-17.3230785674212,-14.723866749943063,-14.359346955691237,-9.794059393218236,21.75696721503217,0.0059580000489034,0.0005761518193672,0.5644153522877763,74937.00408546567,1601527.458764346,0.0843090749476147,0.9621704819341572,0.005958000242895919,0.005958000138279085,-1.9399251909718584e-10,-8.937568480443803e-11
1292,-1.2271068442870126,-7.517544889671907,-6.08877974719187,-9.942974045052896,-15.66486281955406,-15.58236632171605,-17.421062325707382,-12.986712342562738,-10.044050442759636,20.35210706431777,0.0059580003003865,0.000580227536233,0.5604507410999408,74937.00724850512,1612856.7165317067,0.0843090749476147,0.9646940371844872,0.0059580001202234455,0.005958000131347837,1.8016305461387994e-10,1.6903866327522277e-10
1293,-1.175220756295983,-6.920751468930258,-8.621003607017668,-11.20024965273063,-11.389616911478011,-16.242208811946558,-16.765504139078573,-11.163268853976916,-13.047378743540582,20.424088607503727,0.0059580059512005,0.000565727381551,0.5748164680148775,74937.07832186356,1572550.6806938057,0.0843090749476147,0.9635924684423036,0.005958004088996003,0.005958003924200395,1.8622044973756746e-09,2.0270001050912145e-09
1294,-1.4690406190272125,-8.053015385542698,-6.9599118246118215,-10.770997792775711,-15.46246131336174,-16.043560791913638,-15.891059267710457,-12.736918114988626,-11.907517320707411,20.714802625453743,0.0059580007234411,0.0005687566312183,0.5717541905884012,74937.01256949225,1580971.076774239,0.0843090749476147,0.964257848836794,0.0059580008051401566,0.005958000851460265,-8.169905637428476e-11,-1.2801916471349983e-10
1295,-0.9920154044034448,-8.053625454627987,-7.333405813096784,-12.910279997303094,-11.153176349646364,-12.483434174307243,-16.50911733726278,-15.170926311498809,-9.7846901794817,20.94160738267417,0.0059580021832431,0.0005711960902296,0.5693125572825969,74937.03093021501,1587752.033563631,0.0843090749476147,0.965068289832184,0.005958001954340352,0.005958001758167867,2.2890274831849355e-10,4.2507523282525606e-10
1296,-1.1014894655273346,-7.745530465310868,-6.995817010766608,-13.012319873069446,-16.09789559427784,-16.2266912051123,-16.85278070518004,-11.19703556888628,-9.895491944680082,20.98935125455886,0.0059580002633774,0.0005870730936437,0.5539156080891775,74937.00678302167,1631885.291631559,0.0843090749476147,0.960805131129984,0.0059580005102670966,0.0059580003953833465,-2.4688969618713585e-10,-1.3200594610462968e-10
1297,-1.3822054172351024,-5.59085363847262,-8.026768372248194,-13.587195828012764,-11.696932151090952,-15.957624916119013,-16.581663437196664,-13.938244578926236,-12.883392094365014,21.293745432048155,0.0059580004426372,0.0005590681193696,0.5816625077837433,74937.00903766887,1554039.949875767,0.0843090749476147,0.9650246377054778,0.005958001268017931,0.00595800130291547,-8.25380730776204e-10,-8.602782696279232e-10
1298,-1.351223059252325,-7.333841332611858,-9.023559017808978,-10.261112200934154,-12.300503759883428,-12.338875363555474,-17.336682450082076,-14.57914738398522,-12.936239191251897,20.819985607327823,0.0059580015990244,0.0005635961729823,0.5769894733094058,74937.0235821792,1566626.5667218226,0.0843090749476147,0.9672062450812524,0.00595800416541229,0.005958004255173565,-2.5663878903958715e-09,-2.656149165197741e-09
1299,-1.365021486275968,-7.482939496196758,-8.975999753593847,-14.594838892205646,-11.598634854129344,-16.207896479627394,-13.496986079410508,-10.593412202771484,-10.713866222358927,20.77777851300461,0.0059580004628478,0.0005822170076619,0.5585356691914826,74937.00929186854,1618386.8442077767,0.0843090749476147,0.9592972860501844,0.005958000325535495,0.005958000336155248,1.373123047557212e-10,1.266925514151196e-10
1300,-1.3861475853406957,-7.25047274919277,-8.07158272414023,-11.851817784978811,-16.005478624069177,-15.131265722461956,-13.858379478730573,-11.499364138147076,-11.478869734968873,20.68102176852621,0.0059580011046595,0.000571621777585,0.5688884351263039,74937.01736428308,1588935.3154097835,0.0843090749476147,0.961626292763173,0.005958001165420552,0.005958001078168136,-6.076105243946195e-11,2.649136379012651e-11
1301,-0.9959038989416034,-8.139261323578758,-7.583344664042355,-11.98568297525939,-16.600081657944326,-16.670753436063357,-14.832293386584642,-11.716530984464898,-12.692464009351983,21.043149648261338,0.0059580007712485,0.0005703927175887,0.5701142058978064,74937.01317079275,1585518.9010787923,0.0843090749476147,0.96236818607751,0.00595800087087693,0.005958000887314753,-9.962843050548287e-11,-1.1606625296284312e-10
1302,-1.353406310953568,-7.850470038999235,-8.686762400494043,-11.856235489024192,-11.760763581213723,-12.594165361739226,-12.870844208651036,-12.440497377976028,-11.175053451796057,20.258012579306783,0.0059580014995584,0.0005632338066131,0.5773606751704454,74937.02233114216,1565619.2980281578,0.0843090749476147,0.9626665998973378,0.00595800399896274,0.005958004092697294,-2.4994043397452703e-09,-2.5931388937180944e-09
1303,-1.0591720380857184,-7.615398890628711,-8.830843480171032,-13.364053265433334,-11.661067994965052,-12.474129162170048,-15.268312915669686,-12.421337555974215,-9.35744332152466,20.680643038400365,0.0059580007189723,0.0005760478514203,0.5645173159770113,74937.01251328574,1601238.459378902,0.0843090749476147,0.9613276127878838,0.005958001959704161,0.0059580018819274765,-1.2407318610019313e-09,-1.1629551766034751e-09
1304,-1.2427163485522033,-7.17450004504541,-6.211326350292179,-13.231439191188285,-11.903023528843605,-13.262107023236698,-15.490136553493986,-12.206928240404396,-12.426689177752465,20.52682284088713,0.0059580005151417,0.0005605830276067,0.5800906453746254,74937.00994959852,1558250.9356918037,0.0843090749476147,0.9637368289351572,0.005958000800722187,0.005958000730082882,-2.85580487209558e-10,-2.149411820404068e-10
1305,-1.2700543781794311,-8.285669524550833,-6.780099745983354,-11.0130219574736,-11.566239218226038,-11.850226744689834,-14.463339913705694,-12.387646800455904,-13.018950231251033,20.026539182836583,0.0059580036994433,0.0005583549869263,0.5824058861915542,74937.05000028982,1552057.6577935664,0.0843090749476147,0.9652499206745092,0.0059580036510705125,0.005958003614989718,4.837278754638019e-11,8.445358214842491e-11
1306,-1.3542061038151851,-7.12374287754106,-6.752495464611467,-13.733965699381685,-12.76279296095576,-17.01880497808804,-16.86356172158391,-11.255961321478036,-10.068404759882869,20.77421978742878,0.0059580001618415,0.0005805738870612,0.5601163755257813,74937.00550594943,1613819.466874828,0.0843090749476147,0.9612113090989316,0.0059579998201078205,0.005957999890888563,3.417336795485948e-10,2.709529371702768e-10
1307,-1.1049505242552362,-6.721409452581351,-7.933166552684924,-14.662775927144814,-15.5996957501778,-13.914139741076024,-16.17047218422714,-15.450530711278905,-12.76515933708506,22.18025097633386,0.0059580001328878,0.0005582000441046,0.5825670248679459,74937.00514178239,1551626.9637036787,0.0843090749476147,0.964829058972171,0.005957999580527078,0.005957999434537638,5.523607222654436e-10,6.983501624202582e-10
1308,-1.2762844675755305,-6.7357179126616105,-8.814127529840732,-11.16338765961392,-15.910431755180904,-14.663894285597191,-14.612725533599376,-13.57059547016144,-9.327665680128256,20.81112437521956,0.0059580014354334,0.0005741503821518,0.566383051764785,74937.02152460659,1595964.069828083,0.0843090749476147,0.9628954875948788,0.005958000992714303,0.005958000910102018,4.427190974931605e-10,5.253313825615002e-10
1309,-1.1410320324425098,-6.93047870496586,-6.570687218636152,-12.81195294285298,-15.412068380089682,-13.294998529714531,-12.53110660872245,-14.8789043148699,-12.696102995638796,21.051560321145217,0.0059580004926037,0.0005563079313001,0.5845485029582275,74937.0096661247,1546367.463499549,0.0843090749476147,0.9655944591176836,0.005958000418599782,0.005958000410159343,7.400391757728109e-11,8.244435689697127e-11
1310,-1.3447663960047933,-7.131115471760085,-6.954952100918037,-13.917557674462348,-11.232874692908505,-13.15999606867615,-11.997364083232164,-12.742680374057958,-12.565333240388112,20.49370420639711,0.005958000519546,0.0005594442613087,0.5812714386779916,74937.01000499279,1555085.5104788863,0.0843090749476147,0.9632053000641756,0.005958000869483234,0.005958000784666625,-3.499372345713847e-10,-2.6512062510641865e-10
1311,-1.4289441865903865,-5.845913940495162,-8.210128872982157,-14.042384590787108,-13.637973657115715,-15.810429867600975,-15.80906312032177,-15.149218565403087,-11.472783076153362,21.696102384732967,0.0059580002011461,0.0005612832469611,0.5793669173704542,74937.00600030468,1560197.3332999728,0.0843090749476147,0.9645961861189976,0.0059580003114702755,0.005958000308331881,-1.1032417514267312e-10,-1.071857802167897e-10
1312,-1.3626653302891771,-6.239214776737259,-8.473544651498413,-12.166485701707725,-16.169675374614098,-12.992498351947718,-16.56484403804346,-11.60177253365942,-10.88249237055104,20.88621005180829,0.0059580006885667,0.0005744184799518,0.5661185978836772,74937.01213085809,1596709.3004669892,0.0843090749476147,0.9617429455603042,0.0059580009424679455,0.005958001009867537,-2.539012455143874e-10,-3.2130083663095554e-10
1313,-1.10852466290497,-7.15239486792137,-7.757317824485491,-11.138382215642032,-15.966689869651407,-16.27936420421402,-16.351429747281102,-13.0065522981867,-10.949480717777975,20.9292969543894,0.0059580007411773,0.0005721355600921,0.5683775165516476,74937.01279257101,1590363.4750811206,0.0843090749476147,0.9636426735565766,0.00595800053283424,0.005958000528339931,2.0834305981820567e-10,2.1283736925670205e-10
1314,-1.2460483671447362,-8.181451642684594,-6.65441128665174,-14.389694396343568,-14.13885447543958,-14.038997027904248,-13.596301401704604,-14.529756229168798,-9.570957204043268,21.241662589842623,0.0059580003174176,0.0005707629037299,0.5697443753923129,74937.00746271457,1586547.906368777,0.0843090749476147,0.9627110366688576,0.005958000317995592,0.005958000164208837,-5.779925149607124e-13,1.5320876251695426e-10
1315,-1.0989976316561794,-7.897263295097236,-7.083125816080569,-14.237301929606438,-13.034253444256754,-14.982368383955164,-15.424415962960373,-12.335244797355603,-9.3685139608789,20.93753904066197,0.0059580002108249,0.0005782933895762,0.5623251989690309,74937.0061220399,1607480.3749565468,0.0843090749476147,0.9611282388093016,0.005957999874955222,0.005957999783525092,3.358696775562775e-10,4.272998075163792e-10
1316,-1.286299833661937,-8.352186055881731,-8.359107433962032,-13.418608363456826,-12.702172015819125,-14.117399944747037,-14.509600363086848,-14.35799711602814,-10.35582997917818,21.22491366160276,0.0059580010341195,0.0005663867433938,0.5741465819111287,74937.01647706317,1574383.506801386,0.0843090749476147,0.963153639687952,0.005958001290350813,0.00595800121466196,-2.562313130768934e-10,-1.8054246032211951e-10
1317,-1.3715614198140362,-5.631038151734998,-8.910698138491517,-13.035457459757826,-14.328022756859983,-15.184228133169128,-12.492511959181652,-12.75186380452733,-10.615345788479312,20.798717029097475,0.0059580006051151,0.0005675677708166,0.5729518030397472,74937.0110812427,1577666.4051339603,0.0843090749476147,0.9617311154723284,0.005958000922637068,0.005958000812440075,-3.175219679199537e-10,-2.0732497489628354e-10
1318,-1.448667534338995,-8.072987287601688,-8.643200511413932,-11.71823084591263,-13.732421528190551,-14.78991338055229,-11.694711683883012,-13.778032901559213,-9.296589369440603,20.54289863386923,0.005958002410973,0.0005702729322205,0.5702341933301612,74937.03379449777,1585185.9340552732,0.0843090749476147,0.962465286158442,0.005958002133048063,0.005958001816747488,2.779249374043613e-10,5.942255116783701e-10
1319,-1.1185219994134925,-8.181114582825979,-6.998410936009552,-10.13831206526022,-13.260707905104027,-16.241176788395443,-12.413913059601592,-10.982972013325735,-10.032688996363,19.56414967426397,0.0059580023377373,0.000573078195979,0.5674428407303563,74937.0328733737,1592983.7171869269,0.0843090749476147,0.9620140667285076,0.005958002458949709,0.005958002658092336,-1.2121240903356645e-10,-3.203550359015539e-10
1320,-1.3971837991596412,-7.560621822332752,-6.738625097225927,-11.061921640837063,-13.00428272621331,-13.435009980459457,-12.985061405415331,-10.76604821341848,-10.44342648092707,19.617615901700724,0.0059580026597621,0.0005682941046275,0.5722198122473375,74937.03692365342,1579685.393017684,0.0843090749476147,0.9619043968243062,0.005958001641782466,0.005958001730473577,1.0179796346154735e-09,9.292885237363602e-10
1321,-1.1984115431582265,-6.158456539492059,-8.505657876603962,-14.00724494594662,-13.23551250438255,-16.306529992864508,-12.795342899327522,-11.2123638640025,-9.592830581162351,20.61441691361982,0.0059580005536779,0.000581340705771,0.5593776079969585,74937.0104342889,1615950.9905084458,0.0843090749476147,0.9597209372261112,0.005957999873319105,0.005957999796155315,6.803587953435608e-10,7.575225854580814e-10
1322,-1.1328328459038064,-6.804792199469668,-6.613024557943451,-13.979209188408207,-16.220021297875547,-14.730425492253794,-17.365257561270745,-15.186184491406268,-10.826688337621468,21.84695003088704,0.005958000067388,0.000570038547422,0.5704683219816508,74937.00431795676,1584534.4153443312,0.0843090749476147,0.9645916856918394,0.005958000581664771,0.005958000521986167,-5.142767704746642e-10,-4.545981664022536e-10
1323,-1.3949142720928922,-5.872854904409945,-6.6083974284892,-11.535945506808403,-13.983094370744045,-11.832470188529786,-13.697264125122215,-14.836046945707018,-10.678021040838097,20.399976772823297,0.0059579999345367,0.0005597844915395,0.580918063381512,74937.00264701314,1556031.2474160527,0.0843090749476147,0.965993487035425,0.0059580006805098635,0.0059580007864689375,-7.45973163449043e-10,-8.519322374292426e-10
1324,-1.0095379566768543,-5.948762672072134,-6.362055773916901,-12.006407162707486,-15.517593503779146,-14.990198867604324,-13.892608331165691,-15.203721511927164,-12.212577696805583,20.978460061065512,0.0059580006303381,0.000558518117084,0.5822353290872442,74937.01139848561,1552511.110196475,0.0843090749476147,0.9666382359204398,0.005958000415334221,0.005958000425379276,2.150038792836373e-10,2.049588242181155e-10
1325,-1.0351175227202862,-6.411936604569736,-6.233766634247632,-12.689480661173274,-14.30171941158168,-12.888529564622283,-16.0605467712512,-12.119583867109409,-9.61213873854958,20.4148845456069,0.0059580006818195,0.0005731587620111,0.5673628416242229,74937.01204599492,1593207.6663409665,0.0843090749476147,0.9624479431369471,0.005958000486371164,0.005958000547649212,1.9544833633478031e-10,1.3417028772721995e-10
1326,-1.3449678666615468,-7.664758802070182,-7.678157967717993,-10.677109132500023,-11.564159424980195,-13.079528820366304,-16.4013220347923,-15.444369464004328,-11.825761547096237,20.681475115210453,0.0059580041704108,0.0005650877158742,0.5754668884024119,74937.05592390354,1570772.6039588628,0.0843090749476147,0.967727811264618,0.005958003098311729,0.005958003101502408,1.0720990709783829e-09,1.0689083923542952e-09
1327,-1.3187782165837747,-6.880286585062565,-6.629309769665724,-12.184507660954797,-13.33879345582567,-14.394290307216664,-16.584866519372664,-13.51536112555387,-13.618851694280991,20.935363332436857,0.0059580007380257,0.000556952413817,0.5838721234538152,74937.01275293088,1548158.929590203,0.0843090749476147,0.9660797765197456,0.005958000593641398,0.005958000471956148,1.4438430225721666e-10,2.66069551807524e-10
1328,-1.143222494990615,-7.706289851367744,-6.648617328995853,-14.09664087114871,-13.38639070547785,-14.185632433061496,-17.296073891735485,-13.14153701391557,-13.389319289527526,21.44367206526825,0.0059580006687353,0.0005603417530788,0.580340445912582,74937.01188142851,1557580.265620927,0.0843090749476147,0.9642069067693444,0.00595800000625528,0.0059580002446572924,6.624800204940717e-10,4.2407800795313255e-10
1329,-1.4585543766948692,-7.322671126160396,-8.618224995124047,-12.823400307408953,-11.393876630254814,-13.82324047112229,-17.22996140753961,-11.05158845720612,-9.59442464509802,20.502557227157453,0.0059580011618577,0.0005816475398115,0.559082607523311,74937.01808369701,1616803.896156949,0.0843090749476147,0.9609554230585772,0.005958001970520662,0.005958001914824851,-8.086629621137376e-10,-7.529671513031855e-10
1330,-1.4497217837661738,-5.883730776240279,-8.403560835762857,-12.180195424793672,-12.50169651190996,-13.715132552660624,-15.44399868294336,-14.510808259234851,-13.628264160181946,21.06956743475102,0.0059580029757012,0.0005537717064702,0.587226049864593,74937.04089739193,1539317.5270590417,0.0843090749476147,0.9665919705947718,0.005958001998156453,0.005958002022474831,9.77544746538772e-10,9.532263693656784e-10
1331,-0.9982125765096704,-6.750063718217152,-8.69113830510207,-14.269983709737978,-15.12518953832016,-16.826274482122834,-11.97914361174916,-12.71019747024982,-13.621175577807664,21.46872721715241,0.0059580008458181,0.0005634335538238,0.5771558955551785,74937.01410869506,1566174.534741858,0.0843090749476147,0.9620535682486946,0.0059580003039757055,0.005958000207122785,5.418423947370354e-10,6.38695315385851e-10
1332,-1.2835999673269334,-6.710042877296587,-6.640433786568273,-13.620694637714866,-13.357854432030727,-17.233586527896424,-14.40300071426691,-14.96116591586699,-11.196833889334894,21.270184481132542,0.0059580001290831,0.0005621173441822,0.5785072138928333,74937.00509392914,1562515.870807001,0.0843090749476147,0.9648376705318022,0.005958000216065125,0.005958000289971037,-8.698202488138795e-11,-1.6088793752117025e-10
1333,-1.014488759530757,-5.660569522872768,-8.468256391637802,-12.624804411945425,-12.188737353180212,-17.158976968411807,-14.921592472564956,-11.03732442674401,-12.606437195303284,20.55168018217822,0.0059580014292164,0.0005647646097056,0.5757957200532373,74937.02144641249,1569874.466725416,0.0843090749476147,0.962339000145225,0.005958002131549732,0.005958001970768366,-7.023333312497493e-10,-5.415519655979639e-10
1334,-1.006485593798378,-6.307598124647905,-7.724955652346977,-10.323409622267636,-12.605533931373152,-16.88648691134982,-13.21236967431128,-11.584781402638551,-12.344687209492443,19.884984992299284,0.0059580036971104,0.0005613973648557,0.5792496565474524,74937.04997094732,1560514.5464642744,0.0843090749476147,0.9639742796524228,0.005958003246378694,0.005958003066405962,4.507317054314175e-10,6.307044374612158e-10
1335,-1.4118520352775736,-7.09533167032092,-6.979305751603369,-12.659879604604615,-12.880435719418657,-13.522462543970471,-15.973537942831644,-14.953119528166216,-12.59569960060065,21.14296862922821,0.0059580006622162,0.0005576055924908,0.583188165059288,74937.01179943385,1549974.5683618293,0.0843090749476147,0.966426676514468,0.005958000755064529,0.005958000826548329,-9.284832885175787e-11,-1.6433212863403712e-10
1336,-1.0629792852000806,-6.417974562774511,-8.550110214485791,-11.301694453419458,-14.632031350672309,-15.97382988762582,-17.325266868455426,-15.53197213968178,-11.0124490219825,21.379380734936493,0.0059580005383146,0.0005677216756879,0.5727964706888554,74937.01024105589,1578094.2140365236,0.0843090749476147,0.9662442694934475,0.005958000420099393,0.00595800044689918,1.1821520672083974e-10,9.141542037238715e-11
1337,-1.2176154389779967,-8.318853118498307,-6.50804293502608,-14.41609782947906,-13.673313048585497,-12.17993828465863,-12.358575730593452,-15.065491426528816,-11.294771075630418,21.201779084040435,0.0059580005644082,0.0005621962023741,0.5784261311810072,74937.01056924964,1562735.0726829586,0.0843090749476147,0.9639810246851708,0.00595800055656618,0.005958000762932357,7.842019568438108e-12,-1.9852415718280003e-10
1338,-1.1995337515814903,-5.761845826205383,-7.103775586284719,-13.275028663419125,-14.989770760570938,-16.775647759689484,-16.602473135449188,-14.116263690587717,-12.713949111937286,21.51831839628029,0.005958000545533,0.0005607977419374,0.579868548748362,74937.0103318456,1558847.7764632374,0.0843090749476147,0.965020165599386,0.005958000287582052,0.0059580002100516494,2.5795094792807616e-10,3.35481350165201e-10
1339,-1.118051017665163,-7.374334268462789,-9.06131581463079,-10.16825387874945,-13.76882927332385,-13.026335474127029,-12.03298844906031,-15.622736813819522,-12.715560295862328,20.67273124781347,0.0059580025970321,0.0005566459015211,0.5841939010543208,74937.03613466465,1547306.9182943006,0.0843090749476147,0.9674135630312516,0.005958004044164426,0.005958004023694739,-1.4471323254300339e-09,-1.4266626387204884e-09
1340,-1.3284344863278603,-8.362730673824613,-8.273477309842546,-14.002239525351886,-14.064227088339088,-14.01753525599946,-11.975745787190323,-14.837825988892313,-10.12807103690615,21.33082973030642,0.0059580002989662,0.0005677939467371,0.5727235283870431,74937.0072306416,1578295.1056519651,0.0843090749476147,0.962531371560666,0.0059580006047195025,0.005958000443380954,-3.0575330288440394e-10,-1.444147544604757e-10
1341,-1.2957106588353346,-7.856217936918054,-7.99796165928303,-11.67271178266236,-16.49750263338184,-13.8530301938031,-14.320966884430812,-13.139186292872894,-11.251797977899038,20.97258155344572,0.0059580010266494,0.000567679597633,0.5728389984485516,74937.01638310876,1577977.249795206,0.0843090749476147,0.9630102348256908,0.005958001016435026,0.0059580008108602485,1.0214373617756234e-11,2.1578915130465726e-10
1342,-1.162509657272704,-5.786083128808024,-6.655479128494055,-10.2761023483184,-16.220704236868134,-12.440168597864425,-12.894537239624473,-12.910734896286009,-12.84547701890686,20.11474632380865,0.0059580007926326,0.0005593671500203,0.5813516095410769,74937.01343975139,1554871.1644653918,0.0843090749476147,0.9655723086268372,0.005958000867408312,0.00595800095876223,-7.477571166425445e-11,-1.6612963001788605e-10
1343,-1.280215051454257,-6.114631081354515,-6.837011378894593,-10.976375437839692,-12.0171821733191,-15.49525118458709,-12.658024043060262,-14.474504556510643,-10.080045495252946,20.050411799565985,0.0059580028199537,0.0005618936534128,0.5787379106189683,74937.0389384706,1561894.0782559882,0.0843090749476147,0.965660755353562,0.005958001772286014,0.005958001842388235,1.0476676861118084e-09,9.775654652086074e-10
1344,-1.0738275336011818,-6.618813765753443,-6.186211767224602,-12.074595680894252,-12.836615646207331,-14.650256104707433,-16.19952332620872,-11.786268175049605,-9.936897595628905,20.166076493785752,0.0059580003314902,0.0005715449169723,0.5689648277470604,74937.00763971267,1588721.6661984376,0.0843090749476147,0.9628447560681788,0.005958000643307485,0.005958000570339699,-3.118172855337553e-10,-2.3884949920671694e-10
1345,-1.2886432737513331,-7.558429331538968,-9.029092235074074,-12.749174610581992,-15.744243332890672,-15.641904997024316,-12.790791143599478,-11.279665639119209,-11.784300400121056,20.93028057612284,0.0059580006807223,0.0005742035226563,0.5663305274099625,74937.0120321957,1596111.7843267554,0.0843090749476147,0.9605250020041908,0.005958001383750911,0.005958001238459629,-7.03028611021006e-10,-5.577373285436948e-10
1346,-1.1327427246456971,-7.506268876861937,-7.990992684733932,-10.611873157835417,-13.265352365719853,-15.945443913969912,-12.490480218106953,-14.801778623095672,-10.985184368977198,20.496401044699635,0.005958002068313,0.00056152917744,0.5791134468054555,74937.02948467695,1560880.945503641,0.0843090749476147,0.9656246080432088,0.005958002608493276,0.005958002614178277,-5.401802763774222e-10,-5.458652774584238e-10
1347,-1.0532813476364529,-8.127447531711915,-8.139982985375811,-11.996096638550055,-15.336987475959424,-12.667860642549009,-15.712549098539087,-12.702929578183287,-10.711558216154662,20.9157001800604,0.0059580010466551,0.0005696654582311,0.57084207772646,74937.01663473107,1583497.3404557304,0.0843090749476147,0.962541924918032,0.005958001231797188,0.005958001250581912,-1.851420882922894e-10,-2.039268120687665e-10
1348,-1.3138730635964475,-5.999772880162195,-6.795953467773483,-10.920610289878612,-15.826538860231556,-16.955870297811607,-17.052392650484602,-11.810082221180126,-10.405605810082534,20.47832430039934,0.00595800067353,0.0005791293695721,0.5615135414009818,74937.01194173329,1609804.1460067355,0.0843090749476147,0.9630810165217364,0.005958000568873174,0.005958000463905422,1.0465682574040125e-10,2.0962457811246615e-10
1349,-0.998594544473652,-6.584978235385816,-8.00579926377942,-12.966313692065729,-15.636443108462869,-16.466499623417537,-15.081045168939266,-15.166179195584723,-9.842584184515538,21.51204372094477,0.0059579999874082,0.0005702653508267,0.5702414263698935,74937.00331200697,1585164.86007793,0.0843090749476147,0.964001738932542,0.005958000152637367,0.005958000187160171,-1.652291671538908e-10,-1.997519710403295e-10
1350,-1.079113913737356,-8.27319115971213,-6.123354069121216,-13.440228697612234,-12.554521853448245,-14.428061655355636,-16.81007597455671,-11.339320155090643,-11.574846340447586,20.673902840167827,0.0059579998460298,0.0005704266794,0.5700801298986886,74937.00153381338,1585613.3046222029,0.0843090749476147,0.962247361545217,0.005958000458489754,0.005958000772209347,-6.124599534126918e-10,-9.261795462511824e-10
1351,-1.0364070000904215,-7.973537324087081,-6.22290712711747,-13.892575290703714,-15.179839734144773,-11.67012031771647,-13.118632630891495,-10.567168290442028,-11.316275925012468,20.450855614319323,0.0059580010822389,0.0005768088965081,0.5637725400345285,74937.017082287,1603353.9340931163,0.0843090749476147,0.9602916481468532,0.005958000346986066,0.005958000229260179,7.352528334433894e-10,8.529787206418282e-10
1352,-1.3411872495641393,-7.563875407439224,-6.451532822467691,-11.09072423484195,-16.072037290326026,-15.92988347407397,-12.29117649017437,-13.768831010195086,-12.081886221770423,20.59593237032793,0.0059580008452859,0.0005639972574288,0.5765790400860404,74937.01410200095,1567741.4599369436,0.0843090749476147,0.9648604291094808,0.0059580007383742825,0.005958000678206843,1.0691161757975243e-10,1.6707905718671423e-10
1353,-1.3784060229949835,-7.577243864256095,-7.759674196196752,-10.889840035435835,-16.279936587826285,-16.344553789260257,-17.04096001817005,-14.145998026534006,-10.969710632837014,21.1930751694498,0.0059580002378182,0.0005732322363702,0.5672900561647578,74937.00646154932,1593411.9027933711,0.0843090749476147,0.9647996603469744,0.005958000084481304,0.005958000111789016,1.533368961317838e-10,1.2602918361692694e-10
1354,-1.408076648075368,-7.677221503406985,-7.820105101427185,-13.561051173457928,-14.480340973474409,-14.464248818344563,-14.858860284336023,-15.683246383546525,-11.19269700832534,21.674472077769355,0.0059580001317308,0.0005614062476895,0.5792399714445581,74937.00512723015,1560539.2380504103,0.0843090749476147,0.9648211775769376,0.005958000161610993,0.005958000249183096,-2.9880192937981054e-11,-1.1745229615278685e-10
1355,-1.2514050710023945,-7.86519046901276,-8.92643151654556,-10.238436228546949,-11.638935483917155,-12.26555404847236,-12.355341708605597,-11.933810015177322,-12.346972752124827,19.819693995857705,0.005958010124601,0.0005600653022293,0.5806282869264271,74937.13081298902,1556811.8160359422,0.0843090749476147,0.9637737537442128,0.005958007159178262,0.005958007305835686,2.965422738095136e-09,2.818765314042959e-09
1356,-1.2696418816942263,-7.232275702258529,-8.806832407851482,-13.71723601891554,-13.061105570533057,-16.304954524499,-13.818199134449838,-10.757018483005616,-11.272087536528296,20.79844554078075,0.0059580006082623,0.0005755661531751,0.5649897515695506,74937.01112082672,1599899.4842328352,0.0843090749476147,0.9600915349643722,0.005958000737723939,0.005958000749595842,-1.2946163932547883e-10,-1.4133354209189264e-10
1357,-1.0079898552534727,-7.53684689943615,-7.404768016754303,-12.943608638976176,-14.453916812441138,-16.34626863694415,-15.588342878749366,-12.26558617174264,-11.60045177606066,21.03772558773484,0.0059580006185126,0.0005678251232776,0.5726921289717068,74937.01124974951,1578381.766986558,0.0843090749476147,0.9624640537436738,0.005958000388369992,0.005958000375096531,2.301426080958402e-10,2.4341606941896687e-10
1358,-1.0336586572074378,-6.574797415115698,-6.650798424385272,-10.977738191130245,-14.172360915768836,-11.713128208632774,-15.322679729327923,-11.837024389884746,-13.624086401913614,20.18624122790395,0.0059580012294401,0.0005571976465315,0.5836152230264179,74937.01893371719,1548840.6022205434,0.0843090749476147,0.9651665279800896,0.005958001399746913,0.005958001227539265,-1.7030681292301564e-10,1.9008345245041802e-12
1359,-1.0400165159065928,-6.25170326394155,-8.58217660006321,-11.204469838115456,-12.356452153544534,-16.552503343403135,-12.6667418323767,-14.561209223971597,-13.50905047731396,20.721894513087783,0.0059580047840171,0.0005541521680422,0.5868231480779381,74937.06364156352,1540375.0949327345,0.0843090749476147,0.9667348753990568,0.005958003604576436,0.005958003737362795,1.1794406640577848e-09,1.0466543048925914e-09
1360,-1.2904977875985122,-8.202536072604365,-6.559845100131167,-11.346975745168931,-12.211168955532711,-16.931593790485156,-15.347625275236672,-12.84088017702522,-9.972260296609148,20.30002464369052,0.0059580015544547,0.0005718238111839,0.5686875030371477,74937.02302160214,1589496.9075896305,0.0843090749476147,0.9636785119504552,0.005958001247855476,0.005958001269034541,3.06599224307591e-10,2.8542015886173777e-10
1361,-0.9883477780675618,-6.651084738385677,-8.396385843184197,-9.933901763316,-16.139342405506554,-15.431332533034665,-12.662796466848285,-15.480161885306732,-9.339214972341916,20.60986108932654,0.0059580000676685,0.0005716320559752,0.5688780575486255,74937.00432148448,1588963.886219538,0.0843090749476147,0.9654287513682556,0.005958001082770091,0.005958001282110804,-1.0151015913256733e-09,-1.2144423045326591e-09
1362,-0.990990749535364,-7.637845074101926,-8.363963091308385,-12.309887880406457,-13.296040763412172,-14.877871161524554,-16.3847259406737,-14.04665855237952,-10.124609689260405,21.09727137539036,0.0059580009192715,0.0005689588715177,0.5715509848527929,74937.01503255796,1581533.243519112,0.0843090749476147,0.9637426021037534,0.005958001321032281,0.005958001407592158,-4.017607808937118e-10,-4.883206582151356e-10
1363,-1.4750927626700914,-7.00033806593407,-7.395681082812765,-11.60521793062246,-13.029603131782196,-14.531504168425418,-13.33113957743291,-13.081471936712576,-9.578366677542755,20.223452974933185,0.0059580005008715,0.000567010404086,0.5735149950667074,74937.0097701143,1576117.094529314,0.0843090749476147,0.9631195596580916,0.00595800121508602,0.005958001181061581,-7.1421451999093e-10,-6.80190080475096e-10
1364,-1.376657809133555,-6.29676286673655,-6.294649157728822,-14.28862725729269,-16.023127099689408,-12.534734487014044,-12.42547868440245,-11.570421839068375,-9.31372453308469,20.52780592728645,0.005958000325243,0.0005848257724106,0.5560441589004531,74937.00756113867,1625638.419639882,0.0843090749476147,0.960017707408992,0.005958000319958729,0.005958000236416297,5.284270417071912e-12,8.882670293752781e-11
1365,-1.2924701342195066,-7.277606068467654,-6.539313586058258,-14.09297187840112,-12.328648705968387,-16.946817408151773,-14.501140948743975,-12.817929009252984,-12.40304507961031,21.01867628068409,0.0059580002719564,0.0005621762103744,0.5784466584671201,74937.0068909241,1562679.5009822291,0.0843090749476147,0.9632380662890248,0.005958000015986034,0.00595799999843844,2.559703655632961e-10,2.7351796001717776e-10
1366,-1.2462856711500585,-6.173395175681673,-7.408344516486513,-11.100031359660267,-15.242941736782065,-13.041684230210192,-12.030589101465436,-15.534343832835075,-13.424246773902436,20.782213118151954,0.0059580015329292,0.0005545188492121,0.5864346253677782,74937.02275086378,1541394.3574645778,0.0843090749476147,0.9678305272508884,0.005958000666896567,0.005958000597077977,8.660326327597501e-10,9.358512229051819e-10
1367,-1.0562392336371402,-7.818617122092247,-8.921659920042302,-13.288699373952484,-13.678492026461774,-12.514119276668248,-14.19553832969686,-12.70487921646404,-12.87052063408021,21.14247091013121,0.0059580012440621,0.0005597623333654,0.5809412505344583,74937.01911762619,1555969.6544070742,0.0843090749476147,0.962665506909178,0.005958001680019518,0.00595800163008206,-4.359574186027504e-10,-3.860199607880199e-10
1368,-1.1368763859241906,-6.611279861674581,-7.239470772700076,-12.921359568388818,-15.227593847695305,-16.35929453230424,-17.05962321066005,-14.804893383089691,-13.21924657659977,21.715225896387103,0.0059580002186645,0.0005594289547743,0.5812872988116295,74937.00622064341,1555042.9629519265,0.0843090749476147,0.9660011844094972,0.005957999697381102,0.005957999620785758,5.212833983914145e-10,5.978787421742626e-10
1369,-1.3685443155878356,-7.51851561127628,-8.965130844347907,-11.898896768095462,-16.680168471844738,-17.06988078610395,-14.45597600209829,-12.954106998157416,-13.025964710954872,21.42384806408516,0.0059580005177548,0.0005653353891684,0.5752142475331613,74937.0099824644,1571461.060660927,0.0843090749476147,0.9631390077720008,0.005958001051998322,0.00595800121098807,-5.342435226846076e-10,-6.932332702672128e-10
1370,-1.2674939448948952,-6.634190580655095,-6.129737537688348,-12.763470709302393,-15.348443575026,-13.226338809052953,-17.231063443477726,-10.922270541041913,-13.575890511567168,20.774556219419686,0.0059580001382919,0.0005660673051498,0.5744704498196993,74937.00520975322,1573495.5652867516,0.0843090749476147,0.9632424969235612,0.005958000628565587,0.005958000713114642,-4.90273687099585e-10,-5.748227414892337e-10
1371,-1.3884901699569223,-7.311027697624319,-8.775654817909508,-11.380034187314198,-14.305471636856014,-14.601694515799764,-11.824650891792988,-11.920960222199222,-11.980070301036896,20.375945533012644,0.0059580028356401,0.0005640397067047,0.5765359360076057,74937.03913576747,1567859.4560598608,0.0843090749476147,0.9622801489688037,0.005958002665468063,0.005958002699724057,1.7017203705199657e-10,1.3591604317714223e-10
1372,-1.1590586011287018,-7.44040288509185,-6.438369921558612,-10.198881315665712,-12.82167744420127,-16.102502372441933,-15.056531957700344,-12.799123569333815,-11.97415849360729,20.08416658320677,0.0059580019392263,0.0005633429537981,0.5772488759614197,74937.02786108332,1565922.69412598,0.0843090749476147,0.965540943768294,0.005958001623384491,0.00595800168191326,3.15841809303552e-10,2.573130397989787e-10
1373,-1.3928327642171427,-7.568351784302004,-6.06835715941331,-11.506503139193228,-11.323355316167197,-16.74934038756332,-15.95406305396572,-10.838330898579516,-13.523858514209252,20.093650472599744,0.0059580006341934,0.0005644120791369,0.5761552454981284,74937.01144697599,1568894.5385765054,0.0843090749476147,0.964236145869339,0.005958001350571854,0.0059580015775826094,-7.163784539535034e-10,-9.433892096330498e-10
1374,-1.2549046112045288,-6.728728687481079,-7.09487122190006,-10.532208210754549,-14.393137484993783,-11.901516557776112,-12.31608091877037,-12.782852392578086,-9.565462826059465,19.77877772527789,0.0059580010020965,0.0005664072574017,0.5741257829734152,74937.0160742927,1574440.529526797,0.0843090749476147,0.9633482759870224,0.005958001264296729,0.005958001191436458,-2.6220022854295255e-10,-1.8933995777487e-10
1375,-1.094189512721555,-5.728243409639757,-7.097218156511916,-12.483960032610495,-12.721363596084728,-13.681812435039983,-13.959340944188586,-11.573792109347725,-9.9640184800782,20.040190908679,0.005958000347275,0.0005677345213391,0.5727834829562737,74937.00783824766,1578129.9210540638,0.0843090749476147,0.9619911395380214,0.005958000824897091,0.005958000766648089,-4.776220911828499e-10,-4.193730892068648e-10
1376,-1.2445606816603263,-6.164376021321411,-7.115903495512775,-14.55516659458748,-13.592209494414604,-15.17765361476257,-13.95429103181846,-14.89428737361668,-12.09184291759922,21.475019773043662,0.0059580003970469,0.0005578198769357,0.5829640965617602,74937.008464255,1550570.214181108,0.0843090749476147,0.9645132437560316,0.005958000136956336,0.005958000155047701,2.6009056453696333e-10,2.419991993254933e-10
1377,-1.471218904939716,-6.963561965095485,-6.387192516538608,-10.627386513223485,-15.44482531627034,-15.044626479590075,-13.84620693994382,-13.85872939906859,-9.919356690776745,20.32376325553312,0.005958000755593,0.0005697128767661,0.5707945233784668,74937.01297388422,1583629.149613157,0.0843090749476147,0.96465768344002,0.005958000480891189,0.005958000541216336,2.747018116450173e-10,2.1437666399004573e-10
1378,-1.0280474064082523,-8.299976212336622,-8.029306353673798,-10.65613197485454,-11.203228513102506,-15.187220946400794,-17.106982295417453,-14.033373394935824,-10.807221233168155,20.572049005475783,0.0059580025054717,0.0005708688081206,0.5696389933967503,74937.03498305965,1586842.2884812425,0.0843090749476147,0.9654760852303748,0.005958004052510975,0.005958004136164935,-1.547039275330564e-09,-1.6306932349580139e-09
1379,-1.3125700286427666,-6.623446555664638,-6.436837351188824,-13.312624040079587,-16.205327175313368,-14.031547797680089,-13.765412411061323,-15.833642142186228,-9.512071658997556,21.296617799977383,0.0059580002539582,0.0005702399970279,0.5702668185012796,74937.00666455086,1585094.3842005637,0.0843090749476147,0.9646729886988378,0.0059580006724328964,0.005958000660232768,-4.184746967353381e-10,-4.062745686747582e-10
1380,-1.3084201566922655,-7.958227579168856,-8.539550769792498,-13.929886558190251,-15.01607308542768,-12.262014010733113,-13.579819623465058,-13.977843310110888,-12.65961047964262,21.548409482406548,0.005958000952639,0.0005596718245141,0.5810351563987046,74937.01545223892,1555718.0672284549,0.0843090749476147,0.96306367743766,0.005958000428210827,0.005958000650357315,5.244281736302425e-10,3.022816857933819e-10
1381,-1.2364686173929968,-5.750664715278431,-6.17843242453369,-13.602316839459643,-12.033665400385573,-15.398004159565613,-15.47127702877764,-15.280027719207748,-13.553894913917611,21.216548325980607,0.0059580003812156,0.0005547592399656,0.5861803389268834,74937.0082651367,1542062.5709106592,0.0843090749476147,0.967479992625961,0.005958000697985018,0.0059580007598714,-3.1676941798786107e-10,-3.786558002913387e-10
1382,-1.0657823449953785,-7.551660636707751,-8.816833305052644,-10.692909501538324,-12.559868178279183,-13.186245880244137,-12.551933473484212,-11.410335157418537,-10.474241850652133,19.820656859625352,0.0059580037158908,0.0005669275744696,0.5735992514054089,74937.05020715795,1575886.8532967963,0.0843090749476147,0.9619511082962412,0.005958004874181884,0.005958004934186242,-1.1582910845742145e-09,-1.218295441959838e-09
1383,-1.2372679549205805,-6.082598907607371,-8.828945479373452,-10.281726494534842,-11.29539212701403,-11.632903160403693,-15.380384911160895,-12.453310304895997,-13.645134129123688,20.08943758917804,0.0059580000045601,0.0005575121757346,0.5832857875085268,74937.0035277351,1549714.8980891022,0.0843090749476147,0.9659668666760955,0.005958006260094689,0.005958006549765692,-6.255534588592293e-09,-6.545205591922121e-09
1384,-1.2677870093518266,-5.616161239487168,-8.794997486376719,-12.585338261876576,-16.66341987026155,-15.830526981565418,-11.698136763922395,-11.181794143268512,-12.13911475081424,20.722295367072075,0.0059580010380147,0.0005742185329048,0.5663157742980023,74937.0165260554,1596153.5082688103,0.0843090749476147,0.9608100767143958,0.0059580012470865865,0.005958001218201515,-2.0907188653940256e-10,-1.801868151213304e-10
1385,-1.2622820347428378,-7.372031958683342,-6.365375088578643,-12.503468413427862,-12.92742100926653,-12.454029000187912,-13.924265968786372,-10.681648954641812,-13.417838966053134,20.13615126066527,0.0059580009496298,0.0005601871693985,0.5805006319429135,74937.01541439023,1557150.5698351143,0.0843090749476147,0.962948014631956,0.005958000999791735,0.005958000970673549,-5.016193536933056e-11,-2.1043749208471407e-11
1386,-1.331297539424224,-6.153517529635472,-7.552888405078884,-10.774750669032311,-14.880149809528316,-15.95491853083339,-14.936380581953989,-12.580170500097466,-13.022674216704749,20.5638103784902,0.005958001118028,0.0005606321264657,0.5800399304246057,74937.0175324261,1558387.415640552,0.0843090749476147,0.9649148081880036,0.005958001104550344,0.0059580010999073845,1.3477655623483908e-11,1.8120615251360217e-11
1387,-1.402592827483324,-5.578354437490269,-7.061002691550925,-10.538424439915705,-12.002245416957368,-13.87336621430019,-16.311696158057682,-14.967865466163396,-9.494593572463582,20.226257145952715,0.0059580016109818,0.000569968631557,0.5705385208637189,74937.02373257438,1584340.0704270282,0.0843090749476147,0.9666369456828932,0.005958001785359537,0.005958001680006225,-1.7437773707634774e-10,-6.902442506451223e-11
1388,-1.2095352817614,-5.738518637627115,-6.4712787448995375,-11.92560516176599,-14.68003972238247,-15.92644488335094,-14.33276819735904,-15.597120329753258,-10.02859227003787,20.85656632066761,0.0059580004011556,0.0005658685576674,0.5746722565375644,74937.00851593325,1572943.1075147623,0.0843090749476147,0.9660907383170678,0.005958000404295622,0.005958000354717624,-3.1400220965038805e-12,4.643797586051379e-11
1389,-1.2982619354424974,-8.183924861592363,-7.124659229005269,-10.346630086768323,-13.258210113635378,-16.448119455994345,-14.711894815519594,-12.791375684959185,-12.54359305276312,20.356277963464706,0.0059580021567435,0.0005626569447788,0.5779527075716908,74937.03059691629,1564015.7969430569,0.0843090749476147,0.9651549809406688,0.00595800206380896,0.0059580020915465754,9.293453940434349e-11,6.51969242482231e-11
1390,-1.150315768344269,-7.265866342737258,-8.077075017213463,-11.822844994420706,-13.572113886254083,-13.220895297089672,-14.48233348578437,-15.055535937360595,-12.193869597906843,21.02223290637172,0.005958001984721,0.0005565779884882,0.5842650936820215,74937.02843329543,1547118.1406433706,0.0843090749476147,0.9660612728587646,0.005958001516658104,0.005958001515203009,4.680628957337563e-10,4.695179913263847e-10
1391,-1.4514010938606423,-7.345272800287522,-7.533395072970056,-12.675304513754227,-12.424747967927344,-11.911850123266593,-12.304099520751652,-11.838624295372238,-13.13093841948743,20.29232157114157,0.0059580008323991,0.0005583669061578,0.5823930334303938,74937.01393991623,1552090.7896451475,0.0843090749476147,0.963073073310063,0.005958001798029029,0.005958001704912281,-9.656299293156478e-10,-8.725131814962817e-10
1392,-1.2664578450362725,-5.679714687432002,-7.571740004731204,-11.91265843438588,-16.698000339853664,-13.353724985475,-14.090556823877916,-14.503404308241874,-10.30402608401743,20.94189235676997,0.0059580005448694,0.0005669906980875,0.5735349341729409,74937.01032349939,1576062.3178252105,0.0843090749476147,0.9642825398706693,0.005958000464318811,0.005958000514015242,8.055058963590822e-11,3.085415863773866e-11
1393,-1.2488573563076826,-7.73553352541346,-6.317445371860713,-13.252930501854287,-14.869450647389996,-12.99480207188509,-14.688792719981535,-10.953237153010754,-13.637368509030187,20.717471476520068,0.0059580004611087,0.0005636673267291,0.576916472582826,74937.0092699959,1566824.3525751482,0.0843090749476147,0.9624806157094036,0.005958000524109483,0.005958000495649111,-6.30007834095947e-11,-3.4540411329719856e-11
1394,-1.429147343666485,-6.466562971644424,-8.560342898111388,-11.224477259059045,-12.979680193473229,-14.588959844354813,-12.939883221550296,-11.300338867193252,-11.331543247526268,20.04397717839005,0.005958002713382,0.0005646188027236,0.5759445995642999,74937.03759806062,1569469.1675011872,0.0843090749476147,0.9621761639495504,0.005958002843635765,0.005958002733211501,-1.3025376523895238e-10,-1.9829500888524088e-11
1395,-1.045216584099411,-8.155178265431177,-7.765075608432679,-11.170304675743674,-16.319653211338064,-15.53772895763063,-14.144432884374632,-10.875494919378458,-11.83565423987973,20.519798033162065,0.0059580014538959,0.0005742616866169,0.5662732769834367,74937.02175681965,1596273.462510958,0.0843090749476147,0.9616123185336152,0.005958001642771041,0.005958001704110199,-1.8887514122156723e-10,-2.5021429893301583e-10
1396,-1.323088710216337,-8.224714996877092,-8.86147773349205,-11.030046557840036,-12.429617797974917,-11.774637376625716,-16.04773819336341,-12.09844981429896,-9.908262306438877,20.29157294953821,0.0059580069295105,0.0005730846143226,0.5674371415491997,74937.09062660033,1593001.5582371808,0.0843090749476147,0.9624519958024734,0.005958004101979445,0.00595800401212348,2.8275310547803967e-09,2.9173870194632023e-09
1397,-1.1779341926519264,-7.771822510327427,-8.434145685619486,-11.54564904404166,-12.437240189460574,-16.711320579267117,-14.1474967902568,-10.92937240049594,-10.774646841627938,20.228914645961275,0.0059580020553979,0.0005725326112411,0.5679835348886317,74937.02932223647,1591467.1569514005,0.0843090749476147,0.9614078814065816,0.005958002838281892,0.0059580028067199205,-7.8288399200932e-10,-7.513220202232107e-10
1398,-1.2876253471048302,-5.780370729672894,-7.053041244525475,-13.882443204177514,-16.541146356932863,-13.745645128029288,-11.93363941488713,-12.638102049000643,-13.768210651656975,21.08746007251804,0.0059580008067953,0.0005627029669346,0.5779052417649526,74937.01361788368,1564143.7245895243,0.0843090749476147,0.9629812882078174,0.005958000554512698,0.005958000401078865,2.5228260192716734e-10,4.0571643440678873e-10
1399,-1.231378457168325,-6.753582915897165,-8.545140873168403,-10.20191333147482,-11.790618215465113,-16.35586906256161,-16.855950450308423,-10.662354520245014,-13.201172665993273,20.137524055973778,0.0059580071099357,0.0005672708591104,0.5732526269699617,74937.09289590553,1576841.0805679837,0.0843090749476147,0.9638540774997292,0.0059580046053609205,0.005958004646446252,2.504574779342572e-09,2.463489448024936e-09
1400,-1.01250432962239,-7.697365478132902,-7.197006670720257,-10.639851586916103,-13.71904343484412,-12.87482538426691,-16.04506357890621,-14.1811514644597,-12.400203126821149,20.630222992316178,0.005958001983639,0.0005603702491439,0.5803111264268851,74937.02841968594,1557659.476046244,0.0843090749476147,0.9665779502783224,0.005958001645104744,0.00595800166946972,3.385342561834648e-10,3.1416928000099764e-10
1401,-1.258963505732002,-7.481475318480808,-7.746637546639831,-14.257228006167947,-15.384753021314168,-16.056131746112783,-16.47432402482741,-13.094149483237295,-9.736621741286656,21.58449667906008,0.0059580000999007,0.0005798484870985,0.5608170815478956,74937.00472688676,1611803.07480618,0.0843090749476147,0.9614916425352348,0.005958000071977166,0.005958000072514048,2.7923534144658202e-11,2.7386651973992926e-11
1402,-1.223566613119542,-6.371533183544635,-6.572156311766197,-10.885602441091418,-15.7039751934024,-11.713627953771772,-15.357972263479892,-10.796430730905936,-9.541496794243663,19.83583541586076,0.0059580005773524,0.0005777120925133,0.5628910655980179,74937.0107320559,1605864.545279842,0.0843090749476147,0.9618320623918176,0.005958000788097275,0.005958000785341369,-2.107448746763163e-10,-2.0798896892965102e-10
1403,-1.0979657801428366,-6.822213480759325,-8.61045880534014,-13.031171817208495,-15.759919166066332,-15.72039780501804,-13.658368161823152,-11.45386128876893,-13.76669610484574,21.145721366429903,0.0059580006860555,0.0005649250361661,0.5756320988535284,74937.01209927382,1570320.4036693743,0.0843090749476147,0.9619843574532088,0.005958000843426101,0.005958000806695878,-1.5737060092557709e-10,-1.2064037789583093e-10
1404,-1.007683332768836,-5.632152739872259,-7.506833116001469,-14.68497687553145,-15.11299164555747,-14.305363322532974,-16.333797020485648,-15.306976939697202,-13.07473305690706,22.01245256535397,0.0059580000787687,0.0005566583807973,0.584180434108725,74937.00446109711,1547341.6069004545,0.0843090749476147,0.965389608424194,0.005958000033294067,0.005957999913140588,4.547463273996133e-11,1.6562811192000204e-10
1405,-1.426064342665797,-5.598007082908653,-6.575688890125431,-13.4775296385439,-15.497291604743692,-15.00637242069197,-13.554512134524558,-10.80890318352155,-11.259455184159435,20.505560753349105,0.005958000476349,0.0005750546524893,0.5654922809280466,74937.00946168104,1598477.667333252,0.0843090749476147,0.960943483093178,0.00595800057673758,0.005958000593235754,-1.0038858026112374e-10,-1.1688675374821322e-10
1406,-1.3394441476833512,-7.382812706420944,-8.397616343128577,-14.393164982057035,-16.207834857891147,-16.542745810431267,-14.68136248001014,-15.710913153916422,-13.09313010281532,22.35911305954497,0.0059580003027802,0.0005579099093184,0.5828700072411754,74937.00727861236,1550820.4769214434,0.0843090749476147,0.9646480855648356,0.005957999705905619,0.005957999814268342,5.968745810103204e-10,4.885118577019343e-10
1407,-1.3333858567399175,-7.84887823285562,-6.802595181749965,-14.431543652488305,-11.97152779345808,-15.548840843880566,-16.443187394753693,-12.27421872283467,-11.59788304848422,21.106485692907256,0.0059580002783547,0.0005693848217625,0.5711233219705981,74937.00697139905,1582717.256118048,0.0843090749476147,0.962290179876853,0.005958000068917982,0.0059580000387330105,2.0943671796835872e-10,2.3962168967800457e-10
1408,-1.171624591127967,-7.414963780450795,-8.982974262129147,-11.58199753387724,-12.101863385927563,-16.630264020586004,-12.004856035457175,-13.844883338585833,-11.679224283045944,20.61833349081698,0.0059580055292905,0.0005606134600975,0.5800598878307143,74937.07301527177,1558335.5287937375,0.0843090749476147,0.9640889048644788,0.0059580040349290035,0.005958004188297272,1.4943614965248764e-09,1.3409932279190295e-09
1409,-1.293502695801792,-8.268660111253624,-7.005902637200686,-10.401619000579052,-12.629901896834753,-13.986604806995016,-13.204327917693384,-11.707272230047868,-13.613652663062522,19.93700271204724,0.0059580035429193,0.0005580408036445,0.5827337643265931,74937.04803160155,1551184.3234814114,0.0843090749476147,0.964877854277375,0.005958003446569511,0.005958003513291112,9.634978839073716e-11,2.962818792390243e-11
1410,-1.0310637266077889,-8.192586712323138,-8.665672519083426,-12.384874725363243,-12.324251634473848,-13.91750204014632,-14.20470043182894,-11.650705024915029,-11.218573763562556,20.515746475616407,0.0059580018473529,0.0005672185582977,0.573304724575598,74937.0267055425,1576695.7001580698,0.0843090749476147,0.9617028712630964,0.005958003165880232,0.005958003133459045,-1.3185273324556324e-09,-1.2861061451929778e-09
1411,-1.335854090331377,-6.704547787466941,-8.942783620424464,-14.210629626978667,-13.997188826621189,-15.163271686430392,-13.780117050016043,-14.194623902381416,-10.268976909562168,21.47135246934065,0.0059580001359829,0.0005680640069949,0.5724512294817845,74937.0051807112,1579045.7913286162,0.0843090749476147,0.9622230744338046,0.005958000153527497,0.005958000316199211,-1.7544596851715166e-11,-1.8021631062459242e-10
1412,-1.314018819341002,-5.628325270578415,-7.70994983660396,-12.95193319122718,-15.229924120767317,-15.997254369260292,-17.428432030354585,-13.18742357562794,-12.767658183522611,21.436773318145978,0.0059580002452574,0.000563228650935,0.5773657778862625,74937.0065551163,1565604.9668054432,0.0843090749476147,0.9642133134556812,0.005958000494652335,0.005958000449443862,-2.4939493525888423e-10,-2.0418646200920376e-10
1413,-1.2116349099059025,-5.923459840749125,-6.4303613846885,-10.05594061409234,-12.623106293669323,-12.72326321387709,-14.953692544398509,-12.26876216613728,-12.142899971603898,19.68299244852164,0.0059580008605047,0.0005585352005763,0.582217554435029,74937.01429341588,1552558.5971279957,0.0843090749476147,0.965732513939476,0.005958002218149364,0.005958002142933083,-1.3576446633578598e-09,-1.2824283831050498e-09
1414,-1.3288263439047652,-5.7828671627919785,-9.044808974285544,-10.80450884317646,-14.101969186723696,-11.70746268205815,-13.993805645073785,-13.416734522226726,-9.641887240893755,20.290260127998,0.0059579802425682,0.0005661741307211,0.5743591819277173,74936.75497042581,1573792.5080022472,0.0843090749476147,0.963531047315576,0.0059580022460826,0.0059580031616538074,-2.2003514400271984e-08,-2.2919085607663037e-08
1415,-1.1701902571649296,-5.879422926298592,-6.510365085957368,-14.794433087812145,-16.644178737688005,-13.727787200430049,-14.469902661355244,-13.58507119306516,-12.695495470494192,21.567628645716866,0.0059580002915485,0.0005642268230578,0.5763443683915381,74937.00713734447,1568379.582817092,0.0843090749476147,0.96323272382579,0.005958001140533973,0.005958001115868193,-8.489854722015799e-10,-8.243196923662932e-10
1416,-1.2034305871535032,-8.205521588888212,-7.282780447778062,-14.724518911413298,-12.955041679817024,-15.816631127118626,-15.644838000589775,-10.734782886049292,-13.366636204890474,21.188047308768013,0.0059580003967339,0.0005696173504463,0.5708901955349155,74937.00846031877,1583363.6153927604,0.0843090749476147,0.9611855019462842,0.005957999668914328,0.005957999971994123,7.278195719717662e-10,4.247397772036421e-10
1417,-1.0385735808934289,-6.6007000556521,-6.33968593530759,-13.027627507707976,-16.464272559799756,-16.297692198566537,-16.405157875401837,-13.41418529702218,-10.924020831306706,21.270782093460348,0.0059580005340088,0.0005727858472032,0.5677322046327719,74937.01018689973,1592171.076184461,0.0843090749476147,0.9634681629428468,0.005958000763530545,0.005958000729325709,-2.2952174535961767e-10,-1.9531690934743162e-10
1418,-1.214292434587834,-7.715690460914352,-7.27649366387132,-10.058417533607424,-12.66950220581143,-13.537862579297812,-15.785490197941163,-13.402797785146788,-11.903798426717213,20.22543368956233,0.0059580010694552,0.0005625439178615,0.5780686721997997,74937.0169215002,1563701.6163650008,0.0843090749476147,0.9659842731114928,0.005958002813058507,0.005958002910303907,-1.7436033068751744e-09,-1.8408487069757062e-09
1419,-1.1607332755314634,-8.26602890585177,-8.678278123152538,-13.889126752841705,-16.580535679845745,-16.982582014804606,-12.779669969612886,-14.771155981104991,-12.584565308592603,22.018736567805952,0.0059580005182743,0.0005637563083009,0.5768254221526755,74937.0099889982,1567071.6943794931,0.0843090749476147,0.963109729491407,0.0059580004093945605,0.005958000184015307,1.0887973942580453e-10,3.342589928803652e-10
1420,-1.072872323972623,-5.859951406301358,-8.134898846254984,-14.784108487875756,-13.184597712447452,-13.136005167470543,-16.790373417120744,-14.859158420727926,-11.8467641364975,21.747274163075783,0.0059580001537817,0.0005622179219997,0.578403725603681,74937.00540457742,1562795.4466601147,0.0843090749476147,0.964367491725723,0.005958000075056572,0.005958000094972694,7.87251279790735e-11,5.880900540849998e-11
1421,-1.0718466541292857,-7.30140290043264,-8.567801640024912,-14.529786375024646,-13.818999359335235,-12.815230742710696,-15.37522335013879,-15.67309831782267,-12.22398991489085,21.952076738101844,0.0059580001474806,0.0005588074476151,0.5819337976932655,74937.00532532392,1553315.3613929516,0.0843090749476147,0.9647337186839658,0.0059579998521306545,0.005957999792508381,2.953499458890896e-10,3.549722191534266e-10
1422,-1.4367062871081908,-7.600999546371508,-8.64748851312023,-12.855103686445585,-13.134275330377044,-12.433339465733534,-16.48890613668177,-11.913988314373736,-9.846412765086749,20.776080763133084,0.0059580013339063,0.0005760619375985,0.5645035994890724,74937.02024764553,1601277.614685398,0.0843090749476147,0.9613643940482506,0.00595800133176,0.0059580012519929275,2.1463004984401124e-12,8.191337278612432e-11
1423,-1.322879403986875,-7.635825664378027,-8.163557504727473,-12.092268205172772,-14.798991255174489,-15.011084090860953,-12.558149888199836,-10.679369235946654,-12.684335102592218,20.46371119861599,0.0059580011531395,0.000568558240993,0.5719537578693266,74937.01797404353,1580419.6120689774,0.0843090749476147,0.9613363892579028,0.005958001651561048,0.005958001674242035,-4.984215479578169e-10,-5.211025343870856e-10
1424,-1.1251844890513931,-6.093102426269059,-6.892180116153444,-14.21662086627266,-12.790404482772534,-16.753432894928068,-16.875666387762628,-13.681025864166353,-11.539952859783998,21.349138420750307,0.0059580001941197,0.0005656305636664,0.5749140249431199,74937.00591193001,1572281.5563144635,0.0843090749476147,0.9638795787725774,0.005958000175490913,0.00595800034173755,1.862878688113634e-11,-1.4761785023520435e-10
1425,-1.0587724512142702,-8.104500768684709,-6.573820831680514,-12.761329177881816,-15.036220037946984,-13.786101784237736,-14.247765549474128,-14.90713648116242,-12.669910917781342,21.26845517721364,0.0059580006772439,0.0005569904849471,0.5838322059895149,74937.01198844568,1548264.7557946818,0.0843090749476147,0.9656768314996844,0.005958000469759842,0.005958000525749249,2.07484057712648e-10,1.51494651025319e-10
1426,-1.0894942713987177,-7.609666943227918,-7.151214650049178,-10.526505311137022,-16.357571564880324,-12.719970036383945,-15.290091304642669,-13.99741060057319,-12.811360556536554,20.808471932207905,0.0059580011534012,0.0005617472237347,0.5788885263428079,74937.01797733449,1561487.04812555,0.0843090749476147,0.9661107761920196,0.005958000522074204,0.005958000598284863,6.313269958896361e-10,5.55116336578565e-10
1427,-0.9988266945605976,-7.85815579400751,-7.122068089948665,-10.542672148394574,-14.075221266600652,-15.418139983947604,-16.086308330045934,-14.85636634884598,-10.402738522533625,20.723489177019623,0.0059580012578895,0.0005693487409162,0.5711596561294755,74937.0192915408,1582616.9622995374,0.0843090749476147,0.9660591788704054,0.005958000867372044,0.00595800076696597,3.9051745604617993e-10,4.909235301261972e-10
1428,-1.0482607344478203,-8.01435622403273,-7.617195612383465,-13.507015435292445,-14.349269997183557,-17.085801409019368,-16.885441288503984,-12.18547619293725,-12.171535408549897,21.41069058094728,0.0059580002778027,0.0005694526844185,0.5710552601424121,74937.00696445604,1582905.8937365871,0.0843090749476147,0.9623271840077134,0.005958000023315946,0.005958000018790015,2.544867537188078e-10,2.59012684564186e-10
1429,-1.106051857747259,-7.585097263046881,-7.673889583939059,-11.393197653248343,-14.935422080703267,-16.883603524166517,-15.244222344674792,-14.943898132675924,-12.409800455607725,21.2581932087495,0.0059580004742304,0.0005611648168595,0.5794892287455223,74937.00943503431,1559868.1335069942,0.0843090749476147,0.9661340075326268,0.0059580003226184924,0.00595800035428371,1.5161190792395418e-10,1.1994669060072516e-10
1430,-1.3918384469482543,-5.644642090499604,-8.010787213368442,-12.487366100690624,-14.04282819559626,-15.46804657436309,-13.199802654367732,-11.803842280644105,-9.248695390000409,20.3202042724709,0.0059580007197351,0.0005752603784971,0.5652900828493466,74937.01252288042,1599049.5232909448,0.0843090749476147,0.9611311037856844,0.005958000528233536,0.005958000488257326,1.915015646059004e-10,2.3147777444831874e-10
1431,-1.2102957714742342,-8.0114824432029,-8.748872907833569,-13.703004102906831,-11.877890676621288,-17.239996343215864,-15.570856384600951,-15.740155030489763,-11.4163957519655,21.78448424352194,0.0059580009813863,0.0005639755343509,0.5766012683800356,74937.01581380978,1567681.0763634455,0.0843090749476147,0.964924110001553,0.005958001130817526,0.005958001080116428,-1.4943122607358195e-10,-9.873012823957694e-11
1432,-1.268945127968894,-7.037057350234142,-7.631070244010239,-13.33384710041234,-11.24363209224273,-15.51617601302917,-14.745771834937765,-12.403571008613229,-13.595844140036029,20.82970299319616,0.0059580009069405,0.0005579925752965,0.5827837443434739,74937.01487746493,1551050.2632891275,0.0843090749476147,0.9639135343502632,0.005958001497792553,0.005958001547244092,-5.908520530478745e-10,-6.403035922655786e-10
1433,-1.0779456289580325,-8.024495408095525,-6.386464933420914,-10.153743095577482,-15.803158190393772,-15.375144191566733,-15.841533997174713,-15.231718107555215,-11.900821460167116,20.86388926699764,0.0059580003197461,0.0005683976078585,0.5721152759571805,74937.007492001,1579973.100633682,0.0843090749476147,0.967451361842508,0.005957999811134029,0.005957999719071942,5.086120708625019e-10,6.006741579828168e-10
1434,-1.109849837853461,-6.523627758012743,-8.902482616649234,-14.306838524765746,-11.669801303383544,-15.39152117012821,-15.962050708000827,-13.992389626572502,-12.325445307434345,21.5381613195676,0.0059580001474496,0.0005613399614364,0.5793083737264433,74937.00532493406,1560354.9823543185,0.0843090749476147,0.9637231446344248,0.0059580011589066536,0.005958001163010956,-1.011457053529119e-09,-1.015561356364214e-09
1435,-1.3308022143075526,-6.842730448471656,-7.938250589301853,-12.757604816589437,-13.486971050777605,-13.531805873498042,-15.11447311809119,-11.338607645843789,-9.290051828451722,20.41447788270663,0.0059580007778651,0.0005772904383715,0.563302230844248,74937.0132540123,1604692.4745451342,0.0843090749476147,0.960861317206826,0.00595800057752509,0.005958000689674756,2.0034001020630132e-10,8.819034391649438e-11
1436,-1.1045238211653792,-5.796954306553754,-8.264986831382508,-10.53031046130146,-14.02261937081147,-13.66841854046364,-12.448182868316742,-12.033593347846864,-13.124270510746408,20.064251208901496,0.0059580055038244,0.0005562487413986,0.584611441776862,74937.07269497057,1546202.9335106348,0.0843090749476147,0.9643781376348062,0.005958003047929882,0.005958002887322991,2.455894518131607e-09,2.6165014096329875e-09
1437,-1.0818954452422656,-7.948724562681376,-8.149462178623072,-11.28063959335964,-13.93463865037304,-16.318665759866985,-16.030859788977644,-15.65671278916471,-13.462989399822066,21.452132406776737,0.0059580002056584,0.0005588603815491,0.581878686822573,74937.00605705884,1553462.5016883102,0.0843090749476147,0.9676590098469968,0.005958000767330877,0.005958000810920151,-5.616724776252857e-10,-6.052617513088721e-10
1438,-1.134242620397783,-6.647975110819693,-8.950882084369528,-13.610498895978267,-12.396348662124051,-15.833625847254824,-16.636794813201277,-10.635706585858417,-9.207925541381126,20.725941550157216,0.0059580003062328,0.0005878971494912,0.5531391901600987,74937.0073220377,1634175.9171630228,0.0843090749476147,0.9598640888409378,0.005958000684312788,0.00595800064766132,-3.7807998745642557e-10,-3.41428520005127e-10
1439,-1.0358095199480877,-7.857739647429691,-6.6393433129703325,-9.95527367780609,-14.810600325139092,-16.66234096424146,-16.788177194187806,-13.070227025343094,-10.96269438726178,20.438182016905,0.0059580003211031,0.0005739880674931,0.5665430569048646,74937.00750906946,1595512.884265358,0.0843090749476147,0.9650096940094534,0.005958000477439127,0.005958000505276685,-1.563360274570158e-10,-1.8417358523675764e-10
1440,-1.2819377604774314,-7.66175851473393,-6.431682425504681,-14.3381432301641,-16.65077396545803,-13.710924076129846,-12.090921528478306,-11.57895487182269,-10.92234400525126,20.87337911579626,0.0059580003703214,0.0005809513062475,0.5597525212817939,74937.00812811422,1614868.577838104,0.0843090749476147,0.9601660122872564,0.0059580008994840755,0.0059580007810315335,-5.291626754833079e-10,-4.107101334374641e-10
1441,-1.0423388183159643,-7.114437572082219,-8.33768446613227,-10.447526985543185,-15.039834901231012,-14.290274992704598,-15.59646973855649,-14.53901181475473,-13.717328923373463,21.03287217249823,0.0059580003116469,0.0005573079060754,0.5834996239336904,74937.00739013319,1549147.0903390264,0.0843090749476147,0.9671757878181292,0.00595800123552,0.005958001295533426,-9.238731004182488e-10,-9.83886526070843e-10
1442,-1.3567808969212924,-6.932448342968716,-7.369874840320344,-14.15514733113388,-16.42646189208575,-11.77106847363267,-15.09925076542326,-15.07880844911124,-11.949649996998367,21.77102932243272,0.0059579872622492,0.0005626353370252,0.577972736251761,74936.8432607678,1563955.733936125,0.0843090749476147,0.9642670237060544,0.0059580001818814845,0.005958000708699546,-1.2919632284141835e-08,-1.344645034553893e-08
1443,-1.0967047421646117,-6.632380908287119,-7.562136208182663,-11.367133028659095,-15.653921625901024,-11.816077484066684,-12.58369019502614,-12.842788797177988,-12.68659617558399,20.44249487528864,0.005958001984819,0.0005586961864852,0.5820499556998598,74937.02843452794,1553006.0891690438,0.0843090749476147,0.9641545425392448,0.0059580011915016445,0.005958001187694853,7.933173553839601e-10,7.97124147071393e-10
1444,-1.3045464088809209,-7.97734298513612,-8.065450741622275,-12.022661120267054,-11.568594059387326,-15.84699704124004,-12.857199078388325,-13.276038995832216,-10.958072897345334,20.47271941435653,0.0059580029090877,0.0005634796619812,0.5771089680863597,74937.04005955727,1566302.70144648,0.0843090749476147,0.963385513848247,0.005958002955426226,0.005958002910909184,-4.6338526765721255e-11,-1.821483935904311e-12
1445,-1.0277602502801904,-7.607552407572488,-7.017321005430533,-14.645974831838869,-12.80357112315479,-15.813224653100187,-12.995989884885343,-15.719834303686325,-12.724578466985282,21.615754663022987,0.0059580001308098,0.0005561798075203,0.5846831086064115,74937.00511564713,1546011.3182187795,0.0843090749476147,0.965393341734043,0.005958000193692759,0.005958000247178475,-6.288295838902114e-11,-1.163686751126658e-10
1446,-1.0805740450667116,-7.836489717749638,-8.064249026491236,-12.648271427309751,-12.831490423396335,-12.254909165210927,-16.366357107942,-14.794525281101096,-11.946799578055332,21.243869752784207,0.0059580007546238,0.0005610107783007,0.5796483819114923,74937.01296169408,1559439.9529940304,0.0843090749476147,0.9653670410148228,0.005958001451125931,0.005958001317755393,-6.965021311436392e-10,-5.631315934395698e-10
1447,-1.1237850603887782,-7.313170580849519,-6.863977197428891,-11.449559263754423,-15.488423434476127,-13.89281982118129,-14.11312255950851,-14.428769976812989,-11.798097694616418,20.829562931922336,0.0059580005220657,0.0005605081073707,0.5801681841191144,74937.01003668492,1558042.6801398073,0.0843090749476147,0.965500727905136,0.005958000551861643,0.005958000563957794,-2.979594262292329e-11,-4.189209396043836e-11
1448,-1.29718568227626,-6.501766513270059,-7.537654109485162,-11.52098734481967,-13.252682407846912,-14.332216830851907,-15.48497965960714,-14.937136526489825,-11.3881075034701,20.840866768186807,0.0059580015419628,0.0005603756306518,0.5803054889421405,74937.02286448509,1557674.4350072949,0.0843090749476147,0.9662291544565724,0.00595800112381738,0.005958001122278113,4.1814542019874557e-10,4.1968468717651364e-10
1449,-1.0061693161483682,-6.579858967962853,-7.363218831243901,-10.73387005999818,-15.958320419162051,-11.96061626667086,-14.836888525183422,-14.245412674546396,-11.509143845893016,20.6443878064638,0.0059580009158493,0.0005622233098871,0.5783982936278335,74937.0149895156,1562810.4233544115,0.0843090749476147,0.965648767882548,0.005958000655523038,0.005958000752754281,2.603262614156443e-10,1.630950183933999e-10
1450,-1.2005951856957715,-7.423200369690459,-8.693836640793425,-14.775444826465074,-16.69671501449634,-15.93437394624971,-13.978169185827316,-11.407381703821502,-9.644068174474684,21.44161448005931,0.0059580001108847,0.0005940943632426,0.5473691677512356,74937.00486503847,1651402.2933663232,0.0843090749476147,0.9588434105396526,0.00595800014516271,0.005958000258888878,-3.42780101178497e-11,-1.4800417835747481e-10
1451,-1.0379107907808192,-6.428892151153967,-6.898019991429765,-14.040426742322715,-12.68897281992588,-12.520183555230512,-14.215575005209432,-10.70405490333573,-13.665222850897916,20.530601602162143,0.0059580003680773,0.0005619968796767,0.5786312522185156,74937.00809988954,1562181.015987662,0.0843090749476147,0.9622161976898352,0.005958000104007818,0.005958000045754394,2.6406948242657657e-10,3.22322906212702e-10
1452,-1.4023356911923086,-6.2190584844398575,-8.948859254656263,-12.959080627564836,-11.42790384524573,-13.768971517207806,-13.935570676290904,-15.1477425410915,-13.36030297136549,21.1886566897507,0.0059580018343227,0.0005542681930561,0.5866998726360817,74937.02654165476,1540697.609310713,0.0843090749476147,0.9662604106043038,0.005958002779654664,0.005958002874093999,-9.45331963750351e-10,-1.0397712985749097e-09
1453,-1.0878264410357112,-8.360689764704476,-7.591614103086433,-13.397639962651606,-13.715712438453354,-17.100832844765165,-12.238499973166544,-14.400848645278591,-12.58903089889382,21.31174173640409,0.0059580004789391,0.0005590242202185,0.5817081899947016,74937.00949425845,1553917.923539128,0.0843090749476147,0.964036250345922,0.005958000852622243,0.005958000786113945,-3.7368314345642695e-10,-3.0717484545556006e-10
1454,-1.234128297978824,-8.337127712886929,-7.928670457175698,-13.768861744907635,-16.44202801109164,-15.939164273588776,-14.570158929274283,-14.101523337001463,-13.249676150580926,21.932117098294512,0.005958000397518,0.0005610957234885,0.5795605759009503,74937.00847018091,1559676.0748739603,0.0843090749476147,0.9635368611630262,0.005958000254030463,0.0059580003670511375,1.4348753695631045e-10,3.04668625397686e-11
1455,-1.1528437018778166,-7.122128397569804,-6.5367834521454125,-12.443435275946651,-14.42330258852168,-16.61371511646361,-14.1586158468747,-15.770728966336426,-11.224897304447929,21.19911855492538,0.0059580002864007,0.000561904564545,0.5787263034723177,74937.00707259822,1561924.4078969664,0.0843090749476147,0.9662171900701534,0.005958000191689015,0.005958000166497921,9.471168467556357e-11,1.1990277867801602e-10
1456,-1.4207817672519063,-7.682414595649067,-6.626701163532088,-14.016710961051205,-14.4205998045643,-13.510851454676022,-14.551328827409137,-13.272366618804703,-10.30335120014614,21.056898096115003,0.0059580004028976,0.0005694757346932,0.5710321639185854,74937.0085378428,1582969.966514915,0.0843090749476147,0.9622939261003248,0.00595800040326084,0.005958000475284022,-3.6324068752868754e-13,-7.23864223770021e-11
1457,-1.0025394173202846,-8.186606788941605,-7.929980819850339,-11.639482607437088,-15.773947447091544,-15.669946685124538,-15.52307896675911,-14.897777564726184,-13.172220814374228,21.51460849000992,0.0059580005201013,0.000559332734909,0.5813873395581136,74937.0100119773,1554775.5008851269,0.0843090749476147,0.9660403592021778,0.00595800023625879,0.00595800013856907,2.83842510259702e-10,3.815322302883062e-10
1458,-1.2816758737348617,-5.836824024325751,-8.8107429604999,-10.108582882495371,-12.350693318267522,-15.231854820870794,-11.916609322245016,-14.16144703765741,-13.58734333634746,20.267647393407696,0.0059580021857824,0.0005543032661301,0.5866628016044232,74937.03096215363,1540795.1018277544,0.0843090749476147,0.9671558686592264,0.005958004962142275,0.005958005097829242,-2.7763598746399776e-09,-2.912046841510585e-09
1459,-1.4573987844270055,-7.788182420866944,-8.139303824563125,-12.20476029157288,-16.671180924848663,-13.064644328070584,-17.235200352291702,-14.662888230429107,-9.868504235233337,21.525067931667586,0.0059580007821482,0.0005754926255189,0.5650619620662551,74937.01330788436,1599695.0996305244,0.0843090749476147,0.9638378010163998,0.005958000162085223,0.005958000248047329,6.200629775257593e-10,5.341008711690076e-10
1460,-1.4065785749800914,-5.694971245091191,-6.348272060380147,-10.12481733002748,-12.595990760127624,-15.366446564395668,-15.525391627643046,-11.938867983176111,-11.42829931755012,19.733325715340406,0.0059580007560005,0.0005642091266061,0.5763625128607172,74937.01297901051,1568330.3920442236,0.0843090749476147,0.9649482299609502,0.005958001596496823,0.005958001666724483,-8.404963235814078e-10,-9.107239832065184e-10
1461,-1.1819563613564434,-7.694889778126576,-7.064838279305494,-14.179652873412603,-12.84822989056091,-16.28233575710883,-17.280110781617182,-12.693519254890164,-9.415074073272107,21.17640212230192,0.005958000258643,0.0005808605435447,0.5598399699975126,74937.00672347475,1614616.2850295769,0.0843090749476147,0.9617833261819798,0.005957999805653496,0.0059579998641131745,4.529895044139143e-10,3.945298254759422e-10
1462,-1.3889770857600203,-8.175444032232395,-6.093981516766156,-10.226781134396706,-11.873139757544628,-15.57683722265934,-16.711055983389528,-13.20109532997458,-13.375515394923962,20.28026423689828,0.0059580024540054,0.0005644716757575,0.5760946792759849,74937.03433574067,1569060.1991211856,0.0843090749476147,0.9671703989986894,0.00595800192520335,0.005958001745914782,5.288020498914192e-10,7.080906173906332e-10
1463,-1.0629381720554103,-7.004897915683794,-7.405694582343628,-10.169498314493666,-13.554775409145384,-16.37229278611221,-11.74939587439491,-11.023660741341969,-12.707923758463142,19.730845738404515,0.0059580020583118,0.0005632510846836,0.5773430454962603,74937.02935888665,1565667.3258280563,0.0843090749476147,0.9633948225283858,0.005958002801325221,0.00595800280893623,-7.430134207550565e-10,-7.50624429800284e-10
1464,-1.263530566619946,-8.35071087634161,-8.730989813674192,-14.363031261799426,-13.377279687496292,-11.56245631823322,-16.56133481110865,-10.91146088651446,-11.668172518161471,21.16347330271697,0.0059580002861894,0.0005766836116338,0.5638949069573294,74937.00706994055,1603005.6801093158,0.0843090749476147,0.9602863052023726,0.00595800066448884,0.005958000739767284,-3.7829943951711575e-10,-4.535778835856874e-10
1465,-1.0133970728297883,-7.597792807119029,-7.653123657085455,-12.4042385796688,-11.853079902716884,-12.490374263736165,-16.242598223201206,-11.014564350417489,-10.335270863689168,20.22317547248881,0.0059580007675079,0.0005731375748241,0.5673838275767612,74937.01312374462,1593148.772381832,0.0843090749476147,0.9616347413720904,0.0059580020644050885,0.005958002082728727,-1.2968971885990443e-09,-1.3152208272124155e-09
1466,-1.0251483894080835,-6.9354078033707225,-7.971271543044287,-10.789148388555658,-13.164247833458532,-17.23677545149301,-13.941333070251046,-12.646083439776543,-10.541715227295054,20.27559122655753,0.0059580030995897,0.0005672776208243,0.5732452152573295,74937.04245560433,1576859.8760834422,0.0843090749476147,0.9634331290996024,0.005958002273906313,0.005958002157386726,8.256833871136959e-10,9.422029744951543e-10
1467,-1.0847062275203925,-6.452129212993075,-8.700127883977373,-10.368651882418613,-12.849919758250447,-11.697012747143509,-15.509702263507716,-14.541120522212662,-10.1442273710161,20.39410797023292,0.0059580024628942,0.0005656485393261,0.5748960832127843,74937.03444753918,1572331.523201068,0.0843090749476147,0.9656089833939668,0.005958003351261353,0.005958003558098197,-8.883671532775028e-10,-1.0952039969369665e-09
1468,-1.015551831002848,-7.008213399357643,-6.578561181925016,-11.034457633468572,-11.436074756940725,-15.841640379829922,-16.609255325446686,-11.829118599955327,-11.45940757616324,20.045765577825208,0.0059580021227277,0.0005673867658744,0.5731348022946428,74937.03016908056,1577163.2662472478,0.0843090749476147,0.9642422748818104,0.005958002045271867,0.005958002040758119,7.745583254642474e-11,8.196958129619292e-11
1469,-1.457917416665661,-6.527251462802258,-7.032464118605752,-12.081233366595567,-11.444562717442944,-14.301397426788387,-12.14983988619377,-11.493284355696664,-9.718775341897205,19.684491870353256,0.0059580008097888,0.0005682501722764,0.5722637849639621,74937.01365553401,1579563.274394869,0.0843090749476147,0.9617952360121624,0.00595800113456228,0.005958001105087415,-3.2477347981091365e-10,-2.9529861542143543e-10
1470,-1.10888624815244,-7.624699119145611,-8.210980646986727,-10.642198627197356,-15.69464069851664,-13.02418101758377,-11.84347348563606,-12.308154355025,-11.36368988801034,20.234456865646504,0.0059580029762805,0.0005660467462613,0.5744917251314677,74937.04090467752,1573438.4178069436,0.0843090749476147,0.9627219942726138,0.005958002367011384,0.005958002406449713,6.092691151940444e-10,5.698307867230135e-10
1471,-1.21510642530808,-7.814138709523887,-7.198987726583226,-11.608142593281574,-16.28679601355041,-17.248117512495778,-14.70279390083758,-13.20704663407714,-10.943942765377331,20.976035166265607,0.0059580005955548,0.0005720778830035,0.5684347997279745,74937.01096099742,1590203.150253343,0.0843090749476147,0.9632792334601102,0.005958000534326378,0.005958000484014277,6.122842163835962e-11,1.1154052247802637e-10
1472,-1.098172192797663,-7.731306945064976,-6.234266204987832,-13.431839714008682,-13.435810441790805,-14.635822770665042,-15.10464886078689,-14.770703133286691,-13.513026339730647,21.33036150220844,0.0059580009060017,0.0005546595589254,0.5862857622075041,74937.01486565628,1541785.4878266328,0.0843090749476147,0.9662476360452472,0.005958000259049039,0.005958000040850115,6.46952660714184e-10,8.651515849208979e-10
1473,-1.2090605913634744,-7.502701651614665,-8.38463448919953,-14.2222921301568,-13.846341655526324,-17.311814798747413,-12.812040887369289,-14.586042388186778,-12.55216927392392,21.675683823330385,0.0059580004251164,0.0005594635422693,0.5812513923266771,74937.0088173002,1555139.1057065057,0.0843090749476147,0.9635392332422188,0.0059580002669553985,0.005958000303243244,1.5816100165655378e-10,1.2187315653194863e-10
1474,-1.369899395340087,-6.44592110659331,-8.060416458676109,-12.87700215759627,-12.002800761140293,-11.566431592393528,-15.266248249688324,-12.933883710268807,-10.410974331134003,20.546712488639823,0.0059580014386757,0.0005662953067612,0.5742393447339551,74937.02156538748,1574129.3406721265,0.0843090749476147,0.9629724836096496,0.005958001468407082,0.005958001357872793,-2.97313822866796e-11,8.080290690021252e-11
1475,-1.2149037012071788,-6.215056201571784,-7.043983380739241,-10.52907079781284,-16.15172323459573,-12.65421980192999,-14.188943759341988,-13.900184797923853,-10.698725771679056,20.401230360732104,0.0059580008129453,0.0005652779644689,0.5752727243795124,74937.01369523566,1571301.4373984118,0.0843090749476147,0.965045141888424,0.005958000555180315,0.0059580005259218145,2.5776498557145144e-10,2.870234857080267e-10
1476,-1.4041552010578937,-6.945646534585408,-8.463792976949126,-13.936505813729136,-13.445309251372754,-17.20217889332097,-13.037446845843498,-12.925432893385176,-11.500552138156486,21.190002489270125,0.0059580007631335,0.0005666135321161,0.5739167389087441,74937.01306872591,1575013.9107224366,0.0843090749476147,0.9618321493891502,0.005958000404294727,0.005958000439190639,3.5883877293196864e-10,3.2394286038350817e-10
1477,-1.0100693830883682,-7.691608327760346,-7.306974363351166,-13.165018990785224,-11.71675910782728,-12.609069107985029,-16.74882553401545,-14.080502870428086,-13.38520636955364,21.15515757048481,0.0059580022174519,0.0005584520452992,0.5823044474032676,74937.03136047821,1552327.4506571284,0.0843090749476147,0.9657570218776816,0.005958001476622061,0.0059580013547338405,7.408298384470324e-10,8.627180593176464e-10
1478,-1.2393957907539024,-6.302289379474288,-6.7086892926509725,-12.736394378028448,-13.32448781061217,-14.67112556374518,-14.768542565118729,-12.153651295761623,-12.861355658190227,20.59864029554534,0.005958000860946,0.0005581550165593,0.5826141285733923,74937.01429896597,1551501.8007729186,0.0843090749476147,0.9638319551665424,0.005958000632795097,0.005958000632468172,2.2815090268413218e-10,2.2847782780305304e-10
1479,-1.1933377144977348,-6.657591628848624,-8.29497618523837,-14.18324823746184,-16.212062341831768,-11.953545346540878,-15.3706775622474,-10.721878383025668,-11.315019292791078,21.09674698469584,0.0059580004816058,0.0005803858071212,0.5602979320563424,74937.0095277986,1613296.661637938,0.0843090749476147,0.9599213162972002,0.005958000170984839,0.0059580001093968655,3.1062096124412353e-10,3.7220893468054017e-10
1480,-1.0333676422674685,-6.94632052999222,-6.862595481763927,-10.880782298286244,-12.33215059976602,-12.777620830637549,-16.82045741253279,-13.698327370469832,-13.107794172033064,20.46321746040119,0.0059580010696396,0.0005596828650566,0.5810237117666381,74937.01692381977,1555748.7565908823,0.0843090749476147,0.9670328646225984,0.005958002101204108,0.005958002073028395,-1.031564508292837e-09,-1.0033887956617527e-09
1481,-1.1594463433833244,-8.206509113008227,-8.440751901976375,-11.49286979417576,-12.179822817480035,-14.778275502232855,-14.35228392107824,-13.612513078524,-10.129352863301817,20.56807635187474,0.0059580034958641,0.000566830031491,0.573697927485927,74937.04743976262,1575615.7133761276,0.0843090749476147,0.9635888794551324,0.005958003300330072,0.005958003318019639,1.9553402733768488e-10,1.7784446051244407e-10
1482,-1.297037452596623,-8.098108926092225,-8.340199839727855,-11.723747060630936,-16.720524903125504,-16.442615478040775,-12.525328522883685,-10.673818476649105,-9.772393469127032,20.47629447076086,0.0059580017362597,0.0005887573872434,0.5523311932718425,74937.02530826222,1636567.117424681,0.0843090749476147,0.959616621907138,0.0059580015303070406,0.00595800159720554,2.0595265944056695e-10,1.3905415967990775e-10
1483,-1.19647051333375,-7.02721158455781,-6.309767532220711,-11.712978390742656,-15.504240141009062,-13.305730674082175,-16.335890139562842,-13.057038375238518,-9.560704936581256,20.5708174245226,0.005958000199596,0.0005746465732653,0.5658938198984227,74937.00598080858,1597343.330756121,0.0843090749476147,0.9634861109765984,0.005958000531484103,0.0059580005664602205,-3.318881029376608e-10,-3.6686422042603306e-10
1484,-1.3027626540329185,-5.876566900870115,-6.441064816226671,-11.870174048590776,-15.21659540428242,-16.49245647135565,-13.10665151534219,-13.632442774295964,-10.845779616168633,20.555392218007466,0.0059580000556513,0.0005651710341507,0.5753814562356643,74937.00417033765,1571004.203518242,0.0843090749476147,0.9641909696575536,0.005958000557605349,0.00595800052610536,-5.019540486386753e-10,-4.704540602570861e-10
1485,-1.0672004050823505,-7.283767852213732,-6.677099270037539,-13.148036463609063,-12.365252019639971,-15.715888897633992,-12.746711401544662,-12.52408079425114,-10.580871541927127,20.39991588690463,0.0059580003073348,0.0005659081142494,0.5746320737749951,74937.00733589748,1573053.062825398,0.0843090749476147,0.9623877088828569,0.005958000540944526,0.00595800059680443,-2.336097261815273e-10,-2.894696305572042e-10
1486,-1.0507252595810883,-6.962198408571132,-8.584048829196634,-13.137124475752632,-14.114624893330111,-13.762259021003455,-15.963675018322334,-13.239695567175463,-10.756357935512751,21.19842873001668,0.0059580007204372,0.0005669228566371,0.5736035922189201,74937.01253171051,1575873.7391521162,0.0843090749476147,0.962666650881134,0.005958000739172614,0.005958000722589265,-1.8735414261672467e-11,-2.1520649845507833e-12
1487,-1.1807842088493343,-6.304933038102946,-6.47211585956193,-13.169404333514873,-14.998863067927262,-12.354358022170684,-16.257456989724055,-10.571750203993364,-11.686809460186783,20.52917240041591,0.005958000264995,0.0005720149759572,0.5684972657345251,74937.00680336729,1590028.2877281602,0.0843090749476147,0.9616141004481292,0.005958000522054703,0.005958000489987334,-2.5705970338463224e-10,-2.2499233465894664e-10
1488,-1.130129980126474,-7.248324663603244,-9.083010098844726,-9.89790284869499,-13.939573725805072,-13.937012517049538,-12.308420421786751,-11.074254464663117,-10.598099185759391,19.766410815940816,0.0059580041284201,0.0005696693945884,0.570838576163473,74937.05539576313,1583508.282336312,0.0843090749476147,0.9618269357771108,0.005958004718395931,0.0059580046646810405,-5.899758303423708e-10,-5.362609401676766e-10
1489,-1.4469162397332045,-6.851657659309137,-7.116202583964991,-14.48634024456836,-15.947745293760256,-17.15328064357545,-12.762194500509697,-15.54487941164374,-10.552918155600528,21.75190999465132,0.0059580001550066,0.0005690826497112,0.5714265598346339,74937.00541998366,1581877.309386922,0.0843090749476147,0.9635431322776684,0.005958000675949072,0.005958000744839209,-5.209424714519573e-10,-5.898326089701089e-10
1490,-1.4379846953702036,-7.522527087757496,-7.867549688711202,-11.115185438202936,-13.676502659170506,-14.895563611162196,-16.35761321012625,-10.787346803090246,-13.722254553293018,20.497033986844897,0.0059580017578021,0.0005638168221654,0.57676369207739,74937.02557921267,1567239.9045844418,0.0843090749476147,0.9634926378688482,0.005958002115348441,0.005958002197926711,-3.575463414923208e-10,-4.401246112353818e-10
1491,-1.4169117566897795,-7.134819822784113,-7.482577391053612,-12.70882446486823,-16.611559256684593,-11.685134557322526,-15.73438879766658,-14.341528517340649,-9.278760649218732,21.198433272081363,0.0059580002505467,0.0005756783857156,0.5648795519806806,74937.00662164263,1600211.4566838592,0.0843090749476147,0.9632135423063908,0.005958000303602294,0.005958000315743772,-5.305559377249969e-11,-6.519707169971856e-11
1492,-1.2020880133105294,-5.736847584128029,-9.065361939439974,-9.921966400677231,-15.065032089546154,-14.523555554314216,-13.528324291221484,-11.227849614253191,-11.333211551534813,20.01387068373018,0.0059580086335677,0.0005678658105178,0.572652251475332,74937.11205945261,1578494.8651843206,0.0843090749476147,0.9625566514008496,0.005958003302172893,0.005958002866807367,5.331394806531997e-09,5.7667603331479356e-09
1493,-1.0261097872275442,-6.5782430869721065,-6.926544697303015,-10.308386240879264,-15.875842742604338,-14.87679646422093,-12.115481142765372,-14.650676124829229,-11.65946086987942,20.416509270442933,0.0059580005937212,0.0005620894381561,0.5785360026875971,74937.0109379345,1562438.3005112114,0.0843090749476147,0.9662017399950662,0.005958000797507052,0.005958000905166963,-2.0378585190855558e-10,-3.114457624089906e-10
1494,-1.2691881429266725,-5.838527278625737,-7.856090937937226,-13.661023192477796,-15.351020628099493,-12.526411128890356,-12.278794694771102,-11.888986839564623,-10.44037795213523,20.620869480825057,0.0059580002030875,0.0005737324392914,0.5667954650152152,74937.0060247226,1594802.3153310777,0.0843090749476147,0.9607282029537332,0.005957999995215946,0.005957999891779224,2.078715533038178e-10,3.113082760325403e-10
1495,-1.1232232704160556,-8.036586401992425,-6.674773438516621,-12.25629332969288,-13.712536920003034,-16.096235673850387,-12.399911031928156,-12.926851360951336,-13.738369203833152,20.680054845085813,0.0059580013334117,0.0005569471180229,0.583877762788098,74937.02024142424,1548144.2088875568,0.0843090749476147,0.9646221989160648,0.005958001043950562,0.005958001062412546,2.8946113821842756e-10,2.709991545404855e-10
1496,-1.3939759824912967,-7.360507574851358,-8.900126882015192,-10.0666919610862,-12.566859626736116,-16.140807987039956,-12.006629341963531,-12.438527823296152,-10.394311035280836,19.934167366898187,0.0059580028748388,0.0005671778993952,0.5733459710020017,74937.0396287904,1576582.6807306854,0.0843090749476147,0.9629945052911356,0.005958004677283113,0.005958004901562502,-1.8024443127276357e-09,-2.026723702058808e-09
1497,-1.0127026872238634,-7.272605010617307,-8.492948372647476,-13.29783174483779,-14.233150455546363,-15.092289636088708,-12.129541894194489,-11.56248414209806,-13.337818425285636,20.862759268571605,0.0059580011607366,0.0005633088300379,0.577283731028353,74937.01806959516,1565827.8404137546,0.0843090749476147,0.9617344256911716,0.005958001187051572,0.0059580011261607954,-2.631497190291876e-11,3.457580489280021e-11
1498,-1.29645114099566,-8.338135888500146,-6.422674677136365,-12.207860839648834,-14.64716803113996,-15.862504819499849,-14.518616869859336,-10.97804368508266,-9.81217514096756,20.32523456385181,0.0059580008258824,0.0005802889406323,0.5603915100579722,74937.01385795265,1613027.402153675,0.0843090749476147,0.9610080403070465,0.005958000649988474,0.0059580006581953825,1.7589392616035315e-10,1.6768701791708418e-10
1499,-1.1134609646650548,-5.993012541236402,-7.501765676393231,-13.396965241146775,-12.940075602992682,-14.944620097609423,-16.26405599748398,-14.995178731675985,-13.48763281680294,21.47953404406407,0.0059580002194451,0.0005546981386118,0.5862448842454819,74937.00623046086,1541892.7276634206,0.0843090749476147,0.966521663201106,0.005958000489789282,0.0059580004702837,-2.7034418193655485e-10,-2.5083859989116775e-10
1500,-1.3066973572381322,-5.886615762367342,-7.874712428928747,-14.502900292053502,-12.315801457180694,-12.6907481248466,-14.000958562421012,-12.886091565960704,-10.83922599906142,20.85961922364369,0.0059579998197097,0.0005665198742038,0.5740114833433384,74937.00120277226,1574753.5701087564,0.0843090749476147,0.9620729909933036,0.005958000081646823,0.005958000133921187,-2.6193712303335115e-10,-3.1421148755789163e-10
1501,-1.1076959814857807,-6.043418515507119,-8.63902677886576,-10.917973406874136,-15.975595359735085,-14.391227857653174,-13.752247057751418,-14.263344424742703,-10.886525035462128,20.81644361480444,0.0059580012870811,0.0005639551194823,0.5766221854106206,74937.01965869906,1567624.329215228,0.0843090749476147,0.964525220864281,0.0059580011900301245,0.005958001397865969,9.705097576279131e-11,-1.1078486912563523e-10
1502,-1.2732513542946786,-7.010939695376701,-6.968095165370447,-12.77422391471886,-12.318806620979682,-15.511210824762324,-13.803907791326123,-13.813378004472382,-11.684236386549928,20.726550504894853,0.0059580003964461,0.000558905016712,0.5818322448881383,74937.00845669933,1553586.5739148597,0.0843090749476147,0.9644927184093156,0.005958000973078697,0.00595800094118914,-5.766325975736786e-10,-5.447430406063658e-10
1503,-1.047816336257051,-6.768670102697858,-6.657680586166252,-11.7691439513779,-12.006637442224736,-15.363886523296063,-14.583679019020426,-15.040346219153095,-9.811192625865242,20.501797647799496,0.0059579982889687,0.0005654476924586,0.5750996818097026,74936.98194981088,1571773.2297747408,0.0843090749476147,0.9658017197068872,0.005958001334200018,0.005958001391108989,-3.0452313179787915e-09,-3.1021402894376715e-09
1504,-1.0216640616204389,-7.414136502809391,-8.040252972249375,-12.270430193785728,-16.480076067602724,-16.863736413782746,-16.090224283891402,-10.99447070522978,-12.634952687490154,21.111075855126145,0.0059580007517127,0.0005740743631405,0.5664579547841534,74937.01292507978,1595752.7600138856,0.0843090749476147,0.961723930756027,0.005958000713687188,0.0059580007356667564,3.8025511558958947e-11,1.6045943219966663e-11
1505,-1.0638879283613036,-6.144616127448819,-7.636490722609615,-14.029356644803164,-13.1652390406174,-14.24185550400794,-13.06124470792199,-15.80110286401311,-12.75602216606221,21.4397644489616,0.0059580003528391,0.0005538585638376,0.5871335720250964,74937.00790822935,1539558.964218875,0.0843090749476147,0.9659875107872684,0.005958000462261818,0.005958000449919347,-1.0942271828212613e-10,-9.708024748672495e-11
1506,-1.248647704420694,-6.603356019494486,-7.049850216386992,-11.740714261542193,-11.899961795970622,-16.91561745320962,-15.159664187336013,-10.744960300377624,-9.96812588050009,19.937892431638254,0.0059580004270366,0.0005749670400027,0.5655784426455954,74937.0088414525,1598234.1311707254,0.0843090749476147,0.9617377317323572,0.005958001025454552,0.00595800094480262,-5.984179514764709e-10,-5.177660192950961e-10
1507,-1.2211261196190293,-6.203465104084886,-7.2124147581584355,-11.83375234285585,-11.834649102466347,-15.21213673646802,-13.463237496116909,-13.469460516455772,-12.136626239326418,20.34683122304093,0.0059580007439337,0.0005563754556869,0.584477596338676,74937.01282723912,1546555.1608321185,0.0843090749476147,0.9651805682492788,0.0059580020134558575,0.005958002048902205,-1.269522157537617e-09,-1.3049685047838988e-09
1508,-1.238948605434131,-7.673507794037178,-8.430080599346597,-10.496072794918486,-15.300943748320956,-12.8818475471139,-15.766435977257805,-13.884634066456645,-13.080244093717967,20.9370919713752,0.005958000041744,0.0005596303906221,0.5810780417978183,74937.00399541811,1555602.8935649295,0.0843090749476147,0.9658584879646815,0.005958001544714249,0.005958001496355438,-1.502970248257185e-09,-1.4546114373778507e-09
1509,-1.2068659463286275,-7.89098886361111,-6.683347938835937,-11.6233978951463,-16.692902315970535,-16.62034698464469,-14.486272683070364,-10.68482063811797,-12.280553410370509,20.57291349795175,0.0059580010674016,0.0005758734740926,0.564688304139247,74937.0168956706,1600753.7432518576,0.0843090749476147,0.9617959802922408,0.005958000945687085,0.005958000972420021,1.2171451520270882e-10,9.49815790254882e-11
1510,-0.9845598327691928,-6.18330912113493,-8.479957227207498,-12.790950589507576,-12.46226476296431,-12.728924875582834,-15.82741733450148,-12.253977371109343,-12.168191825362332,20.72593565046111,0.0059580009193059,0.0005612247923621,0.5794273663336645,74937.01503299127,1560034.847228967,0.0843090749476147,0.9631733542836958,0.005958002097250684,0.005958002074950429,-1.1779447833815127e-09,-1.1556445288565809e-09
1511,-1.241326355396374,-6.134516548063205,-6.219606174147763,-10.463228438766642,-13.752635010951304,-14.101659612901155,-14.079393209778004,-10.974015252778631,-9.840189753206843,19.491143073219604,0.0059580009338051,0.0005705442094194,0.5699628515684417,74937.01521535542,1585940.002459484,0.0843090749476147,0.9626594515033432,0.005958000897240081,0.005958000897801576,3.656501924159672e-11,3.6003523946892546e-11
1512,-1.354628975294656,-5.80547737323323,-7.560372053869582,-10.96537439906752,-11.222321107154809,-15.135506759212891,-13.575889868867238,-15.480990122387556,-11.872528881649894,20.414679583377,0.0059580049252029,0.0005582861547964,0.5824778718401936,74937.06541733413,1551866.3253315955,0.0843090749476147,0.9678158109770734,0.005958003101484259,0.005958003115110637,1.8237186405131722e-09,1.8100922627092841e-09
1513,-1.3061112661874772,-6.670706532118652,-7.754218681190306,-10.007172080191005,-12.66202073880114,-14.48091100866356,-16.982409035273484,-14.773782518853118,-11.927987802311913,20.57408614003588,0.0059580005678641,0.000565377181665,0.575171735140029,74937.01061271579,1571577.2311364925,0.0843090749476147,0.9675281893481136,0.005958002154919767,0.005958002115033009,-1.5870556665728563e-09,-1.5471689086138385e-09
1514,-1.1704664528529465,-6.116884384019467,-8.88938162324648,-13.359269331444038,-15.706344512248526,-13.35696104280203,-14.824922051115308,-12.658923778568743,-10.066213420133078,21.13989630188785,0.0059580006967392,0.0005739933661791,0.5665378805727225,74937.01223364878,1595527.613006692,0.0843090749476147,0.961331935769076,0.005958000422399053,0.005958000677680552,2.743401469537665e-10,1.905864788903644e-11
1515,-1.1844203273064606,-6.864482479392805,-8.809313577859541,-11.55331877231838,-12.267658565951924,-14.813719238588298,-11.742565571109155,-13.686022719384493,-12.971428865994456,20.52638060275504,0.0059580033207317,0.0005551556341609,0.5857622258604717,74937.04523702778,1543164.4266486992,0.0843090749476147,0.9649460131119508,0.0059580040035465505,0.005958003967095888,-6.828148506679566e-10,-6.463641878673432e-10
1516,-1.3181208934979147,-7.869139370771431,-6.215995090555494,-12.529951627292997,-13.725717620648474,-12.115257633071865,-17.45441506311128,-14.14091278944581,-12.76304151796683,21.09065920517492,0.0059580004488343,0.0005615589140535,0.5790825445090408,74937.0091156134,1560963.60427776,0.0843090749476147,0.965970930315046,0.005958000603090869,0.005958000523414362,-1.542565684561903e-10,-7.458006174437815e-11
1517,-1.3402645800926145,-7.418581675083431,-8.310140875485729,-10.111589494068236,-12.024916591790298,-11.856103921377434,-11.92293236182728,-13.802621692862292,-9.848989134627264,19.79243264631612,0.0059580082003563,0.0005636035800241,0.5769828492710888,74937.10661071852,1566647.156053248,0.0843090749476147,0.9645043785888104,0.005958004641246281,0.005958004488525591,3.559110018855338e-09,3.7118307091160707e-09
1518,-1.473633918837879,-7.974144731683532,-8.009309176732785,-10.304726243965629,-13.9943188783519,-13.125247340669157,-14.262509147745916,-11.076410492632666,-9.87977724219438,19.880415120161143,0.0059580029812452,0.000573474713873,0.567050585325742,74937.04096712149,1594085.9167698806,0.0843090749476147,0.9617971308289952,0.00595800274800702,0.0059580025586214195,2.332381805053574e-10,4.226237805896038e-10
1519,-1.140193254614632,-6.110476769620695,-9.053221606144325,-11.1799713270168,-12.254874085713444,-12.857398944448036,-16.450978707942173,-15.382517458925143,-10.816614764407966,20.88429542738718,0.0059580057677783,0.0005651563464677,0.5753972371328855,74937.07601486317,1570963.3762106171,0.0843090749476147,0.9663641283859428,0.005958003168469139,0.005958002975283646,2.5993091611400954e-09,2.7924946539165107e-09
1520,-1.196771654393374,-6.885256335176033,-6.8662608904559495,-10.735979676033462,-11.352723499657142,-13.908096540214366,-13.36790891887241,-14.452778369765824,-10.835448110280463,20.023200463563384,0.0059580032536552,0.0005601615515571,0.5805275166950578,74937.04439336981,1557079.3599992872,0.0843090749476147,0.9663294206858608,0.005958002926978174,0.005958002877804507,3.266770257082108e-10,3.7585069345008604e-10
1521,-1.3682955928654963,-7.253189595061782,-7.540626319966328,-14.345073864388524,-15.362787423033865,-12.358127069939489,-15.030557702834852,-11.769973893231764,-11.512403940872836,21.167683399719813,0.0059580002969677,0.0005723072611792,0.5682069309035571,74937.00720550508,1590840.752070316,0.0843090749476147,0.9609952401247016,0.0059580001699053526,0.005958000093566676,1.27062347622664e-10,2.0340102432209184e-10
1522,-1.3373336208269972,-6.183789553019016,-8.54673550655846,-10.996713405482472,-14.464754969003012,-11.794640016255896,-15.945654267033676,-13.98450292187387,-12.298897989885631,20.81412779323767,0.0059580016489102,0.0005589761102931,0.5817584277831699,74937.02420962033,1553784.1925257111,0.0843090749476147,0.9656256071158676,0.005958001569162393,0.005958001582262207,7.974780731612174e-11,6.664799268030208e-11
1523,-1.0428538430290688,-6.7972293338677625,-6.397323773473389,-12.330994785334534,-12.900341646624096,-13.00650721123517,-14.909867471411564,-12.259560966051843,-13.192941629269452,20.41411472942459,0.0059580004216733,0.0005561820652797,0.5846807779654464,74937.00877399459,1546017.5941057364,0.0843090749476147,0.9646085926095934,0.005958001056289716,0.005958001165586271,-6.346164158413381e-10,-7.439129711545034e-10
1524,-1.0082223004436863,-8.198035693904183,-9.078048997085348,-11.965177380631957,-11.694546096172967,-12.438501778266913,-14.881473097042,-11.72331242304493,-10.900050329244396,20.381039213216926,0.005958002331857,0.0005686508089532,0.5718608219412573,74937.03279941334,1580676.9229460978,0.0843090749476147,0.9619442393004436,0.005958004734604244,0.0059580049195899825,-2.402747244223402e-09,-2.5877329827561635e-09
1525,-1.295101783694783,-7.3202462109185475,-6.938145744012957,-12.938078993183966,-11.842099613632511,-16.222256100434606,-14.65197186257891,-13.37621384823786,-10.241550727820286,20.65887819842524,0.0059580003924473,0.0005671436490063,0.5733802376085213,74937.0084064043,1576487.475028902,0.0843090749476147,0.9633678300233954,0.005958000766207884,0.005958000806155627,-3.7376058411447977e-10,-4.1370832714465733e-10
1526,-0.997528129260754,-5.966960340562837,-8.822620621136487,-14.768175506579142,-14.028951382648858,-12.821819497690576,-11.98890464195956,-11.955066585640887,-10.655343389986628,20.883388187887977,0.0059580004362204,0.0005754773216895,0.5650769397036144,74937.00895696234,1599652.559622577,0.0843090749476147,0.9600668670987632,0.005957999675551629,0.005957999717967367,7.606687710270954e-10,7.182530325708369e-10
1527,-1.02553303362087,-7.877226217724783,-6.12844604633402,-10.189666732194793,-16.43232016373963,-15.578932836626583,-15.77131329334063,-14.276059561980556,-9.39004869296883,20.54964594966586,0.0059580000039444,0.0005793179808889,0.5613306321333492,74937.00351999141,1610328.428309877,0.0843090749476147,0.9651080783141466,0.005958000125088307,0.005958000228433258,-1.211439065382236e-10,-2.2448885805825824e-10
1528,-1.4104934159294902,-5.652047139464887,-7.381215038717357,-11.685223494109255,-13.960749014592093,-13.456327069364043,-15.940537528061355,-15.091878752338426,-11.165403773020094,20.889293831582684,0.0059580005984725,0.0005613021192015,0.5793474957040233,74937.01099769404,1560249.7924092684,0.0843090749476147,0.9663416993842188,0.005958000727003581,0.005958000806576703,-1.285310816112606e-10,-2.081042031407132e-10
1529,-1.3399350821420652,-6.316343670238291,-8.940287726453331,-10.936828500920416,-11.712219084316706,-12.933980923465889,-12.97967774985105,-12.110789669870789,-10.035949182824474,19.832798881351334,0.0059580012529859,0.0005653580603336,0.5751912875994235,74937.01922986537,1571524.079629759,0.0843090749476147,0.9626268722749678,0.005958004360896685,0.005958004857293631,-3.107910785497825e-09,-3.604307731615297e-09
1530,-1.277359814067028,-7.331428448193775,-8.12623394314919,-14.631429301449424,-16.16655756209298,-13.902813476268683,-16.050764163011007,-12.712488246053638,-10.663608538947836,21.67752860473248,0.0059580001195896,0.0005770405459502,0.5635460803728775,74937.0049745244,1603997.8493423653,0.0843090749476147,0.9610469484495612,0.005958000167302846,0.00595800016123634,-4.771324568081381e-11,-4.164673987616663e-11
1531,-1.0782059894154306,-6.581624971673783,-8.461714896712849,-10.2345014226723,-11.313358906422993,-14.936586747554252,-16.777013965199746,-15.029104976922383,-12.85737020251227,20.685472270831884,0.0059580013721228,0.0005634774862062,0.5771109731840678,74937.0207283151,1566296.653451407,0.0843090749476147,0.9681876954785764,0.005958004406243733,0.0059580043689774695,-3.034120933664841e-09,-2.9968546698053156e-09
1532,-1.4392461964587773,-7.278631472041455,-7.13730646000333,-12.692641818768497,-13.786689430860704,-14.09406607957229,-16.328734471877425,-11.617480936817138,-10.458643095494534,20.627654631161853,0.0059580006725314,0.000572578445668,0.5679378705508271,74937.01192917384,1591594.562768432,0.0843090749476147,0.9619266018641304,0.005958000628929859,0.005958000708552865,4.360154078064671e-11,-3.60214644570811e-11
1533,-1.2000247318960002,-6.876083988990625,-6.181398949453586,-13.159818202171213,-13.519743497513934,-11.582072432744646,-13.4405696262949,-12.224879877088805,-12.422411192677096,20.40230966880428,0.0059580004528761,0.0005590935502513,0.5816360518316854,74937.00916644992,1554110.6400202492,0.0843090749476147,0.9633421055741012,0.005958000493818344,0.005958000443968565,-4.0942243519082044e-11,8.90753529964039e-12
1534,-1.1737623600269962,-7.550144723748517,-8.193382595938274,-13.61542231829135,-13.613167032938083,-16.097631177701643,-13.913857917303137,-13.761247309558165,-13.475750839429356,21.45605047135324,0.0059580003074403,0.0005560179584957,0.5848533276616272,74937.00733722394,1545561.4269778812,0.0843090749476147,0.963993096203846,0.005958000596078739,0.005958000678810789,-2.8863843867105166e-10,-3.713704881808111e-10
1535,-1.1940928524848693,-8.144177686800226,-8.249479358366148,-13.263807696088053,-15.68832910442585,-13.66017214041458,-12.27254796021211,-12.082407412002848,-13.630987138885525,21.11624197539472,0.0059580009112375,0.0005635411586854,0.5770457005439014,74937.01493150946,1566473.6436480314,0.0843090749476147,0.9620352557297096,0.005958001056827064,0.005958001068299818,-1.4558956384219668e-10,-1.5706231801249082e-10
1536,-0.99284783918385,-6.7811154745430535,-7.773802858372066,-11.0489584258891,-12.659767988096068,-16.99608001717108,-12.50062981074035,-13.501762749337503,-13.746746162194452,20.476024890151194,0.0059580031217786,0.0005551225554637,0.5857971009753463,74937.04273468636,1543072.4778950005,0.0843090749476147,0.9660549237579448,0.0059580028079466475,0.005958002860564533,3.138319526127531e-10,2.612140668697971e-10
1537,-0.9995214332522652,-7.591274724338101,-7.689670693689208,-11.2203669151213,-11.32042935023313,-15.080046105802994,-17.184662402431606,-11.415471899654744,-10.50508272082244,20.161145848779487,0.0059580032280509,0.0005739339516022,0.5665968905819779,74937.04407133114,1595362.4584881987,0.0843090749476147,0.962825515895654,0.00595800310850985,0.005958003173831087,1.1954104980199665e-10,5.4219813534761574e-11
1538,-1.2892466575365351,-6.198752767482011,-9.057779990874346,-10.405633783132547,-13.570232968129066,-16.387762414358235,-17.267118643611973,-13.47221887048471,-13.371275726880896,20.94439307237641,0.0059580006350805,0.0005622729905154,0.5783471473381504,74937.01145813316,1562948.5204455978,0.0843090749476147,0.9660788127621736,0.005958002569347627,0.005958002309977377,-1.9342671266769917e-09,-1.6748968765731287e-09
1539,-1.367691164225634,-6.337975689139844,-6.225826884357019,-11.233853661432269,-11.46637880814238,-16.129691524898735,-13.8768848270154,-11.727526618664603,-9.886531582482489,19.641158502308155,0.0059580009066297,0.0005679988685215,0.5725169896344247,74937.01487355569,1578864.7261123725,0.0843090749476147,0.9631466691662156,0.005958001129883813,0.0059580011920595324,-2.2325411311308052e-10,-2.8542983254720156e-10
1540,-1.3098238675089775,-7.958720777346627,-6.67094835172998,-10.507838423970217,-16.400605440744517,-13.634768650993212,-11.702831227681006,-15.329181285289796,-9.98628232540739,20.49256091408662,0.0059580010028712,0.0005692717238996,0.5712368918895306,74937.01608403711,1582402.8783329532,0.0843090749476147,0.9654957869892702,0.005958000731663763,0.005958000692731178,2.712074367167139e-10,3.1014002217083503e-10
1541,-1.3629513147655483,-5.79183477689787,-8.966300728248397,-14.591377398892776,-11.941442385014556,-16.987781188802593,-15.226219124506365,-14.981544160505152,-10.187011434919755,21.6095983557062,0.0059580003071613,0.0005691949605595,0.57131383054299,74937.00733371482,1582189.4995100338,0.0843090749476147,0.963391805667079,0.005958000611424328,0.005958000601963949,-3.042630279670444e-10,-2.948026493060363e-10
1542,-0.9952938831107424,-8.2529802784438,-8.229492689925086,-12.668369299902984,-15.155278874503498,-15.321406842154277,-17.17313104657803,-14.546853920206972,-10.203424634109089,21.603781729795124,0.005958000330884,0.000572061581466,0.5684509600379686,74937.00763208883,1590157.8369192958,0.0843090749476147,0.9637292098288526,0.0059580002009378815,0.005958000216550183,1.2994611810202006e-10,1.1433381671976939e-10
1543,-1.0316700343398155,-6.836628479578286,-6.227264955174926,-13.997972146031032,-11.460014068127936,-15.12438758696441,-12.534436533534802,-11.70462465556803,-11.398779150418658,20.275463783905234,0.0059580003132607,0.0005657061786458,0.5748371964415407,74937.00741043076,1572491.7430425505,0.0843090749476147,0.9619532227850424,0.005957999993281609,0.005957999938391207,3.199790909666489e-10,3.7486949308607187e-10
1544,-1.1925833741816083,-7.658212037869669,-8.074449075101324,-14.254170000534158,-11.252068529965133,-15.443832572912914,-14.412268813176455,-11.1834906657172,-11.609835127394428,20.76522180989868,0.0059580011790841,0.0005716796431086,0.5688308627877483,74937.01830036192,1589096.1640294136,0.0843090749476147,0.9608693187912656,0.005958000718358242,0.005958000779365939,4.607258585059837e-10,3.997181613479839e-10
1545,-0.9902455746995916,-8.05083032819583,-6.9908684255310405,-13.94453090427694,-14.749449850500117,-15.058893870565784,-16.62892076258839,-11.514383397300502,-10.518024138432876,21.117751020565272,0.0059580003249078,0.0005786946956693,0.5619352607333419,74937.00755692313,1608595.8842821042,0.0843090749476147,0.9609857168368612,0.005958000144906531,0.005958000134952946,1.800012690983399e-10,1.899548539296969e-10
1546,-1.3679903894998633,-7.0026359046186695,-8.641881371042537,-13.00814640030524,-16.42791369794757,-14.371029559061686,-13.262008584001023,-13.91246606198938,-11.05403560975812,21.36400251923009,0.0059580004489665,0.0005671061963325,0.5734181127902548,74937.00911727638,1576383.367945507,0.0843090749476147,0.9625574893574876,0.0059580005383529575,0.0059580005043744135,-8.938645743722384e-11,-5.540791350039376e-11
1547,-1.3807979295640758,-7.863035547185073,-8.327488429654743,-11.405379219536783,-13.383323686125394,-13.022204294914834,-13.491618953449944,-12.343338518725233,-13.087988488018867,20.49561348921517,0.0059580031148767,0.0005576105565699,0.5831833333859086,74937.0426478782,1549988.3669976173,0.0843090749476147,0.9638318017507908,0.005958003039955711,0.005958003087713479,7.492098868383534e-11,2.716322132501059e-11
1548,-1.3124089837409842,-7.649808333414436,-6.301275117489466,-12.420142921970028,-14.289404937006545,-15.050268662134789,-16.48586227416147,-13.3923192079652,-10.208673189663598,20.855859091839463,0.0059580006850294,0.0005709346205788,0.56957306924133,74937.01208636766,1587025.227170992,0.0843090749476147,0.9637254329554976,0.0059580004573506285,0.0059580004980496265,2.2767877166929296e-10,1.869797736780976e-10
1549,-0.9915232535219723,-7.2313434349538115,-8.395248133354578,-12.155895030674962,-11.720339207617986,-17.277365159359736,-13.666395694635249,-14.823317443173623,-11.0509688698865,20.91477226259408,0.0059580024007125,0.0005622241467028,0.5783976489623821,74937.03366544671,1562812.7494482622,0.0843090749476147,0.964939707431048,0.005958002711908009,0.005958002721674319,-3.1119550859826095e-10,-3.2096181875468366e-10
1550,-1.289862281603059,-6.460780636570113,-8.335281788978948,-12.473643667746243,-14.08997037229013,-16.89727514634302,-15.39363086661788,-13.677702178836617,-11.811525569601882,21.212850573902777,0.0059580011699019,0.0005622603937125,0.5783601824213691,74937.01818487314,1562913.505150958,0.0843090749476147,0.9639724862187632,0.005958000787734969,0.005958000829756885,3.821669309136966e-10,3.401450145851248e-10
1551,-1.444980696948269,-6.75224071528875,-7.499501390748158,-12.9152184378138,-11.553399499090409,-15.781218101893684,-14.259902686798004,-13.565348446665134,-12.497629322271823,20.813080488927504,0.0059580015908098,0.000557688971349,0.5831011101925458,74937.02347885972,1550206.336320344,0.0843090749476147,0.964611311951445,0.005958001474896769,0.005958001490333905,1.1591303090974225e-10,1.0047589496520182e-10
1552,-1.4042066144425855,-6.129320200216633,-8.729439202833062,-9.988373657603304,-12.037144622358207,-13.744379392228792,-15.967894390253846,-11.619754469273476,-11.961602190444111,19.97963703981923,0.0059580149710552,0.0005636760065734,0.5769096963313264,74937.19176947657,1566848.479912016,0.0843090749476147,0.9641460059033624,0.005958004879059368,0.005958004395449605,1.0091995831899847e-08,1.057560559524634e-08
1553,-1.3378037725304388,-5.91028229528905,-7.688879007284314,-14.36871925688896,-12.763531304445769,-14.321196183177644,-13.44617172155786,-13.270800974851907,-11.05210052373944,20.96013791806175,0.005958000366555,0.0005639182288836,0.5766597734381005,74937.0080807418,1567521.784530213,0.0843090749476147,0.9624725980434268,0.005958000112554709,0.005958000098200164,2.5400029041861005e-10,2.6835483574877417e-10
1554,-1.0595081484269664,-5.93979470169174,-8.19232579526089,-12.845481047759934,-15.290137589275114,-16.339502976818867,-16.299569852131604,-13.725299724436212,-11.999967679616828,21.451617461746213,0.0059580005463334,0.0005633679186528,0.5772230935722591,74937.01034191261,1565992.0888566133,0.0843090749476147,0.9639890639524878,0.005958000434884116,0.005958000416100051,1.1144928382944563e-10,1.302333492783636e-10
1555,-1.1877024569277952,-6.082019750542401,-7.402382807677389,-9.979347079530095,-16.18915105049013,-14.912401994605936,-14.15589057121279,-11.202477892956242,-11.889577065994846,20.03822168881473,0.0059580003144526,0.0005689531245733,0.571556671006664,74937.00742542266,1581517.268755265,0.0843090749476147,0.9632433835430092,0.005958001373906671,0.0059580013897377404,-1.0594540713476652e-09,-1.0752851404421948e-09
1556,-1.1938981518723182,-8.343473134230594,-8.105225277694407,-12.58773291823763,-14.958920434571873,-16.42842853491245,-13.255293600909038,-13.793147664517802,-12.29405657532814,21.277186118928192,0.0059580008659379,0.000561555057729,0.5790865820091878,74937.01436175256,1560952.8848642274,0.0843090749476147,0.963506191539182,0.0059580010542785375,0.005958001108837948,-1.8834063735678752e-10,-2.4290004816546196e-10
1557,-1.1072556406392453,-7.121712758521334,-6.808162426269934,-11.29772785711374,-13.209431675821577,-11.703441722537145,-12.972975696288692,-14.964702742227008,-11.534010871971368,20.37600901747384,0.005958001824053,0.0005573183239301,0.5834889388496688,74937.02641248622,1549176.048818054,0.0843090749476147,0.9665228312034506,0.005958001649792891,0.0059580017144226834,1.7426010981425044e-10,1.0963031697730496e-10
1558,-1.3613530122973951,-8.055642012308748,-8.093038300294783,-10.236613065340254,-16.087572821198677,-16.086800813585267,-17.093068801545787,-13.637451960848017,-10.327574722112946,20.94570935236625,0.0059580003111171,0.0005777780511003,0.5628267687697651,74937.00738346936,1606047.8901634952,0.0843090749476147,0.964240654575937,0.00595800058964795,0.005958000609264894,-2.7853085029366786e-10,-2.981477946473188e-10
1559,-1.261909037641631,-7.58388887727966,-7.8234055831206675,-13.29445481210374,-12.491694302635846,-15.694809133256816,-15.38403197697721,-10.968548402009354,-13.011999389229628,20.80797138149952,0.0059580006450848,0.000565401716144,0.5751467878921315,74937.01158396262,1571645.4295531071,0.0843090749476147,0.9619972664252904,0.005958000951691115,0.005958000970010833,-3.066063158571608e-10,-3.249260331281145e-10
1560,-1.4257398618789567,-5.739430764014237,-8.217443781485358,-13.487640274084503,-13.055329912338117,-15.704005668416167,-12.592176705344151,-15.198071554814662,-10.336915585779622,21.1037032494902,0.0059580003236507,0.0005625436950928,0.5780687925750561,74937.00754111202,1563700.9971355577,0.0843090749476147,0.964127701113286,0.005958000664382631,0.005958000636977893,-3.407319313850077e-10,-3.133271931840542e-10
1561,-1.1583037697170826,-6.003718371187309,-8.39215629480159,-12.981981288082126,-11.960003888764737,-11.96539864358699,-12.218019403334711,-13.447993675861026,-12.954589401628848,20.58171090900124,0.0059580019109728,0.0005551041221295,0.5858163749534487,74937.02750572366,1543021.2388118142,0.0843090749476147,0.9643348000246844,0.005958002321870946,0.005958002164614628,-4.108981462372374e-10,-2.5364182802689594e-10
1562,-1.3618676135310197,-7.166977074362426,-6.642863607236384,-12.43632864993616,-13.775038701408477,-17.055036587953786,-13.052180860433086,-11.965846418708184,-12.418565679770383,20.513069069918004,0.0059580005394296,0.0005631485209441,0.5774479736069686,74937.01025507989,1565382.2297134155,0.0843090749476147,0.9629955868106116,0.005958000490977102,0.005958000364164803,4.8452498090101326e-11,1.7526479659940586e-10
1563,-1.0032182512072458,-6.521279559564866,-6.914708003915623,-11.17231838447326,-13.610329556509312,-17.260183123029748,-15.613538111587651,-15.332059726724356,-11.488408306998094,20.899685407894868,0.0059580016215187,0.0005638788040867,0.5767002740537805,74937.02386510232,1567412.1955423008,0.0843090749476147,0.9670503654186696,0.005958000481270021,0.005958000502090089,1.1402486793307687e-09,1.1194286114388219e-09
1564,-1.4370720913860295,-5.88915612338375,-6.319815649514549,-13.744856652527163,-14.892632414939651,-16.821234616575353,-14.75369692608569,-13.980018337471424,-10.123208404543208,21.13880837575351,0.0059580002284753,0.0005702874026848,0.5702194108970838,74937.006344039,1585226.157560936,0.0843090749476147,0.96336158834059,0.005958000811169561,0.005958000853821315,-5.826942608977426e-10,-6.253460145544398e-10
1565,-1.275822608945652,-7.22559716720256,-8.472057650899842,-14.609011067130313,-11.934033651771,-11.93023197247786,-11.977003363179314,-12.519873150757109,-9.624825929719758,20.63709054816695,0.0059580004631272,0.0005767806726878,0.5638000394441112,74937.00929538302,1603275.480425853,0.0843090749476147,0.9604099633944538,0.005957999966447037,0.005957999813943414,4.966801631436923e-10,6.491837865885142e-10
1566,-1.4613218914527517,-6.227009090406925,-8.983943854320968,-12.990957586092383,-16.683917525465912,-16.818339458768598,-13.380282382865005,-11.264704276062782,-13.134507833826005,21.20026393145585,0.0059580006466328,0.0005717380355443,0.568772691021155,74937.01160343301,1589258.4773052856,0.0843090749476147,0.9611668678750246,0.0059580011416139654,0.0059580012417002485,-4.949811654303415e-10,-5.950674484417329e-10
1567,-1.4435356360177678,-7.78602073834249,-7.573622880767705,-12.380283589266297,-12.738162824923345,-12.081728840947749,-11.675933577469351,-15.460478010226076,-13.654884488157904,20.893109539136727,0.0059580007616341,0.0005540073393213,0.5869759610933294,74937.01304986705,1539972.5149779627,0.0843090749476147,0.9670373256190962,0.00595800200646662,0.005958002197481219,-1.2448325200503652e-09,-1.4358471191536215e-09
1568,-1.460745899098789,-6.455423044154239,-8.656846145853933,-10.561148982960898,-11.713007570670346,-13.286441269410725,-16.378288942263,-13.933837899535447,-10.339510156036596,20.384088983010194,0.0059580066388375,0.0005676643775422,0.5728551666876323,74937.08697064774,1577934.942555142,0.0843090749476147,0.9651903812065348,0.00595800374565302,0.005958003442207411,2.8931844801849405e-09,3.19663008910287e-09
1569,-1.0571839757595742,-6.292822914929358,-7.330471285678008,-12.962715655961007,-14.084581737477007,-13.169797436962828,-14.421613157688675,-10.946161305291838,-9.387395051693677,20.25254663193087,0.0059580005663716,0.0005774096317516,0.5631859196359333,74937.01059394429,1605023.796021086,0.0843090749476147,0.96060774986282,0.0059580002098805875,0.0059580002583297185,3.564910129247312e-10,3.080418819328967e-10
1570,-1.2406472633762644,-6.57326769851123,-6.187624915275811,-10.474383006726235,-15.57081351776696,-14.086820060606131,-15.823921444507834,-10.926700546468629,-11.509867533158284,19.99382441007115,0.0059580004006569,0.0005713477593739,0.5691611729674234,74937.0085096609,1588173.6278222266,0.0843090749476147,0.963254686955914,0.005958000831898596,0.0059580008393249366,-4.3124169599867423e-10,-4.386680367909901e-10
1571,-1.133288802295357,-7.648818831804368,-6.11682880045773,-14.680617555438314,-12.8853612581255,-12.835880280360112,-15.552769597925778,-14.720572611536822,-13.10137757727916,21.47208056261213,0.0059580005047872,0.0005574823311759,0.5833170869053304,74937.00981936415,1549631.9392600777,0.0843090749476147,0.9653619125795024,0.005958000226445905,0.005958000434545848,2.7834129445736266e-10,7.024135179750646e-11
1572,-1.069064966592145,-6.247219689010758,-7.487792139852203,-10.58553953239034,-16.13078928621542,-16.026693704317843,-12.21464995404769,-13.127045893141188,-9.39990166708767,20.21248044053501,0.0059580017512799,0.0005737290148624,0.5667990689846625,74937.02549717981,1594792.7964562674,0.0843090749476147,0.9630131440966956,0.00595800091110469,0.005958000871850831,8.401752106534932e-10,8.794290694974505e-10
1573,-1.4053114867445966,-5.600817604098954,-7.457617845449285,-13.4230819369304,-13.683252013343932,-16.07721708814095,-11.88096201067675,-10.88414004125726,-9.86411077378741,20.210076334589232,0.0059580008343184,0.0005782730552087,0.5623450608193966,74937.01396405672,1607423.8515769783,0.0843090749476147,0.9601120437857396,0.0059579997252122594,0.005957999550767652,1.1091061402623836e-09,1.2835507474592833e-09
1574,-1.2840834992163692,-7.6903347101265425,-8.47587579169814,-11.363230701101712,-15.979768520065148,-13.365809869642238,-15.459762130809782,-12.036029429737823,-10.569344091840968,20.742436250775143,0.005958002188254,0.0005733694380528,0.5671545877175745,74937.03099324102,1593793.2818931153,0.0843090749476147,0.962024181516511,0.005958001413711024,0.005958001434891687,7.745429757635702e-10,7.533623126373956e-10
1575,-1.3605159373363895,-7.050510076256144,-7.799128048434329,-10.091870546626218,-12.392207255220375,-14.034606220701152,-11.68912454227294,-10.759470771396549,-11.489022829681106,19.410305861144728,0.0059580061444811,0.000563877835737,0.5767019211198303,74937.0807528583,1567409.5038236743,0.0843090749476147,0.9626147621391828,0.0059580039519671404,0.00595800379570238,2.1925139594494714e-09,2.3487787201292853e-09
1576,-1.1290145100099522,-5.716164704188689,-7.328067087250812,-13.756568643755369,-12.721869593759145,-15.30106828531929,-14.215027464953804,-14.656148114394144,-11.838833390023716,21.14554486380388,0.0059580003977278,0.0005573547738718,0.5834505702691103,74937.00847281952,1549277.368610167,0.0843090749476147,0.9648977095400972,0.005958000661504734,0.005958000660496875,-2.6377693432277916e-10,-2.627690747283862e-10
1577,-1.3984905588532042,-8.266636978030169,-8.57499154652118,-11.975639722685855,-15.59255348235154,-13.779045308229245,-13.877414762348732,-14.632970974566025,-11.940957215355075,21.326662161133232,0.0059580190262972,0.0005605132689639,0.5801655443181389,74937.24277445975,1558057.0278047116,0.0843090749476147,0.9643795823725728,0.005958001178995293,0.005958000830127897,1.78473019071812e-08,1.819616930309048e-08
1578,-1.3529740844669838,-5.58561921752921,-7.605434728746929,-13.985609800630131,-14.908311073760558,-12.030885963929672,-16.375084273342374,-13.465422328338787,-13.0178061317121,21.42869777536792,0.0059580001248668,0.0005589180095325,0.5818186796137128,74937.00504089825,1553622.6900183242,0.0843090749476147,0.9640616675469276,0.005958000313774095,0.005958000319319333,-1.889072951885562e-10,-1.9445253306854537e-10
1579,-1.3775690528492284,-7.486794129637723,-6.204809494493106,-14.044701172393673,-11.57231203257888,-11.585910700184348,-14.795926816326292,-10.890588840520726,-9.342126127294389,20.11200546624576,0.005958000633351,0.0005796653747403,0.560994315201175,74937.01143638093,1611294.0779415255,0.0843090749476147,0.960557642825382,0.00595799977445155,0.005957999767176271,8.588994498265334e-10,8.661747291638378e-10
1580,-1.04956393160245,-7.703364745986231,-7.5682782243722,-10.94537042721181,-15.354411122868507,-17.299186474245964,-12.523234498309655,-13.716740181614894,-10.163731211204444,20.576900621784613,0.005958001307783,0.0005704970390443,0.5700100314438333,74937.01991907816,1585808.883111283,0.0843090749476147,0.9635339712468544,0.005958001131084766,0.005958001096353675,1.7669823330207501e-10,2.114293245689125e-10
1581,-1.0286311679527282,-7.3774910419555235,-8.528791518909797,-10.66040605804518,-16.17158027428865,-13.71875214517611,-15.647297871438994,-11.25253989922711,-9.74458234170924,20.400541305492208,0.005958003102542,0.0005803583268826,0.5603248321576378,74937.04249273782,1613220.274902393,0.0843090749476147,0.9614513694435246,0.005958001783395431,0.005958001746888886,1.3191465688885962e-09,1.3556531140712647e-09
1582,-1.1885145845090967,-7.218021821488547,-8.923507192777027,-9.9659452968165,-12.758450345879698,-13.704949633212074,-13.966023805129046,-11.56569464315319,-9.532546546412377,19.776885496152182,0.005958004667873,0.0005713915833699,0.5691181314539162,74937.06218075595,1588295.445250639,0.0843090749476147,0.962255222987724,0.0059580046826736245,0.005958004749451345,-1.4800624267841123e-11,-8.157834477384718e-11
1583,-1.091904218092139,-5.587165567345421,-7.152573828650222,-14.079165327043382,-14.653225162382956,-15.86389450263188,-14.986282892146408,-11.74169027533558,-12.777843094930605,21.07826004638645,0.0059580005106416,0.0005648126025868,0.5757466607732621,74937.00989299733,1570007.872391163,0.0843090749476147,0.9622946047571158,0.005958000291325255,0.0059580003204342475,2.1931634459904092e-10,1.9020735247260445e-10
1584,-1.4431369902564015,-6.376161994487212,-8.262881597503776,-14.32535504006083,-14.007567847211128,-11.628517154649687,-17.29775618562259,-11.700237140603388,-9.441385090177608,21.053024355580387,0.0059580003827848,0.0005837528322011,0.5570661785197728,74937.00828487336,1622655.971004883,0.0843090749476147,0.9605807020016556,0.005957999883696449,0.005957999855343185,4.990883513758537e-10,5.274416155567896e-10
1585,-1.3953126055249223,-6.012960198868846,-7.435091354061402,-12.23104945188912,-16.57337953179661,-13.833306846208114,-16.916306507505002,-11.724443450723513,-12.37789236152352,20.980327680528504,0.0059580003421707,0.000569086929953,0.571422288921837,74937.00777404821,1581889.207161979,0.0843090749476147,0.9629041368224592,0.005958000914718449,0.0059580009400822115,-5.725477487950048e-10,-5.979115111007238e-10
1586,-1.2569666862940243,-7.750406266255173,-7.362976540106322,-11.385788657126712,-15.739760951535668,-15.154911483897443,-12.127064486220146,-12.331129601986714,-11.43099043406603,20.440857511485824,0.0059580005502938,0.0005679674316249,0.5725486269838317,74937.01039172511,1578777.3410664713,0.0843090749476147,0.9625858632329392,0.005958001277701418,0.005958001224047109,-7.274076185143086e-10,-6.737533092202042e-10
1587,-1.4377232624237906,-7.148037406919234,-6.944323110807892,-14.395590132501932,-15.787430697495946,-13.41083717800729,-14.129334053380772,-12.904795564293217,-12.391812900496111,21.360018770178986,0.0059580000539218,0.0005650426041596,0.5755122359204635,74937.00414858453,1570647.2070630386,0.0843090749476147,0.9623651170198664,0.005958000523439537,0.005958000484814863,-4.695177371893955e-10,-4.3089306341753675e-10
1588,-1.1989296934834608,-6.37829201245377,-6.3022495862938985,-11.427595456019832,-14.057375171980947,-14.38451078515555,-13.213481795469583,-14.564572243036306,-13.633055792773522,20.60635958771387,0.0059580015781597,0.0005533544708875,0.5876686182340227,74937.02331975338,1538157.7385796704,0.0843090749476147,0.9675233593800782,0.005958000678544934,0.00595800048339986,8.996147654941056e-10,1.0947598400729008e-09
1589,-1.053519223587682,-6.649205441909138,-8.885921451309153,-14.473912747694577,-13.095616454139323,-16.84975439672419,-12.116256224658278,-14.722120854221302,-9.883001748738938,21.384703872969794,0.0059580004215133,0.0005699141636538,0.5705928775664375,74937.00877198327,1584188.6661621842,0.0843090749476147,0.9622918657161664,0.005958000364763864,0.00595800046729998,5.674943587968828e-11,-4.5786680002990465e-11
1590,-1.012943610151489,-6.481578749410584,-6.502545688486481,-13.1031798336938,-13.411594638979954,-15.797511635933304,-12.203424133142942,-11.400637047185215,-11.40885444765954,20.242409910786897,0.0059580004581631,0.0005666745166386,0.5738549309302785,74937.00923294696,1575183.42921409,0.0843090749476147,0.9617781671854884,0.005958000178094108,0.005958000209007042,2.8006899230326177e-10,2.4915605776471006e-10
1591,-1.0186946004717554,-5.954022543192563,-6.66404673409429,-10.081262256908367,-12.794006190738669,-16.123552429971316,-14.710100091078036,-15.459100758149514,-10.169728721190868,20.24125718711575,0.0059580013675845,0.0005670042453752,0.5735213496417947,74937.02067123448,1576099.9751797486,0.0843090749476147,0.9675799032574538,0.005958001402915132,0.005958001340338854,-3.5330631649455047e-11,2.724564584360989e-11
1592,-1.1733043498797908,-6.361628147858552,-8.821133357180527,-10.442822260952784,-16.22988572886827,-16.977188400292476,-16.544322312354577,-13.89514953011414,-12.615911200591675,21.196311733705027,0.0059580001374874,0.0005661449108495,0.5743917027600534,74937.00519963443,1573711.2856139257,0.0843090749476147,0.9654675099810076,0.005958000677937164,0.005958000711285189,-5.404497639346917e-10,-5.73797789664432e-10
1593,-1.1999796775141671,-7.983709452070983,-7.17558082337263,-11.647578154668192,-16.139947702848062,-16.247678397719525,-14.828046663668696,-12.828085416024871,-10.873087152782908,20.87934401573961,0.0059580008032653,0.0005721390232775,0.568374085019357,74937.01357348548,1590373.101686943,0.0843090749476147,0.962944378972446,0.005958000713767629,0.005958000734982102,8.949767142663045e-11,6.828319853990905e-11
1594,-1.0648919981182925,-6.966294708818976,-7.609452137624606,-12.126712620199305,-15.40175437865864,-16.49737003446964,-16.409458484878897,-13.377782572549956,-13.79169330428981,21.36725036843368,0.0059580006905817,0.000559641834113,0.5810662549006985,74937.01215620247,1555634.703001727,0.0843090749476147,0.9651189445391036,0.005958000049198321,0.0059580001744563935,6.413833786994561e-10,5.161253065558147e-10
1595,-1.1114307349567614,-7.093907447371362,-8.181817657744933,-13.920580365592798,-13.270896009460063,-12.351140059229948,-17.176911160103266,-11.061848621765058,-11.357245576010223,20.96062944975197,0.0059580003164924,0.0005740718646247,0.5664603580939394,74937.00745107816,1595745.8148970967,0.0843090749476147,0.9610658744323634,0.005958000432571188,0.0059580004861819625,-1.1607878807468053e-10,-1.6968956274843183e-10
1596,-1.092676949413789,-5.912156543023308,-8.876125486807416,-13.113541710919442,-14.813911647501286,-16.843379439867384,-17.34772195635839,-11.111675007149309,-10.273115882397205,21.093292195360405,0.005958000148975,0.0005830538579633,0.5577339654833822,74937.00534412076,1620713.034443525,0.0843090749476147,0.9607683213247498,0.005958000749432746,0.005958000668320272,-6.004577460250182e-10,-5.193452725163472e-10
1597,-1.1555257570297524,-6.237838300722988,-9.077618870509342,-12.026226481723866,-15.813349162099056,-15.120207131487993,-17.118783126866525,-13.68930411195549,-10.782228805658107,21.388683320996066,0.0059580009774347,0.0005703301885469,0.5701767408578644,74937.01576410854,1585345.089291524,0.0843090749476147,0.9634910979703778,0.005958000677909084,0.005958000696966639,2.995256161153481e-10,2.8046806110210154e-10
1598,-1.127448134145888,-7.870759306942181,-8.385653682551391,-13.373280652407267,-12.087696663086057,-14.244536322557366,-16.695531847347702,-10.920502218366623,-12.460073207576656,20.8827839891364,0.0059580004152129,0.000569102315568,0.5714068510943794,74937.00869273867,1581931.9745091498,0.0843090749476147,0.9616384886512664,0.005958001626125568,0.005958001597502896,-1.2109126678802595e-09,-1.182289995939334e-09
1599,-1.145796062013354,-7.511012360159106,-9.074849662267065,-11.42533410603185,-16.534331241383892,-16.722717264703867,-15.28372992254372,-11.779816771652271,-11.529165279173553,21.047392562698203,0.0059580020988077,0.0005747705255016,0.565772052493351,74937.02986822528,1597687.880410135,0.0843090749476147,0.9617871170418212,0.005958001530108996,0.005958001526478401,5.686987044478675e-10,5.723292994044837e-10
1600,-1.030843681013812,-6.17046470364709,-6.703590462394741,-13.273131743269833,-12.479699807498555,-15.506749211174949,-17.056069656508758,-13.62819232861113,-12.796542543253684,21.102665438569705,0.0059580002834914,0.0005596817162949,0.5810247893354784,74937.00703600614,1555745.5633814507,0.0843090749476147,0.9652801552329724,0.005958000548650014,0.005958000430683578,-2.6515861381581907e-10,-1.47192177717137e-10
1601,-1.2317529690428894,-6.035016590368211,-8.537957459366263,-12.858173639231357,-15.152583333135183,-15.660568498358268,-13.52240348159448,-12.81094947642703,-11.12137100005968,20.991385270797995,0.005958000339738,0.0005668779592351,0.5736489673171808,74937.00774345045,1575748.937980434,0.0843090749476147,0.9621870978832202,0.005958000782637585,0.005958000714232193,-4.4289958506249505e-10,-3.7449419346829993e-10
1602,-1.22057748766558,-6.021171749088181,-8.25613799713577,-14.047122027391474,-11.867877582365509,-14.72190277515739,-13.357027916544329,-13.482104535272628,-11.745504532844738,20.96446907760859,0.0059580003781411,0.0005604422005444,0.5802363896549376,74937.00822646641,1557859.479135289,0.0843090749476147,0.9631059481663684,0.0059580009748709094,0.005958000935952208,-5.967298096626328e-10,-5.578111080678516e-10
1603,-1.4165697059435256,-6.883862794276119,-8.362138566831417,-12.60580900721401,-12.321302311125237,-15.553812546750176,-11.86291499174113,-13.219647624143278,-10.902249885131075,20.54141508217916,0.0059580008523655,0.0005631276750604,0.5774693950961725,74937.01419104476,1565324.2844742006,0.0843090749476147,0.962767333640216,0.005958001818801556,0.005958001706400051,-9.66436056182296e-10,-8.540345514118641e-10
1604,-1.0204387205441812,-6.75866764318086,-7.2050926850996735,-13.58830706804206,-14.716986599147615,-13.48995700045614,-13.83897901719913,-14.939878059490702,-12.863379582806438,21.395081145860427,0.005958000638403,0.0005546653109446,0.5862796427778622,74937.01149992237,1541801.4766968624,0.0843090749476147,0.9653045095489194,0.005958000180593873,0.005958000087677276,4.5780912741322233e-10,5.507257245726538e-10
1605,-1.3363081969620672,-7.39474937763686,-8.31582344029785,-10.141098249445308,-11.199992141993688,-17.125114023177623,-15.411425999077874,-14.887408128245813,-13.44261326242788,20.6904903484534,0.0059580016800455,0.0005623765409321,0.5782408083781491,74937.02460122542,1563236.359223823,0.0843090749476147,0.9681748159202112,0.005958004283874163,0.005958004369014253,-2.6038286631002716e-09,-2.688968753390697e-09
1606,-1.002778845786946,-7.6345250666339215,-7.77811870170407,-11.81060543595593,-15.165968747028964,-16.874114472845516,-15.273749710291687,-11.13045256178983,-13.582814562733992,20.85016030986821,0.0059580003155314,0.0005660763634967,0.5744612827844833,74937.00743899043,1573520.7447460345,0.0843090749476147,0.9628236931161768,0.005958000955803442,0.005958000966483437,-6.402720419823593e-10,-6.509520370651112e-10
1607,-1.4663441991010706,-5.895528416390597,-6.408531649652753,-11.249039401930508,-13.924867664324472,-12.225758232942866,-12.476590332262194,-13.423371032760397,-13.744011357216138,20.188287619966104,0.0059580016782413,0.0005525340332594,0.588541240754845,74937.02457853308,1535877.1706019435,0.0843090749476147,0.9666039788450412,0.005958001062830451,0.005958001203690642,6.154108490169508e-10,4.745506583178627e-10
1608,-1.2121040701337351,-6.034301715697897,-6.480390677894965,-10.5151127045432,-15.468382081912518,-13.719699789272823,-13.78957749703686,-11.020221563639916,-11.00094572189013,19.77415863213276,0.005958000927567,0.0005689972434632,0.5715124418820916,74937.01513689471,1581639.9058992148,0.0843090749476147,0.962795736474504,0.005958000935622124,0.005958000879369494,-8.055123408567955e-12,4.8197506749558805e-11
1609,-1.322038839931464,-7.55413084752217,-6.813514704294121,-10.398198968900394,-14.434731814956285,-14.90326469304955,-16.89835859550109,-12.641560068361342,-10.216110273355898,20.33773378899893,0.0059580006879104,0.000574274800506,0.5662602366124498,74937.0121226037,1596309.9151486005,0.0843090749476147,0.9640749955707436,0.00595800083814422,0.00595800085901525,-1.5023381930850954e-10,-1.7110484990673358e-10
1610,-1.080351981665543,-6.208670838798774,-8.018539133441447,-13.862877101466832,-13.97255513747642,-17.0312569359733,-17.29425889238,-14.531382280934087,-13.340214606799009,21.90103971742945,0.0059580001541442,0.0005586341023677,0.5821143738579267,74937.00540913612,1552833.5141364837,0.0843090749476147,0.9651889010822472,0.005957999835720444,0.0059580000434353245,3.184237561126846e-10,1.1070887522696138e-10
1611,-1.3244063625175078,-8.305040795063746,-8.90935565850598,-13.75269342462123,-15.482540529887414,-14.451853538420378,-13.964721442656838,-11.870083649287936,-10.590287616337683,21.253287995584223,0.0059580005523879,0.0005779971471371,0.5626134574028488,74937.0104180631,1606656.91075019,0.0843090749476147,0.960098428854606,0.005958000765036385,0.005958000869273921,-2.1264848475838205e-10,-3.168860208957458e-10
1612,-0.9901279009257016,-7.172273693020289,-8.280283226844695,-11.274285744318568,-16.01954979771854,-16.648195763377288,-17.43380590605512,-11.68668068238377,-10.322554413011565,20.88368996300511,0.0059580009514866,0.0005818926374494,0.5588470880462522,74937.01543774527,1617485.193315205,0.0843090749476147,0.9620350599020494,0.005958000843097536,0.0059580009353698725,1.0838906421700711e-10,1.611672774404216e-11
1613,-1.2859964310114038,-7.467551968519213,-8.342481483565523,-13.775111753966687,-11.4158725820674,-11.99244019899108,-15.628454988134724,-15.67792394086816,-9.59930787123988,21.26722205834684,0.00595800108481,0.0005711744231177,0.5693339963199808,74937.01711462572,1587691.805558591,0.0843090749476147,0.964487916037027,0.005958001225968765,0.005958001159609082,-1.4115876436487929e-10,-7.479908185892281e-11
1614,-1.0265684324340565,-7.540269886572592,-8.108507035522795,-13.155996114582194,-15.680552374252208,-16.76544904344762,-17.13675192003087,-15.702625827249822,-9.226743843407352,21.89117733560769,0.0059580001882341,0.000577783210154,0.562821725850724,74937.00583790398,1606062.2307691805,0.0843090749476147,0.9641901897484918,0.005957999602280414,0.00595799965963833,5.859536857458214e-10,5.285957695860821e-10
1615,-1.3473285732943192,-8.324806134514176,-8.085158377299305,-11.764989208975908,-14.356001903958054,-11.785698045119371,-14.304679675650934,-12.30050619611309,-10.345199708397928,20.497169217673942,0.0059580022859734,0.0005692674590523,0.5712413560234447,74937.03222231078,1582391.0233496707,0.0843090749476147,0.9620974249890756,0.005958001909006273,0.005958001924735173,3.769671267847552e-10,3.612382268314285e-10
1616,-1.255242898312214,-6.291623297114741,-8.256112715198057,-13.214384390404852,-13.58251877927604,-14.23842796582202,-14.603261719703529,-14.34734520442777,-11.805624045653463,21.22982916933709,0.0059580002669266,0.0005580608931563,0.5827123060169707,74937.0068276615,1551240.1662360895,0.0843090749476147,0.964308524892638,0.005958000735069885,0.005958000722245131,-4.681432845543565e-10,-4.5531853027497293e-10
1617,-1.3234959476196857,-8.09573036315212,-6.6969338147706345,-10.114743177939683,-13.920726422135084,-11.950213114490408,-12.026441347753082,-12.788301269645922,-10.41307326727495,19.70043326511403,0.0059580012744897,0.000564130288303,0.5764431358874991,74937.01950033024,1568111.2454531393,0.0843090749476147,0.9639869394225457,0.005958002302747149,0.005958002231431142,-1.0282574488054697e-09,-9.569414418861277e-10
1618,-1.4107639356171977,-6.38537567875296,-8.933293465507042,-14.25444782151716,-11.912676599492393,-15.589082490196416,-15.607314529954513,-13.048244335882623,-10.19113898489133,21.207549590505145,0.0059579994423138,0.0005725968319392,0.5679194579829798,74936.99645605877,1591645.6710304855,0.0843090749476147,0.9618187383396058,0.005958000683715007,0.005958000708433129,-1.241401207524584e-09,-1.2661193291713113e-09
1619,-1.00884554469542,-6.644895028992968,-6.08784564036317,-10.454343375356856,-15.904607769018344,-12.898487385866986,-12.434608975887596,-11.953879457159632,-9.344853114553237,19.65624692760484,0.0059580007760844,0.0005731888289264,0.5673330937782259,74937.013231616,1593291.2432539477,0.0843090749476147,0.9626542192753328,0.005958000774478517,0.0059580007798402295,1.6058829613307957e-12,-3.755829848517411e-12
1620,-1.456645451209087,-6.973124021710165,-7.647051949401423,-14.087607615027256,-12.136787861224455,-13.628224155268072,-15.33837817456991,-13.366593707867183,-13.055436948832352,21.212664851089794,0.0059580006972334,0.0005580257692676,0.5827490468856827,74937.01223986359,1551142.5324696205,0.0843090749476147,0.963951836946838,0.005958000668980055,0.0059580007870812255,2.825334497608134e-11,-8.984782536025637e-11
1621,-1.063649251035411,-5.901252665617424,-6.210249758241942,-14.717881856453642,-11.77313444930246,-12.138887545071338,-13.651927506802956,-14.871875217947489,-9.371682272279244,20.7701419485648,0.0059580008371792,0.0005686926759872,0.5718185064917074,74937.01400003882,1580793.3006130576,0.0843090749476147,0.9639003475443972,0.005958000247907091,0.005958000201067053,5.892721085393182e-10,6.361121464640296e-10
1622,-1.0859549165146354,-6.784495719180175,-7.948360853573511,-12.559392084075997,-11.748396314567774,-16.99937449725945,-14.345712416900213,-14.75284369136575,-13.361337027561436,21.13140960954506,0.0059580007409824,0.0005552729915406,0.5856380441949435,74937.01279011965,1543490.64459994,0.0843090749476147,0.9663248512069648,0.00595800188726397,0.005958001955184043,-1.1462815696638984e-09,-1.21420164287539e-09
1623,-1.338860614517339,-7.497966330253048,-6.287945785016481,-13.429067564574634,-13.50941925828773,-14.360197130268295,-15.988101083145024,-15.116241511772229,-12.18362789624795,21.365032114635618,0.0059580002600132,0.0005593311315127,0.5813889681117956,74937.0067407078,1554771.0439294877,0.0843090749476147,0.9659059465275476,0.005958000359447432,0.005958000369518341,-9.943423168179422e-11,-1.0950514106600195e-10
1624,-1.203808736206324,-7.447774313816279,-8.260647771401892,-11.70288876876613,-14.33123199532064,-12.401979392229972,-12.904141366805485,-11.681518000151373,-11.85660366430428,20.33929597077824,0.0059580021229263,0.0005632967918131,0.5772962080142707,74937.03017157906,1565794.377796868,0.0843090749476147,0.9622201595466824,0.005958002124473103,0.005958002184353229,-1.5468034839094535e-12,-6.14269295151626e-11
1625,-1.075600420948502,-7.557866088343937,-6.094936617414167,-11.55501583705172,-14.992779056694053,-14.526650343583176,-15.839659042046115,-11.79485610921848,-10.637468204772045,20.35633628010811,0.0059580008726316,0.0005724079158495,0.5681070972886004,74937.0144459426,1591120.541550849,0.0843090749476147,0.9629066941618027,0.005958000672955398,0.005958000669735895,1.9967620265570751e-10,2.0289570544507196e-10
1626,-1.3085198427497144,-6.761961663442934,-6.474156283541065,-14.100519898463029,-13.832571533477472,-14.37258380946897,-13.270849368110664,-11.502053080999342,-11.92507405920175,20.65309141588068,0.0059580008054295,0.0005666697907127,0.5738597669507202,74937.01360070505,1575170.2925722632,0.0843090749476147,0.9615811067609572,0.005957999920754657,0.005957999868310345,8.846748429311435e-10,9.371191548451785e-10
1627,-1.2708759847745117,-8.345383382173965,-7.961634404290007,-12.78115733373859,-15.304216434181832,-13.880325933657316,-12.377377356899071,-11.665421374231716,-12.485899863417856,20.79528247001304,0.0059580014435509,0.0005670804445747,0.573444295938479,74937.02162670462,1576311.7858626095,0.0843090749476147,0.9614955381051346,0.005958001372136006,0.005958001359218265,7.141489396372824e-11,8.433263549295633e-11
1628,-1.05994543701321,-7.364704223600039,-7.41312265310784,-10.374705952670956,-12.528816304809808,-16.22126188034984,-15.063038968037022,-12.029419514011911,-13.163150810885694,20.19796808285588,0.0059580011602444,0.0005608126084612,0.5798532668113688,74937.01806340458,1558889.100894149,0.0843090749476147,0.9650546424784422,0.005958002832547353,0.005958002916210292,-1.6723029523657562e-09,-1.7559658917892795e-09
1629,-1.3673753104216155,-6.5415006322722,-7.376980113817083,-12.236655311168349,-13.49111382573924,-12.46264015669628,-14.855123819932942,-12.846904036957582,-10.834485845469835,20.49111570244689,0.0059580003210083,0.0005629303839396,0.577671704449328,74937.00750787604,1564775.8749459228,0.0843090749476147,0.963408560381304,0.005958000964081363,0.005958000979184205,-6.430730626824643e-10,-6.58175904402758e-10
1630,-1.3112963766681545,-7.1272298607545785,-6.777296942165093,-10.6185680774713,-13.793581732444231,-16.56274949126982,-14.331634909085484,-15.26214005734436,-13.096698994234425,20.77356275740528,0.0059580005595844,0.0005591734159277,0.5815529934831731,74937.01050857821,1554332.642397886,0.0843090749476147,0.9681560325124232,0.005958000601418145,0.005958000530575815,-4.18337448016004e-11,2.9008585464285197e-11
1631,-1.0249491514497275,-8.31130008657323,-8.464645457459659,-11.980637925108384,-13.959383633039238,-16.577295399598007,-14.228845750652752,-13.50022185496946,-9.993793542120828,20.934555028627205,0.0059580006003648,0.0005705498593277,0.569957159626421,74937.01102149457,1585955.707492388,0.0843090749476147,0.9627160218950138,0.005958001716260962,0.005958001810423332,-1.115896161932306e-09,-1.210058531674052e-09
1632,-1.2195785696834285,-8.354052749241513,-6.847449934355437,-13.77996987160536,-13.950372992922514,-17.300678621937752,-14.748896036237468,-15.360114941866502,-13.550642515240607,21.80441909317239,0.005958000263971,0.0005562129389456,0.5846483009249834,74937.0067904869,1546103.4135408136,0.0843090749476147,0.9659170724282384,0.005957999901667961,0.0059580002653110906,3.6230303913226125e-10,-1.3400903650651053e-12
1633,-1.2702863518544931,-6.070691959946792,-8.104409477870739,-14.57567988985422,-13.247812252964438,-13.505559861408043,-15.147975912291376,-11.963689820892304,-11.87991711042478,21.09586551794313,0.0059580004920416,0.0005667724556041,0.573755772998211,74937.00965905568,1575455.6698584824,0.0843090749476147,0.9615903521300744,0.005958000007876232,0.005958000028469232,4.841653675202728e-10,4.635723679924375e-10
1634,-1.2796508762224152,-5.913991733592802,-8.732984485926282,-14.195019367271252,-11.256986672138003,-12.98936094748912,-15.067020880244216,-13.847325927164649,-12.058961100468416,21.16115851797691,0.0059580021393413,0.0005610872768574,0.5795695547857954,74937.03037803898,1559652.5957991567,0.0843090749476147,0.9637268682544078,0.005958001522084613,0.005958001592624654,6.17256687603096e-10,5.467166459133255e-10
1635,-1.346193994856726,-5.73539624464412,-9.092255980386714,-11.716913728064071,-11.612520014339246,-13.18880878127614,-15.020073902816527,-15.28608842074026,-11.98221590246961,20.888379369258374,0.0059580068817275,0.0005586048581284,0.5821458348833964,74937.0900256071,1552752.2240133642,0.0843090749476147,0.9665764216921724,0.005958003625329477,0.005958003930475087,3.256398022760676e-09,2.9512524134592266e-09
1636,-1.196063214928748,-7.472580419802203,-7.390108173513773,-12.41183408319954,-16.199210259110508,-16.588247295687783,-12.554037499084554,-12.597348388823605,-12.012008148030034,20.91400034669324,0.0059580009422998,0.0005680305117067,0.5724851016628412,74937.01532219697,1578952.6845779633,0.0843090749476147,0.9624604150888892,0.005958000770932582,0.0059580008424385605,1.7136721729149595e-10,9.986123906957634e-11
1637,-1.088344267165826,-7.256803940274491,-8.496470634785437,-13.017176703727792,-15.855214847472304,-11.757941770264225,-12.920052655714288,-11.101774728700986,-10.30661552138163,20.59229703140905,0.0059580007108735,0.0005789718291458,0.5616663366417385,74937.0124114234,1609366.2313631703,0.0843090749476147,0.9599243707275984,0.005958000687739386,0.005958000690579806,2.3134113548428648e-11,2.0293693808737245e-11
1638,-1.440020361466928,-7.962073310904911,-7.33937154725456,-12.290093320085724,-14.84471991842372,-17.21095744607171,-12.73063457653977,-14.95722830645351,-9.783066717241734,21.04978065952587,0.0059580005764101,0.0005696654217563,0.570842046694613,74937.01072020365,1583497.2390668597,0.0843090749476147,0.963882627219706,0.005958000562592748,0.00595800067224764,1.38173517766349e-11,-9.583754016079249e-11
1639,-1.0634021843458008,-6.4494034907335696,-8.613818818200327,-11.334380597561184,-11.431798626952798,-11.645153616634078,-15.804595583228316,-10.939883339602254,-13.60263972673656,20.125830421465785,0.0059580084691136,0.0005602204582513,0.5804672369159753,74937.1099910244,1557243.102758076,0.0843090749476147,0.9638512640469484,0.005958004982462875,0.005958005028042833,3.486650725081919e-09,3.4410707668713902e-09
1640,-1.2578654787428745,-6.630372002203991,-8.754717851138794,-10.13670072076038,-14.488684924591356,-14.514376797409112,-13.24705868097615,-12.284006806172483,-11.652772448006049,20.20489861224943,0.0059580010058319,0.0005630558994947,0.577543030337248,74937.01612127526,1565124.77015246,0.0843090749476147,0.963560014585519,0.005958003083841258,0.005958003091357287,-2.0780093574687686e-09,-2.0855253869342394e-09
1641,-1.2492808966435536,-7.073902124010632,-8.250921931084768,-9.895376749082502,-15.981386301299368,-12.44955230745028,-17.181294189862502,-15.569382275155796,-10.329740786735174,20.9545308667285,0.0059580002700032,0.0005735487122763,0.5669770382890299,74937.00686635752,1594291.6099063226,0.0843090749476147,0.9666809618089016,0.005957999989926969,0.005957999977409062,2.80076231304327e-10,2.925941381543007e-10
1642,-1.3132266135373798,-6.209262548420325,-8.578602119694537,-12.188106370890138,-16.68143884383444,-12.640372607274164,-15.688330178632006,-15.82354319210405,-11.463771119343171,21.623099770274763,0.0059580002988381,0.0005629627696896,0.5776384693092244,74937.00722902994,1564865.897516841,0.0843090749476147,0.9657108657450648,0.005957999770114122,0.00595799948154949,5.287239777940211e-10,8.172886100527021e-10
1643,-1.004643832728766,-8.256669749365006,-7.905267901619437,-14.76225699451055,-12.21304951332742,-13.463975394194454,-15.312243070247574,-14.370617067851333,-12.339186594577946,21.609741963851505,0.0059580007824186,0.0005610612854164,0.5795962056287327,74937.01331128523,1559580.3474696197,0.0843090749476147,0.9637149879097788,0.005958000521221996,0.005958000579069043,2.6119660427592617e-10,2.0334955681128308e-10
1644,-1.170686628880978,-6.615224692098114,-6.878937877811107,-12.01843685384801,-12.771213553779305,-14.36586655495557,-17.18936468817602,-12.51733407754596,-12.248994432650884,20.623337964038058,0.0059580011722881,0.0005627426662416,0.5778645259708206,74937.01821488561,1564254.0766321607,0.0843090749476147,0.9645292835497762,0.005958001062052938,0.005958001081175342,1.1023516127695032e-10,9.111275796336304e-11
1645,-1.386574875873434,-6.55475243828419,-7.426613668274728,-11.27209635591836,-15.139001718508212,-15.128216149326336,-14.105517522620676,-14.533382860151011,-13.230995154503772,20.95999997696952,0.0059580004873069,0.0005563077608046,0.5845486813292946,74937.0095995039,1546366.9895738654,0.0843090749476147,0.9665189182205448,0.005958000543595446,0.00595800055007231,-5.6288545872973383e-11,-6.2765410056842e-11
1646,-1.3610521233289157,-8.049677094306285,-6.145872562782733,-10.664414900360248,-15.983622426101988,-12.504817319990748,-15.035675461839928,-15.105739457433232,-10.53172785136382,20.67613740469572,0.0059580004324397,0.0005689680616122,0.5715416829868879,74937.0089094104,1581558.7891967015,0.0843090749476147,0.9662428207508058,0.005958000456155716,0.005958000416326885,-2.371601613010421e-11,1.6112815075242093e-11
1647,-1.154255915261581,-7.399981263176617,-7.165766048786644,-14.234468127400238,-13.44240081234469,-15.592577281462496,-16.3880499210384,-15.62506099300539,-9.808074100658343,21.66784954710449,0.0059580002049991,0.0005703682805367,0.5701385507851265,74937.00604876579,1585450.9734794656,0.0843090749476147,0.9644307256576936,0.005957999933246005,0.005957999930744287,2.717530948534441e-10,2.74254813303898e-10
1648,-1.14879764683723,-6.732295202556639,-8.524112417626425,-10.899735080004689,-16.31007399798136,-12.093034045829414,-17.446118080028835,-14.175280561987565,-9.288699854837024,20.971824887430884,0.0059580001638234,0.0005777651390047,0.5628393261457622,74937.00553087678,1606011.9984505312,0.0843090749476147,0.9641006073583048,0.00595800032183369,0.0059580002628990296,-1.5801028974832265e-10,-9.907562964484029e-11
1649,-1.4680967835710357,-8.332262235459845,-8.19988418580084,-13.447660660200338,-13.9026213769203,-12.107158034103168,-13.248925079160763,-15.77677011451998,-9.60035009794305,21.32331274755227,0.0059580004885662,0.0005680468873874,0.5724685326423353,74937.00961534385,1578998.2040076775,0.0843090749476147,0.9638683113244632,0.00595800064443311,0.0059580005585892154,-1.5586690965685435e-10,-7.002301516401133e-11
1650,-1.0372380217994366,-6.582934922981266,-8.247973540384377,-11.122503638112596,-15.624419460251229,-13.309055720574024,-13.409052473997033,-11.93609164377268,-10.607916624177356,20.3115668667564,0.0059580020550304,0.0005689415155403,0.5715685838690153,74937.02931761507,1581484.9991614458,0.0843090749476147,0.9621753535979044,0.005958001609452118,0.00595800155496071,4.4557828173669156e-10,5.000696896503842e-10
1651,-1.2852510031237503,-8.082054957537059,-6.400074866389264,-13.963592164835212,-15.308502192203791,-14.128088166098545,-13.275424368100138,-13.546401919912531,-10.074557089640871,21.07234120789576,0.0059580002613869,0.0005718305225017,0.5686806434759253,74937.0067579857,1589515.5630194277,0.0843090749476147,0.9621121614874428,0.005958000676985184,0.00595800072432882,-4.155982840856054e-10,-4.6294192004164847e-10
1652,-1.1649267885534895,-8.109229522517271,-7.784187125848512,-10.40687212964527,-11.495347542237244,-14.207678164037404,-12.877426996202722,-12.29036094020847,-11.6196069920836,19.84384055143313,0.0059580072984655,0.0005613090132671,0.5793413573226072,74937.09526714741,1560268.9558222496,0.0843090749476147,0.964035425154756,0.005958005054206044,0.0059580050656669855,2.2442594562258056e-09,2.232798514655021e-09
1653,-1.1292734235829225,-7.54753183427455,-8.290325557907735,-14.4048805007712,-13.108810904737192,-13.648245882237422,-13.598527093031656,-12.161683677451656,-11.672323220465035,21.04841619608621,0.0059580004238471,0.0005673972851476,0.573123931517489,74937.00880133553,1577192.5066387248,0.0843090749476147,0.9611863922410656,0.0059580003191315985,0.005958000347868282,1.0471550189461443e-10,7.597881872267731e-11
1654,-1.0746484285787132,-8.083944434967375,-7.937421389711843,-10.53457588351012,-14.69210381208124,-11.985075408985232,-12.092962893930853,-12.407423706136829,-13.50028589992126,20.236772641910125,0.0059580025264281,0.0005580051660444,0.5827708321060329,74937.03524664034,1551085.2617526744,0.0843090749476147,0.9644896985638288,0.0059580032623755145,0.005958003111149051,-7.359474141210853e-10,-5.847209504777906e-10
1655,-1.4608862281698167,-6.416331895758638,-6.621662674662288,-10.36031005527147,-11.539521680739508,-11.624613406025556,-12.352676116647466,-12.605593377809836,-10.824755811642984,19.38258402678509,0.005958002605339,0.0005588456022367,0.5818944268221393,74937.03623914458,1553421.4196786098,0.0843090749476147,0.964785693632033,0.005958002797002806,0.005958002865943991,-1.916638063537146e-10,-2.606049915795938e-10
1656,-1.408319126914202,-5.81724726588422,-6.288536355001044,-14.600269473473224,-11.502178406557322,-15.250044087483426,-17.240566158845006,-15.35183943598713,-10.196758978303093,21.33871025111329,0.0059580003317866,0.0005707019449107,0.5698052339912443,74937.00764344056,1586378.4593245036,0.0843090749476147,0.9651934276386404,0.005958000788179342,0.0059580006303267255,-4.563927421749603e-10,-2.9854012578017786e-10
1657,-1.3375876193485556,-5.707932999863121,-7.862964661869255,-12.05138446858161,-12.368739452855742,-14.550116866982506,-11.959270839286,-10.859394691956435,-9.302611498342785,19.685643053224243,0.0059580013514799,0.0005733237335061,0.5671996809779366,74937.02046867815,1593666.2371036313,0.0843090749476147,0.9607569915114884,0.005958001043499218,0.005958001027368601,3.07980681756026e-10,3.2411129856357856e-10
1658,-1.1892631061925063,-5.658289020194362,-6.390277485849071,-10.205486919858728,-14.718544829371556,-16.622753186079127,-11.723681503219746,-10.8463685118022,-10.236772187295262,19.41353385769338,0.0059580005974586,0.0005725910097539,0.5679253978324672,74937.01098494197,1591629.487119626,0.0843090749476147,0.9622540480475046,0.005958000735128167,0.005958000606008079,-1.3766956758615168e-10,-8.549479700581397e-12
1659,-1.316194290204202,-5.756158441945461,-6.907055229083104,-14.302959617394135,-11.20907019980094,-13.319459185885222,-17.112422579450204,-11.551095100182302,-12.473587359793372,20.74657149037455,0.0059580014766456,0.0005663660553676,0.5741676181106056,74937.0220429547,1574326.0003577902,0.0843090749476147,0.9628101322868612,0.00595800061112054,0.005958000633948684,8.655250596095732e-10,8.426969157204756e-10
1660,-1.1537890592567432,-6.57247362910084,-8.833876340438355,-13.88115825547668,-11.16043902271365,-14.67692930924882,-16.615538086087234,-15.358938162800255,-13.409486442005337,21.707964056948484,0.0059580004788223,0.0005581532263392,0.5826159411992002,74937.00949278969,1551496.824503532,0.0843090749476147,0.9661591113322534,0.005958001715231339,0.005958001798929297,-1.2364090385200144e-09,-1.3201069968063472e-09
1661,-1.1865972169537542,-5.804499525867012,-6.644096276546389,-13.452060450313486,-12.53149313761929,-15.156435876063677,-11.786510423369007,-15.403045059521084,-11.563968714757706,20.82659132234082,0.0059580003326193,0.0005567279721504,0.5841074485106412,74937.00765391458,1547535.0497728067,0.0843090749476147,0.9657234537853704,0.005958000749163506,0.005958000902630896,-4.1654420624565036e-10,-5.700115960835528e-10
1662,-1.4549497695771851,-5.692759248702369,-8.246593577240954,-10.545558573423826,-12.03948531184705,-13.212289700604511,-15.799963766106126,-14.280209029961764,-9.957437985041514,20.27374755217672,0.0059580039705723,0.0005664421286585,0.5740908677430013,74937.05341042618,1574537.4610529686,0.0843090749476147,0.9655869966742104,0.005958002918926952,0.005958003380522056,1.051645348061625e-09,5.900502447753198e-10
1663,-1.4203737024414602,-6.68601904442232,-7.842624200170825,-11.325279547574704,-12.239473835830657,-13.224572640903636,-13.450157241228291,-10.823286261376037,-9.905577838927798,19.6930340890905,0.0059580026467912,0.0005697900393819,0.5707174964695297,74937.03676051139,1583843.6383014445,0.0843090749476147,0.961502745507436,0.005958002211703777,0.005958002282765943,4.350874226871637e-10,3.6402525698669974e-10
1664,-1.4441066699807013,-7.528713674838765,-6.467197610114541,-10.872302151770093,-13.908528311957136,-15.315359155643222,-13.32274128948686,-14.681274530670326,-9.615724272538156,20.346316151090104,0.0059580016287678,0.000567462187762,0.5730585551891446,74937.02395627824,1577372.916238627,0.0843090749476147,0.965262437505942,0.0059580007671798454,0.005958000540847659,8.615879546272631e-10,1.087920141126797e-09
1665,-1.1476790504113672,-6.031232967638622,-7.247833733075164,-13.257984398313088,-14.55343132130665,-14.749758328003562,-13.70790903546009,-12.89809491153562,-9.866681266178157,20.72607326419153,0.005958000361518,0.0005697539961945,0.5707532722283595,74937.00801738884,1583743.449163311,0.0843090749476147,0.962149496958032,0.0059580002800999725,0.005958000311956824,8.141802770172957e-11,4.9561176343471125e-11
1666,-1.0921970227558142,-8.22719464144248,-8.409773656210481,-12.328941183911958,-14.962772317412025,-16.65192105188155,-15.239444189811842,-10.96967924548212,-11.091397708080128,20.86578502394662,0.005958001314136,0.0005774043697562,0.5631911580815823,74937.0199989829,1605009.1692686116,0.0843090749476147,0.9608172990199014,0.005958001264237431,0.005958001257088934,4.989856965120776e-11,5.704706672327031e-11
1667,-1.359093493265732,-6.413619723733218,-8.307043644054367,-11.87356977239322,-16.23815885006515,-15.91192679648872,-12.510653470316637,-12.416191411121757,-11.76979475747206,20.76822620525041,0.0059580014225464,0.0005677503279837,0.5727676912399885,74937.02136251936,1578173.8587358086,0.0843090749476147,0.962344685999663,0.005958001100546683,0.0059580010407494395,3.2199971682078665e-10,3.8179696036644284e-10
1668,-1.2629164497626657,-5.671479910469028,-6.782844104327734,-12.276672201960272,-16.638654584607732,-15.615918357140604,-14.625027703427016,-13.242644103749395,-11.875600474900612,20.96080941128798,0.0059580004001883,0.0005655635058867,0.5749822212261141,74937.00850376596,1572095.1560084713,0.0843090749476147,0.9639557598464934,0.005958000864573561,0.005958000838919779,-4.643852611480037e-10,-4.387314790979535e-10
1669,-1.0902264127887031,-7.9705939613703185,-9.093628216179198,-13.140137321087527,-15.220752161860773,-12.059577912485684,-12.110240045145506,-11.009716687966204,-11.906766657499446,20.72866791872012,0.0059580009333354,0.0005733825445561,0.5671414443909509,74937.01520944707,1593829.7140003326,0.0843090749476147,0.960117442686503,0.005958001617908291,0.005958001452866776,-6.84572890562174e-10,-5.195313762529352e-10
1670,-1.2649077221521228,-7.521684455113462,-7.791739516578414,-12.450814297126373,-14.033976672228764,-12.312134698558404,-12.140667546802426,-15.76254426119442,-12.179851946341373,21.063840716137246,0.0059580010910052,0.0005561952152609,0.584667053031107,74937.01719254596,1546054.14706844,0.0843090749476147,0.966056817700388,0.0059580010648411065,0.005958001233916229,2.616409346123394e-11,-1.4291102936464517e-10
1671,-1.2437477340113523,-8.074708539428702,-6.212837828865084,-12.18998001763241,-11.4805548056861,-14.805495203557705,-16.227158384135585,-12.532226752545991,-11.988500814476604,20.44911701415758,0.0059580019399778,0.0005639349852362,0.576642867415041,74937.02787053544,1567568.362112627,0.0843090749476147,0.9643743353286216,0.005958001499692142,0.005958001406282199,4.402856577587211e-10,5.336956007337412e-10
1672,-1.1841948433519516,-6.50079021583529,-8.486298679851574,-10.581727738121277,-15.536162179727302,-15.509423349912016,-14.340569772829545,-15.499687160512735,-10.15067878157615,20.94432640303153,0.0059580003294398,0.0005676939918475,0.5728243732308804,74937.00761392461,1578017.2613494596,0.0843090749476147,0.965749448064396,0.005958000715332215,0.0059580006615987625,-3.8589241524444873e-10,-3.321589626611998e-10
1673,-1.1465221996313446,-7.9401960225341135,-7.66769798387512,-10.988650842802388,-13.776949904892035,-11.896870824462829,-12.47423561955434,-14.297895811547718,-13.029045231500586,20.514333144349976,0.0059580019505362,0.0005551309339368,0.5857880869303432,74937.02800333391,1543095.7675109424,0.0843090749476147,0.966182572616508,0.005958002628062562,0.005958002628474321,-6.775263614033911e-10,-6.779381205718193e-10
1674,-1.3170393685336954,-6.295136204023447,-7.975848493407535,-11.955522819260954,-15.225201404532664,-15.873454403102295,-14.598010568615884,-11.881328066871646,-13.0056853036032,20.814686975117507,0.0059580009997878,0.0005626787141988,0.5779301788795015,74937.0160452557,1564076.3093334355,0.0843090749476147,0.9631698733312324,0.005958000984824716,0.005958000897629981,1.4963083723451565e-11,1.0215781866274032e-10
1675,-1.2043737426080487,-6.462322174356077,-8.260758650103892,-10.48380020671782,-12.82764534652865,-13.799426771197394,-13.154583110116212,-15.06284966919524,-12.421312422253946,20.49437915186579,0.0059580022965691,0.0005556795085551,0.585209839682761,74937.03235557892,1544620.63870786,0.0843090749476147,0.9672606937576228,0.005958003182181721,0.005958003174529417,-8.856126214318305e-10,-8.779603172942574e-10
1676,-1.226217880240922,-6.393669402772227,-7.138412832434888,-13.648296491616078,-16.477331757088,-13.66208995937841,-11.732661866459186,-13.67077852120437,-13.456748761035056,21.211642893067925,0.0059580003144113,0.0005602081308885,0.5804788183292336,74937.00742490299,1557208.836425143,0.0843090749476147,0.9637445655280792,0.00595800043003422,0.005958000443451104,-1.1562292009242858e-10,-1.2903980401574033e-10
1677,-1.3845662028379035,-8.150479185738979,-6.847994448321008,-11.042800399635514,-15.98969150164891,-13.74058596416039,-13.525342649071565,-11.641442562910978,-12.206589302942636,20.34957067784592,0.0059580013594035,0.0005671092361029,0.5734151706381995,74937.02056833776,1576391.8175859388,0.0843090749476147,0.9629219624142552,0.005958001460373717,0.005958001589881365,-1.0097021656274574e-10,-2.3047786509161616e-10
1678,-1.1770596707944043,-6.470353575909715,-6.929571226101604,-10.10158807271242,-12.171313418764134,-14.06513626861539,-16.091128594367596,-11.25071044009668,-11.102997928854068,19.66997726349851,0.0059580012834892,0.0005668014897302,0.5737264969611766,74937.01961352148,1575536.375930497,0.0843090749476147,0.9639411038054632,0.005958002631598762,0.005958002602761128,-1.348109561483124e-09,-1.3192719278132259e-09
1679,-1.46535897258087,-6.148968110356831,-7.858076411538335,-13.771859703697528,-16.520184262470003,-12.369887737911611,-12.767602042417897,-11.510003325547292,-10.849575729739785,20.811815809956386,0.0059580002360955,0.0005774866215277,0.5631107895877938,74937.00643988201,1605237.8042674188,0.0843090749476147,0.9603106309237416,0.005958000336165371,0.005958000401561111,-1.0006987165994685e-10,-1.6546561169838991e-10
1680,-1.081506324352253,-6.122434527716971,-8.495531830828037,-11.628843901805052,-14.354102565525675,-15.24204904364759,-13.232586106757386,-12.221725678569488,-9.585062405109037,20.334333570581663,0.0059580008951156,0.0005717900588744,0.5687209777994209,74937.01472873628,1589403.0863976914,0.0843090749476147,0.9618321985279276,0.005958001539970202,0.0059580015013247925,-6.448546020082491e-10,-6.062091922193202e-10
1681,-1.0608191447238324,-5.947596933658666,-8.600487818064058,-14.495933418851322,-13.428377494441431,-12.870807077755895,-11.85599178664416,-14.362088792763055,-10.808102921068686,21.137909668164728,0.0059580005460796,0.0005643541250914,0.5762143986289581,74937.01033872025,1568733.4438926475,0.0843090749476147,0.9626129775759672,0.005958000178952652,0.005958000287910881,3.671269477659167e-10,2.581687190417181e-10
1682,-1.183363517211526,-5.814075862768226,-6.549208755059137,-9.92642407040363,-14.900468109382937,-12.62803349637035,-13.313185749396023,-13.194868281906848,-9.228174472834752,19.700334957157505,0.0059580007566146,0.0005681507070993,0.5723639625482009,74937.01298673394,1579286.7913448776,0.0843090749476147,0.9644369328974598,0.0059580007900796065,0.0059580010781001645,-3.346500680734277e-11,-3.214855647318271e-10
1683,-1.3234198031730726,-7.938010701758569,-6.989609743745094,-11.789173825496404,-13.811881005690068,-13.749029576256795,-17.394993475371386,-12.635321026485151,-12.539486827002149,20.83913207957124,0.0059580010924782,0.0005638153473352,0.5767651041677869,74937.0172110732,1567235.8050033683,0.0843090749476147,0.9644518762509192,0.005958000987785357,0.005958001021218579,1.0469284293657122e-10,7.125962060011704e-11
1684,-1.446716519059078,-6.82824621448694,-7.232755222381805,-13.84196687880861,-11.768094738021055,-14.99862584352742,-15.155076986923888,-11.034142804486386,-12.36663608853345,20.63265515564304,0.0059580006295176,0.0005663349845572,0.5741989961801172,74937.01138816524,1574239.632920859,0.0843090749476147,0.9618628102483232,0.0059580004202888495,0.005958000345125202,2.0922875064444124e-10,2.843923985196284e-10
1685,-1.4300765475451458,-7.065285129998178,-6.992745522727799,-10.754743322305805,-15.827805571179908,-16.736711937253766,-13.089169513417431,-10.753687821957726,-11.878366923909798,20.114401252683624,0.0059580016357227,0.0005727658415647,0.5677521919331,74937.0240437542,1592115.466572209,0.0843090749476147,0.9621293129478184,0.005958001051048509,0.005958000926878657,5.846741910064956e-10,7.088440433580812e-10
1686,-1.4243880808369749,-8.058984583300285,-6.650162084109001,-10.991767686872114,-16.22523393994748,-12.168058028353286,-12.40662142598411,-12.08692776581932,-10.614145920022397,20.107953456001628,0.0059580019555231,0.0005708138093643,0.5696938000800571,74937.02806605685,1586689.4086058356,0.0843090749476147,0.9624461303412498,0.005958001373461476,0.005958001178893372,5.820616237259268e-10,7.766297275418887e-10
1687,-1.382779666817627,-6.1125412564526656,-6.823923290344693,-11.562175079258614,-12.355195983528208,-12.9969783837258,-14.773795036307206,-13.004118109504004,-12.30452055754972,20.23604914106582,0.0059580005501407,0.0005565550296068,0.5842889846231113,74937.01038979946,1547054.3219106165,0.0843090749476147,0.9653204397318496,0.005958001691374768,0.005958001650359346,-1.1412340681846156e-09,-1.1002186462230612e-09
1688,-1.4112036948616058,-5.842223153440669,-6.198111046660393,-10.030767289324174,-16.083468557317673,-11.751379539284464,-14.437629912367036,-13.20810482619399,-11.279954169870368,20.02825052683082,0.0059580009991348,0.0005645870739482,0.575976718030525,74937.01603704221,1569380.9711206844,0.0843090749476147,0.9655054222393008,0.005958000591139371,0.005958000680215228,4.0799542910807673e-10,3.1891957217450306e-10
1689,-1.1912122351058954,-7.068002063515562,-8.07056728049669,-13.77704630915824,-12.757714493611587,-15.609161804727384,-15.636030513423536,-11.060517184227784,-13.032025711865918,20.986440167089125,0.0059580003952616,0.0005657685625372,0.5747738244725398,74937.00844180059,1572665.1513556638,0.0843090749476147,0.9618039777283665,0.005958000545504962,0.00595800057349181,-1.502433620223509e-10,-1.782302101044353e-10
1690,-1.3717872080140163,-6.055012625809381,-8.23154730626857,-14.34135747024002,-16.158322343752705,-14.316036563334295,-13.62022664062417,-12.495948293388816,-9.305225211289242,21.174690978968894,0.0059580002517629,0.0005833081889933,0.5574907996213004,74937.00663693926,1621419.997633566,0.0843090749476147,0.960276421084678,0.005958000110478686,0.005958000044211277,1.412842143624915e-10,2.0755162345731382e-10
1691,-1.1662249919666523,-7.420595437191537,-8.132765675282043,-12.25533765035654,-13.23818910641439,-12.902265701986604,-17.16193072785268,-10.8128420652605,-12.721301589888602,20.65795915585297,0.0059580013910577,0.000566601515706,0.5739290011901759,74937.02096646944,1574980.508743917,0.0843090749476147,0.962416011234202,0.005958001833913133,0.005958001911636921,-4.428554328805845e-10,-5.205792212234495e-10
1692,-1.2532472525464184,-5.994456971094108,-8.827132612423572,-12.778990511091536,-11.259341140706235,-17.327116465375756,-13.493250709679286,-13.512347171873351,-13.155413769237656,20.91123422620656,0.0059580045938506,0.0005570388037682,0.5837821386875303,74937.06124973633,1548399.067474745,0.0843090749476147,0.9645386671190056,0.005958002936205283,0.005958002866534194,1.6576453170172312e-09,1.7273164062275859e-09
1693,-1.1599224059163868,-7.875781475620683,-8.890816999983308,-12.9795646524711,-14.091277283401851,-13.570012857459748,-12.81593369341562,-13.044009017358144,-9.35335340035956,20.82575389694672,0.0059580014188591,0.0005734527881403,0.5670720432151014,74937.02131614291,1594024.969877439,0.0843090749476147,0.9612002068739518,0.005958001233768713,0.005958001384523727,1.8509038746117312e-10,3.433537308639156e-11
1694,-1.3826732273112716,-6.166683368746176,-8.770491042546848,-14.638711534863818,-16.25627297028621,-12.580430950945193,-12.710723910049172,-15.256274581158603,-9.988814943317983,21.70597109965008,0.0059580001324274,0.0005716966474876,0.56881379376033,74937.00513599202,1589143.431050191,0.0843090749476147,0.9624597456279292,0.005957999670467224,0.0059579995779893875,4.619601767091863e-10,5.544380128619242e-10
1695,-1.1802608537332218,-8.28216426966286,-8.716365638088934,-11.088126801182929,-15.508958616847886,-12.884064018634716,-16.82493165859424,-12.625115070354632,-10.36416894738675,20.88193849877333,0.0059580019686037,0.0005742396178204,0.5662951130055757,74937.02823057873,1596212.1179445032,0.0843090749476147,0.962699575620856,0.005958001726850683,0.005958001702204938,2.417530169107618e-10,2.663987615572627e-10
1696,-1.202711442473468,-6.057921642988503,-8.630870284925788,-12.222048239495791,-14.50086111413157,-14.702313747903933,-14.51276057254192,-15.60896468122972,-12.413700019260403,21.39988080473888,0.0059580008272407,0.0005555133103511,0.5853847059335805,74937.01387503665,1544158.6580662415,0.0843090749476147,0.9662638839057918,0.005958000786569511,0.005958000801547244,4.0671189506513716e-11,2.5693456043307528e-11
1697,-1.0888379161268873,-5.620634348579069,-8.937373328852956,-10.29029185184134,-12.345339309443926,-15.947317611350154,-12.1081608087418,-13.827662280171795,-10.846954068377688,20.10287671713637,0.0059580030780141,0.0005606208513587,0.5800518823114641,74937.0421842363,1558356.0742600353,0.0843090749476147,0.9649020034132918,0.005958004717931024,0.00595800447489427,-1.639916923611151e-09,-1.396880169694803e-09
1698,-1.021558953785244,-7.93411903628515,-8.299921097151488,-11.530414447910925,-15.210754418363434,-17.28180946047727,-16.659039427727897,-15.72333457030517,-12.480084666861885,21.715003965190096,0.0059580004966532,0.0005636208961687,0.5769640035834857,74937.0097170581,1566695.2896876023,0.0843090749476147,0.9666308783894296,0.005957999782768678,0.005957999884742753,7.138845218093715e-10,6.119104467919301e-10
1699,-1.2112909937365002,-6.8080380989216085,-6.723781884979633,-12.026838037579347,-14.673066722651315,-13.375369969029446,-13.981570033471854,-14.819389884431256,-13.169164752110634,20.95599821152572,0.0059580007039599,0.0005542387442378,0.5867308792644437,74937.0123244668,1540615.7505200903,0.0843090749476147,0.9667016170352644,0.005958000435629878,0.005958000339154611,2.6833002139681206e-10,3.648052884080988e-10
1700,-1.462000595439521,-6.551416731253108,-6.745460057648016,-11.398803934611786,-15.816849254787275,-15.484936039065348,-15.630332178390384,-11.824767438969538,-13.068554346243982,20.654768770453146,0.0059580012102071,0.0005649854842395,0.5755705876469192,74937.01869181363,1570488.4309948185,0.0843090749476147,0.9639808216395758,0.005958000712263581,0.005958000640789,4.979435188831594e-10,5.694181003448873e-10
1701,-1.088580222729974,-6.567413986218159,-7.462979483592871,-14.400709483357383,-11.428631753832452,-12.163062975265376,-16.182046799411964,-13.738125664966033,-9.373968019495024,20.930279308264407,0.0059580015990283,0.0005743256225706,0.566210258133928,74937.02358222925,1596451.1850868706,0.0843090749476147,0.9627815103083048,0.005958000389601222,0.0059580003523728164,1.2094270784510086e-09,1.2466554837053945e-09
1702,-0.9956329008204028,-8.246343505046214,-7.579797555818267,-11.120840272912565,-14.661357280371613,-14.98585175731329,-16.689851602027925,-11.475376968073387,-12.926139212954013,20.69438481715612,0.0059580019175124,0.0005664147659135,0.5741183045582557,74937.02758797642,1574461.4009140253,0.0843090749476147,0.9634882145605156,0.005958001522973153,0.0059580013815853,3.9453924762650194e-10,5.359271004409805e-10
1703,-1.078329917582496,-5.808930727641293,-7.39311510840542,-14.134841281475008,-15.114659479893168,-11.641140453573705,-15.33502763997928,-15.344511609822243,-10.741633366588012,21.496279456000863,0.0059580002055038,0.0005641527452345,0.5764200345867657,74937.00605511341,1568173.668917191,0.0843090749476147,0.9645227719254904,0.005958000088896245,0.005958000046820082,1.1660755520892518e-10,1.5868371807531423e-10
1704,-1.0147748472228455,-6.600000830373481,-7.05889873063837,-14.659061847113064,-16.384191553792753,-14.265051314077787,-17.28769750716762,-13.646772043546804,-10.389135344376063,21.75589668664588,0.0059580000588582,0.000576544918576,0.5640305246597794,74937.00421067238,1602620.1554387975,0.0843090749476147,0.962426699956178,0.005958000702195679,0.005958000633208457,-6.433374787756518e-10,-5.743502565908054e-10
1705,-1.1128103643220948,-8.291797650618127,-6.439815847887889,-13.554306250430155,-13.7983952080859,-16.559639678300694,-12.90780942360824,-12.374116846534411,-13.260689656991389,20.929923441762668,0.0059579997462443,0.0005614221884738,0.5792234685354956,74937.0002787573,1560583.5485999018,0.0843090749476147,0.9630068562749482,0.005958000348754704,0.005958000840675462,-6.025104035481399e-10,-1.0944311620159075e-09
1706,-1.1446279998683229,-7.292605349061795,-6.602824823796032,-14.737158983003896,-16.16002892870062,-15.539997554641696,-12.438428153183022,-15.441080688519332,-11.713292178406371,21.750493255625063,0.0059580001731609,0.0005642959514975,0.5762737467979431,74937.00564831999,1568571.7389305823,0.0843090749476147,0.963949943823618,0.00595800072127103,0.005958000736705177,-5.481101293322577e-10,-5.63544276348249e-10
1707,-1.475777662102279,-6.3139847834726215,-7.593652028553937,-11.11823061275314,-12.062754221940208,-14.020228777079287,-12.32255106805848,-12.881820294323749,-10.634439086774533,19.900700505486,0.0059580011579788,0.000560515370152,0.5801607595729777,74937.0180349089,1558062.8684708772,0.0843090749476147,0.9638610543427022,0.005958002401462722,0.005958002369818128,-1.2434839217340121e-09,-1.2118393276708272e-09
1708,-1.2688394308449271,-8.069423837570257,-6.888548346525697,-11.944445921429136,-16.06882497511616,-16.65303900365905,-12.388037383251962,-14.870790874077226,-11.6358239337284,21.102275953884337,0.0059580002990796,0.0005645207072842,0.5760443299693443,74937.00723206691,1569196.4919069484,0.0843090749476147,0.964836565744258,0.005958000658010907,0.005958000602287055,-3.589313065516242e-10,-3.032074548034447e-10
1709,-1.4563055934646318,-8.194387921361468,-8.402792128526677,-11.370225173489017,-16.008565804273182,-17.189825409947154,-15.449998277844283,-13.339570097164152,-10.139030330040017,21.13173950774166,0.0059580008145362,0.0005764900176468,0.5640843463506489,74937.01371524476,1602467.5474929137,0.0843090749476147,0.9627825907326316,0.005958000922251946,0.005958000935143179,-1.0771574517759452e-10,-1.206069783973862e-10
1710,-1.080745802391242,-7.0967128600316,-7.16890716269581,-13.041861254852382,-13.180493541588715,-14.005585612094302,-14.563131343200467,-14.022664666525424,-12.16498489217758,20.993225017695075,0.0059579999481093,0.0005570667563948,0.5837521627602564,74937.00281772333,1548476.7673059108,0.0843090749476147,0.9646876826160552,0.005958000751846441,0.005958000781022146,-8.037371410779537e-10,-8.329128463324675e-10
1711,-1.1757495656342467,-5.672542615497562,-7.704090546468427,-12.457579600753949,-13.104199723421557,-13.478747485736363,-14.083763566282666,-13.549180371488166,-11.313610417087949,20.606657880424027,0.0059580010812687,0.0005583933933764,0.5823654442850499,74937.01707008539,1552164.4160858097,0.0843090749476147,0.9641887804835594,0.005958001275771581,0.005958001244229259,-1.945028808153504e-10,-1.629605591094152e-10
1712,-1.095011863773617,-7.606071944512134,-6.078229120445126,-10.10270706889452,-12.801623400994732,-16.468830704871642,-13.669900252596204,-12.023195910595708,-10.22389153103918,19.64349069740231,0.0059580026738779,0.0005689430320587,0.5715671494037299,74937.03710119627,1581489.2146230745,0.0843090749476147,0.9638255339269454,0.005958001491033903,0.005958001460522329,1.182843997228622e-09,1.2133555713986222e-09
1713,-1.1572722213545992,-6.893533675504811,-8.5728983649587,-14.651342093341269,-11.65048378233316,-13.010051846071544,-12.574500060713635,-13.786451333524372,-13.156987697240922,21.196927969669773,0.0059580007751822,0.0005586057235047,0.5821440380520833,74937.01322026874,1552754.6294974356,0.0843090749476147,0.9634265227385508,0.00595800106226747,0.00595800106832904,-2.870852696193471e-10,-2.931468392683434e-10
1714,-1.4624279387039565,-6.63868873836807,-8.951994497420419,-13.65085034993424,-12.05308177584154,-16.52947879361931,-11.917735390225875,-15.21302336361884,-11.383605299517264,21.2575312868416,0.0059580008133934,0.0005608513802989,0.5798131307354678,74937.01370087215,1558996.8748534918,0.0843090749476147,0.9640982099038702,0.00595800153622553,0.005958001548663102,-7.228321300886686e-10,-7.352697018944698e-10
1715,-1.1013125813487976,-6.342312208436425,-8.862590618682832,-14.243970120319698,-12.6931819421428,-12.54740725359468,-15.218397829281896,-14.207960589313036,-11.468303466928583,21.39247143498028,0.0059580007417575,0.000562506388262,0.5781071923970373,74937.01279986765,1563597.2954515198,0.0843090749476147,0.9633907712645516,0.005958000709914799,0.005958000724857785,3.18427012188649e-11,1.6899715134244264e-11
1716,-1.427139860287716,-6.102025792972077,-7.896093440249722,-11.265555672641888,-11.624888288251231,-11.673614393881724,-14.684805465725134,-14.99968871668827,-11.622511985204008,20.45763418602698,0.0059580074641767,0.0005592923985533,0.5814302858961572,74937.09735138762,1554663.3780400215,0.0843090749476147,0.966848591670972,0.00595800293250065,0.005958003015577677,4.531676050037459e-09,4.448599023008926e-09
1717,-1.2179230021411254,-6.503489832779537,-8.146250576293786,-12.296843680428854,-15.57634308287476,-15.144367767108667,-12.151943922473862,-12.412382822884007,-9.4665392161167,20.53032920615068,0.0059580003843933,0.000576136092165,0.5644308072143718,74937.00830510471,1601483.7419083845,0.0843090749476147,0.9612002900283844,0.00595800065029155,0.005958000595896807,-2.658982504663565e-10,-2.1150350741627744e-10
1718,-1.0875942614863046,-5.616718577625354,-8.668409220275446,-12.55445992384788,-11.515404842511757,-16.57229356459535,-13.059217160766863,-12.066578830679346,-13.444790394540698,20.524647639523664,0.0059580017054547,0.0005576979031427,0.5830917883844867,74937.02492081147,1550231.164000135,0.0843090749476147,0.963611763656534,0.0059580031664179574,0.005958003173474425,-1.4609632574894005e-09,-1.4680197248789773e-09
1719,-1.0274869255083146,-8.334801508507743,-8.081521665765653,-14.447173386838829,-15.09947615530296,-12.297075005318153,-15.843000759369902,-12.743755686741595,-12.984013016798922,21.66281019622314,0.0059580003500232,0.0005637290732552,0.5768532654779427,74937.00787281232,1566995.9892058943,0.0843090749476147,0.9622439549150068,0.005958000097489894,0.005958000068543937,2.52533305898639e-10,2.8147926350863273e-10
1720,-1.345718833469857,-6.3185217419175865,-6.870349186726973,-14.589115521941038,-14.975832581397484,-15.959502791733074,-13.191402784117276,-14.747331683642232,-13.694892537315514,21.67710732476793,0.0059580003254271,0.000555342485329,0.5855646980543666,74937.0075634537,1543683.816272139,0.0843090749476147,0.9648923854100764,0.005958000200834806,0.005958000226343098,1.2459229394717886e-10,9.908400228769709e-11
1721,-1.4049298574277798,-6.855990568061444,-6.712221282433919,-12.372541122158314,-13.965372522413194,-16.74126688224506,-12.967796960257523,-14.524245260843768,-13.202809625720658,20.978185640700705,0.0059580007707197,0.0005555330590424,0.5853638877140014,74937.01316414142,1544213.5534431771,0.0843090749476147,0.9660105829923928,0.005958000478686538,0.005958000439322877,2.9203316154191583e-10,3.3139682231037026e-10
1722,-1.1923365063119569,-7.765566324751311,-7.734722096230974,-12.201541806232957,-11.629901950117963,-17.022961877327564,-12.806117832374875,-15.686135451152056,-9.2397974767868,20.77961506353244,0.0059580021191581,0.0005688305684811,0.5716800741917161,74937.03012418318,1581176.599958758,0.0843090749476147,0.9649675737760136,0.005958001901789638,0.005958002040957124,2.1736846177178304e-10,7.820097520927494e-11
1723,-1.2054865075103152,-6.232791924730252,-8.607231660444251,-13.00444356536173,-13.143793549001014,-16.533679035864807,-16.12599442498671,-14.66730170257187,-9.215934648983312,21.271443527609406,0.0059580000400095,0.0005731257278986,0.5673954518907137,74937.00397360262,1593115.8415191371,0.0843090749476147,0.9636472102990108,0.005958000657772597,0.005958000749826041,-6.177630976211823e-10,-7.098165414817781e-10
1724,-1.164487261370755,-7.7340644008473,-7.771511036692419,-10.243301594558549,-12.160145673761113,-15.753384650058468,-15.832056784452195,-15.774430174912268,-9.968817872447731,20.63191006953774,0.0059580012718694,0.0005715843424793,0.5689257176175289,74937.01946737293,1588831.2571603958,0.0843090749476147,0.9670414271273996,0.005958002410220258,0.005958002421550886,-1.1383508580209423e-09,-1.1496814854294879e-09
1725,-1.2719604172844257,-6.969399132730847,-6.276588408382732,-10.990884240709129,-12.130833378268685,-15.853450586417187,-16.453313338135143,-10.792655742052386,-10.10765908492982,19.78272449487936,0.0059580007325222,0.0005751658876511,0.5653829530737224,74937.01268371113,1598786.867373958,0.0843090749476147,0.962644885746236,0.005958001077320879,0.005958001076546717,-3.4479867919157137e-10,-3.440245172070533e-10
1726,-1.266819570156876,-7.11837738829211,-6.97784175711431,-11.728818011963494,-15.730692683412451,-14.25912590769324,-14.31156483241408,-11.098812440482057,-13.045475986949862,20.49687656289037,0.0059580006062418,0.0005652404383981,0.5753108865502563,74937.01109541312,1571197.1262935111,0.0843090749476147,0.962804828670372,0.005958000900658313,0.005958000867994563,-2.9441651373807165e-10,-2.6175276356121824e-10
1727,-1.4181347686656616,-6.041744661962604,-7.007739297112128,-12.984876329735892,-15.547529733512723,-13.617486912285,-15.896189699594508,-14.679742770459494,-12.130723388749576,21.372146066532853,0.0059580003162625,0.0005597854125741,0.580917163405174,74937.0074481861,1556033.8076131549,0.0843090749476147,0.9653220024325104,0.005958000413448709,0.005958000558988564,-9.71862087334463e-11,-2.4272606407443886e-10
1728,-1.2707230727750225,-6.628194789088228,-8.585434331543288,-14.816427112302051,-12.415952745456604,-14.108251350305633,-14.185471144738267,-11.10832480469214,-12.232268947207563,20.98135130890516,0.0059580001893269,0.0005705354756415,0.5699714697499729,74937.005851648,1585915.7252035367,0.0843090749476147,0.9605931243597784,0.005958000001251785,0.005958000055377359,1.8807511537738408e-10,1.339495415628167e-10
1729,-1.2640954227085306,-7.78082161274606,-7.035272113982113,-13.465390883194472,-12.442472651634144,-12.23697902789409,-15.84862273259778,-10.958541009118225,-13.593139687571236,20.671426503611265,0.005958000974013,0.0005627261505237,0.5778814571452776,74937.01572107157,1564208.1679414704,0.0843090749476147,0.9626469873338894,0.005958000912376408,0.0059580008776832635,6.163659253127785e-11,9.632973672207834e-11
1730,-1.3748701270913248,-6.685083525202114,-7.446468810424137,-10.708845436208488,-11.550184972326672,-16.503984528860748,-13.068127226981757,-15.669359174277478,-11.546006575747583,20.45517526098561,0.0059580036845782,0.0005606891109686,0.579981354001163,74937.04981332336,1558545.8152899782,0.0843090749476147,0.9676489101965488,0.005958002712502137,0.005958002740797038,9.720760628731395e-10,9.437811617288294e-10
1731,-1.195375722697544,-5.8826127629310125,-6.231177600161363,-10.333867075533377,-12.059517691349312,-14.979761606571651,-14.314618028497176,-15.050764012356666,-10.76533877734489,20.054784023446075,0.0059580021971914,0.0005625765808122,0.5780352739015695,74937.03110565046,1563792.40946974,0.0843090749476147,0.9676622825241992,0.005958001705135787,0.005958001821930778,4.920556132687048e-10,3.752606220555621e-10
1732,-1.1811595334811384,-8.082518677815125,-8.714292569848016,-11.595894777674983,-15.041562020219864,-13.949454962569488,-12.619354677858365,-15.365066264050492,-13.474059673646156,21.29265133364431,0.005958001193012,0.0005546682624401,0.5862766049338366,74937.01847554099,1541809.6809597362,0.0843090749476147,0.966266340584474,0.005958001723568741,0.005958001924201613,-5.305567409019663e-10,-7.311896131970141e-10
1733,-1.3990357457541374,-5.604991856206008,-8.349419966791691,-10.687696989943689,-11.93972961536847,-13.390765302647525,-11.712531210791123,-12.291931988306484,-9.517481479321445,19.559432559055768,0.0059580020948747,0.0005647080279761,0.5758535092358934,74937.02981875787,1569717.1866639743,0.0843090749476147,0.9628312232372824,0.005958003283501624,0.005958003108643173,-1.1886269243172043e-09,-1.01376847368162e-09
1734,-1.2357439445538534,-6.598761822106049,-8.855966502068364,-14.14390731104065,-12.563330396314242,-15.359434232976431,-12.652603060738569,-14.001389907995671,-13.529575426876702,21.380346107079188,0.005958000539026,0.0005555348861005,0.5853619284082405,74937.01025000369,1544218.6321111585,0.0843090749476147,0.963894066207394,0.005958001083847027,0.005958001137196272,-5.448210268349518e-10,-5.981702719953796e-10
1735,-0.992422815357212,-7.87961329553653,-8.11396122616744,-11.612863874365706,-14.3725553390554,-14.139052452515944,-14.87017240319375,-12.616643690714035,-12.81700464965308,20.82178155705552,0.0059580011635852,0.0005592988521022,0.5814226546978597,74937.0181054236,1554681.3169502702,0.0843090749476147,0.963864350406976,0.005958001897860239,0.005958001849974964,-7.342750392089203e-10,-6.863897636030791e-10
1736,-1.0272345775622005,-6.831932766546559,-7.722811939550336,-12.599985477557103,-13.101661868337947,-12.38911430806825,-17.179342395489332,-14.73199673566652,-9.45930471579832,21.01003506604408,0.0059580004217768,0.0005718326700199,0.5686785307585057,74937.00877529624,1589521.5324691446,0.0843090749476147,0.9645279426181266,0.005958000760577505,0.005958000661223154,-3.388007053725661e-10,-2.394463542373937e-10
1737,-1.0172193455836842,-7.412663047428764,-7.680738488026471,-13.690283399780537,-13.495958305889692,-15.419089216434225,-16.812595792514447,-12.216664227775816,-10.768908125963897,21.13941343446185,0.0059580003927247,0.0005725007079256,0.5680149487088,74937.00840989273,1591378.4754025156,0.0843090749476147,0.961898880772938,0.005958000206580872,0.005958000246661056,1.8614382778225913e-10,1.4606364381886117e-10
1738,-1.0164429046471704,-5.970159898693956,-9.02311322766749,-10.499279399340915,-11.227958520690592,-14.81827422079064,-14.4090841083286,-12.460894569902148,-12.501444260751851,20.11915728424396,0.0059580087512682,0.0005588214738879,0.5819204518082962,74937.11353983569,1553354.350181026,0.0843090749476147,0.9648259896711132,0.005958006292125401,0.005958006009956043,2.4591427991160764e-09,2.741312157307496e-09
1739,-1.3105270100856834,-5.787893469757964,-7.576736238860782,-13.67921536982977,-13.40052465464267,-13.781787718908856,-15.856054667672296,-14.25908708723501,-13.17122188558903,21.36778968019116,0.005958000420067,0.000555124306967,0.585794854243329,74937.00875379231,1543077.3465432313,0.0843090749476147,0.965283664309832,0.005958000471634523,0.005958000504579398,-5.156752282131638e-11,-8.45123979478779e-11
1740,-1.1376903688360342,-7.928869541735506,-8.449151079099762,-9.961593785859325,-14.599662959599565,-14.491112470994317,-15.579549090035623,-12.668514887712725,-10.064278329765754,20.37127243979482,0.0059580006380804,0.0005726661591147,0.5678508763957761,74937.01149586534,1591838.3795692134,0.0843090749476147,0.9634240984657936,0.005958002556006932,0.00595800251067325,-1.917926532001013e-09,-1.8725928498802835e-09
1741,-1.436386012675279,-6.544250859068837,-6.667222939342421,-14.21396547665471,-12.200794703237202,-13.99569000063878,-16.83025882518821,-11.14866176101306,-12.540159893574565,20.808445730090767,0.005958000809451,0.0005671943053551,0.573329088983128,74937.0136512863,1576628.2843273298,0.0843090749476147,0.9622742714426028,0.005958000210660838,0.005958000144175163,5.987901615517321e-10,6.652758370237488e-10
1742,-1.250745948877006,-6.532035158491084,-8.594299340630618,-12.899904003418598,-12.85417290723502,-16.831847895210853,-16.674169494904206,-13.26285892172011,-11.226335523857507,21.213744057400653,0.0059580005872668,0.0005672512712622,0.5732714806469554,74937.01085675397,1576786.632285962,0.0843090749476147,0.9633186421538456,0.005958001063575052,0.005958001028880025,-4.76308251520785e-10,-4.416132251550131e-10
1743,-1.222557722994316,-8.221439338114445,-7.702264914844175,-14.467801508627812,-13.795102958065666,-16.001357134571368,-16.1958305622063,-14.272581278958182,-12.52337760073162,21.88872984487339,0.0059580002952377,0.0005611927624261,0.5794603459620516,74937.0071837453,1559945.8137134768,0.0843090749476147,0.9637445675865968,0.00595799986187992,0.00595799988823848,4.3335778021624805e-10,4.0699922078391015e-10
1744,-1.113224257812523,-7.441527663975651,-8.418307629761953,-13.365382252539176,-15.473848004801514,-12.003436737618006,-13.036816854840788,-14.07881470759881,-10.10103796216217,21.160160400575585,0.0059580002878459,0.0005689544294024,0.5715553563810374,74937.00709077546,1581520.8957847217,0.0843090749476147,0.9622954051811552,0.005958000348312926,0.005958000456428906,-6.0467026351263e-11,-1.6858300606187315e-10
1745,-1.0905121390577743,-6.022103483522794,-8.284363171937366,-10.823827375118654,-12.646118091320805,-17.17797303782927,-14.178475630282826,-13.553305150532882,-10.14904963382339,20.35067631568292,0.0059580041310744,0.0005662749861517,0.5742603404011075,74937.0554291487,1574072.8555355652,0.0843090749476147,0.9642736890581748,0.005958002592073906,0.005958002502745866,1.5390004938845014e-09,1.62832853364131e-09
1746,-1.1611447202409833,-6.714344258814104,-6.706747702471667,-11.696210992301044,-14.157467180483897,-15.270692927947117,-13.811383175645286,-14.325777662507106,-11.296939007869316,20.654803065581813,0.0059580010476849,0.0005601703719007,0.5805180534031918,74937.0166476829,1557103.877881655,0.0843090749476147,0.9653413339513558,0.005958000661955809,0.005958000674354901,3.857290910291855e-10,3.733299997268902e-10
1747,-1.4677846788052376,-7.811002969337563,-7.119287566464042,-14.55034358542427,-14.181115655567654,-14.619563450708638,-15.075313231705548,-11.613406787081312,-13.001576586136968,21.26101417649716,0.0059580004233338,0.0005660312572061,0.5745070764452948,74937.00879488062,1573395.3629272468,0.0843090749476147,0.9616771294025488,0.005958000130117524,0.005958000101978223,2.9321627591227806e-10,3.2135557669760173e-10
1748,-1.1972209416339,-5.7669038695194805,-7.888102123660787,-13.57344638317288,-12.029276202734405,-13.97871554173723,-12.979094623857986,-11.566940187397543,-9.817640228254158,20.24888072148879,0.0059580004167759,0.0005718437867915,0.5686674748042219,74937.0087123974,1589552.4337253263,0.0843090749476147,0.9609229401804736,0.005958000408376778,0.005958000386437685,8.39912167593937e-12,3.0338214579428424e-11
1749,-1.3417259555478729,-5.848797401661931,-6.150165453561106,-11.830802663801736,-14.97252421040878,-13.449953833005411,-12.647042930647803,-11.582984080839854,-12.922675573399443,20.10369651979937,0.0059580009140896,0.0005600802667503,0.5806114270357606,74937.01496738267,1556853.4128692616,0.0843090749476147,0.9636733324850736,0.005958000688648236,0.005958000656375197,2.2544136349389454e-10,2.5771440276961544e-10
1750,-1.2512879824088352,-6.972450499746873,-6.322644164564435,-10.984280509700236,-11.67664542640978,-15.980348170769693,-16.308297300804703,-13.380877420765035,-13.787017667901914,20.439154697273093,0.0059580020716337,0.0005598035068493,0.5808986434029867,74937.0295264442,1556084.104214745,0.0843090749476147,0.967275963242953,0.0059580015537843735,0.005958001592349955,5.178493267879447e-10,4.792837455039334e-10
1751,-1.1837645791021894,-7.212257517973674,-7.782381746467686,-11.286760809152453,-11.663511455295064,-15.332216848251504,-13.863469905023194,-14.77888764207834,-10.735727477737264,20.51261775142201,0.0059580048916258,0.0005620443880193,0.5785830007496013,74937.06499501629,1562313.074783028,0.0843090749476147,0.9656839048617956,0.0059580028421866585,0.005958002755576995,2.049439141831033e-09,2.1360488057162175e-09
1752,-1.243842880726791,-7.160000194519355,-8.70183014618344,-13.124062957012884,-14.47671982381522,-13.474296907261198,-12.63879019728622,-14.826255445948972,-10.138066238599883,21.17327384202567,0.0059580009125237,0.0005649776779878,0.5755784971229374,74937.01494768752,1570466.7319809354,0.0843090749476147,0.9632058160408244,0.005958000639749016,0.005958000792352798,2.727746839167877e-10,1.2017090187527169e-10
1753,-1.4603723958041583,-7.914741527083372,-8.19088532354451,-11.902936993409686,-11.28491801042388,-12.022742871634655,-16.771251426108204,-12.370635504693553,-13.089464440452664,20.62607849810409,0.0059580048549249,0.0005624772930495,0.5781376947804234,74937.06453340905,1563516.4195778852,0.0843090749476147,0.9643693539193108,0.005958003741619087,0.005958003843255312,1.1133058129900175e-09,1.0116695883799487e-09
1754,-0.98670344491728,-8.021885685144397,-6.175266810083718,-13.80240819035538,-13.085720062741911,-14.26069023344098,-11.947479864378334,-12.29841478148867,-11.665629415307253,20.520089101486047,0.0059579999656187,0.0005642896052164,0.5762801977472778,74937.00303794899,1568554.0981922622,0.0843090749476147,0.9621600728885332,0.0059580004254005635,0.005958000695230493,-4.5978186362372053e-10,-7.296117928573542e-10
1755,-1.189163871493051,-7.512728967530985,-7.316944016776461,-10.264788402075084,-13.11952722602194,-14.34852793562763,-14.011208905848704,-12.482419429473753,-12.07589791964632,20.059203061663336,0.0059580032052065,0.0005601482984803,0.5805412448617807,74937.0437840044,1557042.5204621465,0.0843090749476147,0.9647361141691744,0.005958002714882544,0.00595800271330972,4.903239559164718e-10,4.918967802525209e-10
1756,-1.2783849569800227,-7.00073076383995,-8.692314888477767,-12.122772062096804,-16.451748478671835,-16.686045509709754,-13.797244995586908,-13.539052298566874,-12.633872456967657,21.36433220347465,0.005958000653318,0.0005632430051074,0.5773511231106866,74937.01168751628,1565644.8670546622,0.0843090749476147,0.963528073820536,0.005958000806095123,0.005958000918459006,-1.5277712255012954e-10,-2.6514100550517616e-10
1757,-1.3824551818864064,-7.843769366382775,-6.946047283645196,-11.06318403108522,-14.776552460065554,-16.25104327480873,-15.130118614510192,-10.643487225877966,-12.328747876176047,20.310212132057828,0.0059580011182751,0.000570662521831,0.5698447106808604,74937.01753553482,1586268.8751097603,0.0843090749476147,0.962497314412426,0.005958001143976393,0.005958001102792895,-2.570129352397199e-11,1.5482204927808052e-11
1758,-1.409573357695741,-8.244245790659127,-7.779773507706122,-11.54843776648562,-11.643855709749523,-15.444233882830332,-13.605262263754966,-13.355156959348424,-11.229333602242614,20.434937315576573,0.0059580041286345,0.0005626842157347,0.5779249835251359,74937.05539846004,1564091.6019361003,0.0843090749476147,0.9640627133714464,0.0059580031339017195,0.005958003019540385,9.947327805209794e-10,1.1090941151592482e-09
1759,-0.9858491728661664,-7.51589938031979,-8.393133350188181,-12.670150487555214,-16.361194346241657,-16.64604762188238,-14.17677118456903,-15.5287717199555,-9.514639087322417,21.60611444373518,0.0059580003581181,0.0005731651951774,0.5673564273459379,74937.00797462619,1593225.5485938033,0.0843090749476147,0.963759569346051,0.00595800020454999,0.0059580001495670555,1.5356810961764111e-10,2.085510444893579e-10
1760,-1.4522210263853232,-6.898816182380313,-6.694054710860144,-12.935458117562783,-16.247723403221823,-15.181547822326326,-16.133870111980304,-14.36674359201195,-12.994299088461968,21.55990481492846,0.0059580001453512,0.0005607861847227,0.5798804408072136,74937.00529854128,1558815.6509086464,0.0843090749476147,0.9652933842234788,0.005958000420840885,0.005958000515062886,-2.754896857512512e-10,-3.697116866124839e-10
1761,-1.200857086703072,-6.045223275832919,-8.079414144439532,-11.246116449471575,-16.666465615674753,-16.07224134908544,-13.10833226410811,-15.547465097408198,-12.98348253897232,21.271045984711588,0.0059580002289685,0.0005591087125468,0.5816202458374522,74937.0063502425,1554152.7866069393,0.0843090749476147,0.9667593845772396,0.005958000264849805,0.005958000257455186,-3.588130487175434e-11,-2.8486686100281933e-11
1762,-1.096653870851571,-5.593215108723576,-8.123122168157513,-12.107459262738317,-11.691262236819943,-17.276326907464753,-17.262431947983544,-15.593844951543566,-10.012106825867264,21.10975534850653,0.0059580023431872,0.0005719728395835,0.5685394435335837,74937.03294191913,1589911.16137855,0.0843090749476147,0.9661015339844548,0.005958001721887618,0.005958001820199791,6.212995812271416e-10,5.229874085882491e-10
1763,-1.2705167234231929,-6.123824232615284,-6.335929911480003,-10.60588747543753,-14.8639658994481,-15.68683712636205,-14.49734187243955,-13.308494761274892,-13.072001805199228,20.40436293046602,0.0059580004998283,0.0005595353673549,0.5811767905825557,74937.00975699257,1555338.757678263,0.0843090749476147,0.9663180330722604,0.005958000535798992,0.005958000537127218,-3.597069170302447e-11,-3.729891829423737e-11
1764,-1.129398233273336,-6.438042735558819,-6.456515717920638,-10.799413539420367,-13.672214182965291,-12.398388777598994,-16.88266259047127,-13.659269409868235,-11.329004553219589,20.3505443515103,0.0059580009639874,0.0005642497101746,0.5763210882589311,74937.01559497407,1568443.202065978,0.0843090749476147,0.9659942465604088,0.005958001013669395,0.005958001132817068,-4.968199462940248e-11,-1.6882966812764577e-10
1765,-1.340921154972624,-6.914227496481656,-6.548577034649041,-14.372392191702808,-13.463341174720258,-13.82699492699392,-12.78166858177082,-11.668335849281751,-10.885158429428936,20.57740053842551,0.0059580004834937,0.000570828324421,0.5696791027482191,74937.0095515438,1586729.7560645912,0.0843090749476147,0.9610006306608808,0.005957999662830359,0.005957999603048119,8.206633411028674e-10,8.804455810251799e-10
1766,-1.0139171458987055,-6.41927459281082,-6.800910723592503,-14.11840598794237,-16.505240932003588,-15.13304288071049,-16.25270587800655,-13.89258149717821,-12.750469833440077,21.75361129890276,0.0059580005434379,0.0005631474145675,0.5774491086615325,74937.01030549486,1565379.15432197,0.0843090749476147,0.9640073718168526,0.005958000540507276,0.00595800043153705,2.930624493080458e-12,1.119008505648389e-10
1767,-1.361800752980322,-7.067340937126938,-8.79003988505057,-10.369509729439583,-14.244037851509866,-14.32425856181444,-16.986101048032555,-10.60308109605726,-11.814732998934351,20.33370224507012,0.0059580033887551,0.0005719732292603,0.5685392058553197,74937.04609259557,1589912.244561878,0.0843090749476147,0.9624341452704528,0.005958002962344131,0.005958002690260905,4.2641096903439646e-10,6.98494194775745e-10
1768,-1.0769753700999083,-8.238291973870602,-8.319808982948874,-13.055353019876106,-11.406172648441231,-15.644655908573387,-12.758747811641127,-11.792729363600625,-10.422757599083347,20.432049051752223,0.0059580004828504,0.0005716802278703,0.568830181232937,74937.00954345278,1589097.7894898653,0.0843090749476147,0.9610631352725256,0.005958002406284856,0.0059580025120736825,-1.923434455979034e-09,-2.0292232824625778e-09
1769,-1.157987843142787,-6.676762056007843,-8.800307028063973,-13.350496123036509,-14.505450973617943,-13.387106833936013,-14.93036646278822,-13.909893008665298,-12.031304253751095,21.40726737049102,0.0059580007598911,0.0005594907539666,0.5812231712546952,74937.01302794427,1555214.7459787533,0.0843090749476147,0.9635053874882912,0.005958000599022331,0.005958000627126413,1.6086876969412245e-10,1.3276468726480806e-10
1770,-0.9905783070921316,-6.031959596403386,-8.684584880867282,-12.472563615346434,-11.51405741962598,-16.752817332776992,-14.01337793922444,-10.56892464563871,-13.32428273321821,20.363278355062164,0.0059580014103755,0.000563595739681,0.5769898895041409,74937.02120944012,1566625.3622753485,0.0843090749476147,0.9622998528387516,0.005958003152530664,0.005958003370827632,-1.7421551640542376e-09,-1.9604521322297286e-09
1771,-1.2884583779998204,-7.034816775899399,-8.93087416046962,-11.974450237869458,-14.186220601621514,-14.250596186810828,-12.96716532892599,-13.713683414322858,-9.910086039549164,20.748924848229382,0.0059580022705131,0.0005666339064264,0.5738963205258605,74937.032027858,1575070.5451307788,0.0843090749476147,0.9627687208218316,0.0059580016178375165,0.005958001908448238,6.526755837177323e-10,3.6206486246637137e-10
1772,-1.0369275558951123,-5.594686020309592,-6.594061912824397,-14.390839882829162,-14.460523779059177,-13.904465147126526,-14.79930981674394,-13.889070689076688,-10.622048385514312,21.147775618727227,0.005958000132202,0.000565546147978,0.5749998299549718,74937.00513315771,1572046.906282512,0.0843090749476147,0.9632763201146222,0.005958000511092502,0.005958000537225387,-3.788905023061062e-10,-4.050233872246456e-10
1773,-1.1744646972508392,-6.688083513040013,-8.67693168021775,-12.698709226474818,-16.447995939389006,-13.80329153197676,-12.86080076464864,-15.22194486928294,-11.347554289304888,21.447323097731093,0.0059580002786704,0.0005622176721624,0.5784040008200255,74937.00697536998,1562794.7521881708,0.0843090749476147,0.9641793555977354,0.005958000358505583,0.005958000415321929,-7.983518273552148e-11,-1.366515295017634e-10
1774,-1.2928901706041085,-8.188748387928356,-8.388216865803983,-12.72976978399122,-15.29655127839212,-14.659879776890792,-12.21213543043931,-11.89411956722924,-12.80364171931717,20.91616652414449,0.0059580011204135,0.0005658003739806,0.5747416134358612,74937.01756243009,1572753.5775282534,0.0843090749476147,0.9617077393749108,0.005958001504031911,0.0059580015318768,-3.836184113426011e-10,-4.114633000637524e-10
1775,-1.0987735033828545,-7.769089952364623,-7.387548178711292,-12.754131546903212,-13.37486575378822,-15.44905993242133,-13.72765532040363,-15.764642415635045,-12.214233713368731,21.310571854215645,0.0059580002765671,0.0005566636523878,0.5841749310258414,74937.00694891493,1547356.2603245669,0.0843090749476147,0.966244859279342,0.005958000801775059,0.0059580008589089775,-5.252079595882697e-10,-5.8234187784445e-10
1776,-1.2050621305269864,-7.669047235291658,-8.41361409383862,-10.008627558400866,-13.142575733028494,-13.28831667313397,-16.551822808973796,-15.239949932736288,-9.754495408596483,20.62373480238128,0.0059580003157428,0.0005722169045086,0.5682966570602693,74937.00744165001,1590589.587907888,0.0843090749476147,0.9662393462539116,0.005958002502664604,0.005958002691209984,-2.186921804238351e-09,-2.375467184068114e-09
1777,-1.259092494497275,-7.710428643490594,-6.854932934490746,-9.990109965476536,-11.422615766369676,-15.62177978794031,-15.388339994538097,-11.557834724298672,-11.067848211278813,19.69326419636953,0.0059580018793059,0.0005683964133239,0.5721167029422102,74937.02710743192,1579969.780189477,0.0843090749476147,0.9640408546941364,0.005958003218802092,0.005958003174615213,-1.3394961919169224e-09,-1.295309312934756e-09
1778,-1.4006251215731396,-7.660701695046771,-8.74819637609745,-12.164642537341244,-13.542267493875354,-12.397373934818578,-13.805648812247444,-14.028064410662877,-11.7331410123565,20.931764318086007,0.0059580015630569,0.0005592040407414,0.5815212916423984,74937.023129797,1554417.770099338,0.0843090749476147,0.9640579761038196,0.005958002091107726,0.005958002047038102,-5.28050826155424e-10,-4.839812023371692e-10
1779,-1.360681872062492,-7.246128561204973,-6.658426254897002,-10.242989792887345,-12.015690217055653,-14.858197932232414,-16.10077899334262,-14.139085574392285,-11.602010837174603,20.261319720013137,0.005958001531556,0.0005647606964446,0.5757997246122079,74937.02273359324,1569863.5890457209,0.0843090749476147,0.9668961154431284,0.005958002006958123,0.005958002054039357,-4.754021230499172e-10,-5.224833569267284e-10
1780,-1.233552237062307,-5.873923424395884,-7.222568820741166,-12.287080070565413,-13.22685772582266,-13.256438894266935,-12.549560809052908,-15.4089071792294,-9.204590162206772,20.524381325254065,0.0059580003023901,0.000564097596684,0.5764764018921267,74937.00727370553,1568020.3726592946,0.0843090749476147,0.9650460380720212,0.005958000691535758,0.005958000810290718,-3.891456584054209e-10,-5.079006182642787e-10
1781,-1.179122529799321,-6.570952974973142,-6.668805118615333,-11.588362113431923,-11.98550923588259,-13.016543934447451,-16.428165536755568,-15.634078114798983,-11.471539396256407,20.72403611978311,0.0059580018440791,0.0005635174597961,0.5770701038946772,74937.02666436553,1566407.767917544,0.0843090749476147,0.9677394733491697,0.005958001440753204,0.005958001579102068,4.033258961186337e-10,2.6497703250333293e-10
1782,-1.223234275700383,-6.080513184938592,-8.633363729055613,-9.900031976821158,-12.371199990739274,-12.42486326439804,-16.104645942998747,-13.45933576773537,-13.207299302976692,20.316566166387023,0.0059580050032872,0.0005586890741612,0.5820578077433796,74937.0663994428,1552986.319063613,0.0843090749476147,0.9668680334133112,0.005958004538088431,0.0059580045480963715,4.6519876926304216e-10,4.551908286062889e-10
1783,-1.3427956220089567,-6.305168110564479,-7.416213224138239,-9.950372925058044,-12.627382929222591,-12.78903267193231,-14.888507212206507,-10.64879377710767,-12.269268639855714,19.573850657194285,0.0059580037941559,0.0005618072910435,0.5788270175712085,74937.0511915413,1561654.01704083,0.0843090749476147,0.9637957443282512,0.005958003288130201,0.0059580030450469825,5.060256987737821e-10,7.491089172584342e-10
1784,-1.2615695739363777,-6.854159554002035,-7.537207207843083,-10.815433736732253,-14.072279449406874,-13.577165552835694,-12.31050656498543,-14.946158369273965,-12.532609269700584,20.54132841956422,0.0059580015844211,0.0005552831636987,0.585627440325478,74937.02339850561,1543518.9201168993,0.0843090749476147,0.9668331703387696,0.00595800162594006,0.005958001685285762,-4.1518960144926176e-11,-1.008646621086795e-10
1785,-1.163062348349147,-7.6819715114798015,-8.504406766120375,-14.408556359924244,-13.38102649320412,-11.944923571809817,-12.983768175451978,-13.174576579687669,-9.653899108148812,21.004942855214846,0.005958000427104,0.0005743415043703,0.566194434127269,74937.00884229991,1596495.3316773928,0.0843090749476147,0.9609489201314338,0.0059580000770716015,0.005958000089575648,3.500323988991916e-10,3.3752835248979096e-10
1786,-1.24966726413748,-7.315941708105859,-6.595858239953486,-13.96113522737039,-14.804359891893707,-15.149496938300704,-14.138019481568382,-14.975279776792233,-12.832436577595422,21.56338630007937,0.0059580005961308,0.0005564673302452,0.5843810754492602,74937.01096824137,1546810.5442620688,0.0843090749476147,0.9651483581379132,0.005958000203590165,0.005958000186266671,3.925406345459126e-10,4.098641287475502e-10
1787,-1.3733365197829688,-5.887538567833219,-6.458272355408559,-14.082329735851436,-12.381792272101974,-13.597631826355345,-13.740799422118494,-12.264649519217466,-12.55730080378517,20.60508455281958,0.0059580003540068,0.0005592724614386,0.581449972061588,74937.00792291612,1554607.9589029176,0.0843090749476147,0.9631466524620008,0.005958000218659075,0.00595800024512447,1.3534772521500704e-10,1.088823302353159e-10
1788,-1.4407879017252674,-6.9194764484937314,-8.203887811461888,-11.056492151857382,-16.072836202448528,-15.34199022732092,-12.460912803655084,-12.62778026426856,-13.78384209874378,20.729936591651043,0.0059580023156287,0.0005604735316639,0.58020423678447,74937.03259530167,1557946.5701526315,0.0843090749476147,0.9642172512131651,0.005958001468816064,0.005958001432886492,8.468126356381278e-10,8.827422074558777e-10
1789,-1.1026148630873318,-6.19358721402735,-8.110523275839112,-14.15138583660348,-13.53683685510113,-17.166833901872398,-14.024222254165348,-14.765446664207628,-10.179096245351026,21.440747130781688,0.0059580000609891,0.0005672037003825,0.5733194844630084,74937.00423747432,1576654.3996565526,0.0843090749476147,0.9632706927319524,0.005958000183381339,0.00595800022188636,-1.2239223957238865e-10,-1.6089725992513015e-10
1790,-1.444382560911829,-5.6419466154745415,-7.162138922642271,-14.013819733530402,-12.192633406774544,-14.95329912834868,-14.58786220281322,-13.719735400211594,-10.421073539489369,20.88237551064681,0.0059580001123245,0.0005649578817455,0.5755985495537121,74937.00488314747,1570411.7044264986,0.0843090749476147,0.9633290121356156,0.0059580004449160465,0.005958000483441241,-3.3259154631759547e-10,-3.7111674063700084e-10
1791,-1.293920988958842,-7.57991765595629,-8.70606786774901,-10.435568098657464,-15.682565134899823,-12.893480963849177,-13.201327229898428,-13.58279146959352,-9.687438001822157,20.470489764113537,0.0059580021012568,0.0005701868779435,0.5703202102775189,74937.02989902915,1584946.7292433805,0.0843090749476147,0.963244996298405,0.005958001880295328,0.0059580018227444916,2.2096147220956874e-10,2.785123087017949e-10
1792,-1.0688213377439646,-6.819860456448346,-6.4777953870330505,-9.914652248586954,-11.534480254701773,-12.134002765149727,-16.241516407572362,-12.589852785452225,-13.301591169804611,19.812262316409697,0.0059580038601617,0.0005601858547926,0.5805024195921004,74937.0520217323,1557146.9156291522,0.0843090749476147,0.967085305063193,0.005958003475887959,0.005958003619757618,3.842737404322061e-10,2.404040811906927e-10
1793,-1.334892137931863,-6.171872029398323,-6.7416928923088975,-9.946354004055038,-13.255094200182096,-12.895755914731351,-12.131753218636,-12.689715887309733,-10.057603105832603,19.46566026482797,0.0059580020719303,0.0005620808076588,0.5785451011568009,74937.02953017438,1562414.3103439785,0.0843090749476147,0.9643174394601308,0.005958001754555655,0.0059580018892740234,3.173746447940329e-10,1.8265627638874848e-10
1794,-1.363138982610689,-8.293146622476048,-6.809786774979216,-12.259970705757334,-14.57668377238895,-15.453406033225136,-12.567946142649532,-14.18661864651792,-11.024401136208809,20.82785115372854,0.0059580009766746,0.0005636106447672,0.5769745675946663,74937.01575454761,1566666.793898083,0.0843090749476147,0.9639991666757164,0.005958000959030722,0.005958000928391243,1.764387854569227e-11,4.828335734702316e-11
1795,-1.3960724498234274,-7.827587799587492,-7.490931577787524,-10.608924381553674,-15.471252268021551,-14.464787493347256,-16.144077465639786,-11.942003555484208,-11.514847155436936,20.52826833949243,0.0059580014277183,0.000570442740123,0.5700643063899566,74937.02142756936,1585657.948564968,0.0843090749476147,0.9633475838975918,0.0059580012936279615,0.005958001295315942,1.3409033865902087e-10,1.32402358174466e-10
1796,-1.1785439856768138,-7.724508069568551,-7.344848834237014,-11.356833063361766,-12.110959921597065,-13.895643041545927,-16.371140610342422,-11.005166917212222,-12.889524050756371,20.236238634980484,0.0059580023458005,0.0005636219076195,0.5769632367921428,74937.03297478895,1566698.101214345,0.0843090749476147,0.9635598535655544,0.005958002644636355,0.005958002688257268,-2.988358553668302e-10,-3.4245676780453316e-10
1797,-1.414275062847263,-5.965028733913572,-6.418146922846153,-11.818467555010765,-15.033617773227494,-16.487257912933792,-13.885385283941034,-13.651644495470164,-13.780236797195608,20.82152639036391,0.0059580005155291,0.0005567679012956,0.5840655855796185,74937.00995447092,1547646.0406962477,0.0843090749476147,0.9661071792552072,0.005958000426822259,0.005958000373842091,8.870684135159346e-11,1.4168700934735767e-10
1798,-1.1761427316570443,-7.722641780655964,-8.44524608805102,-11.161155766471976,-11.88993537274836,-16.040324177430477,-12.229510200176565,-13.5086761303777,-13.34860082426156,20.499787983032224,0.0059580080968205,0.0005564356422241,0.5844154585162317,74937.1053084922,1546722.461166376,0.0843090749476147,0.9653283961560504,0.0059580044582733215,0.005958004307230194,3.638547178830276e-09,3.7895903064882885e-09
1799,-1.2778393568309396,-7.991867679328723,-7.507274920006807,-11.78471119180232,-15.107044991966015,-14.5534565072059,-13.88875772615696,-11.083182955889288,-11.57193371412583,20.44572710610251,0.0059580011404638,0.0005704634117024,0.5700436080472011,74937.01781461366,1585715.409291469,0.0843090749476147,0.9616373653702716,0.005958001352224268,0.005958001419430254,-2.117604676679652e-10,-2.7896645323627345e-10
1800,-1.0528933086706154,-7.462066731750633,-8.930423867260084,-13.4379873638991,-13.757596676210582,-13.249384684048753,-14.446605715956167,-12.009849431432931,-10.674983044148233,20.932207039260582,0.0059580009147234,0.0005708714770005,0.5696361021449684,74937.0149753539,1586849.7071586635,0.0843090749476147,0.9610005570009106,0.005958001117048533,0.005958001119628035,-2.0232513320977974e-10,-2.0490463492617295e-10
1801,-1.0052167997732495,-8.063673194157271,-6.773955235453654,-11.008120493635287,-11.764155415975203,-17.081438242282047,-15.670441972624834,-15.072611161173404,-13.615161120685451,20.852848426148007,0.0059580029977914,0.0005610596595301,0.579598208500936,74937.04117523266,1559575.8279986673,0.0843090749476147,0.9683641753689054,0.00595800175633733,0.005958001443046203,1.2414540706204291e-09,1.5547451971686943e-09
1802,-1.1788320124542486,-7.6638452715643055,-7.439773856596389,-13.079164710844491,-14.795920211431325,-14.07634306805597,-15.602532435251556,-12.114076674787505,-13.584806146093175,21.153892123795988,0.0059580006912939,0.0005599980485871,0.5806966390553829,74937.01216515942,1556624.8712912349,0.0843090749476147,0.9632407311435592,0.005958000471300311,0.005958000414686814,2.1999358931767965e-10,2.766070861942582e-10
1803,-1.2650892671421394,-8.214244440697408,-7.271098164887631,-11.835051357062426,-15.4469546847114,-12.322450270146994,-17.44186005399011,-10.56379126555042,-9.99806413028393,20.489231441764456,0.0059580009808019,0.0005838702793782,0.5569542069182604,74937.01580645972,1622982.4385655716,0.0843090749476147,0.9610270490419864,0.005958001154622304,0.005958001281216015,-1.7382040338326243e-10,-3.0041411459152956e-10
1804,-1.4427640381127234,-7.150163746670121,-7.672340004331517,-12.664030777641177,-12.169211254271769,-12.20499980455875,-13.511069059365388,-14.258597553106547,-9.44632321255407,20.530313689264705,0.0059580003552718,0.0005664848044526,0.5740470964549165,74937.00793882676,1574656.086828057,0.0843090749476147,0.9636316789812156,0.0059580012321444505,0.005958001271412187,-8.768726508789904e-10,-9.161403875107554e-10
1805,-1.373624587803712,-6.414483659125642,-7.789376262910515,-13.24896265370639,-12.943427257054372,-15.63455505255336,-15.503990315842834,-15.304118635298964,-12.020409133618202,21.433302564913973,0.0059580003848109,0.000558335514396,0.5824257121670124,74937.00831035632,1552003.530060258,0.0843090749476147,0.965711470586107,0.005958000570233687,0.005958000563361366,-1.8542278736738416e-10,-1.7855046607895275e-10
1806,-1.452712882708585,-7.064143600479485,-8.159220948870919,-12.338610748238874,-15.071411211088662,-16.008210522322372,-12.424204922199864,-12.01849526964078,-13.457462621773464,20.835641256199505,0.0059580013003307,0.0005620935220194,0.5785319022816965,74937.01982534642,1562449.6524136,0.0843090749476147,0.9627765092632178,0.0059580011730086145,0.005958001161297961,1.273220851666368e-10,1.3903273844706465e-10
1807,-1.312699634020145,-6.373564596840037,-7.8356274922550195,-14.07674569126524,-13.373542654424808,-12.287721244888406,-12.740237460783604,-13.028104840602008,-9.954306069899054,20.728378915469285,0.0059580003562896,0.0005694795339621,0.5710283475908625,74937.00795162813,1582980.5273309972,0.0843090749476147,0.9616025582629452,0.005957999843839049,0.005957999928958297,5.124505507436705e-10,4.2733130315580903e-10
1808,-1.1955706931521526,-8.331868759417983,-8.423319664648794,-11.815651961993783,-13.32991538630051,-15.229772447405356,-15.043183019303992,-15.64458282130972,-13.323882826962992,21.44799678633492,0.0059580014854487,0.0005562568049542,0.5846023757615932,74937.02215367634,1546225.3477516265,0.0843090749476147,0.967004143368846,0.005958001716497064,0.005958001783080619,-2.3104836360116066e-10,-2.976319182432241e-10
1809,-1.322514660996113,-8.088905201260182,-6.876989938004563,-14.80549017713051,-12.181186841627378,-13.724426303620502,-14.407033521179017,-10.855813216910557,-10.464963729179736,20.64420224386853,0.0059580002541584,0.0005791488705773,0.5614945749260264,74937.00666706957,1609858.3528914065,0.0843090749476147,0.960029659071642,0.005957999546275238,0.005957999475328936,7.078831618101411e-10,7.788294635949211e-10
1810,-1.1952667218101447,-6.916064995952077,-7.829337833907506,-13.79427464266863,-13.83872877745532,-14.118988303797572,-17.15923812895044,-12.928194068276298,-10.91005145646232,21.30011056726884,0.0059580004356313,0.0005696042871194,0.5709032939437019,74937.00894955239,1583327.303302691,0.0843090749476147,0.962556177647892,0.005958000189066386,0.005958000206288157,2.4656491345170783e-10,2.2934314256733979e-10
1811,-1.347425700735364,-6.366795361373463,-7.915444747595949,-11.25739289883647,-15.374228770246573,-16.173670568960357,-15.560240189266782,-12.553099319820165,-13.494615030265637,20.90712334633489,0.0059580011339078,0.000561019155506,0.5796397818818518,74937.01773215481,1559463.239085982,0.0843090749476147,0.9646116356362352,0.005958000875459725,0.005958000794836359,2.5844807457348073e-10,3.390714410633766e-10
1812,-1.2480579028648238,-7.880547145441267,-6.909477964564222,-11.575497238003758,-16.559085256029984,-16.810769024218775,-13.334166643241998,-15.524572470139628,-12.839677757929294,21.342745863970748,0.0059580005317522,0.0005618563667187,0.5787759842066027,74937.0101585169,1561790.4325458594,0.0843090749476147,0.9665326460861936,0.00595800010135923,0.0059580000269947656,4.3039297039498825e-10,5.047574346342398e-10
1813,-1.349054135743858,-6.81520530825758,-7.285448432635752,-11.954207565378422,-14.101422671027931,-15.530756852304464,-14.629811913218449,-14.791912974517722,-9.259116951094429,20.82369664834444,0.005958000746495,0.0005694860938765,0.5710218260077805,74937.01285945385,1582998.7619052927,0.0843090749476147,0.9644743201185432,0.005958000393590466,0.00595800034634187,3.529045337208325e-10,4.00153130249159e-10
1814,-1.365937815234131,-5.757795954972705,-7.715433967078829,-14.278586399215056,-12.361028564937651,-14.326310037937894,-14.275598500584284,-13.224132678508544,-13.318142812100964,21.12675472401543,0.0059580007553102,0.0005561166708003,0.5847495804524757,74937.012970328,1545835.817270514,0.0843090749476147,0.9638980575928882,0.005958000522808428,0.005958000500733407,2.3250177217520873e-10,2.5457679367346664e-10
1815,-1.430387530578907,-5.606160143594616,-8.77331221747962,-10.670636128365766,-15.14792527836674,-17.113444316214927,-12.646492787085538,-12.769096886121575,-11.612115134207896,20.47812653797343,0.0059580044100597,0.0005649173725534,0.575640447520496,74937.05893809824,1570299.1011482473,0.0843090749476147,0.9634936171436478,0.005958002021363116,0.00595800163674952,2.3886965842823127e-09,2.773310179594868e-09
1816,-1.2017912371567612,-7.405083720087407,-8.906336180139679,-10.45921710815739,-13.45795622423922,-13.76661605963004,-14.826913496267611,-13.08732453607815,-11.235521272542872,20.464226044839585,0.0059580051048474,0.0005630029599785,0.5775979331328169,74937.06767682024,1564977.6143404336,0.0843090749476147,0.9641135635005575,0.005958003590114415,0.005958003525803956,1.5147329848752555e-09,1.579043443743211e-09
1817,-1.0953449153126884,-7.297645893152691,-8.787392114628961,-10.521767194813473,-12.127796787198973,-12.693950175421412,-17.084902690117676,-13.943141264189116,-11.910035433414096,20.64043346450057,0.0059580027369553,0.0005645020636984,0.5760637083247336,74937.03789455451,1569144.668388161,0.0843090749476147,0.965877009820663,0.005958004254757898,0.00595800413641022,-1.5178025980153165e-09,-1.3994549200035955e-09
1818,-1.286553622653343,-6.464969835391557,-7.43052895407551,-14.740372209730369,-12.817387281962557,-17.30682789676098,-13.235498841875897,-12.213168415182864,-12.995720033404384,21.13555042229317,0.005958000425389,0.0005638386322523,0.5767411885620011,74937.00882072934,1567300.5300165787,0.0843090749476147,0.962128524567872,0.0059579996772082715,0.0059579998425707305,7.481807283091224e-10,5.828182693401462e-10
1819,-1.2452238559794817,-6.354495858434273,-6.66026991946427,-12.569922127715357,-11.769316041068793,-13.760736737211854,-14.77072486664111,-12.189612492377153,-11.144348999399174,20.21341858235668,0.0059580010159983,0.0005623323043305,0.5782861997638395,74937.01624914343,1563113.394876963,0.0843090749476147,0.963362139308639,0.005958001125188729,0.005958001188622627,-1.0919042926771372e-10,-1.726243271590877e-10
1820,-1.0168760414204443,-8.34154444392963,-7.024612908547027,-14.206566021216856,-16.707973447115204,-17.24510726262765,-16.6862300006875,-14.240293560195052,-10.610704166932807,22.00232969395856,0.0059580000290028,0.000576799744434,0.5637813359109218,74937.00383516507,1603328.4941007255,0.0843090749476147,0.9627619598089532,0.005958000485959548,0.005958000421420408,-4.5695674848189594e-10,-3.924176079569963e-10
1821,-1.0110597106504375,-8.14141906147914,-8.851711415861976,-13.301161870953408,-16.631701678068982,-12.601415727680951,-14.399795815629185,-12.45122341651863,-13.329997939656252,21.508167562035013,0.0059580003949296,0.0005642797154786,0.576290360097069,74937.0084376245,1568526.607718311,0.0843090749476147,0.9620892041359036,0.00595800085097444,0.005958000939435771,-4.560448399124062e-10,-5.445061710546151e-10
1822,-1.233072615786423,-7.676541001639505,-7.303943899055982,-13.71216027529299,-11.801553052963854,-15.47037814000662,-15.881341805169418,-11.265980117753877,-12.810040213473824,20.832968205724868,0.0059580009281582,0.0005657025856316,0.5748409364634011,74937.01514433071,1572481.7555520737,0.0843090749476147,0.9622639977919782,0.005958000625070679,0.0059580006244758866,3.030875212264861e-10,3.036823136709499e-10
1823,-1.1241082987163629,-5.897411759608712,-8.813866716095475,-14.758935586024124,-13.0333893882427,-14.211742621601427,-15.231698270248204,-11.862310451443651,-13.71559935824635,21.35813097232525,0.0059580006411974,0.0005617610058349,0.5788742493925666,74937.01153506954,1561525.3581873488,0.0843090749476147,0.9621442235454644,0.005958000297350709,0.005958000212115025,3.438466907035309e-10,4.2908237466582344e-10
1824,-1.1597395660483754,-6.596078333620411,-7.25781472705759,-13.479169969202584,-16.387194498538435,-16.555837168165077,-16.27696398024866,-12.322277653228277,-12.101805170927651,21.417539196123435,0.0059580003825025,0.0005711047096651,0.5694033929468476,74937.00828132276,1587498.023286484,0.0843090749476147,0.9623980795863816,0.005958000513408896,0.005958000435580731,-1.3090639596619047e-10,-5.3078231046499447e-11
1825,-1.0234779152470992,-6.106669007610339,-6.173813153467812,-11.327760505502477,-12.275526872862802,-14.56768185110108,-13.30748275290637,-12.81319095078049,-12.895436286705037,20.00524530236444,0.0059579999408202,0.0005545194321027,0.5864337738669511,74937.0027260442,1541395.9777239903,0.0843090749476147,0.9657967753546935,0.005958001692120193,0.005958001707991349,-1.7512999930455186e-09,-1.7671711489974928e-09
1826,-1.4408531866308452,-7.24925460207701,-6.775193044215756,-10.50522128198736,-14.815491516955118,-14.174744531969758,-13.904150831949408,-11.129796500378344,-12.831480199382575,20.02732498262225,0.0059580011446504,0.0005636171057804,0.5769679778584003,74937.01786727093,1566684.753556916,0.0843090749476147,0.963664487770648,0.005958001447118765,0.0059580013623591575,-3.024683645908022e-10,-2.1770875727189498e-10
1827,-1.4120814672506743,-7.737688156475016,-8.738921823484391,-13.629259834058791,-13.88001455513632,-11.589994945531815,-13.096614951887092,-14.609505560602202,-10.24932021239784,21.209847098748057,0.0059580009743366,0.0005665778063347,0.5739529579681474,74937.01572514175,1574914.603876598,0.0843090749476147,0.9627959138916898,0.005958000618883308,0.005958000540561242,3.5545329180042273e-10,4.3377535764721475e-10
1828,-1.252589617838736,-6.299756697301923,-7.071599389631048,-14.319704132130118,-15.850071648985947,-14.652663946382477,-16.245856880681156,-13.165063960448276,-11.58907656200521,21.53586385574472,0.0059580005240624,0.0005683435433236,0.5721697287157462,74937.01006179902,1579822.817610592,0.0843090749476147,0.9626816021643556,0.005958000586133357,0.005958000596008212,-6.207095688132158e-11,-7.194581215508311e-11
1829,-1.135832459581846,-8.247567825859226,-8.486715032235418,-12.359178387326873,-13.39297572607363,-17.339692249680105,-14.728382835237994,-14.842972035690863,-10.175785427816912,21.28621005405407,0.0059580010062277,0.0005683594345821,0.5721538003761855,74937.01612625373,1579866.990493634,0.0843090749476147,0.963977666931202,0.005958001268412245,0.005958001369914212,-2.6218454490800625e-10,-3.636865123293753e-10
1830,-1.1138625609861876,-7.8205435337228995,-6.1201819656126855,-11.864186180155722,-15.316603716522437,-11.923256237399327,-14.063830253193643,-11.308069168627725,-12.00663444882417,20.23301056732236,0.0059580013305454,0.0005660912669917,0.5744463057272191,74937.02020537284,1573562.17194571,0.0843090749476147,0.9626637667514072,0.005958001053171341,0.005958001089557892,2.7737405948469185e-10,2.409875085943036e-10
1831,-1.2633030390718742,-7.417170465228434,-8.9189528787259,-11.806470937521087,-13.882880987539092,-16.23828328903779,-13.124412295480196,-13.259344071909773,-10.227505154174926,20.7500674400974,0.0059580024517634,0.0005681953149925,0.5723192716338839,74937.03430754185,1579410.7877699742,0.0843090749476147,0.962532072751104,0.00595800200575978,0.005958001950923312,4.4600361945312805e-10,5.008400872849594e-10
1832,-1.058381714803688,-8.284278433651897,-8.314993036961065,-9.913508528374011,-12.493636196110652,-14.58863394497627,-16.76392939330143,-10.99987632623769,-10.163662926301797,19.95849435875497,0.0059580038514996,0.0005770458272351,0.5635414521189138,74937.05191278462,1604012.5297137662,0.0843090749476147,0.9624836690662416,0.005958004463359897,0.005958004396462388,-6.118602968036013e-10,-5.449627884374086e-10
1833,-1.4148696878889122,-5.890173425218647,-6.762058122571907,-10.011023390334916,-12.048478951712756,-15.654165411753228,-12.049231360243398,-11.648354777589276,-9.698458723452656,19.24044113878753,0.0059580017875006,0.0005663874002229,0.5741460249837783,74937.02595274676,1574385.3325873064,0.0843090749476147,0.9632446496149664,0.005958001926960589,0.005958001995614954,-1.394599886961334e-10,-2.0811435387513288e-10
1834,-1.2572552231838765,-7.846806298666786,-8.54759188710781,-13.596958355495012,-13.823383823066738,-13.811688238562702,-13.348658357642709,-10.941337103060604,-11.0234260240462,20.72279332370393,0.0059580009209465,0.0005746579780848,0.5658826917840749,74937.01505362567,1597375.032698274,0.0843090749476147,0.9600268094275538,0.0059580008180604655,0.005958000916663983,1.0288603476127367e-10,4.282517049314372e-12
1835,-1.2642635109396525,-5.843945192264677,-7.708175978895635,-11.893334816872436,-11.732681152808608,-12.280090424963111,-14.63633725790864,-11.776420916583447,-10.656177707375578,19.97211839214546,0.005958001547261,0.0005639919041867,0.57658461470179,74937.022931123,1567726.579546041,0.0843090749476147,0.9628664584038452,0.005958002252126431,0.0059580022031014545,-7.048654316471614e-10,-6.558404548606678e-10
1836,-0.9930065197541162,-7.352771163902254,-6.075427806033818,-10.343086091580576,-14.923226843364478,-12.530611732794268,-12.685072498837425,-11.77390930669106,-12.645541393981992,19.792918951716143,0.0059580011251971,0.0005606783776719,0.5799920831014779,74937.01762259587,1558515.979977747,0.0843090749476147,0.9644710288447784,0.005958001518448177,0.005958001541386613,-3.932510766677111e-10,-4.161895125406878e-10
1837,-1.3882966026146613,-6.024186982936122,-6.760143540120727,-11.02136149257023,-12.097340851799588,-17.230287606216773,-13.561072597258333,-11.988650452971864,-11.494960020923688,19.89976378842061,0.0059580006945721,0.0005626578970589,0.577951516650294,74937.01220639194,1564018.4439931742,0.0843090749476147,0.9639763602246098,0.005958001508407403,0.005958001466210645,-8.13835302967969e-10,-7.716385447276153e-10
1838,-1.2875391423693745,-5.956969616975318,-8.227581331107848,-10.59484174133278,-15.266757817721182,-15.766105477439856,-11.763459908639176,-14.308759523764891,-10.010749253583803,20.41228366832329,0.005958002383666,0.0005666407889335,0.5738893662406607,74937.03345104356,1575089.676414905,0.0843090749476147,0.9643088718299946,0.005958001283506277,0.005958001205932383,1.1001597228707527e-09,1.1777336163601437e-09
1839,-1.248288223381913,-7.901043707381043,-6.166977943696711,-14.492717107032275,-14.905503125305897,-15.740334811738537,-13.005999426169613,-14.22822254857856,-13.243927691543057,21.507456980316924,0.0059580003650242,0.0005585625598424,0.5821889638862145,74937.00806148803,1552634.6475966077,0.0843090749476147,0.9641352658579874,0.005958000413321996,0.0059580002325290435,-4.829779631787545e-11,1.3249515633945164e-10
1840,-1.0141650618792253,-6.927845285518411,-6.3595736525270254,-12.673181149059182,-14.514568143947322,-14.61245130112303,-16.421546413457577,-13.57556004022466,-12.150933039976293,21.040687470419808,0.0059580007212236,0.0005613707738695,0.5792766604163206,74937.01254160225,1560440.6315808585,0.0843090749476147,0.9648201458008764,0.005958000317902188,0.005958000387902354,4.033214118584483e-10,3.333212456047008e-10
1841,-1.342115678573678,-8.339406734178578,-8.269880207649148,-11.84243682594881,-15.51515645789226,-13.255500976630362,-11.950230961986216,-11.390317740346854,-13.753773961646257,20.61557911148624,0.0059580024871367,0.0005639765138284,0.5766004855607925,74937.034752451,1567683.7990140328,0.0843090749476147,0.9623496681496287,0.005958002287552315,0.005958002326289844,1.9958438547684754e-10,1.608468566671739e-10
1842,-1.4007373439420705,-6.169339223121867,-6.504733449852507,-10.306578908897306,-13.52500667512691,-13.964212034956656,-13.40579174320619,-11.01685659894175,-10.94129140814931,19.500537953744715,0.0059580005761059,0.000564981382748,0.5755746741245338,74937.01071637796,1570477.0300914887,0.0843090749476147,0.9631553895342442,0.005958001358766779,0.00595800140525694,-7.826608796820955e-10,-8.291510403615754e-10
1843,-1.3270365640359227,-6.365059734910899,-7.656981801616936,-10.181008584059748,-13.42983328441196,-15.706600939024614,-13.617665198063897,-12.352640171945318,-11.593667424662623,20.010869101768787,0.0059580018833905,0.0005619880648098,0.5786405488869314,74937.027158806,1562156.5133288158,0.0843090749476147,0.9642950323494628,0.005958002292319944,0.005958002373409161,-4.089294441261826e-10,-4.900186610645729e-10
1844,-0.9999897771433842,-7.793571183309294,-6.352806121216601,-12.63870551274102,-14.25144171560063,-11.864295185269828,-12.798978116484538,-15.37671311719674,-13.701957878205253,21.01900580217747,0.0059580008751287,0.0005536306603936,0.5873753442620208,74937.01447734945,1538925.4617091245,0.0843090749476147,0.9672107683646296,0.00595800073079965,0.00595800072091568,1.4432905044714506e-10,1.5421301995804937e-10
1845,-1.1028990491257389,-5.676616027194516,-6.483697453580808,-12.796341385816593,-14.122143724257407,-15.10671685786578,-12.457525650154334,-12.498057034200334,-12.554838599826,20.457223656305004,0.0059580001969087,0.0005584980889285,0.5822561449413426,74937.0059470091,1552455.4379934545,0.0843090749476147,0.9636826124534038,0.005958000559491604,0.005958000683009764,-3.6258290380536407e-10,-4.86101063915112e-10
1846,-1.1380227690258045,-6.201850536397824,-7.309059168814044,-11.836303738005636,-16.144904659270075,-16.757282327574007,-15.598684088514757,-14.216713158415194,-12.720518970733904,21.27712265124641,0.0059580007744807,0.0005619884695048,0.5786399706547994,74937.01321144606,1562157.638258499,0.0843090749476147,0.9655178572497984,0.005958000138262949,0.005958000018584721,6.362177512250766e-10,7.558959786227448e-10
1847,-1.011394263169411,-5.687273254374215,-9.005996017348304,-10.783723383510909,-16.515059700508473,-12.18649211408389,-16.725291108554785,-15.00698124400105,-13.05408395018151,21.312377761394583,0.005958000031409,0.0005604560221551,0.5802220295834802,74937.00386542885,1557897.8990243326,0.0843090749476147,0.9668665662896636,0.005958000422810174,0.00595800033781198,-3.914011736244616e-10,-3.064029802449242e-10
1848,-1.0874832497863194,-6.589447344846177,-6.203015135115112,-13.348527533969502,-11.881178602027736,-13.513961750602506,-17.064499133614586,-14.023719916031167,-11.199063847378458,20.868477787712685,0.0059580000044984,0.0005647611723184,0.5757990180681403,74937.00352696024,1569864.9118304104,0.0843090749476147,0.965035196028007,0.005958000804034303,0.005958000924840247,-7.995359036297445e-10,-9.203418470035696e-10
1849,-0.9872028935566262,-7.191830562004666,-6.546935707185725,-12.563408673893983,-15.894334325765785,-16.163217126701028,-16.57497199810009,-14.605580323998735,-12.791291232832096,21.517352556230577,0.005958000586297,0.0005623444593241,0.5782736376327137,74937.01084455715,1563147.182075654,0.0843090749476147,0.9657988737512168,0.005957999840392199,0.0059579998884784525,7.459048014663017e-10,6.978185477374277e-10
1850,-1.164653080727622,-6.881474852154262,-7.297523529810896,-11.59823299759768,-12.750519592469605,-12.009987581850895,-16.435420139422504,-11.169405635108756,-13.602118055699508,20.299159258632177,0.0059580009794984,0.0005598904487207,0.5808082796027144,74937.01579006421,1556325.776270273,0.0843090749476147,0.9641397855513943,0.005958002085373419,0.005958002196499582,-1.1058750191625388e-09,-1.2170011821216464e-09
1851,-1.3255205052169945,-7.053339855842562,-7.449341153518649,-11.7584121855351,-16.29610463950489,-12.414822065662385,-14.035896206542686,-15.645189308167325,-11.738341295534893,21.19494302377935,0.0059580003359292,0.0005607549411133,0.5799127778574164,74937.00769554549,1558728.8031426857,0.0843090749476147,0.9661557877881812,0.0059580000957818935,0.005957999910435609,2.4014730655441685e-10,4.2549359088178695e-10
1852,-1.3135014867739974,-8.27769407599346,-7.767959250737666,-14.539024314819503,-11.895032570574678,-14.8565284630764,-12.711179600586586,-12.17763204264779,-13.54619106430863,21.04211811547781,0.0059580009094705,0.0005621721864268,0.5784508917475735,74937.01490928557,1562668.3156273563,0.0843090749476147,0.9621847397790684,0.005958000737718398,0.005958000929227554,1.717521021238344e-10,-1.9757053631996868e-11
1853,-1.0576754632127374,-6.375498492008386,-6.6081754692616,-14.604889917658054,-11.815856209506954,-15.439445693433363,-16.29028290549504,-12.86714873623318,-12.297678095657744,21.1178259736972,0.0059580004064858,0.0005632451615471,0.5773488767867342,74937.00858297411,1565650.861303461,0.0843090749476147,0.9634725536457248,0.005958000100027578,0.005958000195330603,3.0645822164665493e-10,2.1115519662634474e-10
1854,-1.0943030747449365,-6.780257377305282,-8.46591728721818,-13.316439846551436,-11.753120380642844,-12.491608556071412,-14.240642940444737,-12.94500156595812,-12.80823026902114,20.82686166741696,0.00595800161523,0.0005579063697545,0.5828738977798457,74937.02378600571,1550810.6380065542,0.0843090749476147,0.9636170463954284,0.005958002184332687,0.005958002236719435,-5.69102686850953e-10,-6.214894354358846e-10
1855,-1.18989076049945,-5.724140810995347,-7.597449175287714,-13.339789348115197,-12.727661951237437,-16.024460168767945,-15.293203946240158,-10.663355314983129,-13.44779692804965,20.65720308795406,0.0059580006962484,0.0005634942636946,0.5770936920733823,74937.01222747573,1566343.2897849637,0.0843090749476147,0.9623715615504916,0.005958000692685272,0.005958000664080572,3.5631280911885277e-12,3.216782742954116e-11
1856,-1.0837349685098434,-6.255124207368219,-8.415612220888338,-11.015670200807422,-15.459280776655712,-14.826793142275314,-12.853957862667595,-13.509146172929755,-11.000105300571146,20.582874069820583,0.0059580019359693,0.000563809936426,0.5767707618909151,74937.02782011875,1567220.7643154736,0.0843090749476147,0.9637857015455464,0.005958001551446616,0.005958001518759054,3.8452268452671134e-10,4.1721024638535775e-10
1857,-1.1339052049208052,-7.448736027307301,-8.697802963825273,-14.653189880257994,-12.676042215874627,-15.387923892183684,-14.530906927992827,-15.579937002041133,-10.383259410035944,21.76580880542017,0.0059580003533663,0.0005663528181868,0.5741808755661545,74937.00791486054,1574289.2050066586,0.0843090749476147,0.9636170757644944,0.005958000228553461,0.005958000252772185,1.2481283975102064e-10,1.005941155027279e-10
1858,-1.0003702513630213,-6.38746227402327,-7.314932747118533,-10.353079703119926,-13.940767912898629,-12.232297901580374,-13.645050943031892,-12.770262739733836,-12.957409708013154,20.06774272897515,0.0059580014553712,0.0005553182187239,0.5855904529742312,74937.02177537553,1543616.3624636475,0.0843090749476147,0.9656563032281342,0.005958002331236765,0.005958002146514367,-8.758655649712677e-10,-6.911431670031387e-10
1859,-1.056420901286732,-6.996705711783891,-7.525134154412574,-14.487616444018494,-13.100575216107147,-13.690488928683408,-15.789779437284114,-14.266074002322645,-9.556739006395404,21.31968979995741,0.0059580000584182,0.0005718366126138,0.5686745579160378,74937.00420513874,1589532.4916853732,0.0843090749476147,0.962846446382928,0.005957999941404195,0.005957999982724083,1.170140043887935e-10,7.569411677316173e-11
1860,-1.34304479360365,-7.281773233907044,-6.698439151007206,-13.83543394981794,-13.89802343185109,-15.475085372284656,-13.891724476562976,-11.924474048020652,-13.5810794022159,20.97369108668001,0.0059580002199887,0.0005604839997774,0.5801930942458772,74937.00623729812,1557975.668336089,0.0843090749476147,0.9628590881923303,0.005958000120959003,0.005958000033500934,9.902969676928164e-11,1.8648776533430889e-10
1861,-1.4385405055434135,-7.4309206344635506,-6.868824482930126,-10.340935122138475,-15.94199390406178,-14.45457360856989,-15.63297586730203,-10.95058615482512,-9.836287338645032,20.050071711832747,0.0059580010517893,0.0005808878190782,0.5598137945498483,74937.01669930677,1614692.10274703,0.0843090749476147,0.962002324304754,0.005958001033383845,0.00595800103160903,1.8405455111392133e-11,2.0180270648983978e-11
1862,-0.9991426889857196,-6.48655776265903,-6.207285902847611,-14.050206051579458,-14.605426976636409,-15.047086744314656,-16.558503979474462,-11.489947236243813,-12.340709209199924,21.02360945167247,0.0059580003369027,0.0005682867357288,0.5722268975025568,74937.00770778951,1579664.909712396,0.0843090749476147,0.9623237063800096,0.005958000248470365,0.005958000207666218,8.843233523930794e-11,1.2923648175927616e-10
1863,-1.225439577433893,-7.439570664633183,-8.292359815409506,-14.634155345410647,-12.744839156199037,-13.458840078685109,-14.530210279657156,-11.439098912344376,-10.715992147753342,20.93826890162132,0.0059580005417968,0.0005755969941837,0.5649594694529255,74937.01028485304,1599985.212890384,0.0843090749476147,0.9602561546820289,0.005957999917078362,0.005957999869747767,6.247184375710035e-10,6.72049032743316e-10
1864,-1.1071686615418508,-6.272198654270472,-7.192129156933736,-12.352465310238085,-11.67316984204624,-12.698609739652456,-13.335287601477743,-14.624258680746852,-13.33516028057564,20.607257687640125,0.0059580011065538,0.0005527590498516,0.5883015733109802,74937.01738810926,1536502.6485381755,0.0843090749476147,0.9669290321271202,0.005958002171600193,0.005958002123180079,-1.0650463930922394e-09,-1.0166262796873493e-09
1865,-1.3361920889776615,-5.870739834913788,-6.416495308469173,-12.03146534596361,-11.728032909888958,-13.111524577843262,-15.306092146214995,-11.819702306748988,-9.504791377280611,19.84034100236181,0.0059580005612543,0.0005692146083026,0.5712941468867053,74937.01052958175,1582244.1142818034,0.0843090749476147,0.9628526560686074,0.005958001014372837,0.005958000885305015,-4.531185374828661e-10,-3.2405071508090355e-10
1866,-1.278845997224201,-6.483972633169162,-7.690710348671672,-10.195526692236008,-13.020637275229667,-15.966222828402492,-13.715578471896984,-15.447777412537691,-11.91305766585754,20.530360845959464,0.005958000611139,0.0005600371427263,0.5806560910348024,74937.01115700837,1556733.5411512023,0.0843090749476147,0.9677537696116916,0.0059580020404613535,0.0059580022003852765,-1.429322353183049e-09,-1.5892462762456816e-09
1867,-1.1207009795310168,-5.653467708579216,-8.153893208555068,-14.754387112034737,-15.672546936248654,-16.483088891696735,-13.266202259191846,-13.87435902490257,-13.126583851163783,21.763623335482364,0.0059580001844858,0.0005609691285366,0.5796913353286427,74937.00579075946,1559324.1792715304,0.0843090749476147,0.963068236416763,0.005958000212113351,0.005958000154206745,-2.762755128837835e-11,3.027905443736545e-11
1868,-1.1470303101285797,-7.84701133574166,-9.020061605000766,-13.015973370140609,-12.066600335093396,-13.362374506242272,-17.459146175586554,-12.603174579189163,-12.408352973618928,21.19966294454755,0.0059580012574858,0.0005656165599329,0.5749284127837178,74937.01928646334,1572242.630179172,0.0843090749476147,0.9631204194917236,0.005958002413163689,0.005958002403394549,-1.1556778884563856e-09,-1.1459087489659736e-09
1869,-1.4722720983819355,-6.679445581369352,-6.500485473380019,-10.797975026227007,-13.365323859806654,-12.583522553745892,-12.313988589793963,-12.921906599433653,-9.49969753002322,19.69404753225795,0.0059580018221986,0.0005647015512769,0.57586007430705,74937.02638916235,1569699.1834029756,0.0843090749476147,0.9637074957635936,0.005958001040436425,0.005958001024343633,7.817621749603432e-10,7.978549669898638e-10
1870,-1.4351634621276863,-7.903543516250493,-6.34128915874396,-9.971403796236812,-16.305763919485823,-17.185999219282124,-15.976804056768673,-12.837693156354325,-13.732498330844289,20.69245579660254,0.005958000493175,0.0005687389438674,0.5717719385641837,74937.00967331017,1580921.9112989318,0.0843090749476147,0.9660529437348016,0.005958000028686251,0.005958000007341209,4.644887486790483e-10,4.858337907323595e-10
1871,-1.066231590874784,-5.602052389255208,-6.205186445975119,-12.478005371880958,-16.64677503562692,-13.454353028328503,-17.05424770136174,-12.203141423512688,-9.911494268165969,20.7090017235179,0.005958000056913,0.0005788579088949,0.5617767810686808,74937.00418620599,1609049.567588452,0.0843090749476147,0.962627928045228,0.005958001290110818,0.005958001400818251,-1.233197818167886e-09,-1.343905250972277e-09
1872,-1.435624732976598,-6.242756993207048,-8.928334720617972,-10.273470793252216,-12.61195491517709,-13.50443309097691,-16.17553120327137,-14.863872520241964,-11.679639447729617,20.67759892930741,0.0059580018937288,0.000562637801582,0.5779723335713695,74937.02728883653,1563962.584657176,0.0843090749476147,0.9668155431782632,0.005958003353378824,0.005958003429056643,-1.4596500241131904e-09,-1.5353278431592954e-09
1873,-1.3498414052534289,-5.607235192984492,-8.167868228455198,-10.145627796299372,-11.818480534262749,-13.472096500706586,-17.47207510695648,-15.415998754996162,-11.125663528983155,20.539486240112133,0.0059580021744678,0.0005689554977922,0.571554554586323,74937.03081984447,1581523.8655844128,0.0843090749476147,0.9678902884919556,0.00595800307084465,0.0059580028900007576,-8.963768503497671e-10,-7.15532957537568e-10
1874,-1.1054659286811366,-7.239075325297112,-6.738340435993014,-13.787056521166416,-14.834635704774776,-16.348988597028402,-11.868434223733232,-13.400304067455169,-9.426493104364472,20.846027147785616,0.0059580001402515,0.0005753059518028,0.5652452204936166,74937.0052343997,1599176.2032700588,0.0843090749476147,0.9616524858199104,0.005958000134981221,0.005958000074223734,5.2702790048764214e-12,6.602776658759524e-11
1875,-1.307094515272823,-6.287739171229791,-6.297552811934358,-13.144459978939643,-12.777250891832209,-17.336172830494142,-14.905030584387497,-10.786936725809934,-9.946783587751977,20.24775467483584,0.005958000160816,0.0005777278041887,0.5628756983894192,74937.00549305115,1605908.2189761326,0.0843090749476147,0.9611242793245216,0.005957999749346594,0.005957999765461065,4.1146940629038786e-10,3.9535493542158795e-10
1876,-1.2575660122671846,-6.774380044865348,-6.461282498927934,-13.607988857810492,-12.709420525543363,-14.71650313028678,-14.075643359662278,-15.58819139773838,-9.48585747175063,21.002705794829275,0.0059580004612136,0.0005664613316533,0.574070898901868,74937.00927131521,1574590.839559198,0.0843090749476147,0.9649039971091794,0.005958000373921858,0.005958000466548287,8.729174241078885e-11,-5.334686685454226e-12
1877,-0.9979071091991872,-6.4253100369369935,-7.438536626131944,-10.257652382436165,-16.524717342670197,-17.122632461000965,-14.539631173180732,-11.516549641838152,-12.105721940180398,20.361377097094486,0.0059580002641338,0.0005713885361948,0.5691205355395096,74937.00679253519,1588286.9750273875,0.0843090749476147,0.9632805756455868,0.00595800106020324,0.0059580012158825255,-7.960694404021695e-10,-9.517487258373092e-10
1878,-1.0649847522572986,-6.967316876671164,-8.25881702550408,-10.563680260022004,-11.578555171213573,-11.724541006279594,-15.604783417306592,-12.55355214435839,-9.972824610018444,19.93430468913749,0.0059580069497337,0.0005681217288575,0.5723940496462245,74937.09088095784,1579206.2406142943,0.0843090749476147,0.9637683317640764,0.005958004458520151,0.005958004586585413,2.4912135488178166e-09,2.363148286430028e-09
1879,-1.0736747533144704,-6.893135629576701,-7.556150142069204,-13.074201385178933,-13.857583802000498,-15.085492309794752,-12.962937080893443,-12.816467962071831,-11.282563810283404,20.74734980994572,0.0059580005669422,0.0005631610379959,0.577435143007409,74937.01060112045,1565417.0233243622,0.0843090749476147,0.9625453811115174,0.005958000650395775,0.005958000658839144,-8.345357477984594e-11,-9.189694318012531e-11
1880,-1.183597747884835,-6.222036631403968,-8.825800895207532,-12.803873382958018,-13.45609174180198,-16.11252341435949,-15.86636169444597,-11.28336361599315,-12.369660492441067,20.90898822047292,0.0059580013102383,0.0005666567795675,0.5738730164199931,74937.01994995937,1575134.1255316725,0.0843090749476147,0.962000808189977,0.005958001460744321,0.005958001517988379,-1.5050602084065723e-10,-2.0775007842505078e-10
1881,-1.3063005051952372,-7.864515773280628,-7.181015960469424,-11.10941025579559,-12.67347637295496,-14.715863586576551,-15.419698935007862,-12.27934975659514,-11.93733373172396,20.32841863990255,0.0059580018725235,0.0005629022087399,0.5777008445707029,74937.02702212612,1564697.5564291438,0.0843090749476147,0.9641229732842616,0.00595800211899485,0.0059580020894459155,-2.464713502736693e-10,-2.1692241579385207e-10
1882,-1.0408637113665322,-7.756070475698972,-7.980379157821501,-11.017040156097137,-15.01764660612124,-16.460322871955643,-16.02515715637187,-12.903756116386448,-12.359214894506149,20.936870520605392,0.0059580012267637,0.0005652601507951,0.5752909135267058,74937.0189000541,1571251.9207836604,0.0843090749476147,0.9642672980694768,0.005958001097438186,0.005958001137460835,1.2932551383959545e-10,8.930286458236347e-11
1883,-1.4129873574486755,-6.5881619745323565,-7.100730191627597,-11.33875730780712,-12.967609535993592,-11.736225677815336,-13.935388265142194,-14.010072716169216,-11.189296671111912,20.281355013769,0.0059580010441233,0.0005586489070112,0.5820990777877594,74937.01660288732,1552874.666558884,0.0843090749476147,0.9654126351791168,0.005958001551049291,0.0059580015090607424,-5.069259916348767e-10,-4.6493744271236537e-10
1884,-1.1526040068633772,-6.639939559992195,-6.778313282254276,-11.793938187122222,-15.679228648200738,-13.773684911927838,-14.86240950312784,-12.172069446012763,-12.355927248027005,20.599601995151893,0.0059580015929981,0.0005630795247632,0.5775188835923163,74937.02350638367,1565190.441239365,0.0843090749476147,0.9636353927465264,0.005958000695695457,0.005958000668451436,8.973026436459586e-10,9.245466640536715e-10
1885,-1.3094985524944351,-8.264292337140354,-6.254663978025215,-10.819027990213735,-12.052288462812104,-15.477926155211106,-13.41159469330774,-14.107858405323302,-10.392776849846816,20.11683038225704,0.0059580026293812,0.0005646584330104,0.5759041649838769,74937.03654153731,1569579.32768873,0.0843090749476147,0.965430495684184,0.005958002028721337,0.00595800201475833,6.00659862994013e-10,6.146228699599465e-10
1886,-1.4439543569865785,-8.312959306435522,-7.635172622617599,-10.001061165399088,-14.894995670839442,-14.58513870276886,-13.22980109228162,-14.268915478848909,-11.914200079510112,20.522129025185425,0.005958000017744,0.0005623823523638,0.5782345910775474,74937.00369355714,1563252.513242867,0.0843090749476147,0.9658060691500866,0.005958001974681115,0.005958001853746426,-1.9569371158267845e-09,-1.8360024264807429e-09
1887,-1.4383572079496076,-6.235570376080467,-6.772034329276362,-11.106969856693606,-13.560569611423515,-16.452624872598413,-14.757365630330249,-10.655580952409476,-11.725754206703336,19.97360537531269,0.0059580009585214,0.0005679320347839,0.5725843704059221,74937.01552622512,1578678.9485752843,0.0843090749476147,0.9627134216526886,0.00595800098511586,0.005958000946696678,-2.6594460141027287e-11,1.1824721757314194e-11
1888,-1.0954525062454823,-7.628779264897373,-6.725714627303063,-12.836859930512835,-12.773123938006856,-14.705959565176643,-13.815200135740476,-12.137173481584886,-12.05733221062828,20.50592347360744,0.0059580009251417,0.0005611336491498,0.5795214817895403,74937.01510639081,1559781.4967193285,0.0843090749476147,0.9629999246399502,0.005958000904751573,0.005958000935299014,2.0390127086766796e-11,-1.0157314225822667e-11
1889,-1.236805757082746,-5.9742438077584055,-6.432797969691912,-11.631278963013123,-14.904496585308443,-16.859552777714665,-11.682082420239292,-14.619173357318624,-12.301768379320556,20.61995370258063,0.0059580008350298,0.0005590017582905,0.5817316164698114,74937.01397300378,1553855.486186041,0.0843090749476147,0.9660206719215352,0.005958000549499763,0.005958000467589388,2.855300371140679e-10,3.674404122980257e-10
1890,-1.055370993203471,-7.523685169979752,-6.632434367078959,-11.471934786824251,-15.06688574090767,-14.284684991039333,-16.41845219175019,-13.96728540789984,-10.624384253527367,20.826620995521417,0.0059580004259877,0.0005684055565038,0.5721072907372826,74937.00882825935,1579995.1954588075,0.0843090749476147,0.9648348917473722,0.005958000405728309,0.0059580003995777665,2.0259390519361542e-11,2.6409933268078944e-11
1891,-1.276754244408171,-7.433037932247648,-8.051435123945168,-12.517030263436496,-12.244425065533624,-12.9559321915224,-13.660776088653368,-13.92992027345567,-11.841930208116803,20.747755715091504,0.0059580007595016,0.0005580925062012,0.5826793706472655,74937.01302304529,1551328.0409208147,0.0843090749476147,0.9643769482583638,0.005958002153663366,0.0059580021129364965,-1.3941617660676031e-09,-1.3534348962743192e-09
1892,-1.071172118439924,-7.779385491144586,-7.878705999567966,-11.685682604119965,-16.133595155910818,-14.771149704623944,-11.780680777153254,-10.74192888513264,-10.38511072305431,20.221957631947767,0.0059580009678118,0.0005803274982405,0.5603542970419838,74937.01564307633,1613134.580619824,0.0843090749476147,0.9602278095858812,0.00595800148134342,0.0059580013862172545,-5.135316200055584e-10,-4.1840545438043275e-10
1893,-1.255973266012171,-6.986503450256931,-6.733686795132408,-10.831065170717402,-13.618155924977994,-13.622135795835906,-12.595224833799662,-12.716229406270813,-11.757517213013344,19.986249241980964,0.0059580010443476,0.0005585255549171,0.582227636200044,74937.0166057078,1552531.7851184218,0.0843090749476147,0.9644984878408914,0.005958001606871889,0.005958001592167169,-5.625242884346737e-10,-5.47819568354202e-10
1894,-1.1990402079168685,-6.715100442261219,-8.155677859805502,-13.181042408533113,-14.162469070378457,-13.22793771429188,-14.13396822459872,-12.734562545957608,-12.240587835421795,20.97075964623756,0.005958000487204,0.0005600065372171,0.5806878069659464,74937.00959821038,1556648.467110244,0.0843090749476147,0.9628403384853276,0.005958000738750554,0.005958000723901593,-2.515465544195017e-10,-2.366975929493642e-10
1895,-1.0708613203597328,-6.937748887017894,-7.451724099247013,-14.296401470176876,-15.898597940758805,-13.69651588865859,-15.888389963560677,-15.24939987284323,-12.621207910283896,21.988372446996127,0.0059580001825945,0.000558840095283,0.5818998060259624,74937.00576697096,1553406.1120161298,0.0843090749476147,0.964862563495402,0.005957999829711482,0.0059579996993310265,3.5288301794556e-10,4.832634735094099e-10
1896,-1.2430873390518309,-6.098510373850713,-6.832498954096192,-14.808646239312916,-12.9180554775308,-15.49034995581558,-16.577874408730132,-11.179894755518516,-12.108504740793457,21.035669107846704,0.0059580003856891,0.0005709810485296,0.5695267128559608,74937.00832140211,1587154.2828045278,0.0843090749476147,0.961600894459968,0.005957999784647643,0.005957999791869001,6.010414570559175e-10,5.938200989957787e-10
1897,-1.2265266606675425,-8.14276164539149,-7.53193697547679,-10.384684775271696,-16.346090367457517,-13.204900990478334,-15.863024214645506,-12.907617224234787,-9.551945809324849,20.5216227430044,0.0059580007603939,0.0005775354840785,0.5630632217658242,74937.0130342679,1605373.6273512002,0.0843090749476147,0.9632229415602032,0.005958001047369212,0.005958000988224315,-2.869753115697371e-10,-2.2783041425666894e-10
1898,-1.2310525209172534,-6.860443295894171,-6.446862445515392,-12.332879358069068,-16.033203715828137,-13.351295698665089,-16.942581576247992,-15.01314782401694,-9.732131281887114,21.188332764792715,0.005958000403478,0.0005734847827591,0.5670402614067461,74937.00854514258,1594113.9052220196,0.0843090749476147,0.9650043832105358,0.0059580003240968385,0.005958000432154813,7.938116136640971e-11,-2.8676813527972467e-11
1899,-1.2392060851037592,-8.117173325226515,-6.256368127056696,-12.23236652346158,-15.583492851532355,-16.702138053747415,-15.360075006297349,-14.088840236863485,-9.851113135703734,21.04021023124245,0.0059580002706848,0.0005744847740466,0.5660532096718662,74937.00687493083,1596893.5779603722,0.0843090749476147,0.9638168209404848,0.005958000455009216,0.0059580003814892245,-1.8432441597354687e-10,-1.1080442466337992e-10
1900,-1.3729062809170391,-7.758612110311594,-7.686266677067673,-10.549046402810188,-12.570377387831083,-16.560604936500646,-15.427160498885478,-11.40971074494026,-12.564826688933108,20.22649364002835,0.0059580025233121,0.0005653715223193,0.575177775749993,74937.03520744813,1571561.4998705687,0.0843090749476147,0.9637707156147568,0.005958002775305173,0.0059580027764897635,-2.5199307310957986e-10,-2.5317766372962014e-10
1901,-1.3555291450394031,-7.113094878106165,-6.342732134336773,-11.68060077211664,-14.874177163146348,-13.593125467481222,-12.900015609361525,-14.704808337448153,-11.772405641005092,20.651852720542603,0.0059580013728403,0.0005585025238938,0.5822516937315175,74937.02073733968,1552467.7658531447,0.0843090749476147,0.9658548118184708,0.005958000624645957,0.005958000444568036,7.481943432863236e-10,9.282722646108965e-10
1902,-1.0001337128861334,-7.800163927490129,-6.413790883392483,-10.267951839554776,-11.533357741825355,-15.433418362849425,-14.664051452891105,-10.732707448126696,-12.171698712761147,19.574737812941454,0.0059580028832893,0.0005649033665957,0.5756544984165666,74937.03973507728,1570260.1688304413,0.0843090749476147,0.9638393217014374,0.005958003085484957,0.005958003274441146,-2.0219565691897978e-10,-3.9115184615606813e-10
1903,-1.0044091230323553,-5.854494085710952,-7.45318328910494,-12.0542669675995,-16.19434603087492,-14.76786328140216,-17.10318612645931,-10.91626343574821,-13.757059890375125,20.89372211407872,0.0059580007264477,0.0005670299064397,0.5734953022353948,74937.01260730888,1576171.3051625823,0.0843090749476147,0.9631976552583206,0.005958000764692022,0.005958000774023302,-3.824432177196302e-11,-4.7575601444527216e-11
1904,-1.1696572080502534,-8.279498137694763,-8.454860939171597,-10.084852387733063,-16.71172903124927,-11.996230158342511,-12.87152524270441,-15.283664741254684,-10.172718124046998,20.74182819673,0.0059579992506861,0.000569297926768,0.5712103477966474,74936.99404585225,1582475.71436637,0.0843090749476147,0.9651615142608282,0.005958001429794274,0.005958001557443226,-2.179108174286959e-09,-2.30675712645928e-09
1905,-1.4559900010522753,-7.435860139909564,-6.113409613460167,-12.799985566283848,-12.579105944484663,-17.227434004675207,-14.02750483176672,-11.708567568788188,-12.688398552327456,20.486123789296915,0.0059580006220494,0.0005629520338574,0.5776495322253126,74937.0112942346,1564836.055156676,0.0843090749476147,0.9632022720319232,0.0059580003603054476,0.005958000253235207,2.61743952033322e-10,3.6881419272771776e-10
1906,-1.3502782061198575,-6.5529585066308425,-7.559339539382932,-13.654745155116537,-13.000781424648777,-15.357094773323537,-14.040776514220305,-15.820540109065766,-10.661344715179842,21.35024370635226,0.0059580004119899,0.0005616099018165,0.5790299650585619,74937.0086522022,1561105.3348075168,0.0843090749476147,0.9651526848712852,0.005958000379893028,0.00595800042246719,3.2096872035203283e-11,-1.0477290042498755e-11
1907,-1.3712029614663193,-6.604087299699044,-6.096667967079751,-10.302167185298986,-13.666691347686264,-12.963336709372562,-16.43981366692995,-15.691195784217646,-10.348683021067185,20.42945399949368,0.0059580005343251,0.0005696718078831,0.5708356414009826,74937.01019087771,1583514.990564073,0.0843090749476147,0.9679536063004544,0.005958000414090017,0.005958000214961503,1.2023508317443588e-10,3.193635971995845e-10
1908,-1.1143940995778896,-5.781918534959717,-7.831201598362899,-13.35557825469752,-14.17762143202338,-12.122775850460066,-13.393624560126666,-14.833344068490902,-13.762551347539771,21.24203577401828,0.0059580003094894,0.000551758520594,0.5893682495080189,74937.00736299726,1533721.48040612,0.0843090749476147,0.9659719492400272,0.005958000455063858,0.005958000464637778,-1.4557445787016787e-10,-1.5514837765212564e-10
1909,-1.2790409225885613,-5.850977905498592,-8.265797527747234,-11.698807215654838,-13.913812371218306,-15.689069721586186,-16.250464870683224,-12.199519179629764,-10.51037106858195,20.621522905700065,0.0059580013525417,0.000570325109523,0.5701818724071697,74937.0204820326,1585330.971144277,0.0843090749476147,0.9628037300532636,0.005958001353479178,0.005958001397446085,-9.374783935256481e-13,-4.4904384897959115e-11
1910,-1.4455732897604991,-7.0129890669629305,-8.451814786910967,-14.290311401040128,-13.389505701968234,-13.315173618125684,-17.315121414037886,-14.749962277119083,-11.941913713637131,21.84242713843234,0.005958000224362,0.0005631812327097,0.5774143873715296,74937.00629230369,1565473.1585088486,0.0843090749476147,0.9642219022487656,0.005958000082863772,0.005958000299291124,1.414982280650845e-10,-7.492912366957594e-11
1911,-1.3093704878611545,-7.0822369331191535,-7.903308932166885,-10.93050155133725,-14.709925780984682,-13.345637838361457,-14.465020717034076,-13.955686363281046,-13.094804867742733,20.781912100547363,0.0059580019705601,0.0005560488716194,0.5848210580465291,74937.02825518549,1545647.356093601,0.0843090749476147,0.9659550934406992,0.005958001360587083,0.005958001372139585,6.099730174083384e-10,5.984205153977684e-10
1912,-1.466875044523359,-5.828156256579344,-9.035464765743727,-11.000525627341547,-11.417286483624665,-13.129879452926431,-12.17973602933899,-10.609883302438137,-10.269690191406555,19.47892174307961,0.005958000149322,0.0005680885740661,0.5724264756693435,74937.00534848502,1579114.0803415647,0.0843090749476147,0.9613754624740486,0.0059580044718285236,0.005958004175415777,-4.322506523719849e-09,-4.026093776941797e-09
1913,-1.0041409851390517,-7.647105520012664,-6.131879976910712,-11.578845783859284,-14.197910166361606,-14.556776563088237,-16.79966024860521,-11.994853107883843,-11.066032670933744,20.43459754353514,0.0059580008301166,0.000569981713633,0.5705253138470616,74937.01391120891,1584376.4346338932,0.0843090749476147,0.9635105524833852,0.0059580006870503036,0.0059580006868341605,1.430662966567242e-10,1.4328243973238397e-10
1914,-1.2132283180857293,-6.730347284792708,-6.781725456586177,-11.998700489810926,-13.600734806461425,-13.50855497646154,-12.56872559333538,-14.799083877883554,-12.65065960015443,20.66245754840229,0.0059579998800177,0.0005538459853876,0.5871468365795607,74937.00196129785,1539523.9999396943,0.0843090749476147,0.9664272392751888,0.005958000985808482,0.0059580010850317265,-1.1057907827252689e-09,-1.205014026929574e-09
1915,-1.4027910601521838,-8.147296661313892,-8.363682192279683,-9.98323203847292,-12.290020565279857,-14.137542113432024,-17.00565934183517,-15.387887392731624,-10.822688883741977,20.73153013008798,0.005958000960081,0.0005713082230979,0.5692006408282828,74937.01554584183,1588063.7289561648,0.0843090749476147,0.967028487635395,0.005958003206101901,0.005958003244243896,-2.2460209013822063e-09,-2.28416289615313e-09
1916,-1.2740511744789933,-5.662025838306496,-7.0471538067303605,-11.27878514406677,-13.148235707144051,-12.011507731554442,-16.625882192557825,-14.245736489387916,-10.418207463025206,20.43785075536269,0.0059580017529263,0.0005653740690302,0.5751750733211319,74937.02551788797,1571568.578954856,0.0843090749476147,0.9657680230490396,0.005958001221556836,0.005958001391709814,5.313694640546318e-10,3.612164864094658e-10
1917,-1.3841976393338502,-6.422601540606986,-6.133860290077814,-13.661915056012353,-15.321057850103909,-14.95810082499047,-11.887465556746683,-11.528531223390972,-13.321587182359051,20.64333921221918,0.0059580002879133,0.0005658126181111,0.5747290556240937,74937.00709162255,1572787.612500388,0.0843090749476147,0.9623127752485544,0.005958000373227403,0.005958000288859603,-8.53141030043858e-11,-9.463029318479421e-13
1918,-1.2091398312859132,-8.105684581082114,-7.662571239317296,-14.48035889081054,-15.21781172095313,-15.193719860301348,-13.237696038161529,-12.700038919701395,-12.627732558212443,21.46319778852272,0.005958000542969,0.0005655573764881,0.5749884734383567,74937.01029959646,1572078.1181377007,0.0843090749476147,0.9617185123658104,0.005958000208364448,0.005958000162214938,3.34604552398865e-10,3.8075406195992034e-10
1919,-1.0071531709060295,-7.4601000683545085,-8.355796924858966,-10.602619795821829,-11.517238178077598,-11.65040589183105,-17.00255033735438,-14.03092032726193,-10.057923943580846,20.35924856751701,0.0059580082561207,0.0005712686396098,0.5692411266427624,74937.10731209756,1587953.6988547577,0.0843090749476147,0.965203047778232,0.005958004386169579,0.005958004293313537,3.869951120845372e-09,3.962807163145066e-09
1920,-0.996415692873259,-8.131811621532675,-7.728040858566457,-13.24938870069896,-15.926788505669276,-15.903516593078264,-16.87014402164294,-14.33609062094262,-13.135365029083056,21.935859123838743,0.005958000038354,0.0005609247541689,0.5797371729787585,74937.00395277995,1559200.831976605,0.0843090749476147,0.9646087079837772,0.005957999687467304,0.005957999818350219,3.508866964346824e-10,2.2000378168546275e-10
1921,-1.017716119184503,-7.21385461199102,-6.455090860799352,-14.17534393500008,-12.278075094965525,-13.673092744488669,-16.456624922023604,-10.667390292038114,-11.77682583503429,20.62250483612869,0.0059580002996192,0.0005714819109864,0.569027551658168,74937.00723885378,1588546.5286513923,0.0843090749476147,0.9614576173919356,0.005957999951827862,0.005957999846854515,3.477913382635145e-10,4.527646851187894e-10
1922,-1.2448901310705756,-7.454592793810288,-8.981077992269867,-11.253305813855317,-12.418320422557612,-13.793999878162944,-12.442409533870578,-15.18113289713028,-10.049616825353532,20.598224015844995,0.00595800644535,0.0005633250983799,0.5772678276077162,74937.08453704971,1565873.0614744024,0.0843090749476147,0.9649015028412988,0.005958003646815939,0.00595800352064564,2.798534060738378e-09,2.924704359773267e-09
1923,-1.1626638151443427,-6.070906009705947,-6.880009085381165,-12.956121451846135,-16.701570677945842,-13.708592591796153,-12.669667269581666,-15.831845910835495,-10.739429456320176,21.257876046094413,0.0059580002318466,0.0005645351343199,0.5760295990590074,74937.00638644194,1569236.5946939397,0.0843090749476147,0.9651635856451706,0.005958000506593998,0.005958000509778585,-2.747473984432425e-10,-2.779319855858442e-10
1924,-1.4521280504300933,-6.614341718235936,-8.172646294381867,-11.482304637279498,-13.689632781899192,-11.57501420832078,-15.577005627957954,-15.492858600014229,-10.947748074806452,20.93239181957231,0.0059580010076873,0.0005625756744648,0.5780360320496521,74937.01614461128,1563789.8900986344,0.0843090749476147,0.9662753519097994,0.005958001092789492,0.005958001278076522,-8.510219265400742e-11,-2.703892222968851e-10
1925,-1.3366952547782804,-7.823424242152243,-7.057563295887215,-11.497770528281103,-16.028266596738906,-14.871115147364335,-13.719718121596673,-15.58947494793724,-10.665725583566378,21.09031958446897,0.0059580010691446,0.0005660716196644,0.5744662059186996,74937.01691759311,1573507.5583297757,0.0843090749476147,0.9656336285829942,0.005958000354033563,0.00595800037430232,7.151110372263791e-10,6.948422800676091e-10
1926,-1.4092225652276875,-7.142638208309279,-6.972851871994674,-10.697717202236076,-13.326994589893449,-13.543626476335923,-12.959644528604686,-15.265059951586313,-11.860732296093229,20.43138500496117,0.0059580015050981,0.0005576067085478,0.5831871215563454,74937.02240081805,1549977.6706622264,0.0843090749476147,0.9672754561702576,0.005958001571769361,0.005958001362467974,-6.66712613936471e-11,1.4263012559218025e-10
1927,-1.428036612894202,-7.229046105881402,-7.971009267143247,-14.28556637423064,-13.283775476911265,-15.638220661190529,-12.260521214524625,-15.223230460399996,-12.314726814451497,21.516951191125827,0.0059580002977567,0.0005576187642734,0.5831743357790159,74937.00721542907,1550011.1819260004,0.0843090749476147,0.9643173122040531,0.005958000345370275,0.0059580003683572125,-4.761357454141635e-11,-7.060051241541965e-11
1928,-1.3602774990707405,-7.513661659511085,-6.820903041791978,-12.512170423799992,-14.047212653222095,-13.199050901162057,-16.460823843613866,-13.968953959789143,-12.230362836403696,21.08404017705237,0.0059580011167871,0.0005604175498862,0.5802620199766616,74937.01751681957,1557790.9577757693,0.0843090749476147,0.965130515508192,0.005958000558709813,0.0059580005870731294,5.580772866400907e-10,5.297139706039733e-10
1929,-1.064081498209018,-7.615604714227725,-7.952350364868813,-14.516187343214217,-13.501126608934657,-14.9399348743278,-12.467715598188397,-11.961522331150288,-12.6199757984928,21.062702745711828,0.0059580005629681,0.0005658369335444,0.5747043978713766,74937.01055113606,1572855.2020362949,0.0843090749476147,0.9612640713969756,0.005958000110694996,0.0059580001495474055,4.522731035169758e-10,4.134206943798291e-10
1930,-1.089544094244875,-7.346665761361264,-7.079895498321033,-13.599257713850683,-12.64928302925076,-14.571098614996805,-14.38760393944406,-12.575910723586183,-9.637633825246157,20.64533045611445,0.0059580004479795,0.000571655190781,0.5688550895997448,74937.009104863,1589028.1939688204,0.0843090749476147,0.9618199064934554,0.0059580002617090465,0.0059580002756691695,1.8627045305502632e-10,1.7231033006687158e-10
1931,-1.0692317586271356,-6.482715988964123,-6.524483322198417,-11.978256705989615,-16.034962363674396,-16.714980500826467,-16.203995652976694,-13.34729595514002,-9.916994449172456,20.89439078752815,0.0059580003585171,0.0005761953556582,0.5643727500650901,74937.00797964493,1601648.4764599432,0.0843090749476147,0.9635584364026948,0.0059580004295384445,0.0059580005090479875,-7.102134418762729e-11,-1.5053088723432362e-10
1932,-1.3914959796319593,-6.398320900822804,-8.500949251201451,-13.10070780588973,-15.815774547267631,-14.646954252080914,-14.956301029175672,-12.687155859013329,-13.626777430071682,21.410505724438163,0.0059580009810226,0.0005594449680106,0.5812707719379043,74937.01580923494,1555087.474896003,0.0843090749476147,0.9632572850970124,0.005958000565892283,0.005958000523346342,4.151303164071085e-10,4.5767625800330336e-10
1933,-1.268278113864377,-7.944372877556344,-6.263422831020423,-10.61444931267174,-14.474083124792092,-13.88075210996474,-15.514809134508008,-12.684942415741308,-12.919109959157591,20.38446311432593,0.0059580012958693,0.0005613298491088,0.5793189774339829,74937.01976923336,1560326.873148099,0.0843090749476147,0.9654966918032034,0.005958001074383786,0.005958001068738169,2.2148551395706484e-10,2.2713113074362967e-10
1934,-1.1354979447377958,-8.317721888878374,-7.658992852344771,-11.96183167131801,-13.635448764200865,-16.829889124262348,-13.743823043844374,-11.468920585097838,-13.104508232328586,20.62966174368337,0.005958002124847,0.0005637030840962,0.5768801186868736,74937.03019573582,1566923.7472195283,0.0843090749476147,0.9627392513169734,0.005958001704441171,0.005958001543432139,4.2040582907271196e-10,5.81414861568208e-10
1935,-1.4298125907838464,-5.7869475458118895,-7.751203151061624,-13.826391441682771,-15.726372174450612,-14.34294265625993,-16.47833289536175,-14.444085442626504,-11.80741334011481,21.711747512412494,0.0059580002790116,0.0005628801372316,0.5777232654500377,74937.00697966106,1564636.2043247034,0.0843090749476147,0.9641459848537012,0.005958000439482051,0.005958000459877707,-1.6047045116318603e-10,-1.8086610681367077e-10
1936,-1.0913638147973486,-8.320943250097697,-6.368384350268085,-10.502556269159175,-13.843936256900784,-13.642425521918156,-17.226666463207987,-14.766353253439185,-9.545054282164832,20.54684335466404,0.0059580007588256,0.0005754993244918,0.5650553812692837,74937.01301454291,1599713.7207451514,0.0843090749476147,0.96598597486085,0.005958000777043525,0.005958000592436024,-1.8217924564745136e-11,1.663895765960377e-10
1937,-1.0245626898883755,-6.512669311483991,-7.585278694909986,-12.453790981673098,-11.262351468794702,-16.202253037271305,-13.898188127942047,-11.957006035012846,-13.349612287512766,20.41927412197688,0.0059580016627895,0.0005578404655533,0.5829427664524429,74937.02438418851,1550627.4442989132,0.0843090749476147,0.96395660605335,0.005958002308962442,0.00595800238598819,-6.461729424103724e-10,-7.231986901695686e-10
1938,-1.4726373868861424,-7.532173184580676,-7.543368020045999,-12.613043427327252,-14.337088281208992,-12.759771458980058,-13.483222097552742,-11.682144730623294,-9.419050922125413,20.357703534676062,0.0059580009062975,0.0005754055581306,0.5651474819795098,74937.01486937715,1599453.0786762026,0.0843090749476147,0.9608808538955256,0.00595800058932042,0.0059580006489891695,3.169770800004468e-10,2.5730833089210314e-10
1939,-1.2889468821798309,-7.379421023524647,-6.759542553367426,-10.22187341951463,-16.433438711361557,-14.205183914175912,-13.943052564060864,-12.633320398023985,-9.336454616753551,20.12950106133418,0.005958001545528,0.0005766774095145,0.5639011503889405,74937.02290932613,1602988.4400970903,0.0843090749476147,0.9630826595898688,0.005958000761429583,0.0059580007973003305,7.840984164037001e-10,7.482276690590206e-10
1940,-1.473790155149945,-6.508513952486633,-6.22023986087439,-14.682349052650228,-11.887812917921025,-17.10514515628431,-16.93198185566901,-14.199664548730835,-12.12812323812147,21.458220204095472,0.005958000434011,0.0005643728041451,0.5761953113967534,74937.00892917292,1568785.3660012584,0.0843090749476147,0.9646712025722564,0.005958000303208764,0.005958000256527417,1.3080223536243718e-10,1.7748358251828966e-10
1941,-1.071774927246539,-6.578634648825925,-6.271625620390465,-13.20766149527137,-15.737215515992457,-16.500585987781914,-14.915757288622014,-13.771198127723036,-12.6770969733359,21.29074511910956,0.0059580002103339,0.0005616548025697,0.5789836458762382,74937.00611586415,1561230.1452945203,0.0843090749476147,0.96454000456471,0.005958000412049541,0.0059580002971155455,-2.017156407185805e-10,-8.67816452379544e-11
1942,-1.074826296666204,-8.24267022309689,-6.89521595319619,-12.410828002498915,-15.196325401306378,-13.012140549119856,-15.958263031113509,-14.688283043131705,-13.277023706834084,21.388653264589458,0.0059580004096998,0.0005574962434201,0.5833025163414823,74937.0086233982,1549670.6110830044,0.0843090749476147,0.9660799081821662,0.005958000250091715,0.005958000202486077,1.596080845614467e-10,2.0721372274296046e-10
1943,-1.137395758676356,-6.268269638606853,-7.134905365175329,-12.863935056722816,-11.48421723908116,-15.026863374684384,-13.60875963907029,-15.708067955048229,-12.977851280953244,20.99060503300126,0.005958001506683,0.0005543460244912,0.5866174502590495,74937.02242075201,1540913.9571139922,0.0843090749476147,0.9674730286289496,0.005958001619808512,0.005958001547037387,-1.1312551156245076e-10,-4.035438649907519e-11
1944,-1.1850440071125203,-7.312313065428245,-8.801516480554325,-12.707496569236458,-12.403044981604316,-16.853841088816566,-16.93633973276277,-12.620545285481542,-10.688702090516356,21.073916435856336,0.005958000125219,0.0005726191894254,0.5678973816327061,74937.00504532881,1591707.8180669546,0.0843090749476147,0.9624883798339332,0.005958001553151731,0.005958001652828151,-1.4279327312585743e-09,-1.5276091511542966e-09
1945,-1.2083326325580066,-7.326561333635496,-8.295715037988595,-11.807200817938703,-12.505449154072329,-11.76797280591702,-17.3505198070049,-14.42117944705295,-11.843484961280302,20.99559124112887,0.0059580035325179,0.0005639334587363,0.576644659518422,74937.04790077759,1567564.1189056232,0.0843090749476147,0.9656421282865344,0.005958002144457701,0.005958002347462154,1.388060199766783e-09,1.1850557462417255e-09
1946,-1.4158889997240662,-6.95835829717747,-8.597600736693813,-11.037900949218756,-11.974714439770082,-15.570794421337444,-17.19043809535962,-13.383716489348018,-10.157598812371877,20.62568787613304,0.0059580035890226,0.0005723764214331,0.5681387453310685,74937.048611468,1591032.996617635,0.0843090749476147,0.964161647497933,0.0059580027887030625,0.005958002804834202,8.003195372044414e-10,7.841883973777608e-10
1947,-1.174308005837349,-7.643674780480495,-8.281254548926677,-12.547620249702728,-15.031151979027838,-15.406088265305488,-16.914150127206252,-14.698198049301332,-9.714329626727205,21.49756354426117,0.005958000423572,0.000573253705151,0.5672688372558392,74937.00879787652,1593471.579498118,0.0843090749476147,0.963808293737024,0.005958000122517408,0.005958000139017628,3.0105459184609495e-10,2.8455437225266556e-10
1948,-1.191976815561313,-6.051168704958447,-7.01059544019949,-12.13990810451258,-12.56238490320903,-16.280586943691883,-11.87210267535033,-14.226106297969896,-9.797437205521948,20.31156126077948,0.0059580011736567,0.0005637084772657,0.5768744613539186,74937.0182320983,1566938.7385964384,0.0843090749476147,0.9641902409303804,0.005958000991044946,0.00595800098801044,1.826117538433758e-10,1.8564626051709165e-10
1949,-1.0312777219480218,-7.561392017013242,-6.284041718815239,-10.645108908939124,-11.44951975239956,-17.18737636552338,-14.030441526876428,-15.327217591908298,-9.360878165924309,20.20206560573351,0.0059580026296144,0.0005706724768462,0.569834986926638,74937.03654447038,1586296.5470352508,0.0843090749476147,0.9665549922157968,0.0059580018123301685,0.005958001723653652,8.172842316106488e-10,9.059607482611587e-10
1950,-1.4364379165729162,-6.478342235713166,-8.382492083111996,-12.941873694077058,-15.627120335754384,-13.404379010010135,-12.695623753817834,-13.88783102167786,-9.844368888332514,20.98941911938269,0.0059580006923682,0.0005695974345296,0.570910199145506,74937.01217867175,1583308.2551796306,0.0843090749476147,0.9623314355589908,0.0059580003260323085,0.005958000296460965,3.663358913094661e-10,3.9590723494714597e-10
1951,-1.29872955445601,-6.840545484908293,-8.596269838041875,-10.044008492259172,-14.447728563827612,-16.32578291860168,-12.54428675111199,-14.73618339095665,-12.52810593141299,20.64913427613211,0.0059580004314418,0.0005592138456066,0.581510929982674,74937.00889685823,1554445.0246532834,0.0843090749476147,0.9664785710356186,0.00595800240842564,0.005958002327719396,-1.976983840523694e-09,-1.8962775967523715e-09
1952,-1.2190877362077204,-7.1820185885365095,-9.018396174734626,-10.17610251910862,-16.462071123053175,-15.370792019271317,-17.462091240080404,-10.716418598079116,-13.481448322907053,20.78952917891376,0.0059580004308154,0.0005728339772886,0.5676844884548528,74937.00888897962,1592304.8632363789,0.0843090749476147,0.9630660157133788,0.005958002036268085,0.0059580020847635985,-1.6054526857239848e-09,-1.6539481988847582e-09
1953,-1.4752948944369753,-5.663365081503436,-8.435736651733396,-13.370548675719895,-11.990040220136777,-14.356928497447733,-15.468180939230225,-11.260998306126773,-13.799649750199702,20.77697652291997,0.0059580008779278,0.0005599743345439,0.5807212579425601,74937.01451255563,1556558.953437531,0.0843090749476147,0.9629291952949304,0.005958001676996439,0.0059580017582650325,-7.990686393816171e-10,-8.803372327989556e-10
1954,-1.04009064582471,-7.363967746193202,-6.143453093349723,-13.481738108387184,-14.72615906304604,-16.583987021966234,-11.87784562636108,-11.315486182280914,-12.376294861687864,20.555827889835072,0.0059580004800148,0.0005696326347346,0.570874889473501,74937.0095077876,1583406.1010823678,0.0843090749476147,0.9615977591337348,0.0059580001161304,0.005957999975414857,3.6388440004253564e-10,5.045999434266646e-10
1955,-1.040790588633583,-5.877201541551633,-8.378273682876209,-11.03138408099086,-15.770923598585057,-12.876349001110562,-12.034653894219606,-13.301790582672936,-10.211794553997535,20.325968954723862,0.0059580022245269,0.0005661112947413,0.5744261123901245,74937.0314494645,1573617.8430203565,0.0843090749476147,0.9631555049301944,0.005958001454312813,0.0059580013850324435,7.702140869536578e-10,8.394944565892626e-10
1956,-1.149395933891854,-7.501184823026978,-8.581992933980677,-13.782950243994383,-11.446064444978456,-12.83895411689948,-14.784811347042638,-12.54310838360458,-11.930360219425417,20.909086804785087,0.0059580016453345,0.0005642144887475,0.5763571643146128,74937.02416464651,1568345.2971722472,0.0843090749476147,0.9623872964256892,0.005958001922881455,0.005958001972724717,-2.7754695503673377e-10,-3.2739021649935696e-10
1957,-1.359167208999459,-7.453032328407467,-7.447868503497681,-14.380653094165275,-15.795973325851309,-11.907992474026525,-16.71461471388084,-13.233094966898411,-11.265979619012109,21.595224475077053,0.0059580001665603,0.0005707842638904,0.5697230325089119,74937.00556530085,1586607.281141694,0.0843090749476147,0.962299157168316,0.005958000300719547,0.00595800062375783,-1.341592470796571e-10,-4.57197529835085e-10
1958,-1.178734892506888,-7.26043895627711,-8.399650341714487,-11.15431870330644,-11.927745790239085,-14.224406138955374,-13.42294376463649,-13.155306634489069,-11.976543212270991,20.332258179692904,0.0059580048684172,0.0005583282729986,0.582433923555654,74937.06470310946,1551983.4011698673,0.0843090749476147,0.9644776221363404,0.005958004041359355,0.00595800402703893,8.270578449529054e-10,8.413782700070205e-10
1959,-1.3025244695080809,-8.2631825134059,-7.143347784576344,-12.26777327345675,-14.582390415966923,-17.244319125515243,-17.2480179027591,-11.243209968991334,-13.605780271047422,21.074297072489887,0.005958000872212,0.00056852666196,0.5719854868069216,74937.0144406645,1580331.831926963,0.0843090749476147,0.9630924014709104,0.0059580003532603175,0.005958000235047024,5.189516828416063e-10,6.37164976162452e-10
1960,-1.366487138382201,-8.294549588322024,-6.749080930634761,-14.72119891068674,-11.736546410784076,-12.826386119324384,-14.245081177306965,-15.069012854030785,-10.998304111489148,21.281109831289942,0.0059580010335932,0.0005645952732009,0.5759683584891602,74937.01647044401,1569403.762558458,0.0843090749476147,0.9641449795818042,0.0059580006604793645,0.005958000526590142,3.731138358345487e-10,5.070030584600205e-10
1961,-1.2528161749974849,-6.90022907223954,-6.374027160089348,-11.910062733615415,-16.0509699430354,-12.687628320085327,-16.135721992321148,-13.089997825504629,-13.391594794316434,20.92994344407333,0.0059580009911948,0.0005603764434934,0.5803045667263298,74937.01593717704,1557676.6944606972,0.0843090749476147,0.9652557820876836,0.005958000434867796,0.00595800049017662,5.563270035618961e-10,5.010181792011736e-10
1962,-1.1258923564586298,-8.187036450014494,-7.233928799252768,-12.92325792629308,-11.58650283292818,-12.329323490440888,-14.194315081891736,-12.486122561613326,-10.592386930846269,20.382628214830664,0.0059580005969974,0.0005664152583589,0.5741176145469057,74937.01097914173,1574462.7697631817,0.0843090749476147,0.9625230779079555,0.005958001909583429,0.005958001871271773,-1.3125860285831403e-09,-1.2742743726520955e-09
1963,-1.135109813917603,-7.806480098286876,-6.8255677243936805,-11.732995306028805,-15.57693492406102,-14.449244259574282,-13.971175693713796,-13.81042913724597,-10.428983107339032,20.747242539026228,0.0059580010741965,0.0005674953945515,0.5730249428674901,74937.01698113329,1577465.221050267,0.0843090749476147,0.9638391802325916,0.0059580007091791206,0.005958000699817916,3.6501737916971866e-10,3.743785836896052e-10
1964,-1.083497812677267,-7.28576011556554,-6.768431452143562,-12.88003364945816,-12.165386934656675,-16.904748487220303,-13.583503032593988,-14.416274248500123,-11.146530253036904,20.821006289531773,0.0059580001734604,0.0005613363843109,0.5793120691724156,74937.00565208618,1560345.0390294015,0.0843090749476147,0.9647201434994072,0.005958000851135422,0.005958000872299719,-6.776750220011118e-10,-6.988393188786524e-10
1965,-1.1502589970228074,-5.831919110463508,-7.286857059526248,-11.259516711870267,-16.18135281430825,-13.240308411193304,-11.778969040010168,-14.392997558268837,-11.558891285918207,20.54146882637905,0.0059580010921737,0.0005605709129691,0.5801032661324361,74937.01720724255,1558217.2606705828,0.0843090749476147,0.9651331137456576,0.005958000702341307,0.005958000659192203,3.89832392928835e-10,4.3298149701026523e-10
1966,-1.1427804905840682,-6.748719438653636,-7.027031487378698,-14.490999542754976,-11.835839151424414,-15.207196581924975,-16.233428747224195,-14.126582982894616,-13.196387627254234,21.451575625858656,0.0059580000265884,0.0005579982248396,0.5827777146887816,74937.00380479783,1551065.967306964,0.0843090749476147,0.9649582606138336,0.005958000221782461,0.005958000327626435,-1.9519406143503337e-10,-3.0103803564524023e-10
1967,-1.2921123000594374,-6.939217519240337,-8.87822915809687,-12.833613643972347,-15.645480405758033,-16.73447880883391,-14.27316282661299,-14.192549654943244,-10.16646139696431,21.442891428736857,0.0059580006459445,0.0005709136482872,0.5695939866823767,74937.01159477564,1586966.9305559646,0.0843090749476147,0.9627035483631736,0.0059580004786227,0.005958000450114734,1.6732179964479288e-10,1.9582976559795462e-10
1968,-1.1121703073159672,-6.9028391074423325,-6.1934718380024325,-12.482254674158982,-15.621784224950204,-12.643292769521754,-12.774183037422295,-14.350916887898434,-9.43569307930468,20.595571109820177,0.0059580006374618,0.0005690404425638,0.571469013379274,74937.01148808475,1581759.986307621,0.0843090749476147,0.963743622079168,0.005958000519081994,0.005958000479176882,1.183798059578578e-10,1.5828491815861323e-10
1969,-1.0260602349931391,-6.006064132417805,-6.924514075889748,-12.228165094776358,-14.284289482818547,-16.4341664347519,-12.21869116340067,-12.32447663847347,-13.461214584463711,20.495037279976128,0.0059580010554657,0.0005580238217488,0.5827511332542075,74937.01674554609,1551137.118957467,0.0843090749476147,0.9640676007100668,0.005958000787138659,0.005958000841663623,2.6832704114188033e-10,2.1380207673726837e-10
1970,-1.0118075912841644,-6.809272375889234,-7.748736523877127,-10.060981434515844,-12.149249445838612,-13.251271191520264,-13.521380268899057,-12.349895392649,-9.976153630938056,19.63498561083137,0.0059580031919023,0.0005644174068153,0.5761501780262877,74937.04361667103,1568909.347907708,0.0843090749476147,0.9637394572460658,0.005958003952802308,0.005958003918787834,-7.609000079317196e-10,-7.268855335348934e-10
1971,-1.4428887489106172,-7.693596178214221,-9.041087779524632,-13.86698192827147,-11.687109337435007,-14.43552281301558,-13.62099294691872,-11.657403135528725,-12.064571781580606,20.864117815854147,0.0059580009587892,0.0005676311984905,0.5728878318471644,74937.01552959348,1577842.714846069,0.0843090749476147,0.9611498902621528,0.00595800189464629,0.005958001933567792,-9.358570906073393e-10,-9.747785920458107e-10
1972,-1.1204171218801358,-8.159332327103439,-7.531068857683559,-13.666921533420783,-11.388660216337948,-14.170981986635452,-15.325431275377756,-13.825473528522608,-11.133697260861046,21.04257347072089,0.0059580010976436,0.0005646709020292,0.5758912258299443,74937.0172760411,1569613.987782281,0.0843090749476147,0.9635865256723436,0.005958001401497553,0.005958001492732427,-3.038539532831952e-10,-3.9508882710564963e-10
1973,-1.147231048579329,-6.495207332641094,-9.084572596844945,-12.859663932457238,-12.598821960504804,-12.713840759169583,-12.067601653760054,-12.861494511161078,-13.77553798584704,20.73755223039068,0.005958001150303,0.0005552682297428,0.5856431267856506,74937.0179383671,1543477.4082451726,0.0843090749476147,0.9637867625905614,0.005958002812469567,0.00595800259186106,-1.6621665667113095e-09,-1.4415580595547595e-09
1974,-1.3704381062805238,-7.798374843260365,-8.407783518780032,-12.129253015247262,-14.914429010640166,-15.756086537850884,-17.109405853862313,-15.742677958281009,-13.393658414735668,21.899431838014834,0.0059580004375235,0.0005589137263621,0.5818231841118685,74937.0089733512,1553610.7841026057,0.0843090749476147,0.96689329172503,0.005957999746392117,0.005957999641112912,6.911313830265664e-10,7.964105876515082e-10
1975,-1.2810187301052502,-6.211082885748473,-8.303548142744491,-13.85064927390083,-11.232595631873195,-16.05806458071092,-15.792039976644324,-11.34996429227001,-12.382743052203606,20.837680012693568,0.0059580007073465,0.0005671320659837,0.5733919937012562,74937.01236706272,1576455.2777361912,0.0843090749476147,0.9619959409618845,0.0059580011822228255,0.005958001107081747,-4.748763257622635e-10,-3.997352475068605e-10
1976,-1.1875083389750685,-7.967518245094148,-7.163555175164115,-13.955666483804652,-14.378607219720683,-13.161672768609456,-16.571315036708665,-15.772062667982643,-10.722541173318069,21.75094951296381,0.005958000252128,0.0005662895570666,0.5742450036018931,74937.00664153109,1574113.358263457,0.0843090749476147,0.9649495964374152,0.00595800000466251,0.005958000037289539,2.4746548994009077e-10,2.1483846038977683e-10
1977,-1.4483231170696842,-8.039506164563395,-8.94954127770588,-11.451373074860218,-13.14774430891172,-14.404106711188296,-11.98730720692336,-11.946121221007912,-9.759589098242518,20.17803923130068,0.0059580017336956,0.0005721113729479,0.5684016878710912,74937.02527601237,1590296.2421499994,0.0843090749476147,0.961231747621516,0.005958003238894195,0.005958003200508108,-1.5051985951045066e-09,-1.4668125082606398e-09
1978,-0.9889544121331796,-6.7297932601710135,-7.000148679744186,-10.289870168744931,-11.158596911961892,-11.571677764880214,-16.151028997828277,-13.953929881715144,-11.920503101202062,20.028608600846617,0.0059580051205168,0.0005626157092922,0.577995498425013,74937.06787390303,1563901.1747863952,0.0843090749476147,0.9671584944806104,0.00595800395947412,0.005958003799206699,1.1610426804004037e-09,1.3213101012626849e-09
1979,-0.98877883008873,-7.389229024538931,-8.761223335610524,-14.328468830590436,-15.602132127765936,-16.342458123813934,-16.528507469700696,-15.572785821079329,-11.327180880559164,22.321726190062737,0.0059579999829859,0.0005653489446074,0.5752003781107853,74937.0032563857,1571498.7406732473,0.0843090749476147,0.9639683564081676,0.00595799947767819,0.005957999537916522,5.053077106048631e-10,4.450693780536086e-10
1980,-1.4287376536629277,-7.878157151514998,-6.272342080467245,-10.884879464091425,-13.816155615953589,-15.220535490043002,-17.146768371725447,-13.441417854517494,-10.670549732442554,20.540350334056065,0.005958001169138,0.0005714643057949,0.5690452063510574,74937.01817526518,1588497.5915541444,0.0843090749476147,0.9650228397026592,0.00595800067723023,0.005958000563765387,4.919077697257412e-10,6.053726122820513e-10
1981,-1.2931396691035355,-6.949363897692347,-6.316271119920911,-14.187306368185723,-16.512059490547724,-14.045099567094468,-13.98289805002658,-12.65204134480862,-12.602850957313349,21.26374891251348,0.0059580003103527,0.0005666417899531,0.5738880528583067,74937.00737385522,1575092.458945897,0.0843090749476147,0.9625011656112272,0.005958000982488364,0.005958001111427412,-6.721356639663445e-10,-8.010747117731531e-10
1982,-0.9949225395821972,-6.151282184025913,-7.601449459234375,-13.151562918963725,-12.069638897313126,-12.631118380742596,-15.02565300355663,-14.06597279220327,-9.506950953309918,20.66765120684955,0.0059580006519741,0.000567379965796,0.5731414591220645,74937.01167061314,1577144.364089942,0.0843090749476147,0.9636812010334304,0.005958001127645461,0.005958001152815646,-4.756713608070062e-10,-5.00841545320041e-10
1983,-1.3240932050835852,-6.014720034369651,-7.514925275416874,-14.497432871329735,-13.83066992167251,-16.694177897782765,-13.89692655148454,-11.928480985819917,-12.951116201668338,21.157498838980203,0.0059580000933253,0.0005643843971398,0.576183426374328,74937.00464418392,1568817.5910132325,0.0843090749476147,0.9619999985641974,0.005957999920839316,0.005957999870606934,1.7248598469660203e-10,2.2271836631893027e-10
1984,-1.146625026933522,-8.29582108318169,-7.958285184631842,-12.726602934907117,-11.750412047466572,-16.970741972229398,-16.11155909849649,-12.15125764925891,-13.56147105996162,21.0225201424701,0.0059580013164556,0.00056234599152,0.578272168341201,74937.0200281583,1563151.4411160296,0.0843090749476147,0.9636533655621782,0.005958001843837108,0.005958001876638049,-5.273815082557087e-10,-5.601824490386598e-10
1985,-1.4331289137668493,-6.673971145537201,-8.943010323964447,-13.077936490210147,-16.264856088864402,-12.573860107683734,-14.209693841200934,-14.471264844712206,-11.86780067558708,21.55050146617418,0.0059579999708535,0.0005616146825988,0.5790249717201111,74937.00310378903,1561118.6239334971,0.0843090749476147,0.9635977058924036,0.005958000278672504,0.005958000212605067,-3.078190037933415e-10,-2.4175156668193587e-10
1986,-1.179717286515853,-8.342100714542491,-6.688886929677272,-14.169611820397506,-14.20979825596998,-12.38628736997061,-16.098961069557586,-15.130735699638546,-11.089688916942464,21.58503521305261,0.0059580001316669,0.0005650406665988,0.5755142206536896,74937.005126427,1570641.8212310856,0.0843090749476147,0.9644568870868692,0.005958000342171653,0.005958000557083525,-2.1050475251804812e-10,-4.254166246706048e-10
1987,-1.207392973719721,-8.152243680794928,-8.35630034634727,-13.572470046287837,-13.00644498160432,-11.905303922713632,-14.899106839015742,-11.281577395729414,-12.924936780500408,20.880703892636507,0.0059580007198159,0.0005649632798267,0.5755931378884491,74937.01252389642,1570426.7094562058,0.0843090749476147,0.9616567043154346,0.005958001476767477,0.005958001426528872,-7.569515769398349e-10,-7.067129719970366e-10
1988,-1.0103226865590564,-8.025787928177618,-7.109250685595672,-11.373864161833929,-12.988458286040894,-17.010105811613613,-13.420529285654034,-13.298051990593384,-10.373922429867044,20.390274757098112,0.0059580026021142,0.0005667098125631,0.5738194997203699,74937.03619858525,1575281.5411880305,0.0843090749476147,0.963713248656772,0.005958001644767319,0.0059580015425216215,9.57346881456933e-10,1.0595925786088811e-09
1989,-1.1687369126699454,-7.098546772666117,-7.985036929130269,-13.202012513072113,-12.548648385560451,-16.979181294509303,-15.521195724544285,-13.921854520211047,-12.317632096146813,21.299854488069336,0.0059580002114651,0.0005602350168535,0.5804509458097609,74937.0061300919,1557283.5712601284,0.0843090749476147,0.9643355700453838,0.0059580008074620544,0.005958000790294195,-5.959969540461629e-10,-5.788290948979813e-10
1990,-1.0935926772840288,-7.966665909956199,-7.919863946249203,-14.421769467426074,-14.366579819414108,-15.168536683208966,-16.363579208980056,-15.189909784392947,-10.819029713434452,21.95466225789496,0.0059580001409889,0.0005666545120166,0.5738751439234888,74937.00524367443,1575127.822427275,0.0843090749476147,0.9637624674351608,0.005957999772185543,0.005957999788575679,3.6880335677752507e-10,3.524132210011577e-10
1991,-1.1846754434359912,-6.1457726087162605,-9.090320741874743,-11.102632314081651,-12.945989923764856,-13.774946430795586,-13.578359475003676,-11.991920309043188,-11.96596536641382,20.24340078517601,0.0059580038952137,0.000559864018281,0.5808361251657977,74937.05246259984,1556252.307657374,0.0843090749476147,0.9632130950930082,0.0059580038877380965,0.005958003644752285,7.475603469586645e-12,2.504614146289774e-10
1992,-1.136360007649087,-6.343034483119428,-6.602070840271122,-13.402041736345527,-14.666263532210834,-16.802350605824,-14.254620231238109,-15.397502680212751,-12.893608884112142,21.49394361656819,0.0059580003659117,0.0005563451201271,0.5845094102355616,74937.00807265125,1546470.8371689045,0.0843090749476147,0.9662126925621516,0.005958000143485785,0.0059580001785101986,2.224259153596475e-10,1.8740150143498058e-10
1993,-1.1506976975827437,-7.438052949213776,-8.519029719648652,-14.235615294111255,-11.4505482507292,-12.065653889826532,-16.236952728347312,-15.001784865047991,-12.415663603625246,21.560615417584565,0.005958000612453,0.0005616888774687,0.5789485804007287,74937.01117353533,1561324.8631873135,0.0843090749476147,0.9649055132155206,0.005958001305189319,0.0059580014573557575,-6.927363188288793e-10,-8.449027571327816e-10
1994,-1.4269591505888852,-6.142508880377646,-6.321367775401124,-10.765565095276584,-15.281388988330736,-13.964511040069835,-13.781635500357588,-11.604712274746326,-10.37720558249348,19.8707680140406,0.0059580011934574,0.0005698337299965,0.5706735292878397,74937.01848114365,1583965.0849700463,0.0843090749476147,0.962907861070176,0.005958000720890325,0.005958000676249898,4.725670757488309e-10,5.172075025206002e-10
1995,-1.4313119684187725,-6.770011079549299,-8.144315860148335,-13.732904694805072,-12.208554997522794,-14.81053599666857,-13.195159193677243,-13.531153993052833,-10.559278163068024,20.88229951900716,0.0059580005712039,0.0005650211929116,0.5755341196752857,74937.01065472228,1570587.690282177,0.0843090749476147,0.9625504510445504,0.005958000738371931,0.005958000734065636,-1.6716803115379708e-10,-1.628617362497975e-10
1996,-1.425380428668011,-5.696818637508224,-7.335830862237844,-13.80920981236901,-12.893409502113991,-13.922594377909206,-14.454404422680575,-11.331922096089162,-9.326272918699733,20.38864095934997,0.0059580004599597,0.0005770647623627,0.5635224795588886,74937.00925554395,1604065.1636303954,0.0843090749476147,0.9606927971596656,0.00595799980695022,0.005957999775009537,6.530094806903031e-10,6.849501634278998e-10
1997,-1.127032039020536,-7.40180062376312,-7.95129222227129,-11.464630087984313,-12.223455945017156,-14.109127351619811,-15.21513180205358,-12.64460210619063,-13.41880500499,20.564722555027213,0.0059580034821191,0.0005568491425362,0.5839808097697702,74937.04726688433,1547871.8667253754,0.0843090749476147,0.964987863036562,0.005958003001232442,0.0059580030242142,4.808866577513116e-10,4.5790489976160753e-10
1998,-1.1032798432666775,-8.048844902052704,-8.046756943776542,-14.66587574920894,-11.383338709520787,-16.718288188274173,-17.210536023340822,-11.394190119776532,-13.106662254657142,21.367690802724933,0.0059580011004607,0.0005703793954204,0.5701275691261708,74937.01731147243,1585481.86948807,0.0843090749476147,0.9617944427771732,0.005958000172005204,0.005958000110497194,9.284554956454083e-10,9.89963506135838e-10
1999,-1.1114083288322751,-6.957119915960157,-7.853861711079839,-11.55052688078269,-11.656703359705752,-12.644549767769558,-16.722343852061503,-11.08763862335414,-10.667405397173363,20.066527296100386,0.0059580017034726,0.0005707520655922,0.5697553932145345,74937.02489588129,1586517.779630319,0.0843090749476147,0.9624525854274992,0.0059580029277560695,0.005958002887694679,-1.2242834697417937e-09,-1.1842220789051727e-09
2000,-1.4541571615483515,-6.326910256395271,-7.01344599081815,-10.821420006049513,-12.306460437841846,-14.090593470300822,-17.398590611226457,-13.841146739830474,-10.566924126634664,20.380050958134905,0.0059580020029943,0.0005687642331218,0.5717467329064768,74937.02866312912,1580992.2077623191,0.0843090749476147,0.9657312814458447,0.00595800157940312,0.005958001660204566,4.235911794936431e-10,3.427897340979591e-10
